{
    "acc_train": 0.6833631484794276,
    "precision_macro_train": 0.673371460018775,
    "recall_macro_train": 0.6735572339898277,
    "f1_macro_train": 0.6734013183895852,
    "precision_micro_train": 0.6833631484794276,
    "recall_micro_train": 0.6833631484794276,
    "f1_micro_train": 0.6833631484794276,
    "precision_weighted_train": 0.6836976160332454,
    "recall_weighted_train": 0.6833631484794276,
    "f1_weighted_train": 0.6834750927088125,
    "acc_test": 0.5,
    "precision_macro_test": 0.4850241545893719,
    "recall_macro_test": 0.48354972311415145,
    "f1_macro_test": 0.48332180329759017,
    "precision_micro_test": 0.5,
    "recall_micro_test": 0.5,
    "f1_micro_test": 0.5,
    "precision_weighted_test": 0.5040344692518606,
    "recall_weighted_test": 0.5,
    "f1_weighted_test": 0.5010757990782204
}