,giv_prop,iv,iv_label,cat_t1,cat_t1_label,iv.1,iv_label.1,cat_t2,cat_t2_label,mod,mod_label,mod_val,mod_val_label,dependent,effect,td,pred_num,pred_readable,comparative,pred_true,score_0,score_1,score_2,max_score,hypothesis
29364,https://data.cooperationdatabank.org/vocab/prop/AcquaintanceVariable,https://data.cooperationdatabank.org/vocab/prop/relationshipWithFocalAgent,Relationship with the partner,https://data.cooperationdatabank.org/id/relationshipwithfocalagent/acquaintance,stranger,https://data.cooperationdatabank.org/vocab/prop/relationshipWithFocalAgent,Relationship with the partner,https://data.cooperationdatabank.org/id/relationshipwithfocalagent/stranger,acquaintance,https://data.cooperationdatabank.org/vocab/prop/studyTrialOfCooperation,Trial of cooperation,https://data.cooperationdatabank.org/id/studytrialofcooperation/1,All trials,https://data.cooperationdatabank.org/id/dependentvariable/contributions,positive,test,2.0,positive,higher,2.0,0.0,0.0,1.0,1.0,"When comparing studies where relationship with the partner is stranger and studies where relationship with the partner is acquaintance, cooperation is significantly higher when trial of cooperation is all trials."
42275,https://data.cooperationdatabank.org/vocab/prop/AcquaintanceVariable,https://data.cooperationdatabank.org/vocab/prop/relationshipWithFocalAgent,Relationship with the partner,https://data.cooperationdatabank.org/id/relationshipwithfocalagent/friend,friend,https://data.cooperationdatabank.org/vocab/prop/relationshipWithFocalAgent,Relationship with the partner,https://data.cooperationdatabank.org/id/relationshipwithfocalagent/stranger,stranger,https://data.cooperationdatabank.org/vocab/prop/studyRealPartner,Real partner,https://data.cooperationdatabank.org/id/studyrealpartner/1,Real,https://data.cooperationdatabank.org/id/dependentvariable/contributions,positive,test,2.0,positive,higher,2.0,0.0,0.0,1.0,1.0,"When comparing studies where relationship with the partner is friend and studies where relationship with the partner is stranger, cooperation is significantly higher when real partner is real."
29417,https://data.cooperationdatabank.org/vocab/prop/AcquaintanceVariable,https://data.cooperationdatabank.org/vocab/prop/relationshipWithFocalAgent,Relationship with the partner,https://data.cooperationdatabank.org/id/relationshipwithfocalagent/acquaintance,acquaintance,https://data.cooperationdatabank.org/vocab/prop/relationshipWithFocalAgent,Relationship with the partner,https://data.cooperationdatabank.org/id/relationshipwithfocalagent/stranger,stranger,https://data.cooperationdatabank.org/vocab/prop/studyTrialOfCooperation,Trial of cooperation,https://data.cooperationdatabank.org/id/studytrialofcooperation/1,All trials,https://data.cooperationdatabank.org/id/dependentvariable/contributions,noEffect,test,2.0,positive,higher,1.0,0.0,0.0,1.0,1.0,"When comparing studies where relationship with the partner is acquaintance and studies where relationship with the partner is stranger, cooperation is significantly higher when trial of cooperation is all trials."
42290,https://data.cooperationdatabank.org/vocab/prop/AcquaintanceVariable,https://data.cooperationdatabank.org/vocab/prop/relationshipWithFocalAgent,Relationship with the partner,https://data.cooperationdatabank.org/id/relationshipwithfocalagent/friend,friend,https://data.cooperationdatabank.org/vocab/prop/relationshipWithFocalAgent,Relationship with the partner,https://data.cooperationdatabank.org/id/relationshipwithfocalagent/stranger,stranger,https://data.cooperationdatabank.org/vocab/prop/studyOneShot,One-shot vs repeated,https://data.cooperationdatabank.org/id/studyoneshot/0,Repeated,https://data.cooperationdatabank.org/id/dependentvariable/contributions,positive,test,2.0,positive,higher,2.0,0.0,0.0,1.0,1.0,"When comparing studies where relationship with the partner is friend and studies where relationship with the partner is stranger, cooperation is significantly higher when one-shot vs repeated is repeated."
29398,https://data.cooperationdatabank.org/vocab/prop/AcquaintanceVariable,https://data.cooperationdatabank.org/vocab/prop/relationshipWithFocalAgent,Relationship with the partner,https://data.cooperationdatabank.org/id/relationshipwithfocalagent/acquaintance,acquaintance,https://data.cooperationdatabank.org/vocab/prop/relationshipWithFocalAgent,Relationship with the partner,https://data.cooperationdatabank.org/id/relationshipwithfocalagent/stranger,stranger,https://data.cooperationdatabank.org/vocab/prop/studyRealPartner,Real partner,https://data.cooperationdatabank.org/id/studyrealpartner/1,Real,https://data.cooperationdatabank.org/id/dependentvariable/contributions,noEffect,test,2.0,positive,higher,1.0,0.0,0.2727272727272727,0.7272727272727273,0.7272727272727273,"When comparing studies where relationship with the partner is acquaintance and studies where relationship with the partner is stranger, cooperation is significantly higher when real partner is real."
29412,https://data.cooperationdatabank.org/vocab/prop/AcquaintanceVariable,https://data.cooperationdatabank.org/vocab/prop/relationshipWithFocalAgent,Relationship with the partner,https://data.cooperationdatabank.org/id/relationshipwithfocalagent/acquaintance,acquaintance,https://data.cooperationdatabank.org/vocab/prop/relationshipWithFocalAgent,Relationship with the partner,https://data.cooperationdatabank.org/id/relationshipwithfocalagent/stranger,stranger,https://data.cooperationdatabank.org/vocab/prop/studyExperimentalSetting,Experimental setting,https://data.cooperationdatabank.org/id/studyexperimentalsetting/2,Lab,https://data.cooperationdatabank.org/id/dependentvariable/contributions,noEffect,test,2.0,positive,higher,1.0,0.0,0.2727272727272727,0.7272727272727273,0.7272727272727273,"When comparing studies where relationship with the partner is acquaintance and studies where relationship with the partner is stranger, cooperation is significantly higher when experimental setting is lab."
29448,https://data.cooperationdatabank.org/vocab/prop/AcquaintanceVariable,https://data.cooperationdatabank.org/vocab/prop/relationshipWithFocalAgent,Relationship with the partner,https://data.cooperationdatabank.org/id/relationshipwithfocalagent/acquaintance,acquaintance,https://data.cooperationdatabank.org/vocab/prop/relationshipWithFocalAgent,Relationship with the partner,https://data.cooperationdatabank.org/id/relationshipwithfocalagent/stranger,stranger,https://data.cooperationdatabank.org/vocab/prop/studyExperimentalSetting,Experimental setting,https://data.cooperationdatabank.org/id/studyexperimentalsetting/2,Lab,https://data.cooperationdatabank.org/id/dependentvariable/contributions,positive,test,2.0,positive,higher,2.0,0.0,0.2727272727272727,0.7272727272727273,0.7272727272727273,"When comparing studies where relationship with the partner is acquaintance and studies where relationship with the partner is stranger, cooperation is significantly higher when experimental setting is lab."
