,giv_prop,iv,iv_label,cat_t1,cat_t1_label,iv.1,iv_label.1,cat_t2,cat_t2_label,mod,mod_label,mod_val,mod_val_label,dependent,effect,td,pred_num,pred_readable,comparative,pred_true,score_0,score_1,score_2,max_score,hypothesis
28782,https://data.cooperationdatabank.org/vocab/prop/AgeVariable,https://data.cooperationdatabank.org/vocab/prop/ageCohort,Age cohort,https://data.cooperationdatabank.org/id/agecohort/old,young,https://data.cooperationdatabank.org/vocab/prop/ageCohort,Age cohort,https://data.cooperationdatabank.org/id/agecohort/young,old,https://data.cooperationdatabank.org/vocab/prop/studyMatchingProtocol,Matching,https://data.cooperationdatabank.org/id/studymatchingprotocol/1,Stranger,https://data.cooperationdatabank.org/id/dependentvariable/cooperation,positive,test,2.0,positive,higher,2.0,0.0,0.0,1.0,1.0,"When comparing studies where age cohort is young and studies where age cohort is old, cooperation is significantly higher when matching is stranger."
32559,https://data.cooperationdatabank.org/vocab/prop/AgeVariable,https://data.cooperationdatabank.org/vocab/prop/ageCohort,Age cohort,https://data.cooperationdatabank.org/id/agecohort/old,young,https://data.cooperationdatabank.org/vocab/prop/ageCohort,Age cohort,https://data.cooperationdatabank.org/id/agecohort/young,old,https://data.cooperationdatabank.org/vocab/prop/studyMatchingProtocol,Matching,https://data.cooperationdatabank.org/id/studymatchingprotocol/1,Stranger,https://data.cooperationdatabank.org/id/dependentvariable/cooperation,positive,test,2.0,positive,higher,2.0,0.0,0.0,1.0,1.0,"When comparing studies where age cohort is young and studies where age cohort is old, cooperation is significantly higher when matching is stranger."
30801,https://data.cooperationdatabank.org/vocab/prop/AgeVariable,https://data.cooperationdatabank.org/vocab/prop/ageCohort,Age cohort,https://data.cooperationdatabank.org/id/agecohort/old,young,https://data.cooperationdatabank.org/vocab/prop/ageCohort,Age cohort,https://data.cooperationdatabank.org/id/agecohort/young,old,https://data.cooperationdatabank.org/vocab/prop/recruitmentMethod,Recruitment method,https://data.cooperationdatabank.org/id/recruitmentmethod/3,Other,https://data.cooperationdatabank.org/id/dependentvariable/cooperation,positive,test,2.0,positive,higher,2.0,0.0,0.0,1.0,1.0,"When comparing studies where age cohort is young and studies where age cohort is old, cooperation is significantly higher when recruitment method is other."
28790,https://data.cooperationdatabank.org/vocab/prop/AgeVariable,https://data.cooperationdatabank.org/vocab/prop/ageCohort,Age cohort,https://data.cooperationdatabank.org/id/agecohort/old,young,https://data.cooperationdatabank.org/vocab/prop/ageCohort,Age cohort,https://data.cooperationdatabank.org/id/agecohort/young,old,https://data.cooperationdatabank.org/vocab/prop/countrySource,Source of country or region,https://data.cooperationdatabank.org/id/countrysource/1,Specified country,https://data.cooperationdatabank.org/id/dependentvariable/cooperation,positive,test,2.0,positive,higher,2.0,0.0,0.0,1.0,1.0,"When comparing studies where age cohort is young and studies where age cohort is old, cooperation is significantly higher when source of country or region is specified country."
32582,https://data.cooperationdatabank.org/vocab/prop/AgeVariable,https://data.cooperationdatabank.org/vocab/prop/ageCohort,Age cohort,https://data.cooperationdatabank.org/id/agecohort/old,young,https://data.cooperationdatabank.org/vocab/prop/ageCohort,Age cohort,https://data.cooperationdatabank.org/id/agecohort/young,old,https://data.cooperationdatabank.org/vocab/prop/publicationStatus,Published,https://data.cooperationdatabank.org/id/publicationstatus/1,Published Article,https://data.cooperationdatabank.org/id/dependentvariable/cooperation,positive,test,2.0,positive,higher,2.0,0.0,0.0,1.0,1.0,"When comparing studies where age cohort is young and studies where age cohort is old, cooperation is significantly higher when published is published article."
28747,https://data.cooperationdatabank.org/vocab/prop/AgeVariable,https://data.cooperationdatabank.org/vocab/prop/ageCohort,Age cohort,https://data.cooperationdatabank.org/id/agecohort/old,young,https://data.cooperationdatabank.org/vocab/prop/ageCohort,Age cohort,https://data.cooperationdatabank.org/id/agecohort/young,old,https://data.cooperationdatabank.org/vocab/prop/studyDilemmaType,Game type,https://data.cooperationdatabank.org/id/studydilemmatype/2,Public Goods Game,https://data.cooperationdatabank.org/id/dependentvariable/contributions,positive,test,2.0,positive,higher,2.0,0.0,0.37037037037037035,0.6296296296296297,0.6296296296296297,"When comparing studies where age cohort is young and studies where age cohort is old, cooperation is significantly higher when game type is public goods game."
10882,https://data.cooperationdatabank.org/vocab/prop/AgeVariable,https://data.cooperationdatabank.org/vocab/prop/ageCohort,Age cohort,https://data.cooperationdatabank.org/id/agecohort/old,old,https://data.cooperationdatabank.org/vocab/prop/ageCohort,Age cohort,https://data.cooperationdatabank.org/id/agecohort/young,young,https://data.cooperationdatabank.org/vocab/prop/studyGameIncentive,Game incentive,https://data.cooperationdatabank.org/id/studygameincentive/3,Non-monetary,https://data.cooperationdatabank.org/id/dependentvariable/contributions,noEffect,test,2.0,positive,higher,1.0,0.0,0.37037037037037035,0.6296296296296297,0.6296296296296297,"When comparing studies where age cohort is old and studies where age cohort is young, cooperation is significantly higher when game incentive is non-monetary."
28704,https://data.cooperationdatabank.org/vocab/prop/AgeVariable,https://data.cooperationdatabank.org/vocab/prop/ageCohort,Age cohort,https://data.cooperationdatabank.org/id/agecohort/old,young,https://data.cooperationdatabank.org/vocab/prop/ageCohort,Age cohort,https://data.cooperationdatabank.org/id/agecohort/young,old,https://data.cooperationdatabank.org/vocab/prop/studyRealPartner,Real partner,https://data.cooperationdatabank.org/id/studyrealpartner/1,Real,https://data.cooperationdatabank.org/id/dependentvariable/contributions,positive,test,2.0,positive,higher,2.0,0.0,0.37037037037037035,0.6296296296296297,0.6296296296296297,"When comparing studies where age cohort is young and studies where age cohort is old, cooperation is significantly higher when real partner is real."
