,giv_prop,iv,iv_label,cat_t1,cat_t1_label,iv.1,iv_label.1,cat_t2,cat_t2_label,mod,mod_label,mod_val,mod_val_label,dependent,effect,td,pred_num,pred_readable,comparative,pred_true,score_0,score_1,score_2,max_score,hypothesis
428,https://data.cooperationdatabank.org/vocab/prop/Behavior_in_the_gameVariable,https://data.cooperationdatabank.org/vocab/prop/ownBehaviorLevel,Participant's behavior level,https://data.cooperationdatabank.org/id/ownbehaviorlevel/low,Low,https://data.cooperationdatabank.org/vocab/prop/ownBehaviorLevel,Participant's behavior level,https://data.cooperationdatabank.org/id/ownbehaviorlevel/high,High,https://data.cooperationdatabank.org/vocab/prop/studyRealPartner,Real partner,https://data.cooperationdatabank.org/id/studyrealpartner/2,Deception,https://data.cooperationdatabank.org/id/dependentvariable/contributions,negative,test,0.0,negative,lower,0.0,1.0,0.0,0.0,1.0,"When comparing studies where participant's behavior level is low and studies where participant's behavior level is high, cooperation is significantly lower when real partner is deception."
16065,https://data.cooperationdatabank.org/vocab/prop/Behavior_in_the_gameVariable,https://data.cooperationdatabank.org/vocab/prop/ownBehaviorLevel,Participant's behavior level,https://data.cooperationdatabank.org/id/ownbehaviorlevel/low,Low,https://data.cooperationdatabank.org/vocab/prop/ownBehaviorLevel,Participant's behavior level,https://data.cooperationdatabank.org/id/ownbehaviorlevel/high,High,https://data.cooperationdatabank.org/vocab/prop/studyOneShot,One-shot vs repeated,https://data.cooperationdatabank.org/id/studyoneshot/0,Repeated,https://data.cooperationdatabank.org/id/dependentvariable/contributions,negative,test,0.0,negative,lower,0.0,1.0,0.0,0.0,1.0,"When comparing studies where participant's behavior level is low and studies where participant's behavior level is high, cooperation is significantly lower when one-shot vs repeated is repeated."
16082,https://data.cooperationdatabank.org/vocab/prop/Behavior_in_the_gameVariable,https://data.cooperationdatabank.org/vocab/prop/ownBehaviorLevel,Participant's behavior level,https://data.cooperationdatabank.org/id/ownbehaviorlevel/low,Low,https://data.cooperationdatabank.org/vocab/prop/ownBehaviorLevel,Participant's behavior level,https://data.cooperationdatabank.org/id/ownbehaviorlevel/high,High,https://data.cooperationdatabank.org/vocab/prop/studyRealPartner,Real partner,https://data.cooperationdatabank.org/id/studyrealpartner/1,Real,https://data.cooperationdatabank.org/id/dependentvariable/contributions,negative,test,0.0,negative,lower,0.0,1.0,0.0,0.0,1.0,"When comparing studies where participant's behavior level is low and studies where participant's behavior level is high, cooperation is significantly lower when real partner is real."
16084,https://data.cooperationdatabank.org/vocab/prop/Behavior_in_the_gameVariable,https://data.cooperationdatabank.org/vocab/prop/ownBehaviorLevel,Participant's behavior level,https://data.cooperationdatabank.org/id/ownbehaviorlevel/low,Low,https://data.cooperationdatabank.org/vocab/prop/ownBehaviorLevel,Participant's behavior level,https://data.cooperationdatabank.org/id/ownbehaviorlevel/high,High,https://data.cooperationdatabank.org/vocab/prop/yearSource,Source of year of data collection,https://data.cooperationdatabank.org/id/yearsource/4,Received/Submitted,https://data.cooperationdatabank.org/id/dependentvariable/contributions,negative,test,0.0,negative,lower,0.0,1.0,0.0,0.0,1.0,"When comparing studies where participant's behavior level is low and studies where participant's behavior level is high, cooperation is significantly lower when source of year of data collection is submitted."
21404,https://data.cooperationdatabank.org/vocab/prop/Behavior_in_the_gameVariable,https://data.cooperationdatabank.org/vocab/prop/ownBehaviorLevel,Participant's behavior level,https://data.cooperationdatabank.org/id/ownbehaviorlevel/low,High,https://data.cooperationdatabank.org/vocab/prop/ownBehaviorLevel,Participant's behavior level,https://data.cooperationdatabank.org/id/ownbehaviorlevel/high,Low,https://data.cooperationdatabank.org/vocab/prop/studyAcquaintance,Acquaintance,https://data.cooperationdatabank.org/id/studyacquaintance/0,Strangers,https://data.cooperationdatabank.org/id/dependentvariable/contributions,negative,test,0.0,negative,lower,0.0,1.0,0.0,0.0,1.0,"When comparing studies where participant's behavior level is high and studies where participant's behavior level is low, cooperation is significantly lower when acquaintance is strangers."
21409,https://data.cooperationdatabank.org/vocab/prop/Behavior_in_the_gameVariable,https://data.cooperationdatabank.org/vocab/prop/ownBehaviorLevel,Participant's behavior level,https://data.cooperationdatabank.org/id/ownbehaviorlevel/low,High,https://data.cooperationdatabank.org/vocab/prop/ownBehaviorLevel,Participant's behavior level,https://data.cooperationdatabank.org/id/ownbehaviorlevel/high,Low,https://data.cooperationdatabank.org/vocab/prop/studyOneShot,One-shot vs repeated,https://data.cooperationdatabank.org/id/studyoneshot/0,Repeated,https://data.cooperationdatabank.org/id/dependentvariable/contributions,negative,test,0.0,negative,lower,0.0,1.0,0.0,0.0,1.0,"When comparing studies where participant's behavior level is high and studies where participant's behavior level is low, cooperation is significantly lower when one-shot vs repeated is repeated."
21413,https://data.cooperationdatabank.org/vocab/prop/Behavior_in_the_gameVariable,https://data.cooperationdatabank.org/vocab/prop/ownBehaviorLevel,Participant's behavior level,https://data.cooperationdatabank.org/id/ownbehaviorlevel/low,High,https://data.cooperationdatabank.org/vocab/prop/ownBehaviorLevel,Participant's behavior level,https://data.cooperationdatabank.org/id/ownbehaviorlevel/high,Low,https://data.cooperationdatabank.org/vocab/prop/studyContinuousPGG,Continuous vs step-level public goods,https://data.cooperationdatabank.org/id/studycontinuouspgg/1,Continuous,https://data.cooperationdatabank.org/id/dependentvariable/contributions,negative,test,0.0,negative,lower,0.0,1.0,0.0,0.0,1.0,"When comparing studies where participant's behavior level is high and studies where participant's behavior level is low, cooperation is significantly lower when continuous vs step-level public goods is continuous."
21429,https://data.cooperationdatabank.org/vocab/prop/Behavior_in_the_gameVariable,https://data.cooperationdatabank.org/vocab/prop/ownBehaviorLevel,Participant's behavior level,https://data.cooperationdatabank.org/id/ownbehaviorlevel/medium,Medium,https://data.cooperationdatabank.org/vocab/prop/ownBehaviorLevel,Participant's behavior level,https://data.cooperationdatabank.org/id/ownbehaviorlevel/low,Low,https://data.cooperationdatabank.org/vocab/prop/yearSource,Source of year of data collection,https://data.cooperationdatabank.org/id/yearsource/5,Published,https://data.cooperationdatabank.org/id/dependentvariable/contributions,positive,test,2.0,positive,higher,2.0,0.0,0.0,1.0,1.0,"When comparing studies where participant's behavior level is medium and studies where participant's behavior level is low, cooperation is significantly higher when source of year of data collection is published."
22303,https://data.cooperationdatabank.org/vocab/prop/Behavior_in_the_gameVariable,https://data.cooperationdatabank.org/vocab/prop/ownBehaviorLevel,Participant's behavior level,https://data.cooperationdatabank.org/id/ownbehaviorlevel/low,High,https://data.cooperationdatabank.org/vocab/prop/ownBehaviorLevel,Participant's behavior level,https://data.cooperationdatabank.org/id/ownbehaviorlevel/high,Low,https://data.cooperationdatabank.org/vocab/prop/recruitmentMethod,Recruitment method,https://data.cooperationdatabank.org/id/recruitmentmethod/1,Participant pool,https://data.cooperationdatabank.org/id/dependentvariable/cooperation,negative,test,0.0,negative,lower,0.0,1.0,0.0,0.0,1.0,"When comparing studies where participant's behavior level is high and studies where participant's behavior level is low, cooperation is significantly lower when recruitment method is participant pool."
22309,https://data.cooperationdatabank.org/vocab/prop/Behavior_in_the_gameVariable,https://data.cooperationdatabank.org/vocab/prop/ownBehaviorLevel,Participant's behavior level,https://data.cooperationdatabank.org/id/ownbehaviorlevel/low,High,https://data.cooperationdatabank.org/vocab/prop/ownBehaviorLevel,Participant's behavior level,https://data.cooperationdatabank.org/id/ownbehaviorlevel/high,Low,https://data.cooperationdatabank.org/vocab/prop/studyAcquaintance,Acquaintance,https://data.cooperationdatabank.org/id/studyacquaintance/0,Strangers,https://data.cooperationdatabank.org/id/dependentvariable/cooperation,negative,test,0.0,negative,lower,0.0,1.0,0.0,0.0,1.0,"When comparing studies where participant's behavior level is high and studies where participant's behavior level is low, cooperation is significantly lower when acquaintance is strangers."
22315,https://data.cooperationdatabank.org/vocab/prop/Behavior_in_the_gameVariable,https://data.cooperationdatabank.org/vocab/prop/ownBehaviorLevel,Participant's behavior level,https://data.cooperationdatabank.org/id/ownbehaviorlevel/low,High,https://data.cooperationdatabank.org/vocab/prop/ownBehaviorLevel,Participant's behavior level,https://data.cooperationdatabank.org/id/ownbehaviorlevel/high,Low,https://data.cooperationdatabank.org/vocab/prop/studyRealPartner,Real partner,https://data.cooperationdatabank.org/id/studyrealpartner/1,Real,https://data.cooperationdatabank.org/id/dependentvariable/cooperation,negative,test,0.0,negative,lower,0.0,1.0,0.0,0.0,1.0,"When comparing studies where participant's behavior level is high and studies where participant's behavior level is low, cooperation is significantly lower when real partner is real."
