,giv_prop,iv,iv_label,cat_t1,cat_t1_label,iv.1,iv_label.1,cat_t2,cat_t2_label,mod,mod_label,mod_val,mod_val_label,dependent,effect,td,pred_num,pred_readable,comparative,pred_true,score_0,score_1,score_2,max_score,hypothesis
37541,https://data.cooperationdatabank.org/vocab/prop/ChoicesVariable,https://data.cooperationdatabank.org/vocab/prop/upperChoiceRangeLevel,Highest choice option level,https://data.cooperationdatabank.org/id/upperchoicerangelevel/low,Low,https://data.cooperationdatabank.org/vocab/prop/upperChoiceRangeLevel,Highest choice option level,https://data.cooperationdatabank.org/id/upperchoicerangelevel/high,High,https://data.cooperationdatabank.org/vocab/prop/publicationStatus,Published,https://data.cooperationdatabank.org/id/publicationstatus/1,Published Article,https://data.cooperationdatabank.org/id/dependentvariable/withdrawals,negative,test,0.0,negative,lower,0.0,1.0,0.0,0.0,1.0,"When comparing studies where highest choice option level is low and studies where highest choice option level is high, cooperation is significantly lower when published is published article."
37545,https://data.cooperationdatabank.org/vocab/prop/ChoicesVariable,https://data.cooperationdatabank.org/vocab/prop/upperChoiceRangeLevel,Highest choice option level,https://data.cooperationdatabank.org/id/upperchoicerangelevel/low,Low,https://data.cooperationdatabank.org/vocab/prop/upperChoiceRangeLevel,Highest choice option level,https://data.cooperationdatabank.org/id/upperchoicerangelevel/high,High,https://data.cooperationdatabank.org/vocab/prop/studyAcquaintance,Acquaintance,https://data.cooperationdatabank.org/id/studyacquaintance/0,Strangers,https://data.cooperationdatabank.org/id/dependentvariable/withdrawals,negative,test,0.0,negative,lower,0.0,1.0,0.0,0.0,1.0,"When comparing studies where highest choice option level is low and studies where highest choice option level is high, cooperation is significantly lower when acquaintance is strangers."
37565,https://data.cooperationdatabank.org/vocab/prop/ChoicesVariable,https://data.cooperationdatabank.org/vocab/prop/upperChoiceRangeLevel,Highest choice option level,https://data.cooperationdatabank.org/id/upperchoicerangelevel/low,Low,https://data.cooperationdatabank.org/vocab/prop/upperChoiceRangeLevel,Highest choice option level,https://data.cooperationdatabank.org/id/upperchoicerangelevel/high,High,https://data.cooperationdatabank.org/vocab/prop/recruitmentMethod,Recruitment method,https://data.cooperationdatabank.org/id/recruitmentmethod/1,Participant pool,https://data.cooperationdatabank.org/id/dependentvariable/withdrawals,negative,test,0.0,negative,lower,0.0,1.0,0.0,0.0,1.0,"When comparing studies where highest choice option level is low and studies where highest choice option level is high, cooperation is significantly lower when recruitment method is participant pool."
37576,https://data.cooperationdatabank.org/vocab/prop/ChoicesVariable,https://data.cooperationdatabank.org/vocab/prop/nbOfChoicesLevel,Number of choices level,https://data.cooperationdatabank.org/id/nbofchoiceslevel/low,High,https://data.cooperationdatabank.org/vocab/prop/nbOfChoicesLevel,Number of choices level,https://data.cooperationdatabank.org/id/nbofchoiceslevel/high,Low,https://data.cooperationdatabank.org/vocab/prop/studyMatchingProtocol,Matching,https://data.cooperationdatabank.org/id/studymatchingprotocol/2,Partner,https://data.cooperationdatabank.org/id/dependentvariable/withdrawals,positive,test,2.0,positive,higher,2.0,0.0,0.0,1.0,1.0,"When comparing studies where number of choices level is high and studies where number of choices level is low, cooperation is significantly higher when matching is partner."
