,giv_prop,iv,iv_label,cat_t1,cat_t1_label,iv.1,iv_label.1,cat_t2,cat_t2_label,mod,mod_label,mod_val,mod_val_label,dependent,effect,td,pred_num,pred_readable,comparative,pred_true,score_0,score_1,score_2,max_score,hypothesis
8676,https://data.cooperationdatabank.org/vocab/prop/CommunicationVariable,https://data.cooperationdatabank.org/vocab/prop/communicationOccurrence,Communication occurrence,https://data.cooperationdatabank.org/id/communicationoccurrence/one-shot,One-shot,https://data.cooperationdatabank.org/vocab/prop/communicationOccurrence,Communication occurrence,https://data.cooperationdatabank.org/id/communicationoccurrence/ongoing,Ongoing,https://data.cooperationdatabank.org/vocab/prop/yearSource,Source of year of data collection,https://data.cooperationdatabank.org/id/yearsource/1,Conducted,https://data.cooperationdatabank.org/id/dependentvariable/contributions,negative,test,0.0,negative,lower,0.0,1.0,0.0,0.0,1.0,"When comparing studies where communication occurrence is one-shot and studies where communication occurrence is ongoing, cooperation is significantly lower when source of year of data collection is conducted."
28392,https://data.cooperationdatabank.org/vocab/prop/CommunicationVariable,https://data.cooperationdatabank.org/vocab/prop/communicationContent,Communication content,https://data.cooperationdatabank.org/id/communicationcontent/other,Other,https://data.cooperationdatabank.org/vocab/prop/communicationContent,Communication content,https://data.cooperationdatabank.org/id/communicationcontent/threat,Threat,https://data.cooperationdatabank.org/vocab/prop/discussion,Discussion,https://data.cooperationdatabank.org/id/discussion/0,Absent,https://data.cooperationdatabank.org/id/dependentvariable/cooperation,noEffect,test,0.0,negative,lower,1.0,1.0,0.0,0.0,1.0,"When comparing studies where communication content is other and studies where communication content is threat, cooperation is significantly lower when discussion is absent."
23707,https://data.cooperationdatabank.org/vocab/prop/CommunicationVariable,https://data.cooperationdatabank.org/vocab/prop/communicationType,Communication type,https://data.cooperationdatabank.org/id/communicationtype/written,Written,https://data.cooperationdatabank.org/vocab/prop/communicationType,Communication type,https://data.cooperationdatabank.org/id/communicationtype/verbal,Verbal,https://data.cooperationdatabank.org/vocab/prop/countrySource,Source of country or region,https://data.cooperationdatabank.org/id/countrysource/3,All authors,https://data.cooperationdatabank.org/id/dependentvariable/cooperation,negative,test,0.0,negative,lower,0.0,1.0,0.0,0.0,1.0,"When comparing studies where communication type is written and studies where communication type is verbal, cooperation is significantly lower when source of country or region is all authors."
26813,https://data.cooperationdatabank.org/vocab/prop/CommunicationVariable,https://data.cooperationdatabank.org/vocab/prop/communicationOccurrence,Communication occurrence,https://data.cooperationdatabank.org/id/communicationoccurrence/one-shot,Ongoing,https://data.cooperationdatabank.org/vocab/prop/communicationOccurrence,Communication occurrence,https://data.cooperationdatabank.org/id/communicationoccurrence/ongoing,One-shot,https://data.cooperationdatabank.org/vocab/prop/recruitmentMethod,Recruitment method,https://data.cooperationdatabank.org/id/recruitmentmethod/3,Other,https://data.cooperationdatabank.org/id/dependentvariable/contributions,negative,test,0.0,negative,lower,0.0,1.0,0.0,0.0,1.0,"When comparing studies where communication occurrence is ongoing and studies where communication occurrence is one-shot, cooperation is significantly lower when recruitment method is other."
26802,https://data.cooperationdatabank.org/vocab/prop/CommunicationVariable,https://data.cooperationdatabank.org/vocab/prop/communicationOccurrence,Communication occurrence,https://data.cooperationdatabank.org/id/communicationoccurrence/one-shot,Ongoing,https://data.cooperationdatabank.org/vocab/prop/communicationOccurrence,Communication occurrence,https://data.cooperationdatabank.org/id/communicationoccurrence/ongoing,One-shot,https://data.cooperationdatabank.org/vocab/prop/studyDilemmaType,Game type,https://data.cooperationdatabank.org/id/studydilemmatype/2,Public Goods Game,https://data.cooperationdatabank.org/id/dependentvariable/contributions,negative,test,0.0,negative,lower,0.0,1.0,0.0,0.0,1.0,"When comparing studies where communication occurrence is ongoing and studies where communication occurrence is one-shot, cooperation is significantly lower when game type is public goods game."
39084,https://data.cooperationdatabank.org/vocab/prop/CommunicationVariable,https://data.cooperationdatabank.org/vocab/prop/communicationContent,Communication content,https://data.cooperationdatabank.org/id/communicationcontent/other,Promise,https://data.cooperationdatabank.org/vocab/prop/communicationContent,Communication content,https://data.cooperationdatabank.org/id/communicationcontent/promise,Other,https://data.cooperationdatabank.org/vocab/prop/studyTrialOfCooperation,Trial of cooperation,https://data.cooperationdatabank.org/id/studytrialofcooperation/5,Other trials,https://data.cooperationdatabank.org/id/dependentvariable/cooperation,negative,test,0.0,negative,lower,0.0,1.0,0.0,0.0,1.0,"When comparing studies where communication content is promise and studies where communication content is other, cooperation is significantly lower when trial of cooperation is other trials."
28487,https://data.cooperationdatabank.org/vocab/prop/CommunicationVariable,https://data.cooperationdatabank.org/vocab/prop/communicationContent,Communication content,https://data.cooperationdatabank.org/id/communicationcontent/other,Other,https://data.cooperationdatabank.org/vocab/prop/communicationContent,Communication content,https://data.cooperationdatabank.org/id/communicationcontent/promise,Promise,https://data.cooperationdatabank.org/vocab/prop/countrySource,Source of country or region,https://data.cooperationdatabank.org/id/countrysource/3,All authors,https://data.cooperationdatabank.org/id/dependentvariable/cooperation,noEffect,test,0.0,negative,lower,1.0,1.0,0.0,0.0,1.0,"When comparing studies where communication content is other and studies where communication content is promise, cooperation is significantly lower when source of country or region is all authors."
28488,https://data.cooperationdatabank.org/vocab/prop/CommunicationVariable,https://data.cooperationdatabank.org/vocab/prop/communicationContent,Communication content,https://data.cooperationdatabank.org/id/communicationcontent/other,Other,https://data.cooperationdatabank.org/vocab/prop/communicationContent,Communication content,https://data.cooperationdatabank.org/id/communicationcontent/promise,Promise,https://data.cooperationdatabank.org/vocab/prop/discussion,Discussion,https://data.cooperationdatabank.org/id/discussion/2,Bi-directional,https://data.cooperationdatabank.org/id/dependentvariable/cooperation,noEffect,test,0.0,negative,lower,1.0,1.0,0.0,0.0,1.0,"When comparing studies where communication content is other and studies where communication content is promise, cooperation is significantly lower when discussion is bi-directional."
28394,https://data.cooperationdatabank.org/vocab/prop/CommunicationVariable,https://data.cooperationdatabank.org/vocab/prop/communicationContent,Communication content,https://data.cooperationdatabank.org/id/communicationcontent/other,Other,https://data.cooperationdatabank.org/vocab/prop/communicationContent,Communication content,https://data.cooperationdatabank.org/id/communicationcontent/threat,Threat,https://data.cooperationdatabank.org/vocab/prop/publicationStatus,Published,https://data.cooperationdatabank.org/id/publicationstatus/1,Published Article,https://data.cooperationdatabank.org/id/dependentvariable/cooperation,noEffect,test,0.0,negative,lower,1.0,1.0,0.0,0.0,1.0,"When comparing studies where communication content is other and studies where communication content is threat, cooperation is significantly lower when published is published article."
22654,https://data.cooperationdatabank.org/vocab/prop/CommunicationVariable,https://data.cooperationdatabank.org/vocab/prop/communicationContent,Communication content,https://data.cooperationdatabank.org/id/communicationcontent/irrelevant,Irrelevant,https://data.cooperationdatabank.org/vocab/prop/communicationContent,Communication content,https://data.cooperationdatabank.org/id/communicationcontent/promise,Promise,https://data.cooperationdatabank.org/vocab/prop/discussion,Discussion,https://data.cooperationdatabank.org/id/discussion/0,Absent,https://data.cooperationdatabank.org/id/dependentvariable/cooperation,negative,test,0.0,negative,lower,0.0,1.0,0.0,0.0,1.0,"When comparing studies where communication content is irrelevant and studies where communication content is promise, cooperation is significantly lower when discussion is absent."
28494,https://data.cooperationdatabank.org/vocab/prop/CommunicationVariable,https://data.cooperationdatabank.org/vocab/prop/communicationContent,Communication content,https://data.cooperationdatabank.org/id/communicationcontent/other,Other,https://data.cooperationdatabank.org/vocab/prop/communicationContent,Communication content,https://data.cooperationdatabank.org/id/communicationcontent/promise,Promise,https://data.cooperationdatabank.org/vocab/prop/studyOneShot,One-shot vs repeated,https://data.cooperationdatabank.org/id/studyoneshot/0,Repeated,https://data.cooperationdatabank.org/id/dependentvariable/cooperation,noEffect,test,0.0,negative,lower,1.0,1.0,0.0,0.0,1.0,"When comparing studies where communication content is other and studies where communication content is promise, cooperation is significantly lower when one-shot vs repeated is repeated."
28403,https://data.cooperationdatabank.org/vocab/prop/CommunicationVariable,https://data.cooperationdatabank.org/vocab/prop/communicationContent,Communication content,https://data.cooperationdatabank.org/id/communicationcontent/other,Other,https://data.cooperationdatabank.org/vocab/prop/communicationContent,Communication content,https://data.cooperationdatabank.org/id/communicationcontent/threat,Threat,https://data.cooperationdatabank.org/vocab/prop/studyTrialOfCooperation,Trial of cooperation,https://data.cooperationdatabank.org/id/studytrialofcooperation/1,All trials,https://data.cooperationdatabank.org/id/dependentvariable/cooperation,noEffect,test,0.0,negative,lower,1.0,1.0,0.0,0.0,1.0,"When comparing studies where communication content is other and studies where communication content is threat, cooperation is significantly lower when trial of cooperation is all trials."
12114,https://data.cooperationdatabank.org/vocab/prop/CommunicationVariable,https://data.cooperationdatabank.org/vocab/prop/communicationContent,Communication content,https://data.cooperationdatabank.org/id/communicationcontent/irrelevant,Irrelevant,https://data.cooperationdatabank.org/vocab/prop/communicationContent,Communication content,https://data.cooperationdatabank.org/id/communicationcontent/promise,Promise,https://data.cooperationdatabank.org/vocab/prop/studyExperimentalSetting,Experimental setting,https://data.cooperationdatabank.org/id/studyexperimentalsetting/2,Lab,https://data.cooperationdatabank.org/id/dependentvariable/cooperation,noEffect,test,0.0,negative,lower,1.0,0.9,0.1,0.0,0.9,"When comparing studies where communication content is irrelevant and studies where communication content is promise, cooperation is significantly lower when experimental setting is lab."
28482,https://data.cooperationdatabank.org/vocab/prop/CommunicationVariable,https://data.cooperationdatabank.org/vocab/prop/communicationContent,Communication content,https://data.cooperationdatabank.org/id/communicationcontent/threat,Promise,https://data.cooperationdatabank.org/vocab/prop/communicationContent,Communication content,https://data.cooperationdatabank.org/id/communicationcontent/promise,Threat,https://data.cooperationdatabank.org/vocab/prop/studyRealPartner,Real partner,https://data.cooperationdatabank.org/id/studyrealpartner/2,Deception,https://data.cooperationdatabank.org/id/dependentvariable/cooperation,negative,test,2.0,positive,higher,0.0,0.2,0.0,0.8,0.8,"When comparing studies where communication content is promise and studies where communication content is threat, cooperation is significantly higher when real partner is deception."
28459,https://data.cooperationdatabank.org/vocab/prop/CommunicationVariable,https://data.cooperationdatabank.org/vocab/prop/communicationContent,Communication content,https://data.cooperationdatabank.org/id/communicationcontent/threat,Promise,https://data.cooperationdatabank.org/vocab/prop/communicationContent,Communication content,https://data.cooperationdatabank.org/id/communicationcontent/promise,Threat,https://data.cooperationdatabank.org/vocab/prop/countrySource,Source of country or region,https://data.cooperationdatabank.org/id/countrysource/3,All authors,https://data.cooperationdatabank.org/id/dependentvariable/cooperation,positive,test,0.0,negative,lower,2.0,0.7142857142857143,0.0,0.2857142857142857,0.7142857142857143,"When comparing studies where communication content is promise and studies where communication content is threat, cooperation is significantly lower when source of country or region is all authors."
17827,https://data.cooperationdatabank.org/vocab/prop/CommunicationVariable,https://data.cooperationdatabank.org/vocab/prop/communicationType,Communication type,https://data.cooperationdatabank.org/id/communicationtype/written,Written,https://data.cooperationdatabank.org/vocab/prop/communicationType,Communication type,https://data.cooperationdatabank.org/id/communicationtype/verbal,Verbal,https://data.cooperationdatabank.org/vocab/prop/studyExperimentalSetting,Experimental setting,https://data.cooperationdatabank.org/id/studyexperimentalsetting/2,Lab,https://data.cooperationdatabank.org/id/dependentvariable/cooperation,noEffect,test,0.0,negative,lower,1.0,0.7063829787234043,0.1900709219858156,0.10354609929078014,0.7063829787234043,"When comparing studies where communication type is written and studies where communication type is verbal, cooperation is significantly lower when experimental setting is lab."
23718,https://data.cooperationdatabank.org/vocab/prop/CommunicationVariable,https://data.cooperationdatabank.org/vocab/prop/communicationType,Communication type,https://data.cooperationdatabank.org/id/communicationtype/written,Written,https://data.cooperationdatabank.org/vocab/prop/communicationType,Communication type,https://data.cooperationdatabank.org/id/communicationtype/verbal,Verbal,https://data.cooperationdatabank.org/vocab/prop/yearSource,Source of year of data collection,https://data.cooperationdatabank.org/id/yearsource/3,Working paper published,https://data.cooperationdatabank.org/id/dependentvariable/cooperation,negative,test,0.0,negative,lower,0.0,0.7063829787234043,0.1900709219858156,0.10354609929078014,0.7063829787234043,"When comparing studies where communication type is written and studies where communication type is verbal, cooperation is significantly lower when source of year of data collection is working paper published."
23702,https://data.cooperationdatabank.org/vocab/prop/CommunicationVariable,https://data.cooperationdatabank.org/vocab/prop/communicationType,Communication type,https://data.cooperationdatabank.org/id/communicationtype/written,Written,https://data.cooperationdatabank.org/vocab/prop/communicationType,Communication type,https://data.cooperationdatabank.org/id/communicationtype/verbal,Verbal,https://data.cooperationdatabank.org/vocab/prop/studyOneShot,One-shot vs repeated,https://data.cooperationdatabank.org/id/studyoneshot/0,Repeated,https://data.cooperationdatabank.org/id/dependentvariable/cooperation,negative,test,0.0,negative,lower,0.0,0.7063829787234043,0.1900709219858156,0.10354609929078014,0.7063829787234043,"When comparing studies where communication type is written and studies where communication type is verbal, cooperation is significantly lower when one-shot vs repeated is repeated."
28443,https://data.cooperationdatabank.org/vocab/prop/CommunicationVariable,https://data.cooperationdatabank.org/vocab/prop/communicationContent,Communication content,https://data.cooperationdatabank.org/id/communicationcontent/threat,Promise,https://data.cooperationdatabank.org/vocab/prop/communicationContent,Communication content,https://data.cooperationdatabank.org/id/communicationcontent/promise,Threat,https://data.cooperationdatabank.org/vocab/prop/discussion,Discussion,https://data.cooperationdatabank.org/id/discussion/0,Absent,https://data.cooperationdatabank.org/id/dependentvariable/cooperation,negative,test,0.0,negative,lower,0.0,0.6171003717472119,0.25650557620817843,0.12639405204460966,0.6171003717472119,"When comparing studies where communication content is promise and studies where communication content is threat, cooperation is significantly lower when discussion is absent."
28449,https://data.cooperationdatabank.org/vocab/prop/CommunicationVariable,https://data.cooperationdatabank.org/vocab/prop/communicationContent,Communication content,https://data.cooperationdatabank.org/id/communicationcontent/threat,Promise,https://data.cooperationdatabank.org/vocab/prop/communicationContent,Communication content,https://data.cooperationdatabank.org/id/communicationcontent/promise,Threat,https://data.cooperationdatabank.org/vocab/prop/studyExperimentalSetting,Experimental setting,https://data.cooperationdatabank.org/id/studyexperimentalsetting/2,Lab,https://data.cooperationdatabank.org/id/dependentvariable/cooperation,negative,test,0.0,negative,lower,0.0,0.56353591160221,0.14917127071823205,0.287292817679558,0.56353591160221,"When comparing studies where communication content is promise and studies where communication content is threat, cooperation is significantly lower when experimental setting is lab."
28454,https://data.cooperationdatabank.org/vocab/prop/CommunicationVariable,https://data.cooperationdatabank.org/vocab/prop/communicationContent,Communication content,https://data.cooperationdatabank.org/id/communicationcontent/threat,Promise,https://data.cooperationdatabank.org/vocab/prop/communicationContent,Communication content,https://data.cooperationdatabank.org/id/communicationcontent/promise,Threat,https://data.cooperationdatabank.org/vocab/prop/studyTrialOfCooperation,Trial of cooperation,https://data.cooperationdatabank.org/id/studytrialofcooperation/5,Other trials,https://data.cooperationdatabank.org/id/dependentvariable/cooperation,negative,test,0.0,negative,lower,0.0,0.56353591160221,0.14917127071823205,0.287292817679558,0.56353591160221,"When comparing studies where communication content is promise and studies where communication content is threat, cooperation is significantly lower when trial of cooperation is other trials."
28432,https://data.cooperationdatabank.org/vocab/prop/CommunicationVariable,https://data.cooperationdatabank.org/vocab/prop/communicationContent,Communication content,https://data.cooperationdatabank.org/id/communicationcontent/threat,Promise,https://data.cooperationdatabank.org/vocab/prop/communicationContent,Communication content,https://data.cooperationdatabank.org/id/communicationcontent/promise,Threat,https://data.cooperationdatabank.org/vocab/prop/studyExperimentalSetting,Experimental setting,https://data.cooperationdatabank.org/id/studyexperimentalsetting/2,Lab,https://data.cooperationdatabank.org/id/dependentvariable/cooperation,positive,test,0.0,negative,lower,2.0,0.56353591160221,0.14917127071823205,0.287292817679558,0.56353591160221,"When comparing studies where communication content is promise and studies where communication content is threat, cooperation is significantly lower when experimental setting is lab."
28451,https://data.cooperationdatabank.org/vocab/prop/CommunicationVariable,https://data.cooperationdatabank.org/vocab/prop/communicationContent,Communication content,https://data.cooperationdatabank.org/id/communicationcontent/threat,Promise,https://data.cooperationdatabank.org/vocab/prop/communicationContent,Communication content,https://data.cooperationdatabank.org/id/communicationcontent/promise,Threat,https://data.cooperationdatabank.org/vocab/prop/studyMatchingProtocol,Matching,https://data.cooperationdatabank.org/id/studymatchingprotocol/2,Partner,https://data.cooperationdatabank.org/id/dependentvariable/cooperation,negative,test,0.0,negative,lower,0.0,0.56353591160221,0.14917127071823205,0.287292817679558,0.56353591160221,"When comparing studies where communication content is promise and studies where communication content is threat, cooperation is significantly lower when matching is partner."
28471,https://data.cooperationdatabank.org/vocab/prop/CommunicationVariable,https://data.cooperationdatabank.org/vocab/prop/communicationContent,Communication content,https://data.cooperationdatabank.org/id/communicationcontent/threat,Promise,https://data.cooperationdatabank.org/vocab/prop/communicationContent,Communication content,https://data.cooperationdatabank.org/id/communicationcontent/promise,Threat,https://data.cooperationdatabank.org/vocab/prop/recruitmentMethod,Recruitment method,https://data.cooperationdatabank.org/id/recruitmentmethod/1,Participant pool,https://data.cooperationdatabank.org/id/dependentvariable/cooperation,positive,test,0.0,negative,lower,2.0,0.56353591160221,0.14917127071823205,0.287292817679558,0.56353591160221,"When comparing studies where communication content is promise and studies where communication content is threat, cooperation is significantly lower when recruitment method is participant pool."
28445,https://data.cooperationdatabank.org/vocab/prop/CommunicationVariable,https://data.cooperationdatabank.org/vocab/prop/communicationContent,Communication content,https://data.cooperationdatabank.org/id/communicationcontent/threat,Promise,https://data.cooperationdatabank.org/vocab/prop/communicationContent,Communication content,https://data.cooperationdatabank.org/id/communicationcontent/promise,Threat,https://data.cooperationdatabank.org/vocab/prop/publicationStatus,Published,https://data.cooperationdatabank.org/id/publicationstatus/1,Published Article,https://data.cooperationdatabank.org/id/dependentvariable/cooperation,negative,test,0.0,negative,lower,0.0,0.56353591160221,0.14917127071823205,0.287292817679558,0.56353591160221,"When comparing studies where communication content is promise and studies where communication content is threat, cooperation is significantly lower when published is published article."
28467,https://data.cooperationdatabank.org/vocab/prop/CommunicationVariable,https://data.cooperationdatabank.org/vocab/prop/communicationContent,Communication content,https://data.cooperationdatabank.org/id/communicationcontent/threat,Promise,https://data.cooperationdatabank.org/vocab/prop/communicationContent,Communication content,https://data.cooperationdatabank.org/id/communicationcontent/promise,Threat,https://data.cooperationdatabank.org/vocab/prop/studyOneShot,One-shot vs repeated,https://data.cooperationdatabank.org/id/studyoneshot/0,Repeated,https://data.cooperationdatabank.org/id/dependentvariable/cooperation,positive,test,0.0,negative,lower,2.0,0.56353591160221,0.14917127071823205,0.287292817679558,0.56353591160221,"When comparing studies where communication content is promise and studies where communication content is threat, cooperation is significantly lower when one-shot vs repeated is repeated."
17314,https://data.cooperationdatabank.org/vocab/prop/CommunicationVariable,https://data.cooperationdatabank.org/vocab/prop/communicationContent,Communication content,https://data.cooperationdatabank.org/id/communicationcontent/threat,Promise,https://data.cooperationdatabank.org/vocab/prop/communicationContent,Communication content,https://data.cooperationdatabank.org/id/communicationcontent/promise,Threat,https://data.cooperationdatabank.org/vocab/prop/country,has country,https://data.cooperationdatabank.org/id/country/NLD,NLD,https://data.cooperationdatabank.org/id/dependentvariable/contributions,negative,test,0.0,negative,lower,0.0,0.538135593220339,0.3411016949152542,0.12076271186440678,0.538135593220339,"When comparing studies where communication content is promise and studies where communication content is threat, cooperation is significantly lower when has country is nld."
17303,https://data.cooperationdatabank.org/vocab/prop/CommunicationVariable,https://data.cooperationdatabank.org/vocab/prop/communicationContent,Communication content,https://data.cooperationdatabank.org/id/communicationcontent/threat,Threat,https://data.cooperationdatabank.org/vocab/prop/communicationContent,Communication content,https://data.cooperationdatabank.org/id/communicationcontent/promise,Promise,https://data.cooperationdatabank.org/vocab/prop/discussion,Discussion,https://data.cooperationdatabank.org/id/discussion/2,Bi-directional,https://data.cooperationdatabank.org/id/dependentvariable/contributions,noEffect,test,0.0,negative,lower,1.0,0.538135593220339,0.3411016949152542,0.12076271186440678,0.538135593220339,"When comparing studies where communication content is threat and studies where communication content is promise, cooperation is significantly lower when discussion is bi-directional."
17312,https://data.cooperationdatabank.org/vocab/prop/CommunicationVariable,https://data.cooperationdatabank.org/vocab/prop/communicationContent,Communication content,https://data.cooperationdatabank.org/id/communicationcontent/threat,Threat,https://data.cooperationdatabank.org/vocab/prop/communicationContent,Communication content,https://data.cooperationdatabank.org/id/communicationcontent/promise,Promise,https://data.cooperationdatabank.org/vocab/prop/studyTrialOfCooperation,Trial of cooperation,https://data.cooperationdatabank.org/id/studytrialofcooperation/1,All trials,https://data.cooperationdatabank.org/id/dependentvariable/contributions,noEffect,test,0.0,negative,lower,1.0,0.538135593220339,0.3411016949152542,0.12076271186440678,0.538135593220339,"When comparing studies where communication content is threat and studies where communication content is promise, cooperation is significantly lower when trial of cooperation is all trials."
17359,https://data.cooperationdatabank.org/vocab/prop/CommunicationVariable,https://data.cooperationdatabank.org/vocab/prop/communicationContent,Communication content,https://data.cooperationdatabank.org/id/communicationcontent/threat,Promise,https://data.cooperationdatabank.org/vocab/prop/communicationContent,Communication content,https://data.cooperationdatabank.org/id/communicationcontent/promise,Threat,https://data.cooperationdatabank.org/vocab/prop/studyExperimentalSetting,Experimental setting,https://data.cooperationdatabank.org/id/studyexperimentalsetting/2,Lab,https://data.cooperationdatabank.org/id/dependentvariable/contributions,positive,test,0.0,negative,lower,2.0,0.538135593220339,0.3411016949152542,0.12076271186440678,0.538135593220339,"When comparing studies where communication content is promise and studies where communication content is threat, cooperation is significantly lower when experimental setting is lab."
17375,https://data.cooperationdatabank.org/vocab/prop/CommunicationVariable,https://data.cooperationdatabank.org/vocab/prop/communicationContent,Communication content,https://data.cooperationdatabank.org/id/communicationcontent/threat,Promise,https://data.cooperationdatabank.org/vocab/prop/communicationContent,Communication content,https://data.cooperationdatabank.org/id/communicationcontent/promise,Threat,https://data.cooperationdatabank.org/vocab/prop/studyOneShot,One-shot vs repeated,https://data.cooperationdatabank.org/id/studyoneshot/0,Repeated,https://data.cooperationdatabank.org/id/dependentvariable/contributions,positive,test,0.0,negative,lower,2.0,0.538135593220339,0.3411016949152542,0.12076271186440678,0.538135593220339,"When comparing studies where communication content is promise and studies where communication content is threat, cooperation is significantly lower when one-shot vs repeated is repeated."
17396,https://data.cooperationdatabank.org/vocab/prop/CommunicationVariable,https://data.cooperationdatabank.org/vocab/prop/communicationContent,Communication content,https://data.cooperationdatabank.org/id/communicationcontent/threat,Promise,https://data.cooperationdatabank.org/vocab/prop/communicationContent,Communication content,https://data.cooperationdatabank.org/id/communicationcontent/promise,Threat,https://data.cooperationdatabank.org/vocab/prop/studyAcquaintance,Acquaintance,https://data.cooperationdatabank.org/id/studyacquaintance/0,Strangers,https://data.cooperationdatabank.org/id/dependentvariable/contributions,negative,test,0.0,negative,lower,0.0,0.538135593220339,0.3411016949152542,0.12076271186440678,0.538135593220339,"When comparing studies where communication content is promise and studies where communication content is threat, cooperation is significantly lower when acquaintance is strangers."
17397,https://data.cooperationdatabank.org/vocab/prop/CommunicationVariable,https://data.cooperationdatabank.org/vocab/prop/communicationContent,Communication content,https://data.cooperationdatabank.org/id/communicationcontent/threat,Promise,https://data.cooperationdatabank.org/vocab/prop/communicationContent,Communication content,https://data.cooperationdatabank.org/id/communicationcontent/promise,Threat,https://data.cooperationdatabank.org/vocab/prop/studyDilemmaType,Game type,https://data.cooperationdatabank.org/id/studydilemmatype/1,Prisoner's Dilemma Game,https://data.cooperationdatabank.org/id/dependentvariable/contributions,negative,test,0.0,negative,lower,0.0,0.538135593220339,0.3411016949152542,0.12076271186440678,0.538135593220339,"When comparing studies where communication content is promise and studies where communication content is threat, cooperation is significantly lower when game type is prisoner's dilemma game."
17406,https://data.cooperationdatabank.org/vocab/prop/CommunicationVariable,https://data.cooperationdatabank.org/vocab/prop/communicationContent,Communication content,https://data.cooperationdatabank.org/id/communicationcontent/threat,Promise,https://data.cooperationdatabank.org/vocab/prop/communicationContent,Communication content,https://data.cooperationdatabank.org/id/communicationcontent/promise,Threat,https://data.cooperationdatabank.org/vocab/prop/countrySource,Source of country or region,https://data.cooperationdatabank.org/id/countrysource/1,Specified country,https://data.cooperationdatabank.org/id/dependentvariable/contributions,negative,test,0.0,negative,lower,0.0,0.538135593220339,0.3411016949152542,0.12076271186440678,0.538135593220339,"When comparing studies where communication content is promise and studies where communication content is threat, cooperation is significantly lower when source of country or region is specified country."
17412,https://data.cooperationdatabank.org/vocab/prop/CommunicationVariable,https://data.cooperationdatabank.org/vocab/prop/communicationContent,Communication content,https://data.cooperationdatabank.org/id/communicationcontent/threat,Promise,https://data.cooperationdatabank.org/vocab/prop/communicationContent,Communication content,https://data.cooperationdatabank.org/id/communicationcontent/promise,Threat,https://data.cooperationdatabank.org/vocab/prop/studyGameIncentive,Game incentive,https://data.cooperationdatabank.org/id/studygameincentive/4,Non-monetary lottery,https://data.cooperationdatabank.org/id/dependentvariable/contributions,negative,test,0.0,negative,lower,0.0,0.538135593220339,0.3411016949152542,0.12076271186440678,0.538135593220339,"When comparing studies where communication content is promise and studies where communication content is threat, cooperation is significantly lower when game incentive is non-monetary lottery."
17470,https://data.cooperationdatabank.org/vocab/prop/CommunicationVariable,https://data.cooperationdatabank.org/vocab/prop/communicationContent,Communication content,https://data.cooperationdatabank.org/id/communicationcontent/threat,Threat,https://data.cooperationdatabank.org/vocab/prop/communicationContent,Communication content,https://data.cooperationdatabank.org/id/communicationcontent/promise,Promise,https://data.cooperationdatabank.org/vocab/prop/country,has country,https://data.cooperationdatabank.org/id/country/NLD,NLD,https://data.cooperationdatabank.org/id/dependentvariable/contributions,noEffect,test,0.0,negative,lower,1.0,0.538135593220339,0.3411016949152542,0.12076271186440678,0.538135593220339,"When comparing studies where communication content is threat and studies where communication content is promise, cooperation is significantly lower when has country is nld."
17481,https://data.cooperationdatabank.org/vocab/prop/CommunicationVariable,https://data.cooperationdatabank.org/vocab/prop/communicationContent,Communication content,https://data.cooperationdatabank.org/id/communicationcontent/threat,Threat,https://data.cooperationdatabank.org/vocab/prop/communicationContent,Communication content,https://data.cooperationdatabank.org/id/communicationcontent/promise,Promise,https://data.cooperationdatabank.org/vocab/prop/studyTrialOfCooperation,Trial of cooperation,https://data.cooperationdatabank.org/id/studytrialofcooperation/1,All trials,https://data.cooperationdatabank.org/id/dependentvariable/contributions,noEffect,test,0.0,negative,lower,1.0,0.538135593220339,0.3411016949152542,0.12076271186440678,0.538135593220339,"When comparing studies where communication content is threat and studies where communication content is promise, cooperation is significantly lower when trial of cooperation is all trials."
