,giv_prop,iv,iv_label,cat_t1,cat_t1_label,iv.1,iv_label.1,cat_t2,cat_t2_label,mod,mod_label,mod_val,mod_val_label,dependent,effect,td,pred_num,pred_readable,comparative,pred_true,score_0,score_1,score_2,max_score,hypothesis
12528,https://data.cooperationdatabank.org/vocab/prop/CriticalityVariable,https://data.cooperationdatabank.org/vocab/prop/criticalityLevel,Criticality level,https://data.cooperationdatabank.org/id/criticalitylevel/low,Low,https://data.cooperationdatabank.org/vocab/prop/criticalityLevel,Criticality level,https://data.cooperationdatabank.org/id/criticalitylevel/high,High,https://data.cooperationdatabank.org/vocab/prop/publicationStatus,Published,https://data.cooperationdatabank.org/id/publicationstatus/1,Published Article,https://data.cooperationdatabank.org/id/dependentvariable/contributions,negative,test,0.0,negative,lower,0.0,0.52734375,0.341796875,0.130859375,0.52734375,"When comparing studies where criticality level is low and studies where criticality level is high, cooperation is significantly lower when published is published article."
12538,https://data.cooperationdatabank.org/vocab/prop/CriticalityVariable,https://data.cooperationdatabank.org/vocab/prop/criticalityLevel,Criticality level,https://data.cooperationdatabank.org/id/criticalitylevel/low,Low,https://data.cooperationdatabank.org/vocab/prop/criticalityLevel,Criticality level,https://data.cooperationdatabank.org/id/criticalitylevel/high,High,https://data.cooperationdatabank.org/vocab/prop/studyMatchingProtocol,Matching,https://data.cooperationdatabank.org/id/studymatchingprotocol/1,Stranger,https://data.cooperationdatabank.org/id/dependentvariable/contributions,negative,test,0.0,negative,lower,0.0,0.52734375,0.341796875,0.130859375,0.52734375,"When comparing studies where criticality level is low and studies where criticality level is high, cooperation is significantly lower when matching is stranger."
12540,https://data.cooperationdatabank.org/vocab/prop/CriticalityVariable,https://data.cooperationdatabank.org/vocab/prop/criticalityLevel,Criticality level,https://data.cooperationdatabank.org/id/criticalitylevel/low,Low,https://data.cooperationdatabank.org/vocab/prop/criticalityLevel,Criticality level,https://data.cooperationdatabank.org/id/criticalitylevel/high,High,https://data.cooperationdatabank.org/vocab/prop/studyOneShot,One-shot vs repeated,https://data.cooperationdatabank.org/id/studyoneshot/1,One-shot,https://data.cooperationdatabank.org/id/dependentvariable/contributions,negative,test,0.0,negative,lower,0.0,0.52734375,0.341796875,0.130859375,0.52734375,"When comparing studies where criticality level is low and studies where criticality level is high, cooperation is significantly lower when one-shot vs repeated is one-shot."
12559,https://data.cooperationdatabank.org/vocab/prop/CriticalityVariable,https://data.cooperationdatabank.org/vocab/prop/criticalityLevel,Criticality level,https://data.cooperationdatabank.org/id/criticalitylevel/low,Low,https://data.cooperationdatabank.org/vocab/prop/criticalityLevel,Criticality level,https://data.cooperationdatabank.org/id/criticalitylevel/high,High,https://data.cooperationdatabank.org/vocab/prop/studyRealPartner,Real partner,https://data.cooperationdatabank.org/id/studyrealpartner/1,Real,https://data.cooperationdatabank.org/id/dependentvariable/contributions,negative,test,0.0,negative,lower,0.0,0.52734375,0.341796875,0.130859375,0.52734375,"When comparing studies where criticality level is low and studies where criticality level is high, cooperation is significantly lower when real partner is real."
16024,https://data.cooperationdatabank.org/vocab/prop/CriticalityVariable,https://data.cooperationdatabank.org/vocab/prop/criticalityLevel,Criticality level,https://data.cooperationdatabank.org/id/criticalitylevel/low,Low,https://data.cooperationdatabank.org/vocab/prop/criticalityLevel,Criticality level,https://data.cooperationdatabank.org/id/criticalitylevel/high,High,https://data.cooperationdatabank.org/vocab/prop/countrySource,Source of country or region,https://data.cooperationdatabank.org/id/countrysource/1,Specified country,https://data.cooperationdatabank.org/id/dependentvariable/contributions,noEffect,test,0.0,negative,lower,1.0,0.52734375,0.341796875,0.130859375,0.52734375,"When comparing studies where criticality level is low and studies where criticality level is high, cooperation is significantly lower when source of country or region is specified country."
16042,https://data.cooperationdatabank.org/vocab/prop/CriticalityVariable,https://data.cooperationdatabank.org/vocab/prop/criticalityLevel,Criticality level,https://data.cooperationdatabank.org/id/criticalitylevel/low,Low,https://data.cooperationdatabank.org/vocab/prop/criticalityLevel,Criticality level,https://data.cooperationdatabank.org/id/criticalitylevel/high,High,https://data.cooperationdatabank.org/vocab/prop/publicationStatus,Published,https://data.cooperationdatabank.org/id/publicationstatus/1,Published Article,https://data.cooperationdatabank.org/id/dependentvariable/contributions,positive,test,0.0,negative,lower,2.0,0.52734375,0.341796875,0.130859375,0.52734375,"When comparing studies where criticality level is low and studies where criticality level is high, cooperation is significantly lower when published is published article."
16050,https://data.cooperationdatabank.org/vocab/prop/CriticalityVariable,https://data.cooperationdatabank.org/vocab/prop/criticalityLevel,Criticality level,https://data.cooperationdatabank.org/id/criticalitylevel/low,Low,https://data.cooperationdatabank.org/vocab/prop/criticalityLevel,Criticality level,https://data.cooperationdatabank.org/id/criticalitylevel/high,High,https://data.cooperationdatabank.org/vocab/prop/studyTrialOfCooperation,Trial of cooperation,https://data.cooperationdatabank.org/id/studytrialofcooperation/1,All trials,https://data.cooperationdatabank.org/id/dependentvariable/contributions,positive,test,0.0,negative,lower,2.0,0.52734375,0.341796875,0.130859375,0.52734375,"When comparing studies where criticality level is low and studies where criticality level is high, cooperation is significantly lower when trial of cooperation is all trials."
43125,https://data.cooperationdatabank.org/vocab/prop/CriticalityVariable,https://data.cooperationdatabank.org/vocab/prop/criticalityLevel,Criticality level,https://data.cooperationdatabank.org/id/criticalitylevel/low,Low,https://data.cooperationdatabank.org/vocab/prop/criticalityLevel,Criticality level,https://data.cooperationdatabank.org/id/criticalitylevel/high,High,https://data.cooperationdatabank.org/vocab/prop/publicationStatus,Published,https://data.cooperationdatabank.org/id/publicationstatus/1,Published Article,https://data.cooperationdatabank.org/id/dependentvariable/contributions,negative,test,0.0,negative,lower,0.0,0.52734375,0.341796875,0.130859375,0.52734375,"When comparing studies where criticality level is low and studies where criticality level is high, cooperation is significantly lower when published is published article."
43133,https://data.cooperationdatabank.org/vocab/prop/CriticalityVariable,https://data.cooperationdatabank.org/vocab/prop/criticalityLevel,Criticality level,https://data.cooperationdatabank.org/id/criticalitylevel/low,Low,https://data.cooperationdatabank.org/vocab/prop/criticalityLevel,Criticality level,https://data.cooperationdatabank.org/id/criticalitylevel/high,High,https://data.cooperationdatabank.org/vocab/prop/studyTrialOfCooperation,Trial of cooperation,https://data.cooperationdatabank.org/id/studytrialofcooperation/1,All trials,https://data.cooperationdatabank.org/id/dependentvariable/contributions,negative,test,0.0,negative,lower,0.0,0.52734375,0.341796875,0.130859375,0.52734375,"When comparing studies where criticality level is low and studies where criticality level is high, cooperation is significantly lower when trial of cooperation is all trials."
