,giv_prop,iv,iv_label,cat_t1,cat_t1_label,iv.1,iv_label.1,cat_t2,cat_t2_label,mod,mod_label,mod_val,mod_val_label,dependent,effect,td,pred_num,pred_readable,comparative,pred_true,score_0,score_1,score_2,max_score,hypothesis
1240,https://data.cooperationdatabank.org/vocab/prop/EmotionsVariable,https://data.cooperationdatabank.org/vocab/prop/emotion,Emotion,https://data.cooperationdatabank.org/id/emotion/happiness,Happiness,https://data.cooperationdatabank.org/vocab/prop/emotion,Emotion,https://data.cooperationdatabank.org/id/emotion/neutral,Neutral,https://data.cooperationdatabank.org/vocab/prop/countrySource,Source of country or region,https://data.cooperationdatabank.org/id/countrysource/1,Specified country,https://data.cooperationdatabank.org/id/dependentvariable/contributions,noEffect,test,0.0,negative,lower,1.0,1.0,0.0,0.0,1.0,"When comparing studies where emotion is happiness and studies where emotion is neutral, cooperation is significantly lower when source of country or region is specified country."
15085,https://data.cooperationdatabank.org/vocab/prop/EmotionsVariable,https://data.cooperationdatabank.org/vocab/prop/emotion,Emotion,https://data.cooperationdatabank.org/id/emotion/happiness,Happiness,https://data.cooperationdatabank.org/vocab/prop/emotion,Emotion,https://data.cooperationdatabank.org/id/emotion/anger,Anger,https://data.cooperationdatabank.org/vocab/prop/publicationStatus,Published,https://data.cooperationdatabank.org/id/publicationstatus/1,Published Article,https://data.cooperationdatabank.org/id/dependentvariable/contributions,positive,test,2.0,positive,higher,2.0,0.0,0.0,1.0,1.0,"When comparing studies where emotion is happiness and studies where emotion is anger, cooperation is significantly higher when published is published article."
15082,https://data.cooperationdatabank.org/vocab/prop/EmotionsVariable,https://data.cooperationdatabank.org/vocab/prop/emotion,Emotion,https://data.cooperationdatabank.org/id/emotion/happiness,Happiness,https://data.cooperationdatabank.org/vocab/prop/emotion,Emotion,https://data.cooperationdatabank.org/id/emotion/anger,Anger,https://data.cooperationdatabank.org/vocab/prop/country,has country,https://data.cooperationdatabank.org/id/country/GBR,GBR,https://data.cooperationdatabank.org/id/dependentvariable/contributions,positive,test,2.0,positive,higher,2.0,0.0,0.0,1.0,1.0,"When comparing studies where emotion is happiness and studies where emotion is anger, cooperation is significantly higher when has country is gbr."
1311,https://data.cooperationdatabank.org/vocab/prop/EmotionsVariable,https://data.cooperationdatabank.org/vocab/prop/emotion,Emotion,https://data.cooperationdatabank.org/id/emotion/sadness,Sadness,https://data.cooperationdatabank.org/vocab/prop/emotion,Emotion,https://data.cooperationdatabank.org/id/emotion/neutral,Neutral,https://data.cooperationdatabank.org/vocab/prop/studyTrialOfCooperation,Trial of cooperation,https://data.cooperationdatabank.org/id/studytrialofcooperation/1,All trials,https://data.cooperationdatabank.org/id/dependentvariable/contributions,positive,test,2.0,positive,higher,2.0,0.0,0.0,1.0,1.0,"When comparing studies where emotion is sadness and studies where emotion is neutral, cooperation is significantly higher when trial of cooperation is all trials."
1270,https://data.cooperationdatabank.org/vocab/prop/EmotionsVariable,https://data.cooperationdatabank.org/vocab/prop/emotion,Emotion,https://data.cooperationdatabank.org/id/emotion/sadness,Sadness,https://data.cooperationdatabank.org/vocab/prop/emotion,Emotion,https://data.cooperationdatabank.org/id/emotion/neutral,Neutral,https://data.cooperationdatabank.org/vocab/prop/recruitmentMethod,Recruitment method,https://data.cooperationdatabank.org/id/recruitmentmethod/3,Other,https://data.cooperationdatabank.org/id/dependentvariable/contributions,positive,test,2.0,positive,higher,2.0,0.0,0.0,1.0,1.0,"When comparing studies where emotion is sadness and studies where emotion is neutral, cooperation is significantly higher when recruitment method is other."
1261,https://data.cooperationdatabank.org/vocab/prop/EmotionsVariable,https://data.cooperationdatabank.org/vocab/prop/emotion,Emotion,https://data.cooperationdatabank.org/id/emotion/sadness,Sadness,https://data.cooperationdatabank.org/vocab/prop/emotion,Emotion,https://data.cooperationdatabank.org/id/emotion/neutral,Neutral,https://data.cooperationdatabank.org/vocab/prop/studyExperimentalSetting,Experimental setting,https://data.cooperationdatabank.org/id/studyexperimentalsetting/2,Lab,https://data.cooperationdatabank.org/id/dependentvariable/contributions,positive,test,2.0,positive,higher,2.0,0.0,0.0,1.0,1.0,"When comparing studies where emotion is sadness and studies where emotion is neutral, cooperation is significantly higher when experimental setting is lab."
29839,https://data.cooperationdatabank.org/vocab/prop/EmotionsVariable,https://data.cooperationdatabank.org/vocab/prop/emotion,Emotion,https://data.cooperationdatabank.org/id/emotion/regret,Regret,https://data.cooperationdatabank.org/vocab/prop/emotion,Emotion,https://data.cooperationdatabank.org/id/emotion/disappointment,Disappointment,https://data.cooperationdatabank.org/vocab/prop/studyRealPartner,Real partner,https://data.cooperationdatabank.org/id/studyrealpartner/1,Real,https://data.cooperationdatabank.org/id/dependentvariable/contributions,positive,test,2.0,positive,higher,2.0,0.0,0.0,1.0,1.0,"When comparing studies where emotion is regret and studies where emotion is disappointment, cooperation is significantly higher when real partner is real."
29840,https://data.cooperationdatabank.org/vocab/prop/EmotionsVariable,https://data.cooperationdatabank.org/vocab/prop/emotion,Emotion,https://data.cooperationdatabank.org/id/emotion/regret,Regret,https://data.cooperationdatabank.org/vocab/prop/emotion,Emotion,https://data.cooperationdatabank.org/id/emotion/disappointment,Disappointment,https://data.cooperationdatabank.org/vocab/prop/studyTrialOfCooperation,Trial of cooperation,https://data.cooperationdatabank.org/id/studytrialofcooperation/1,All trials,https://data.cooperationdatabank.org/id/dependentvariable/contributions,positive,test,2.0,positive,higher,2.0,0.0,0.0,1.0,1.0,"When comparing studies where emotion is regret and studies where emotion is disappointment, cooperation is significantly higher when trial of cooperation is all trials."
31211,https://data.cooperationdatabank.org/vocab/prop/EmotionsVariable,https://data.cooperationdatabank.org/vocab/prop/emotion,Emotion,https://data.cooperationdatabank.org/id/emotion/neutral,Neutral,https://data.cooperationdatabank.org/vocab/prop/emotion,Emotion,https://data.cooperationdatabank.org/id/emotion/anger,Anger,https://data.cooperationdatabank.org/vocab/prop/studyAcquaintance,Acquaintance,https://data.cooperationdatabank.org/id/studyacquaintance/0,Strangers,https://data.cooperationdatabank.org/id/dependentvariable/contributions,positive,test,2.0,positive,higher,2.0,0.0,0.0,1.0,1.0,"When comparing studies where emotion is neutral and studies where emotion is anger, cooperation is significantly higher when acquaintance is strangers."
31220,https://data.cooperationdatabank.org/vocab/prop/EmotionsVariable,https://data.cooperationdatabank.org/vocab/prop/emotion,Emotion,https://data.cooperationdatabank.org/id/emotion/neutral,Neutral,https://data.cooperationdatabank.org/vocab/prop/emotion,Emotion,https://data.cooperationdatabank.org/id/emotion/anger,Anger,https://data.cooperationdatabank.org/vocab/prop/studyContinuousPGG,Continuous vs step-level public goods,https://data.cooperationdatabank.org/id/studycontinuouspgg/1,Continuous,https://data.cooperationdatabank.org/id/dependentvariable/contributions,positive,test,2.0,positive,higher,2.0,0.0,0.0,1.0,1.0,"When comparing studies where emotion is neutral and studies where emotion is anger, cooperation is significantly higher when continuous vs step-level public goods is continuous."
31246,https://data.cooperationdatabank.org/vocab/prop/EmotionsVariable,https://data.cooperationdatabank.org/vocab/prop/emotion,Emotion,https://data.cooperationdatabank.org/id/emotion/neutral,Neutral,https://data.cooperationdatabank.org/vocab/prop/emotion,Emotion,https://data.cooperationdatabank.org/id/emotion/anger,Anger,https://data.cooperationdatabank.org/vocab/prop/studyTrialOfCooperation,Trial of cooperation,https://data.cooperationdatabank.org/id/studytrialofcooperation/1,All trials,https://data.cooperationdatabank.org/id/dependentvariable/contributions,positive,test,2.0,positive,higher,2.0,0.0,0.0,1.0,1.0,"When comparing studies where emotion is neutral and studies where emotion is anger, cooperation is significantly higher when trial of cooperation is all trials."
15090,https://data.cooperationdatabank.org/vocab/prop/EmotionsVariable,https://data.cooperationdatabank.org/vocab/prop/emotion,Emotion,https://data.cooperationdatabank.org/id/emotion/happiness,Happiness,https://data.cooperationdatabank.org/vocab/prop/emotion,Emotion,https://data.cooperationdatabank.org/id/emotion/anger,Anger,https://data.cooperationdatabank.org/vocab/prop/studyMatchingProtocol,Matching,https://data.cooperationdatabank.org/id/studymatchingprotocol/1,Stranger,https://data.cooperationdatabank.org/id/dependentvariable/contributions,positive,test,2.0,positive,higher,2.0,0.0,0.0,1.0,1.0,"When comparing studies where emotion is happiness and studies where emotion is anger, cooperation is significantly higher when matching is stranger."
29825,https://data.cooperationdatabank.org/vocab/prop/EmotionsVariable,https://data.cooperationdatabank.org/vocab/prop/emotion,Emotion,https://data.cooperationdatabank.org/id/emotion/regret,Regret,https://data.cooperationdatabank.org/vocab/prop/emotion,Emotion,https://data.cooperationdatabank.org/id/emotion/neutral,Neutral,https://data.cooperationdatabank.org/vocab/prop/studyMatchingProtocol,Matching,https://data.cooperationdatabank.org/id/studymatchingprotocol/1,Stranger,https://data.cooperationdatabank.org/id/dependentvariable/contributions,positive,test,2.0,positive,higher,2.0,0.0,0.0,1.0,1.0,"When comparing studies where emotion is regret and studies where emotion is neutral, cooperation is significantly higher when matching is stranger."
29830,https://data.cooperationdatabank.org/vocab/prop/EmotionsVariable,https://data.cooperationdatabank.org/vocab/prop/emotion,Emotion,https://data.cooperationdatabank.org/id/emotion/regret,Regret,https://data.cooperationdatabank.org/vocab/prop/emotion,Emotion,https://data.cooperationdatabank.org/id/emotion/disappointment,Disappointment,https://data.cooperationdatabank.org/vocab/prop/country,has country,https://data.cooperationdatabank.org/id/country/NLD,NLD,https://data.cooperationdatabank.org/id/dependentvariable/contributions,positive,test,2.0,positive,higher,2.0,0.0,0.0,1.0,1.0,"When comparing studies where emotion is regret and studies where emotion is disappointment, cooperation is significantly higher when has country is nld."
32186,https://data.cooperationdatabank.org/vocab/prop/EmotionsVariable,https://data.cooperationdatabank.org/vocab/prop/emotion,Emotion,https://data.cooperationdatabank.org/id/emotion/other_emotion,Other emotion,https://data.cooperationdatabank.org/vocab/prop/emotion,Emotion,https://data.cooperationdatabank.org/id/emotion/guilt,Guilt,https://data.cooperationdatabank.org/vocab/prop/studyMatchingProtocol,Matching,https://data.cooperationdatabank.org/id/studymatchingprotocol/1,Stranger,https://data.cooperationdatabank.org/id/dependentvariable/withdrawals,negative,test,0.0,negative,lower,0.0,1.0,0.0,0.0,1.0,"When comparing studies where emotion is other emotion and studies where emotion is guilt, cooperation is significantly lower when matching is stranger."
32178,https://data.cooperationdatabank.org/vocab/prop/EmotionsVariable,https://data.cooperationdatabank.org/vocab/prop/emotion,Emotion,https://data.cooperationdatabank.org/id/emotion/other_emotion,Other emotion,https://data.cooperationdatabank.org/vocab/prop/emotion,Emotion,https://data.cooperationdatabank.org/id/emotion/guilt,Guilt,https://data.cooperationdatabank.org/vocab/prop/countrySource,Source of country or region,https://data.cooperationdatabank.org/id/countrysource/1,Specified country,https://data.cooperationdatabank.org/id/dependentvariable/withdrawals,negative,test,0.0,negative,lower,0.0,1.0,0.0,0.0,1.0,"When comparing studies where emotion is other emotion and studies where emotion is guilt, cooperation is significantly lower when source of country or region is specified country."
32228,https://data.cooperationdatabank.org/vocab/prop/EmotionsVariable,https://data.cooperationdatabank.org/vocab/prop/emotion,Emotion,https://data.cooperationdatabank.org/id/emotion/other_emotion,Other emotion,https://data.cooperationdatabank.org/vocab/prop/emotion,Emotion,https://data.cooperationdatabank.org/id/emotion/guilt,Guilt,https://data.cooperationdatabank.org/vocab/prop/publicationStatus,Published,https://data.cooperationdatabank.org/id/publicationstatus/3,Doctoral Dissertation,https://data.cooperationdatabank.org/id/dependentvariable/contributions,noEffect,test,0.0,negative,lower,1.0,1.0,0.0,0.0,1.0,"When comparing studies where emotion is other emotion and studies where emotion is guilt, cooperation is significantly lower when published is doctoral dissertation."
34934,https://data.cooperationdatabank.org/vocab/prop/EmotionsVariable,https://data.cooperationdatabank.org/vocab/prop/emotion,Emotion,https://data.cooperationdatabank.org/id/emotion/anger,Anger,https://data.cooperationdatabank.org/vocab/prop/emotion,Emotion,https://data.cooperationdatabank.org/id/emotion/disgust,Disgust,https://data.cooperationdatabank.org/vocab/prop/studyAcquaintance,Acquaintance,https://data.cooperationdatabank.org/id/studyacquaintance/0,Strangers,https://data.cooperationdatabank.org/id/dependentvariable/contributions,negative,test,0.0,negative,lower,0.0,1.0,0.0,0.0,1.0,"When comparing studies where emotion is anger and studies where emotion is disgust, cooperation is significantly lower when acquaintance is strangers."
34927,https://data.cooperationdatabank.org/vocab/prop/EmotionsVariable,https://data.cooperationdatabank.org/vocab/prop/emotion,Emotion,https://data.cooperationdatabank.org/id/emotion/neutral,Anger,https://data.cooperationdatabank.org/vocab/prop/emotion,Emotion,https://data.cooperationdatabank.org/id/emotion/anger,Neutral,https://data.cooperationdatabank.org/vocab/prop/studyContinuousPGG,Continuous vs step-level public goods,https://data.cooperationdatabank.org/id/studycontinuouspgg/1,Continuous,https://data.cooperationdatabank.org/id/dependentvariable/contributions,positive,test,2.0,positive,higher,2.0,0.0,0.0,1.0,1.0,"When comparing studies where emotion is anger and studies where emotion is neutral, cooperation is significantly higher when continuous vs step-level public goods is continuous."
34925,https://data.cooperationdatabank.org/vocab/prop/EmotionsVariable,https://data.cooperationdatabank.org/vocab/prop/emotion,Emotion,https://data.cooperationdatabank.org/id/emotion/neutral,Anger,https://data.cooperationdatabank.org/vocab/prop/emotion,Emotion,https://data.cooperationdatabank.org/id/emotion/anger,Neutral,https://data.cooperationdatabank.org/vocab/prop/studyTrialOfCooperation,Trial of cooperation,https://data.cooperationdatabank.org/id/studytrialofcooperation/1,All trials,https://data.cooperationdatabank.org/id/dependentvariable/contributions,positive,test,2.0,positive,higher,2.0,0.0,0.0,1.0,1.0,"When comparing studies where emotion is anger and studies where emotion is neutral, cooperation is significantly higher when trial of cooperation is all trials."
34920,https://data.cooperationdatabank.org/vocab/prop/EmotionsVariable,https://data.cooperationdatabank.org/vocab/prop/emotion,Emotion,https://data.cooperationdatabank.org/id/emotion/neutral,Anger,https://data.cooperationdatabank.org/vocab/prop/emotion,Emotion,https://data.cooperationdatabank.org/id/emotion/anger,Neutral,https://data.cooperationdatabank.org/vocab/prop/studyDilemmaType,Game type,https://data.cooperationdatabank.org/id/studydilemmatype/2,Public Goods Game,https://data.cooperationdatabank.org/id/dependentvariable/contributions,positive,test,2.0,positive,higher,2.0,0.0,0.0,1.0,1.0,"When comparing studies where emotion is anger and studies where emotion is neutral, cooperation is significantly higher when game type is public goods game."
32238,https://data.cooperationdatabank.org/vocab/prop/EmotionsVariable,https://data.cooperationdatabank.org/vocab/prop/emotion,Emotion,https://data.cooperationdatabank.org/id/emotion/other_emotion,Other emotion,https://data.cooperationdatabank.org/vocab/prop/emotion,Emotion,https://data.cooperationdatabank.org/id/emotion/guilt,Guilt,https://data.cooperationdatabank.org/vocab/prop/yearSource,Source of year of data collection,https://data.cooperationdatabank.org/id/yearsource/7,Available online,https://data.cooperationdatabank.org/id/dependentvariable/contributions,noEffect,test,0.0,negative,lower,1.0,1.0,0.0,0.0,1.0,"When comparing studies where emotion is other emotion and studies where emotion is guilt, cooperation is significantly lower when source of year of data collection is available online."
35200,https://data.cooperationdatabank.org/vocab/prop/EmotionsVariable,https://data.cooperationdatabank.org/vocab/prop/emotion,Emotion,https://data.cooperationdatabank.org/id/emotion/anger,Anger,https://data.cooperationdatabank.org/vocab/prop/emotion,Emotion,https://data.cooperationdatabank.org/id/emotion/disgust,Disgust,https://data.cooperationdatabank.org/vocab/prop/country,has country,https://data.cooperationdatabank.org/id/country/USA,USA,https://data.cooperationdatabank.org/id/dependentvariable/withdrawals,negative,test,0.0,negative,lower,0.0,1.0,0.0,0.0,1.0,"When comparing studies where emotion is anger and studies where emotion is disgust, cooperation is significantly lower when has country is usa."
35206,https://data.cooperationdatabank.org/vocab/prop/EmotionsVariable,https://data.cooperationdatabank.org/vocab/prop/emotion,Emotion,https://data.cooperationdatabank.org/id/emotion/anger,Anger,https://data.cooperationdatabank.org/vocab/prop/emotion,Emotion,https://data.cooperationdatabank.org/id/emotion/disgust,Disgust,https://data.cooperationdatabank.org/vocab/prop/studyExperimentalSetting,Experimental setting,https://data.cooperationdatabank.org/id/studyexperimentalsetting/1,Online,https://data.cooperationdatabank.org/id/dependentvariable/withdrawals,negative,test,0.0,negative,lower,0.0,1.0,0.0,0.0,1.0,"When comparing studies where emotion is anger and studies where emotion is disgust, cooperation is significantly lower when experimental setting is online."
35078,https://data.cooperationdatabank.org/vocab/prop/EmotionsVariable,https://data.cooperationdatabank.org/vocab/prop/emotion,Emotion,https://data.cooperationdatabank.org/id/emotion/disgust,Disgust,https://data.cooperationdatabank.org/vocab/prop/emotion,Emotion,https://data.cooperationdatabank.org/id/emotion/sadness,Sadness,https://data.cooperationdatabank.org/vocab/prop/publicationStatus,Published,https://data.cooperationdatabank.org/id/publicationstatus/1,Published Article,https://data.cooperationdatabank.org/id/dependentvariable/withdrawals,positive,test,2.0,positive,higher,2.0,0.0,0.0,1.0,1.0,"When comparing studies where emotion is disgust and studies where emotion is sadness, cooperation is significantly higher when published is published article."
35104,https://data.cooperationdatabank.org/vocab/prop/EmotionsVariable,https://data.cooperationdatabank.org/vocab/prop/emotion,Emotion,https://data.cooperationdatabank.org/id/emotion/neutral,Anger,https://data.cooperationdatabank.org/vocab/prop/emotion,Emotion,https://data.cooperationdatabank.org/id/emotion/anger,Neutral,https://data.cooperationdatabank.org/vocab/prop/recruitmentMethod,Recruitment method,https://data.cooperationdatabank.org/id/recruitmentmethod/2,MTurk,https://data.cooperationdatabank.org/id/dependentvariable/contributions,positive,test,2.0,positive,higher,2.0,0.0,0.0,1.0,1.0,"When comparing studies where emotion is anger and studies where emotion is neutral, cooperation is significantly higher when recruitment method is mturk."
35158,https://data.cooperationdatabank.org/vocab/prop/EmotionsVariable,https://data.cooperationdatabank.org/vocab/prop/emotion,Emotion,https://data.cooperationdatabank.org/id/emotion/sadness,Neutral,https://data.cooperationdatabank.org/vocab/prop/emotion,Emotion,https://data.cooperationdatabank.org/id/emotion/neutral,Sadness,https://data.cooperationdatabank.org/vocab/prop/studyDilemmaType,Game type,https://data.cooperationdatabank.org/id/studydilemmatype/2,Public Goods Game,https://data.cooperationdatabank.org/id/dependentvariable/contributions,positive,test,2.0,positive,higher,2.0,0.0,0.0,1.0,1.0,"When comparing studies where emotion is neutral and studies where emotion is sadness, cooperation is significantly higher when game type is public goods game."
34945,https://data.cooperationdatabank.org/vocab/prop/EmotionsVariable,https://data.cooperationdatabank.org/vocab/prop/emotion,Emotion,https://data.cooperationdatabank.org/id/emotion/anger,Anger,https://data.cooperationdatabank.org/vocab/prop/emotion,Emotion,https://data.cooperationdatabank.org/id/emotion/sadness,Sadness,https://data.cooperationdatabank.org/vocab/prop/country,has country,https://data.cooperationdatabank.org/id/country/USA,USA,https://data.cooperationdatabank.org/id/dependentvariable/contributions,negative,test,0.0,negative,lower,0.0,1.0,0.0,0.0,1.0,"When comparing studies where emotion is anger and studies where emotion is sadness, cooperation is significantly lower when has country is usa."
34967,https://data.cooperationdatabank.org/vocab/prop/EmotionsVariable,https://data.cooperationdatabank.org/vocab/prop/emotion,Emotion,https://data.cooperationdatabank.org/id/emotion/neutral,Neutral,https://data.cooperationdatabank.org/vocab/prop/emotion,Emotion,https://data.cooperationdatabank.org/id/emotion/disgust,Disgust,https://data.cooperationdatabank.org/vocab/prop/studyMatchingProtocol,Matching,https://data.cooperationdatabank.org/id/studymatchingprotocol/1,Stranger,https://data.cooperationdatabank.org/id/dependentvariable/contributions,negative,test,0.0,negative,lower,0.0,1.0,0.0,0.0,1.0,"When comparing studies where emotion is neutral and studies where emotion is disgust, cooperation is significantly lower when matching is stranger."
34952,https://data.cooperationdatabank.org/vocab/prop/EmotionsVariable,https://data.cooperationdatabank.org/vocab/prop/emotion,Emotion,https://data.cooperationdatabank.org/id/emotion/anger,Anger,https://data.cooperationdatabank.org/vocab/prop/emotion,Emotion,https://data.cooperationdatabank.org/id/emotion/sadness,Sadness,https://data.cooperationdatabank.org/vocab/prop/studyMatchingProtocol,Matching,https://data.cooperationdatabank.org/id/studymatchingprotocol/1,Stranger,https://data.cooperationdatabank.org/id/dependentvariable/contributions,negative,test,0.0,negative,lower,0.0,1.0,0.0,0.0,1.0,"When comparing studies where emotion is anger and studies where emotion is sadness, cooperation is significantly lower when matching is stranger."
35026,https://data.cooperationdatabank.org/vocab/prop/EmotionsVariable,https://data.cooperationdatabank.org/vocab/prop/emotion,Emotion,https://data.cooperationdatabank.org/id/emotion/anger,Anger,https://data.cooperationdatabank.org/vocab/prop/emotion,Emotion,https://data.cooperationdatabank.org/id/emotion/disgust,Disgust,https://data.cooperationdatabank.org/vocab/prop/studyMatchingProtocol,Matching,https://data.cooperationdatabank.org/id/studymatchingprotocol/1,Stranger,https://data.cooperationdatabank.org/id/dependentvariable/withdrawals,negative,test,0.0,negative,lower,0.0,1.0,0.0,0.0,1.0,"When comparing studies where emotion is anger and studies where emotion is disgust, cooperation is significantly lower when matching is stranger."
35027,https://data.cooperationdatabank.org/vocab/prop/EmotionsVariable,https://data.cooperationdatabank.org/vocab/prop/emotion,Emotion,https://data.cooperationdatabank.org/id/emotion/anger,Anger,https://data.cooperationdatabank.org/vocab/prop/emotion,Emotion,https://data.cooperationdatabank.org/id/emotion/disgust,Disgust,https://data.cooperationdatabank.org/vocab/prop/studyOneShot,One-shot vs repeated,https://data.cooperationdatabank.org/id/studyoneshot/1,One-shot,https://data.cooperationdatabank.org/id/dependentvariable/withdrawals,negative,test,0.0,negative,lower,0.0,1.0,0.0,0.0,1.0,"When comparing studies where emotion is anger and studies where emotion is disgust, cooperation is significantly lower when one-shot vs repeated is one-shot."
34976,https://data.cooperationdatabank.org/vocab/prop/EmotionsVariable,https://data.cooperationdatabank.org/vocab/prop/emotion,Emotion,https://data.cooperationdatabank.org/id/emotion/sadness,Neutral,https://data.cooperationdatabank.org/vocab/prop/emotion,Emotion,https://data.cooperationdatabank.org/id/emotion/neutral,Sadness,https://data.cooperationdatabank.org/vocab/prop/countrySource,Source of country or region,https://data.cooperationdatabank.org/id/countrysource/3,All authors,https://data.cooperationdatabank.org/id/dependentvariable/contributions,positive,test,2.0,positive,higher,2.0,0.0,0.0,1.0,1.0,"When comparing studies where emotion is neutral and studies where emotion is sadness, cooperation is significantly higher when source of country or region is all authors."
34980,https://data.cooperationdatabank.org/vocab/prop/EmotionsVariable,https://data.cooperationdatabank.org/vocab/prop/emotion,Emotion,https://data.cooperationdatabank.org/id/emotion/sadness,Neutral,https://data.cooperationdatabank.org/vocab/prop/emotion,Emotion,https://data.cooperationdatabank.org/id/emotion/neutral,Sadness,https://data.cooperationdatabank.org/vocab/prop/studyDilemmaType,Game type,https://data.cooperationdatabank.org/id/studydilemmatype/2,Public Goods Game,https://data.cooperationdatabank.org/id/dependentvariable/contributions,positive,test,2.0,positive,higher,2.0,0.0,0.0,1.0,1.0,"When comparing studies where emotion is neutral and studies where emotion is sadness, cooperation is significantly higher when game type is public goods game."
35049,https://data.cooperationdatabank.org/vocab/prop/EmotionsVariable,https://data.cooperationdatabank.org/vocab/prop/emotion,Emotion,https://data.cooperationdatabank.org/id/emotion/neutral,Neutral,https://data.cooperationdatabank.org/vocab/prop/emotion,Emotion,https://data.cooperationdatabank.org/id/emotion/disgust,Disgust,https://data.cooperationdatabank.org/vocab/prop/discussion,Discussion,https://data.cooperationdatabank.org/id/discussion/0,Absent,https://data.cooperationdatabank.org/id/dependentvariable/withdrawals,negative,test,0.0,negative,lower,0.0,1.0,0.0,0.0,1.0,"When comparing studies where emotion is neutral and studies where emotion is disgust, cooperation is significantly lower when discussion is absent."
35061,https://data.cooperationdatabank.org/vocab/prop/EmotionsVariable,https://data.cooperationdatabank.org/vocab/prop/emotion,Emotion,https://data.cooperationdatabank.org/id/emotion/sadness,Neutral,https://data.cooperationdatabank.org/vocab/prop/emotion,Emotion,https://data.cooperationdatabank.org/id/emotion/neutral,Sadness,https://data.cooperationdatabank.org/vocab/prop/country,has country,https://data.cooperationdatabank.org/id/country/USA,USA,https://data.cooperationdatabank.org/id/dependentvariable/withdrawals,negative,test,0.0,negative,lower,0.0,1.0,0.0,0.0,1.0,"When comparing studies where emotion is neutral and studies where emotion is sadness, cooperation is significantly lower when has country is usa."
35074,https://data.cooperationdatabank.org/vocab/prop/EmotionsVariable,https://data.cooperationdatabank.org/vocab/prop/emotion,Emotion,https://data.cooperationdatabank.org/id/emotion/sadness,Neutral,https://data.cooperationdatabank.org/vocab/prop/emotion,Emotion,https://data.cooperationdatabank.org/id/emotion/neutral,Sadness,https://data.cooperationdatabank.org/vocab/prop/recruitmentMethod,Recruitment method,https://data.cooperationdatabank.org/id/recruitmentmethod/2,MTurk,https://data.cooperationdatabank.org/id/dependentvariable/withdrawals,negative,test,0.0,negative,lower,0.0,1.0,0.0,0.0,1.0,"When comparing studies where emotion is neutral and studies where emotion is sadness, cooperation is significantly lower when recruitment method is mturk."
35068,https://data.cooperationdatabank.org/vocab/prop/EmotionsVariable,https://data.cooperationdatabank.org/vocab/prop/emotion,Emotion,https://data.cooperationdatabank.org/id/emotion/sadness,Neutral,https://data.cooperationdatabank.org/vocab/prop/emotion,Emotion,https://data.cooperationdatabank.org/id/emotion/neutral,Sadness,https://data.cooperationdatabank.org/vocab/prop/studyMatchingProtocol,Matching,https://data.cooperationdatabank.org/id/studymatchingprotocol/1,Stranger,https://data.cooperationdatabank.org/id/dependentvariable/withdrawals,negative,test,0.0,negative,lower,0.0,1.0,0.0,0.0,1.0,"When comparing studies where emotion is neutral and studies where emotion is sadness, cooperation is significantly lower when matching is stranger."
35246,https://data.cooperationdatabank.org/vocab/prop/EmotionsVariable,https://data.cooperationdatabank.org/vocab/prop/emotion,Emotion,https://data.cooperationdatabank.org/id/emotion/sadness,Neutral,https://data.cooperationdatabank.org/vocab/prop/emotion,Emotion,https://data.cooperationdatabank.org/id/emotion/neutral,Sadness,https://data.cooperationdatabank.org/vocab/prop/countrySource,Source of country or region,https://data.cooperationdatabank.org/id/countrysource/3,All authors,https://data.cooperationdatabank.org/id/dependentvariable/withdrawals,negative,test,0.0,negative,lower,0.0,1.0,0.0,0.0,1.0,"When comparing studies where emotion is neutral and studies where emotion is sadness, cooperation is significantly lower when source of country or region is all authors."
35265,https://data.cooperationdatabank.org/vocab/prop/EmotionsVariable,https://data.cooperationdatabank.org/vocab/prop/emotion,Emotion,https://data.cooperationdatabank.org/id/emotion/disgust,Disgust,https://data.cooperationdatabank.org/vocab/prop/emotion,Emotion,https://data.cooperationdatabank.org/id/emotion/sadness,Sadness,https://data.cooperationdatabank.org/vocab/prop/studyDilemmaType,Game type,https://data.cooperationdatabank.org/id/studydilemmatype/3,Resource Dilemma,https://data.cooperationdatabank.org/id/dependentvariable/withdrawals,positive,test,2.0,positive,higher,2.0,0.0,0.0,1.0,1.0,"When comparing studies where emotion is disgust and studies where emotion is sadness, cooperation is significantly higher when game type is resource dilemma."
35230,https://data.cooperationdatabank.org/vocab/prop/EmotionsVariable,https://data.cooperationdatabank.org/vocab/prop/emotion,Emotion,https://data.cooperationdatabank.org/id/emotion/neutral,Neutral,https://data.cooperationdatabank.org/vocab/prop/emotion,Emotion,https://data.cooperationdatabank.org/id/emotion/disgust,Disgust,https://data.cooperationdatabank.org/vocab/prop/country,has country,https://data.cooperationdatabank.org/id/country/USA,USA,https://data.cooperationdatabank.org/id/dependentvariable/withdrawals,negative,test,0.0,negative,lower,0.0,1.0,0.0,0.0,1.0,"When comparing studies where emotion is neutral and studies where emotion is disgust, cooperation is significantly lower when has country is usa."
35235,https://data.cooperationdatabank.org/vocab/prop/EmotionsVariable,https://data.cooperationdatabank.org/vocab/prop/emotion,Emotion,https://data.cooperationdatabank.org/id/emotion/neutral,Neutral,https://data.cooperationdatabank.org/vocab/prop/emotion,Emotion,https://data.cooperationdatabank.org/id/emotion/disgust,Disgust,https://data.cooperationdatabank.org/vocab/prop/studyDilemmaType,Game type,https://data.cooperationdatabank.org/id/studydilemmatype/3,Resource Dilemma,https://data.cooperationdatabank.org/id/dependentvariable/withdrawals,negative,test,0.0,negative,lower,0.0,1.0,0.0,0.0,1.0,"When comparing studies where emotion is neutral and studies where emotion is disgust, cooperation is significantly lower when game type is resource dilemma."
35266,https://data.cooperationdatabank.org/vocab/prop/EmotionsVariable,https://data.cooperationdatabank.org/vocab/prop/emotion,Emotion,https://data.cooperationdatabank.org/id/emotion/disgust,Disgust,https://data.cooperationdatabank.org/vocab/prop/emotion,Emotion,https://data.cooperationdatabank.org/id/emotion/sadness,Sadness,https://data.cooperationdatabank.org/vocab/prop/studyExperimentalSetting,Experimental setting,https://data.cooperationdatabank.org/id/studyexperimentalsetting/1,Online,https://data.cooperationdatabank.org/id/dependentvariable/withdrawals,positive,test,2.0,positive,higher,2.0,0.0,0.0,1.0,1.0,"When comparing studies where emotion is disgust and studies where emotion is sadness, cooperation is significantly higher when experimental setting is online."
35160,https://data.cooperationdatabank.org/vocab/prop/EmotionsVariable,https://data.cooperationdatabank.org/vocab/prop/emotion,Emotion,https://data.cooperationdatabank.org/id/emotion/sadness,Neutral,https://data.cooperationdatabank.org/vocab/prop/emotion,Emotion,https://data.cooperationdatabank.org/id/emotion/neutral,Sadness,https://data.cooperationdatabank.org/vocab/prop/studyGameIncentive,Game incentive,https://data.cooperationdatabank.org/id/studygameincentive/1,Monetary,https://data.cooperationdatabank.org/id/dependentvariable/contributions,positive,test,2.0,positive,higher,2.0,0.0,0.0,1.0,1.0,"When comparing studies where emotion is neutral and studies where emotion is sadness, cooperation is significantly higher when game incentive is monetary."
35162,https://data.cooperationdatabank.org/vocab/prop/EmotionsVariable,https://data.cooperationdatabank.org/vocab/prop/emotion,Emotion,https://data.cooperationdatabank.org/id/emotion/sadness,Neutral,https://data.cooperationdatabank.org/vocab/prop/emotion,Emotion,https://data.cooperationdatabank.org/id/emotion/neutral,Sadness,https://data.cooperationdatabank.org/vocab/prop/studyOneShot,One-shot vs repeated,https://data.cooperationdatabank.org/id/studyoneshot/1,One-shot,https://data.cooperationdatabank.org/id/dependentvariable/contributions,positive,test,2.0,positive,higher,2.0,0.0,0.0,1.0,1.0,"When comparing studies where emotion is neutral and studies where emotion is sadness, cooperation is significantly higher when one-shot vs repeated is one-shot."
35189,https://data.cooperationdatabank.org/vocab/prop/EmotionsVariable,https://data.cooperationdatabank.org/vocab/prop/emotion,Emotion,https://data.cooperationdatabank.org/id/emotion/neutral,Anger,https://data.cooperationdatabank.org/vocab/prop/emotion,Emotion,https://data.cooperationdatabank.org/id/emotion/anger,Neutral,https://data.cooperationdatabank.org/vocab/prop/studyAcquaintance,Acquaintance,https://data.cooperationdatabank.org/id/studyacquaintance/0,Strangers,https://data.cooperationdatabank.org/id/dependentvariable/withdrawals,positive,test,2.0,positive,higher,2.0,0.0,0.0,1.0,1.0,"When comparing studies where emotion is anger and studies where emotion is neutral, cooperation is significantly higher when acquaintance is strangers."
36278,https://data.cooperationdatabank.org/vocab/prop/EmotionsVariable,https://data.cooperationdatabank.org/vocab/prop/emotion,Emotion,https://data.cooperationdatabank.org/id/emotion/guilt,Neutral,https://data.cooperationdatabank.org/vocab/prop/emotion,Emotion,https://data.cooperationdatabank.org/id/emotion/neutral,Guilt,https://data.cooperationdatabank.org/vocab/prop/yearSource,Source of year of data collection,https://data.cooperationdatabank.org/id/yearsource/3,Working paper published,https://data.cooperationdatabank.org/id/dependentvariable/cooperation,positive,test,2.0,positive,higher,2.0,0.0,0.0,1.0,1.0,"When comparing studies where emotion is neutral and studies where emotion is guilt, cooperation is significantly higher when source of year of data collection is working paper published."
1233,https://data.cooperationdatabank.org/vocab/prop/EmotionsVariable,https://data.cooperationdatabank.org/vocab/prop/emotion,Emotion,https://data.cooperationdatabank.org/id/emotion/happiness,Happiness,https://data.cooperationdatabank.org/vocab/prop/emotion,Emotion,https://data.cooperationdatabank.org/id/emotion/sadness,Sadness,https://data.cooperationdatabank.org/vocab/prop/studyRealPartner,Real partner,https://data.cooperationdatabank.org/id/studyrealpartner/1,Real,https://data.cooperationdatabank.org/id/dependentvariable/contributions,noEffect,test,0.0,negative,lower,1.0,0.6198704103671706,0.3210943124550036,0.05903527717782577,0.6198704103671706,"When comparing studies where emotion is happiness and studies where emotion is sadness, cooperation is significantly lower when real partner is real."
1236,https://data.cooperationdatabank.org/vocab/prop/EmotionsVariable,https://data.cooperationdatabank.org/vocab/prop/emotion,Emotion,https://data.cooperationdatabank.org/id/emotion/happiness,Happiness,https://data.cooperationdatabank.org/vocab/prop/emotion,Emotion,https://data.cooperationdatabank.org/id/emotion/sadness,Sadness,https://data.cooperationdatabank.org/vocab/prop/studyContinuousPGG,Continuous vs step-level public goods,https://data.cooperationdatabank.org/id/studycontinuouspgg/1,Continuous,https://data.cooperationdatabank.org/id/dependentvariable/contributions,noEffect,test,0.0,negative,lower,1.0,0.6198704103671706,0.3210943124550036,0.05903527717782577,0.6198704103671706,"When comparing studies where emotion is happiness and studies where emotion is sadness, cooperation is significantly lower when continuous vs step-level public goods is continuous."
1232,https://data.cooperationdatabank.org/vocab/prop/EmotionsVariable,https://data.cooperationdatabank.org/vocab/prop/emotion,Emotion,https://data.cooperationdatabank.org/id/emotion/happiness,Happiness,https://data.cooperationdatabank.org/vocab/prop/emotion,Emotion,https://data.cooperationdatabank.org/id/emotion/sadness,Sadness,https://data.cooperationdatabank.org/vocab/prop/studyOneShot,One-shot vs repeated,https://data.cooperationdatabank.org/id/studyoneshot/1,One-shot,https://data.cooperationdatabank.org/id/dependentvariable/contributions,noEffect,test,0.0,negative,lower,1.0,0.6198704103671706,0.3210943124550036,0.05903527717782577,0.6198704103671706,"When comparing studies where emotion is happiness and studies where emotion is sadness, cooperation is significantly lower when one-shot vs repeated is one-shot."
1237,https://data.cooperationdatabank.org/vocab/prop/EmotionsVariable,https://data.cooperationdatabank.org/vocab/prop/emotion,Emotion,https://data.cooperationdatabank.org/id/emotion/happiness,Happiness,https://data.cooperationdatabank.org/vocab/prop/emotion,Emotion,https://data.cooperationdatabank.org/id/emotion/sadness,Sadness,https://data.cooperationdatabank.org/vocab/prop/studyShowUpFee,Show-up fee,https://data.cooperationdatabank.org/id/studyshowupfee/1,Paid,https://data.cooperationdatabank.org/id/dependentvariable/contributions,noEffect,test,0.0,negative,lower,1.0,0.6198704103671706,0.3210943124550036,0.05903527717782577,0.6198704103671706,"When comparing studies where emotion is happiness and studies where emotion is sadness, cooperation is significantly lower when show-up fee is paid."
1235,https://data.cooperationdatabank.org/vocab/prop/EmotionsVariable,https://data.cooperationdatabank.org/vocab/prop/emotion,Emotion,https://data.cooperationdatabank.org/id/emotion/happiness,Happiness,https://data.cooperationdatabank.org/vocab/prop/emotion,Emotion,https://data.cooperationdatabank.org/id/emotion/sadness,Sadness,https://data.cooperationdatabank.org/vocab/prop/yearSource,Source of year of data collection,https://data.cooperationdatabank.org/id/yearsource/7,Available online,https://data.cooperationdatabank.org/id/dependentvariable/contributions,noEffect,test,0.0,negative,lower,1.0,0.6198704103671706,0.3210943124550036,0.05903527717782577,0.6198704103671706,"When comparing studies where emotion is happiness and studies where emotion is sadness, cooperation is significantly lower when source of year of data collection is available online."
34947,https://data.cooperationdatabank.org/vocab/prop/EmotionsVariable,https://data.cooperationdatabank.org/vocab/prop/emotion,Emotion,https://data.cooperationdatabank.org/id/emotion/anger,Anger,https://data.cooperationdatabank.org/vocab/prop/emotion,Emotion,https://data.cooperationdatabank.org/id/emotion/sadness,Sadness,https://data.cooperationdatabank.org/vocab/prop/discussion,Discussion,https://data.cooperationdatabank.org/id/discussion/0,Absent,https://data.cooperationdatabank.org/id/dependentvariable/contributions,negative,test,0.0,negative,lower,0.0,0.6198704103671706,0.3210943124550036,0.05903527717782577,0.6198704103671706,"When comparing studies where emotion is anger and studies where emotion is sadness, cooperation is significantly lower when discussion is absent."
34951,https://data.cooperationdatabank.org/vocab/prop/EmotionsVariable,https://data.cooperationdatabank.org/vocab/prop/emotion,Emotion,https://data.cooperationdatabank.org/id/emotion/anger,Anger,https://data.cooperationdatabank.org/vocab/prop/emotion,Emotion,https://data.cooperationdatabank.org/id/emotion/sadness,Sadness,https://data.cooperationdatabank.org/vocab/prop/studyExperimentalSetting,Experimental setting,https://data.cooperationdatabank.org/id/studyexperimentalsetting/1,Online,https://data.cooperationdatabank.org/id/dependentvariable/contributions,negative,test,0.0,negative,lower,0.0,0.6198704103671706,0.3210943124550036,0.05903527717782577,0.6198704103671706,"When comparing studies where emotion is anger and studies where emotion is sadness, cooperation is significantly lower when experimental setting is online."
