,giv_prop,iv,iv_label,cat_t1,cat_t1_label,iv.1,iv_label.1,cat_t2,cat_t2_label,mod,mod_label,mod_val,mod_val_label,dependent,effect,td,pred_num,pred_readable,comparative,pred_true,score_0,score_1,score_2,max_score,hypothesis
1920,https://data.cooperationdatabank.org/vocab/prop/ExpectationsVariable,https://data.cooperationdatabank.org/vocab/prop/expectationsLevel,Expectations level,https://data.cooperationdatabank.org/id/expectationslevel/low,Low,https://data.cooperationdatabank.org/vocab/prop/expectationsLevel,Expectations level,https://data.cooperationdatabank.org/id/expectationslevel/high,High,https://data.cooperationdatabank.org/vocab/prop/studyMatchingProtocol,Matching,https://data.cooperationdatabank.org/id/studymatchingprotocol/1,Stranger,https://data.cooperationdatabank.org/id/dependentvariable/contributions,negative,test,0.0,negative,lower,0.0,1.0,0.0,0.0,1.0,"When comparing studies where expectations level is low and studies where expectations level is high, cooperation is significantly lower when matching is stranger."
1922,https://data.cooperationdatabank.org/vocab/prop/ExpectationsVariable,https://data.cooperationdatabank.org/vocab/prop/expectationsLevel,Expectations level,https://data.cooperationdatabank.org/id/expectationslevel/low,Low,https://data.cooperationdatabank.org/vocab/prop/expectationsLevel,Expectations level,https://data.cooperationdatabank.org/id/expectationslevel/high,High,https://data.cooperationdatabank.org/vocab/prop/studyRealPartner,Real partner,https://data.cooperationdatabank.org/id/studyrealpartner/1,Real,https://data.cooperationdatabank.org/id/dependentvariable/contributions,negative,test,0.0,negative,lower,0.0,1.0,0.0,0.0,1.0,"When comparing studies where expectations level is low and studies where expectations level is high, cooperation is significantly lower when real partner is real."
2976,https://data.cooperationdatabank.org/vocab/prop/ExpectationsVariable,https://data.cooperationdatabank.org/vocab/prop/expectationsLevel,Expectations level,https://data.cooperationdatabank.org/id/expectationslevel/low,High,https://data.cooperationdatabank.org/vocab/prop/expectationsLevel,Expectations level,https://data.cooperationdatabank.org/id/expectationslevel/high,Low,https://data.cooperationdatabank.org/vocab/prop/country,has country,https://data.cooperationdatabank.org/id/country/CAN,CAN,https://data.cooperationdatabank.org/id/dependentvariable/cooperation,negative,test,0.0,negative,lower,0.0,1.0,0.0,0.0,1.0,"When comparing studies where expectations level is high and studies where expectations level is low, cooperation is significantly lower when has country is can."
2977,https://data.cooperationdatabank.org/vocab/prop/ExpectationsVariable,https://data.cooperationdatabank.org/vocab/prop/expectationsLevel,Expectations level,https://data.cooperationdatabank.org/id/expectationslevel/low,High,https://data.cooperationdatabank.org/vocab/prop/expectationsLevel,Expectations level,https://data.cooperationdatabank.org/id/expectationslevel/high,Low,https://data.cooperationdatabank.org/vocab/prop/countrySource,Source of country or region,https://data.cooperationdatabank.org/id/countrysource/3,All authors,https://data.cooperationdatabank.org/id/dependentvariable/cooperation,negative,test,0.0,negative,lower,0.0,1.0,0.0,0.0,1.0,"When comparing studies where expectations level is high and studies where expectations level is low, cooperation is significantly lower when source of country or region is all authors."
16196,https://data.cooperationdatabank.org/vocab/prop/ExpectationsVariable,https://data.cooperationdatabank.org/vocab/prop/expectationsLevel,Expectations level,https://data.cooperationdatabank.org/id/expectationslevel/low,High,https://data.cooperationdatabank.org/vocab/prop/expectationsLevel,Expectations level,https://data.cooperationdatabank.org/id/expectationslevel/high,Low,https://data.cooperationdatabank.org/vocab/prop/studyContinuousPGG,Continuous vs step-level public goods,https://data.cooperationdatabank.org/id/studycontinuouspgg/1,Continuous,https://data.cooperationdatabank.org/id/dependentvariable/contributions,negative,test,0.0,negative,lower,0.0,1.0,0.0,0.0,1.0,"When comparing studies where expectations level is high and studies where expectations level is low, cooperation is significantly lower when continuous vs step-level public goods is continuous."
16192,https://data.cooperationdatabank.org/vocab/prop/ExpectationsVariable,https://data.cooperationdatabank.org/vocab/prop/expectationsLevel,Expectations level,https://data.cooperationdatabank.org/id/expectationslevel/low,High,https://data.cooperationdatabank.org/vocab/prop/expectationsLevel,Expectations level,https://data.cooperationdatabank.org/id/expectationslevel/high,Low,https://data.cooperationdatabank.org/vocab/prop/studyOneShot,One-shot vs repeated,https://data.cooperationdatabank.org/id/studyoneshot/1,One-shot,https://data.cooperationdatabank.org/id/dependentvariable/contributions,negative,test,0.0,negative,lower,0.0,1.0,0.0,0.0,1.0,"When comparing studies where expectations level is high and studies where expectations level is low, cooperation is significantly lower when one-shot vs repeated is one-shot."
30521,https://data.cooperationdatabank.org/vocab/prop/ExpectationsVariable,https://data.cooperationdatabank.org/vocab/prop/expectationsLevel,Expectations level,https://data.cooperationdatabank.org/id/expectationslevel/low,High,https://data.cooperationdatabank.org/vocab/prop/expectationsLevel,Expectations level,https://data.cooperationdatabank.org/id/expectationslevel/high,Low,https://data.cooperationdatabank.org/vocab/prop/studyDilemmaType,Game type,https://data.cooperationdatabank.org/id/studydilemmatype/1,Prisoner's Dilemma Game,https://data.cooperationdatabank.org/id/dependentvariable/cooperation,negative,test,0.0,negative,lower,0.0,1.0,0.0,0.0,1.0,"When comparing studies where expectations level is high and studies where expectations level is low, cooperation is significantly lower when game type is prisoner's dilemma game."
28998,https://data.cooperationdatabank.org/vocab/prop/ExpectationsVariable,https://data.cooperationdatabank.org/vocab/prop/expectationsLevel,Expectations level,https://data.cooperationdatabank.org/id/expectationslevel/low,High,https://data.cooperationdatabank.org/vocab/prop/expectationsLevel,Expectations level,https://data.cooperationdatabank.org/id/expectationslevel/high,Low,https://data.cooperationdatabank.org/vocab/prop/studyGameIncentive,Game incentive,https://data.cooperationdatabank.org/id/studygameincentive/0,Hypothetical,https://data.cooperationdatabank.org/id/dependentvariable/cooperation,negative,test,0.0,negative,lower,0.0,1.0,0.0,0.0,1.0,"When comparing studies where expectations level is high and studies where expectations level is low, cooperation is significantly lower when game incentive is hypothetical."
19098,https://data.cooperationdatabank.org/vocab/prop/ExpectationsVariable,https://data.cooperationdatabank.org/vocab/prop/expectationsLevel,Expectations level,https://data.cooperationdatabank.org/id/expectationslevel/low,Low,https://data.cooperationdatabank.org/vocab/prop/expectationsLevel,Expectations level,https://data.cooperationdatabank.org/id/expectationslevel/high,High,https://data.cooperationdatabank.org/vocab/prop/yearSource,Source of year of data collection,https://data.cooperationdatabank.org/id/yearsource/5,Published,https://data.cooperationdatabank.org/id/dependentvariable/cooperation,negative,test,0.0,negative,lower,0.0,1.0,0.0,0.0,1.0,"When comparing studies where expectations level is low and studies where expectations level is high, cooperation is significantly lower when source of year of data collection is published."
31164,https://data.cooperationdatabank.org/vocab/prop/ExpectationsVariable,https://data.cooperationdatabank.org/vocab/prop/expectationsLevel,Expectations level,https://data.cooperationdatabank.org/id/expectationslevel/low,High,https://data.cooperationdatabank.org/vocab/prop/expectationsLevel,Expectations level,https://data.cooperationdatabank.org/id/expectationslevel/high,Low,https://data.cooperationdatabank.org/vocab/prop/studyShowUpFee,Show-up fee,https://data.cooperationdatabank.org/id/studyshowupfee/0,Absent,https://data.cooperationdatabank.org/id/dependentvariable/contributions,negative,test,0.0,negative,lower,0.0,1.0,0.0,0.0,1.0,"When comparing studies where expectations level is high and studies where expectations level is low, cooperation is significantly lower when show-up fee is absent."
30833,https://data.cooperationdatabank.org/vocab/prop/ExpectationsVariable,https://data.cooperationdatabank.org/vocab/prop/expectationsLevel,Expectations level,https://data.cooperationdatabank.org/id/expectationslevel/low,High,https://data.cooperationdatabank.org/vocab/prop/expectationsLevel,Expectations level,https://data.cooperationdatabank.org/id/expectationslevel/high,Low,https://data.cooperationdatabank.org/vocab/prop/recruitmentMethod,Recruitment method,https://data.cooperationdatabank.org/id/recruitmentmethod/3,Other,https://data.cooperationdatabank.org/id/dependentvariable/cooperation,negative,test,0.0,negative,lower,0.0,1.0,0.0,0.0,1.0,"When comparing studies where expectations level is high and studies where expectations level is low, cooperation is significantly lower when recruitment method is other."
31162,https://data.cooperationdatabank.org/vocab/prop/ExpectationsVariable,https://data.cooperationdatabank.org/vocab/prop/expectationsLevel,Expectations level,https://data.cooperationdatabank.org/id/expectationslevel/low,High,https://data.cooperationdatabank.org/vocab/prop/expectationsLevel,Expectations level,https://data.cooperationdatabank.org/id/expectationslevel/high,Low,https://data.cooperationdatabank.org/vocab/prop/studyTrialOfCooperation,Trial of cooperation,https://data.cooperationdatabank.org/id/studytrialofcooperation/1,All trials,https://data.cooperationdatabank.org/id/dependentvariable/contributions,negative,test,0.0,negative,lower,0.0,1.0,0.0,0.0,1.0,"When comparing studies where expectations level is high and studies where expectations level is low, cooperation is significantly lower when trial of cooperation is all trials."
30538,https://data.cooperationdatabank.org/vocab/prop/ExpectationsVariable,https://data.cooperationdatabank.org/vocab/prop/expectationsLevel,Expectations level,https://data.cooperationdatabank.org/id/expectationslevel/low,High,https://data.cooperationdatabank.org/vocab/prop/expectationsLevel,Expectations level,https://data.cooperationdatabank.org/id/expectationslevel/high,Low,https://data.cooperationdatabank.org/vocab/prop/studyDilemmaType,Game type,https://data.cooperationdatabank.org/id/studydilemmatype/1,Prisoner's Dilemma Game,https://data.cooperationdatabank.org/id/dependentvariable/cooperation,negative,test,0.0,negative,lower,0.0,1.0,0.0,0.0,1.0,"When comparing studies where expectations level is high and studies where expectations level is low, cooperation is significantly lower when game type is prisoner's dilemma game."
30533,https://data.cooperationdatabank.org/vocab/prop/ExpectationsVariable,https://data.cooperationdatabank.org/vocab/prop/expectationsLevel,Expectations level,https://data.cooperationdatabank.org/id/expectationslevel/low,High,https://data.cooperationdatabank.org/vocab/prop/expectationsLevel,Expectations level,https://data.cooperationdatabank.org/id/expectationslevel/high,Low,https://data.cooperationdatabank.org/vocab/prop/countrySource,Source of country or region,https://data.cooperationdatabank.org/id/countrysource/1,Specified country,https://data.cooperationdatabank.org/id/dependentvariable/cooperation,negative,test,0.0,negative,lower,0.0,1.0,0.0,0.0,1.0,"When comparing studies where expectations level is high and studies where expectations level is low, cooperation is significantly lower when source of country or region is specified country."
47891,https://data.cooperationdatabank.org/vocab/prop/ExpectationsVariable,https://data.cooperationdatabank.org/vocab/prop/expectationsLevel,Expectations level,https://data.cooperationdatabank.org/id/expectationslevel/low,High,https://data.cooperationdatabank.org/vocab/prop/expectationsLevel,Expectations level,https://data.cooperationdatabank.org/id/expectationslevel/high,Low,https://data.cooperationdatabank.org/vocab/prop/countrySource,Source of country or region,https://data.cooperationdatabank.org/id/countrysource/1,Specified country,https://data.cooperationdatabank.org/id/dependentvariable/cooperation,positive,test,0.0,negative,lower,2.0,1.0,0.0,0.0,1.0,"When comparing studies where expectations level is high and studies where expectations level is low, cooperation is significantly lower when source of country or region is specified country."
42500,https://data.cooperationdatabank.org/vocab/prop/ExpectationsVariable,https://data.cooperationdatabank.org/vocab/prop/expectationsLevel,Expectations level,https://data.cooperationdatabank.org/id/expectationslevel/low,High,https://data.cooperationdatabank.org/vocab/prop/expectationsLevel,Expectations level,https://data.cooperationdatabank.org/id/expectationslevel/high,Low,https://data.cooperationdatabank.org/vocab/prop/countrySource,Source of country or region,https://data.cooperationdatabank.org/id/countrysource/1,Specified country,https://data.cooperationdatabank.org/id/dependentvariable/cooperation,negative,test,0.0,negative,lower,0.0,1.0,0.0,0.0,1.0,"When comparing studies where expectations level is high and studies where expectations level is low, cooperation is significantly lower when source of country or region is specified country."
36017,https://data.cooperationdatabank.org/vocab/prop/ExpectationsVariable,https://data.cooperationdatabank.org/vocab/prop/expectationsLevel,Expectations level,https://data.cooperationdatabank.org/id/expectationslevel/low,High,https://data.cooperationdatabank.org/vocab/prop/expectationsLevel,Expectations level,https://data.cooperationdatabank.org/id/expectationslevel/high,Low,https://data.cooperationdatabank.org/vocab/prop/country,has country,https://data.cooperationdatabank.org/id/country/CAN,CAN,https://data.cooperationdatabank.org/id/dependentvariable/cooperation,negative,test,0.0,negative,lower,0.0,1.0,0.0,0.0,1.0,"When comparing studies where expectations level is high and studies where expectations level is low, cooperation is significantly lower when has country is can."
31448,https://data.cooperationdatabank.org/vocab/prop/ExpectationsVariable,https://data.cooperationdatabank.org/vocab/prop/expectationsLevel,Expectations level,https://data.cooperationdatabank.org/id/expectationslevel/low,Low,https://data.cooperationdatabank.org/vocab/prop/expectationsLevel,Expectations level,https://data.cooperationdatabank.org/id/expectationslevel/high,High,https://data.cooperationdatabank.org/vocab/prop/studyShowUpFee,Show-up fee,https://data.cooperationdatabank.org/id/studyshowupfee/1,Paid,https://data.cooperationdatabank.org/id/dependentvariable/contributions,negative,test,0.0,negative,lower,0.0,1.0,0.0,0.0,1.0,"When comparing studies where expectations level is low and studies where expectations level is high, cooperation is significantly lower when show-up fee is paid."
31443,https://data.cooperationdatabank.org/vocab/prop/ExpectationsVariable,https://data.cooperationdatabank.org/vocab/prop/expectationsLevel,Expectations level,https://data.cooperationdatabank.org/id/expectationslevel/low,Low,https://data.cooperationdatabank.org/vocab/prop/expectationsLevel,Expectations level,https://data.cooperationdatabank.org/id/expectationslevel/high,High,https://data.cooperationdatabank.org/vocab/prop/studyOneShot,One-shot vs repeated,https://data.cooperationdatabank.org/id/studyoneshot/1,One-shot,https://data.cooperationdatabank.org/id/dependentvariable/contributions,negative,test,0.0,negative,lower,0.0,1.0,0.0,0.0,1.0,"When comparing studies where expectations level is low and studies where expectations level is high, cooperation is significantly lower when one-shot vs repeated is one-shot."
2877,https://data.cooperationdatabank.org/vocab/prop/ExpectationsVariable,https://data.cooperationdatabank.org/vocab/prop/expectationsLevel,Expectations level,https://data.cooperationdatabank.org/id/expectationslevel/low,High,https://data.cooperationdatabank.org/vocab/prop/expectationsLevel,Expectations level,https://data.cooperationdatabank.org/id/expectationslevel/high,Low,https://data.cooperationdatabank.org/vocab/prop/publicationStatus,Published,https://data.cooperationdatabank.org/id/publicationstatus/1,Published Article,https://data.cooperationdatabank.org/id/dependentvariable/cooperation,negative,test,0.0,negative,lower,0.0,0.9150943396226415,0.0,0.08490566037735849,0.9150943396226415,"When comparing studies where expectations level is high and studies where expectations level is low, cooperation is significantly lower when published is published article."
19088,https://data.cooperationdatabank.org/vocab/prop/ExpectationsVariable,https://data.cooperationdatabank.org/vocab/prop/expectationsLevel,Expectations level,https://data.cooperationdatabank.org/id/expectationslevel/low,Low,https://data.cooperationdatabank.org/vocab/prop/expectationsLevel,Expectations level,https://data.cooperationdatabank.org/id/expectationslevel/high,High,https://data.cooperationdatabank.org/vocab/prop/publicationStatus,Published,https://data.cooperationdatabank.org/id/publicationstatus/1,Published Article,https://data.cooperationdatabank.org/id/dependentvariable/cooperation,negative,test,0.0,negative,lower,0.0,0.9150943396226415,0.0,0.08490566037735849,0.9150943396226415,"When comparing studies where expectations level is low and studies where expectations level is high, cooperation is significantly lower when published is published article."
2990,https://data.cooperationdatabank.org/vocab/prop/ExpectationsVariable,https://data.cooperationdatabank.org/vocab/prop/expectationsLevel,Expectations level,https://data.cooperationdatabank.org/id/expectationslevel/low,High,https://data.cooperationdatabank.org/vocab/prop/expectationsLevel,Expectations level,https://data.cooperationdatabank.org/id/expectationslevel/high,Low,https://data.cooperationdatabank.org/vocab/prop/recruitmentMethod,Recruitment method,https://data.cooperationdatabank.org/id/recruitmentmethod/1,Participant pool,https://data.cooperationdatabank.org/id/dependentvariable/cooperation,negative,test,0.0,negative,lower,0.0,0.9150943396226415,0.0,0.08490566037735849,0.9150943396226415,"When comparing studies where expectations level is high and studies where expectations level is low, cooperation is significantly lower when recruitment method is participant pool."
30524,https://data.cooperationdatabank.org/vocab/prop/ExpectationsVariable,https://data.cooperationdatabank.org/vocab/prop/expectationsLevel,Expectations level,https://data.cooperationdatabank.org/id/expectationslevel/low,High,https://data.cooperationdatabank.org/vocab/prop/expectationsLevel,Expectations level,https://data.cooperationdatabank.org/id/expectationslevel/high,Low,https://data.cooperationdatabank.org/vocab/prop/studyMatchingProtocol,Matching,https://data.cooperationdatabank.org/id/studymatchingprotocol/1,Stranger,https://data.cooperationdatabank.org/id/dependentvariable/cooperation,negative,test,0.0,negative,lower,0.0,0.9150943396226415,0.0,0.08490566037735849,0.9150943396226415,"When comparing studies where expectations level is high and studies where expectations level is low, cooperation is significantly lower when matching is stranger."
30517,https://data.cooperationdatabank.org/vocab/prop/ExpectationsVariable,https://data.cooperationdatabank.org/vocab/prop/expectationsLevel,Expectations level,https://data.cooperationdatabank.org/id/expectationslevel/low,High,https://data.cooperationdatabank.org/vocab/prop/expectationsLevel,Expectations level,https://data.cooperationdatabank.org/id/expectationslevel/high,Low,https://data.cooperationdatabank.org/vocab/prop/discussion,Discussion,https://data.cooperationdatabank.org/id/discussion/0,Absent,https://data.cooperationdatabank.org/id/dependentvariable/cooperation,negative,test,0.0,negative,lower,0.0,0.9150943396226415,0.0,0.08490566037735849,0.9150943396226415,"When comparing studies where expectations level is high and studies where expectations level is low, cooperation is significantly lower when discussion is absent."
30535,https://data.cooperationdatabank.org/vocab/prop/ExpectationsVariable,https://data.cooperationdatabank.org/vocab/prop/expectationsLevel,Expectations level,https://data.cooperationdatabank.org/id/expectationslevel/low,High,https://data.cooperationdatabank.org/vocab/prop/expectationsLevel,Expectations level,https://data.cooperationdatabank.org/id/expectationslevel/high,Low,https://data.cooperationdatabank.org/vocab/prop/publicationStatus,Published,https://data.cooperationdatabank.org/id/publicationstatus/1,Published Article,https://data.cooperationdatabank.org/id/dependentvariable/cooperation,negative,test,0.0,negative,lower,0.0,0.9150943396226415,0.0,0.08490566037735849,0.9150943396226415,"When comparing studies where expectations level is high and studies where expectations level is low, cooperation is significantly lower when published is published article."
30831,https://data.cooperationdatabank.org/vocab/prop/ExpectationsVariable,https://data.cooperationdatabank.org/vocab/prop/expectationsLevel,Expectations level,https://data.cooperationdatabank.org/id/expectationslevel/low,High,https://data.cooperationdatabank.org/vocab/prop/expectationsLevel,Expectations level,https://data.cooperationdatabank.org/id/expectationslevel/high,Low,https://data.cooperationdatabank.org/vocab/prop/studyTrialOfCooperation,Trial of cooperation,https://data.cooperationdatabank.org/id/studytrialofcooperation/1,All trials,https://data.cooperationdatabank.org/id/dependentvariable/cooperation,negative,test,0.0,negative,lower,0.0,0.9150943396226415,0.0,0.08490566037735849,0.9150943396226415,"When comparing studies where expectations level is high and studies where expectations level is low, cooperation is significantly lower when trial of cooperation is all trials."
36464,https://data.cooperationdatabank.org/vocab/prop/ExpectationsVariable,https://data.cooperationdatabank.org/vocab/prop/expectationsLevel,Expectations level,https://data.cooperationdatabank.org/id/expectationslevel/low,High,https://data.cooperationdatabank.org/vocab/prop/expectationsLevel,Expectations level,https://data.cooperationdatabank.org/id/expectationslevel/high,Low,https://data.cooperationdatabank.org/vocab/prop/studyRealPartner,Real partner,https://data.cooperationdatabank.org/id/studyrealpartner/1,Real,https://data.cooperationdatabank.org/id/dependentvariable/cooperation,negative,test,0.0,negative,lower,0.0,0.9150943396226415,0.0,0.08490566037735849,0.9150943396226415,"When comparing studies where expectations level is high and studies where expectations level is low, cooperation is significantly lower when real partner is real."
36027,https://data.cooperationdatabank.org/vocab/prop/ExpectationsVariable,https://data.cooperationdatabank.org/vocab/prop/expectationsLevel,Expectations level,https://data.cooperationdatabank.org/id/expectationslevel/low,High,https://data.cooperationdatabank.org/vocab/prop/expectationsLevel,Expectations level,https://data.cooperationdatabank.org/id/expectationslevel/high,Low,https://data.cooperationdatabank.org/vocab/prop/studyRealPartner,Real partner,https://data.cooperationdatabank.org/id/studyrealpartner/1,Real,https://data.cooperationdatabank.org/id/dependentvariable/cooperation,negative,test,0.0,negative,lower,0.0,0.9150943396226415,0.0,0.08490566037735849,0.9150943396226415,"When comparing studies where expectations level is high and studies where expectations level is low, cooperation is significantly lower when real partner is real."
41935,https://data.cooperationdatabank.org/vocab/prop/ExpectationsVariable,https://data.cooperationdatabank.org/vocab/prop/expectationsLevel,Expectations level,https://data.cooperationdatabank.org/id/expectationslevel/low,High,https://data.cooperationdatabank.org/vocab/prop/expectationsLevel,Expectations level,https://data.cooperationdatabank.org/id/expectationslevel/high,Low,https://data.cooperationdatabank.org/vocab/prop/recruitmentMethod,Recruitment method,https://data.cooperationdatabank.org/id/recruitmentmethod/1,Participant pool,https://data.cooperationdatabank.org/id/dependentvariable/cooperation,negative,test,0.0,negative,lower,0.0,0.9150943396226415,0.0,0.08490566037735849,0.9150943396226415,"When comparing studies where expectations level is high and studies where expectations level is low, cooperation is significantly lower when recruitment method is participant pool."
42513,https://data.cooperationdatabank.org/vocab/prop/ExpectationsVariable,https://data.cooperationdatabank.org/vocab/prop/expectationsLevel,Expectations level,https://data.cooperationdatabank.org/id/expectationslevel/low,High,https://data.cooperationdatabank.org/vocab/prop/expectationsLevel,Expectations level,https://data.cooperationdatabank.org/id/expectationslevel/high,Low,https://data.cooperationdatabank.org/vocab/prop/studyShowUpFee,Show-up fee,https://data.cooperationdatabank.org/id/studyshowupfee/0,Absent,https://data.cooperationdatabank.org/id/dependentvariable/cooperation,negative,test,0.0,negative,lower,0.0,0.6666666666666666,0.0,0.3333333333333333,0.6666666666666666,"When comparing studies where expectations level is high and studies where expectations level is low, cooperation is significantly lower when show-up fee is absent."
