,giv_prop,iv,iv_label,cat_t1,cat_t1_label,iv.1,iv_label.1,cat_t2,cat_t2_label,mod,mod_label,mod_val,mod_val_label,dependent,effect,td,pred_num,pred_readable,comparative,pred_true,score_0,score_1,score_2,max_score,hypothesis
21861,https://data.cooperationdatabank.org/vocab/prop/Experimental_SettingVariable,https://data.cooperationdatabank.org/vocab/prop/experimentalSetting,Experimental setting,https://data.cooperationdatabank.org/id/experimentalsetting/lab,Lab,https://data.cooperationdatabank.org/vocab/prop/experimentalSetting,Experimental setting,https://data.cooperationdatabank.org/id/experimentalsetting/online,Online,https://data.cooperationdatabank.org/vocab/prop/studyExperimentalSetting,Experimental setting,https://data.cooperationdatabank.org/id/studyexperimentalsetting/2,Lab,https://data.cooperationdatabank.org/id/dependentvariable/cooperation,noEffect,test,0.0,negative,lower,1.0,1.0,0.0,0.0,1.0,"When comparing studies where experimental setting is lab and studies where experimental setting is online, cooperation is significantly lower when experimental setting is lab."
21862,https://data.cooperationdatabank.org/vocab/prop/Experimental_SettingVariable,https://data.cooperationdatabank.org/vocab/prop/experimentalSetting,Experimental setting,https://data.cooperationdatabank.org/id/experimentalsetting/lab,Lab,https://data.cooperationdatabank.org/vocab/prop/experimentalSetting,Experimental setting,https://data.cooperationdatabank.org/id/experimentalsetting/online,Online,https://data.cooperationdatabank.org/vocab/prop/studyExperimentalSetting,Experimental setting,https://data.cooperationdatabank.org/id/studyexperimentalsetting/1,Online,https://data.cooperationdatabank.org/id/dependentvariable/cooperation,noEffect,test,0.0,negative,lower,1.0,1.0,0.0,0.0,1.0,"When comparing studies where experimental setting is lab and studies where experimental setting is online, cooperation is significantly lower when experimental setting is online."
21864,https://data.cooperationdatabank.org/vocab/prop/Experimental_SettingVariable,https://data.cooperationdatabank.org/vocab/prop/experimentalSetting,Experimental setting,https://data.cooperationdatabank.org/id/experimentalsetting/lab,Lab,https://data.cooperationdatabank.org/vocab/prop/experimentalSetting,Experimental setting,https://data.cooperationdatabank.org/id/experimentalsetting/online,Online,https://data.cooperationdatabank.org/vocab/prop/studyMatchingProtocol,Matching,https://data.cooperationdatabank.org/id/studymatchingprotocol/1,Stranger,https://data.cooperationdatabank.org/id/dependentvariable/cooperation,noEffect,test,0.0,negative,lower,1.0,1.0,0.0,0.0,1.0,"When comparing studies where experimental setting is lab and studies where experimental setting is online, cooperation is significantly lower when matching is stranger."
22347,https://data.cooperationdatabank.org/vocab/prop/Experimental_SettingVariable,https://data.cooperationdatabank.org/vocab/prop/experimentalSetting,Experimental setting,https://data.cooperationdatabank.org/id/experimentalsetting/lab,Online,https://data.cooperationdatabank.org/vocab/prop/experimentalSetting,Experimental setting,https://data.cooperationdatabank.org/id/experimentalsetting/online,Lab,https://data.cooperationdatabank.org/vocab/prop/yearSource,Source of year of data collection,https://data.cooperationdatabank.org/id/yearsource/4,Received/Submitted,https://data.cooperationdatabank.org/id/dependentvariable/cooperation,negative,test,0.0,negative,lower,0.0,1.0,0.0,0.0,1.0,"When comparing studies where experimental setting is online and studies where experimental setting is lab, cooperation is significantly lower when source of year of data collection is submitted."
22362,https://data.cooperationdatabank.org/vocab/prop/Experimental_SettingVariable,https://data.cooperationdatabank.org/vocab/prop/experimentalSetting,Experimental setting,https://data.cooperationdatabank.org/id/experimentalsetting/lab,Online,https://data.cooperationdatabank.org/vocab/prop/experimentalSetting,Experimental setting,https://data.cooperationdatabank.org/id/experimentalsetting/online,Lab,https://data.cooperationdatabank.org/vocab/prop/yearSource,Source of year of data collection,https://data.cooperationdatabank.org/id/yearsource/4,Received/Submitted,https://data.cooperationdatabank.org/id/dependentvariable/cooperation,negative,test,0.0,negative,lower,0.0,1.0,0.0,0.0,1.0,"When comparing studies where experimental setting is online and studies where experimental setting is lab, cooperation is significantly lower when source of year of data collection is submitted."
22364,https://data.cooperationdatabank.org/vocab/prop/Experimental_SettingVariable,https://data.cooperationdatabank.org/vocab/prop/experimentalSetting,Experimental setting,https://data.cooperationdatabank.org/id/experimentalsetting/lab,Online,https://data.cooperationdatabank.org/vocab/prop/experimentalSetting,Experimental setting,https://data.cooperationdatabank.org/id/experimentalsetting/online,Lab,https://data.cooperationdatabank.org/vocab/prop/recruitmentMethod,Recruitment method,https://data.cooperationdatabank.org/id/recruitmentmethod/2,MTurk,https://data.cooperationdatabank.org/id/dependentvariable/cooperation,negative,test,0.0,negative,lower,0.0,1.0,0.0,0.0,1.0,"When comparing studies where experimental setting is online and studies where experimental setting is lab, cooperation is significantly lower when recruitment method is mturk."
41144,https://data.cooperationdatabank.org/vocab/prop/Experimental_SettingVariable,https://data.cooperationdatabank.org/vocab/prop/experimentalSetting,Experimental setting,https://data.cooperationdatabank.org/id/experimentalsetting/lab_in_the_field,Lab,https://data.cooperationdatabank.org/vocab/prop/experimentalSetting,Experimental setting,https://data.cooperationdatabank.org/id/experimentalsetting/lab,Lab in the field,https://data.cooperationdatabank.org/vocab/prop/publicationStatus,Published,https://data.cooperationdatabank.org/id/publicationstatus/1,Published Article,https://data.cooperationdatabank.org/id/dependentvariable/contributions,positive,test,2.0,positive,higher,2.0,0.0,0.0,1.0,1.0,"When comparing studies where experimental setting is lab and studies where experimental setting is lab in the field, cooperation is significantly higher when published is published article."
41148,https://data.cooperationdatabank.org/vocab/prop/Experimental_SettingVariable,https://data.cooperationdatabank.org/vocab/prop/experimentalSetting,Experimental setting,https://data.cooperationdatabank.org/id/experimentalsetting/lab_in_the_field,Lab,https://data.cooperationdatabank.org/vocab/prop/experimentalSetting,Experimental setting,https://data.cooperationdatabank.org/id/experimentalsetting/lab,Lab in the field,https://data.cooperationdatabank.org/vocab/prop/studyGameIncentive,Game incentive,https://data.cooperationdatabank.org/id/studygameincentive/1,Monetary,https://data.cooperationdatabank.org/id/dependentvariable/contributions,positive,test,2.0,positive,higher,2.0,0.0,0.0,1.0,1.0,"When comparing studies where experimental setting is lab and studies where experimental setting is lab in the field, cooperation is significantly higher when game incentive is monetary."
41160,https://data.cooperationdatabank.org/vocab/prop/Experimental_SettingVariable,https://data.cooperationdatabank.org/vocab/prop/experimentalSetting,Experimental setting,https://data.cooperationdatabank.org/id/experimentalsetting/lab_in_the_field,Lab in the field,https://data.cooperationdatabank.org/vocab/prop/experimentalSetting,Experimental setting,https://data.cooperationdatabank.org/id/experimentalsetting/field,Field,https://data.cooperationdatabank.org/vocab/prop/studyAcquaintance,Acquaintance,https://data.cooperationdatabank.org/id/studyacquaintance/0,Strangers,https://data.cooperationdatabank.org/id/dependentvariable/contributions,negative,test,0.0,negative,lower,0.0,1.0,0.0,0.0,1.0,"When comparing studies where experimental setting is lab in the field and studies where experimental setting is field, cooperation is significantly lower when acquaintance is strangers."
41168,https://data.cooperationdatabank.org/vocab/prop/Experimental_SettingVariable,https://data.cooperationdatabank.org/vocab/prop/experimentalSetting,Experimental setting,https://data.cooperationdatabank.org/id/experimentalsetting/lab_in_the_field,Lab in the field,https://data.cooperationdatabank.org/vocab/prop/experimentalSetting,Experimental setting,https://data.cooperationdatabank.org/id/experimentalsetting/field,Field,https://data.cooperationdatabank.org/vocab/prop/studyContinuousPGG,Continuous vs step-level public goods,https://data.cooperationdatabank.org/id/studycontinuouspgg/1,Continuous,https://data.cooperationdatabank.org/id/dependentvariable/contributions,negative,test,0.0,negative,lower,0.0,1.0,0.0,0.0,1.0,"When comparing studies where experimental setting is lab in the field and studies where experimental setting is field, cooperation is significantly lower when continuous vs step-level public goods is continuous."
