,giv_prop,iv,iv_label,cat_t1,cat_t1_label,iv.1,iv_label.1,cat_t2,cat_t2_label,mod,mod_label,mod_val,mod_val_label,dependent,effect,td,pred_num,pred_readable,comparative,pred_true,score_0,score_1,score_2,max_score,hypothesis
6086,https://data.cooperationdatabank.org/vocab/prop/Game_TypeVariable,https://data.cooperationdatabank.org/vocab/prop/gameType,Game type,https://data.cooperationdatabank.org/id/gametype/other_game,Other Game,https://data.cooperationdatabank.org/vocab/prop/gameType,Game type,https://data.cooperationdatabank.org/id/gametype/prisoner's_dilemma_game,Prisoner's Dilemma Game,https://data.cooperationdatabank.org/vocab/prop/yearSource,Source of year of data collection,https://data.cooperationdatabank.org/id/yearsource/5,Published,https://data.cooperationdatabank.org/id/dependentvariable/cooperation,noEffect,test,2.0,positive,higher,1.0,0.0,0.0,1.0,1.0,"When comparing studies where game type is other game and studies where game type is prisoner's dilemma game, cooperation is significantly higher when source of year of data collection is published."
9389,https://data.cooperationdatabank.org/vocab/prop/Game_TypeVariable,https://data.cooperationdatabank.org/vocab/prop/gameType,Game type,https://data.cooperationdatabank.org/id/gametype/continuous_public_goods_game,Continuous Public Goods Game,https://data.cooperationdatabank.org/vocab/prop/gameType,Game type,https://data.cooperationdatabank.org/id/gametype/resource_dilemma,Resource Dilemma,https://data.cooperationdatabank.org/vocab/prop/studyContinuousPGG,Continuous vs step-level public goods,https://data.cooperationdatabank.org/id/studycontinuouspgg/1,Continuous,https://data.cooperationdatabank.org/id/dependentvariable/contributions,negative,test,0.0,negative,lower,0.0,1.0,0.0,0.0,1.0,"When comparing studies where game type is continuous public goods game and studies where game type is resource dilemma, cooperation is significantly lower when continuous vs step-level public goods is continuous."
9398,https://data.cooperationdatabank.org/vocab/prop/Game_TypeVariable,https://data.cooperationdatabank.org/vocab/prop/gameType,Game type,https://data.cooperationdatabank.org/id/gametype/other_game,Other Game,https://data.cooperationdatabank.org/vocab/prop/gameType,Game type,https://data.cooperationdatabank.org/id/gametype/resource_dilemma,Resource Dilemma,https://data.cooperationdatabank.org/vocab/prop/studyDilemmaType,Game type,https://data.cooperationdatabank.org/id/studydilemmatype/2,Public Goods Game,https://data.cooperationdatabank.org/id/dependentvariable/contributions,negative,test,0.0,negative,lower,0.0,1.0,0.0,0.0,1.0,"When comparing studies where game type is other game and studies where game type is resource dilemma, cooperation is significantly lower when game type is public goods game."
14710,https://data.cooperationdatabank.org/vocab/prop/Game_TypeVariable,https://data.cooperationdatabank.org/vocab/prop/gameType,Game type,https://data.cooperationdatabank.org/id/gametype/other_game,Resource Dilemma,https://data.cooperationdatabank.org/vocab/prop/gameType,Game type,https://data.cooperationdatabank.org/id/gametype/resource_dilemma,Other Game,https://data.cooperationdatabank.org/vocab/prop/studyMatchingProtocol,Matching,https://data.cooperationdatabank.org/id/studymatchingprotocol/1,Stranger,https://data.cooperationdatabank.org/id/dependentvariable/withdrawals,negative,test,0.0,negative,lower,0.0,1.0,0.0,0.0,1.0,"When comparing studies where game type is resource dilemma and studies where game type is other game, cooperation is significantly lower when matching is stranger."
14709,https://data.cooperationdatabank.org/vocab/prop/Game_TypeVariable,https://data.cooperationdatabank.org/vocab/prop/gameType,Game type,https://data.cooperationdatabank.org/id/gametype/other_game,Resource Dilemma,https://data.cooperationdatabank.org/vocab/prop/gameType,Game type,https://data.cooperationdatabank.org/id/gametype/resource_dilemma,Other Game,https://data.cooperationdatabank.org/vocab/prop/studyExperimentalSetting,Experimental setting,https://data.cooperationdatabank.org/id/studyexperimentalsetting/3,Class,https://data.cooperationdatabank.org/id/dependentvariable/withdrawals,negative,test,0.0,negative,lower,0.0,1.0,0.0,0.0,1.0,"When comparing studies where game type is resource dilemma and studies where game type is other game, cooperation is significantly lower when experimental setting is class."
14697,https://data.cooperationdatabank.org/vocab/prop/Game_TypeVariable,https://data.cooperationdatabank.org/vocab/prop/gameType,Game type,https://data.cooperationdatabank.org/id/gametype/other_game,Resource Dilemma,https://data.cooperationdatabank.org/vocab/prop/gameType,Game type,https://data.cooperationdatabank.org/id/gametype/resource_dilemma,Other Game,https://data.cooperationdatabank.org/vocab/prop/studyMatchingProtocol,Matching,https://data.cooperationdatabank.org/id/studymatchingprotocol/1,Stranger,https://data.cooperationdatabank.org/id/dependentvariable/withdrawals,negative,test,0.0,negative,lower,0.0,1.0,0.0,0.0,1.0,"When comparing studies where game type is resource dilemma and studies where game type is other game, cooperation is significantly lower when matching is stranger."
14694,https://data.cooperationdatabank.org/vocab/prop/Game_TypeVariable,https://data.cooperationdatabank.org/vocab/prop/gameType,Game type,https://data.cooperationdatabank.org/id/gametype/other_game,Resource Dilemma,https://data.cooperationdatabank.org/vocab/prop/gameType,Game type,https://data.cooperationdatabank.org/id/gametype/resource_dilemma,Other Game,https://data.cooperationdatabank.org/vocab/prop/studyAcquaintance,Acquaintance,https://data.cooperationdatabank.org/id/studyacquaintance/0,Strangers,https://data.cooperationdatabank.org/id/dependentvariable/withdrawals,negative,test,0.0,negative,lower,0.0,1.0,0.0,0.0,1.0,"When comparing studies where game type is resource dilemma and studies where game type is other game, cooperation is significantly lower when acquaintance is strangers."
42800,https://data.cooperationdatabank.org/vocab/prop/Game_TypeVariable,https://data.cooperationdatabank.org/vocab/prop/gameType,Game type,https://data.cooperationdatabank.org/id/gametype/other_game,Resource Dilemma,https://data.cooperationdatabank.org/vocab/prop/gameType,Game type,https://data.cooperationdatabank.org/id/gametype/resource_dilemma,Other Game,https://data.cooperationdatabank.org/vocab/prop/yearSource,Source of year of data collection,https://data.cooperationdatabank.org/id/yearsource/5,Published,https://data.cooperationdatabank.org/id/dependentvariable/withdrawals,negative,test,0.0,negative,lower,0.0,1.0,0.0,0.0,1.0,"When comparing studies where game type is resource dilemma and studies where game type is other game, cooperation is significantly lower when source of year of data collection is published."
28189,https://data.cooperationdatabank.org/vocab/prop/Game_TypeVariable,https://data.cooperationdatabank.org/vocab/prop/gameType,Game type,https://data.cooperationdatabank.org/id/gametype/prisoner's_dilemma_game,Prisoner's Dilemma Game,https://data.cooperationdatabank.org/vocab/prop/gameType,Game type,https://data.cooperationdatabank.org/id/gametype/chicken_game,Chicken Game,https://data.cooperationdatabank.org/vocab/prop/countrySource,Source of country or region,https://data.cooperationdatabank.org/id/countrysource/1,Specified country,https://data.cooperationdatabank.org/id/dependentvariable/cooperation,negative,test,0.0,negative,lower,0.0,1.0,0.0,0.0,1.0,"When comparing studies where game type is prisoner's dilemma game and studies where game type is chicken game, cooperation is significantly lower when source of country or region is specified country."
42789,https://data.cooperationdatabank.org/vocab/prop/Game_TypeVariable,https://data.cooperationdatabank.org/vocab/prop/gameType,Game type,https://data.cooperationdatabank.org/id/gametype/other_game,Resource Dilemma,https://data.cooperationdatabank.org/vocab/prop/gameType,Game type,https://data.cooperationdatabank.org/id/gametype/resource_dilemma,Other Game,https://data.cooperationdatabank.org/vocab/prop/discussion,Discussion,https://data.cooperationdatabank.org/id/discussion/0,Absent,https://data.cooperationdatabank.org/id/dependentvariable/withdrawals,negative,test,0.0,negative,lower,0.0,1.0,0.0,0.0,1.0,"When comparing studies where game type is resource dilemma and studies where game type is other game, cooperation is significantly lower when discussion is absent."
28197,https://data.cooperationdatabank.org/vocab/prop/Game_TypeVariable,https://data.cooperationdatabank.org/vocab/prop/gameType,Game type,https://data.cooperationdatabank.org/id/gametype/prisoner's_dilemma_game,Prisoner's Dilemma Game,https://data.cooperationdatabank.org/vocab/prop/gameType,Game type,https://data.cooperationdatabank.org/id/gametype/chicken_game,Chicken Game,https://data.cooperationdatabank.org/vocab/prop/studyOneShot,One-shot vs repeated,https://data.cooperationdatabank.org/id/studyoneshot/0,Repeated,https://data.cooperationdatabank.org/id/dependentvariable/cooperation,negative,test,0.0,negative,lower,0.0,1.0,0.0,0.0,1.0,"When comparing studies where game type is prisoner's dilemma game and studies where game type is chicken game, cooperation is significantly lower when one-shot vs repeated is repeated."
14722,https://data.cooperationdatabank.org/vocab/prop/Game_TypeVariable,https://data.cooperationdatabank.org/vocab/prop/gameType,Game type,https://data.cooperationdatabank.org/id/gametype/other_game,Resource Dilemma,https://data.cooperationdatabank.org/vocab/prop/gameType,Game type,https://data.cooperationdatabank.org/id/gametype/resource_dilemma,Other Game,https://data.cooperationdatabank.org/vocab/prop/studyExperimentalSetting,Experimental setting,https://data.cooperationdatabank.org/id/studyexperimentalsetting/3,Class,https://data.cooperationdatabank.org/id/dependentvariable/withdrawals,negative,test,0.0,negative,lower,0.0,1.0,0.0,0.0,1.0,"When comparing studies where game type is resource dilemma and studies where game type is other game, cooperation is significantly lower when experimental setting is class."
14734,https://data.cooperationdatabank.org/vocab/prop/Game_TypeVariable,https://data.cooperationdatabank.org/vocab/prop/gameType,Game type,https://data.cooperationdatabank.org/id/gametype/other_game,Resource Dilemma,https://data.cooperationdatabank.org/vocab/prop/gameType,Game type,https://data.cooperationdatabank.org/id/gametype/resource_dilemma,Other Game,https://data.cooperationdatabank.org/vocab/prop/studyExperimentalSetting,Experimental setting,https://data.cooperationdatabank.org/id/studyexperimentalsetting/2,Lab,https://data.cooperationdatabank.org/id/dependentvariable/withdrawals,negative,test,0.0,negative,lower,0.0,1.0,0.0,0.0,1.0,"When comparing studies where game type is resource dilemma and studies where game type is other game, cooperation is significantly lower when experimental setting is lab."
14735,https://data.cooperationdatabank.org/vocab/prop/Game_TypeVariable,https://data.cooperationdatabank.org/vocab/prop/gameType,Game type,https://data.cooperationdatabank.org/id/gametype/other_game,Resource Dilemma,https://data.cooperationdatabank.org/vocab/prop/gameType,Game type,https://data.cooperationdatabank.org/id/gametype/resource_dilemma,Other Game,https://data.cooperationdatabank.org/vocab/prop/studyMatchingProtocol,Matching,https://data.cooperationdatabank.org/id/studymatchingprotocol/2,Partner,https://data.cooperationdatabank.org/id/dependentvariable/withdrawals,negative,test,0.0,negative,lower,0.0,1.0,0.0,0.0,1.0,"When comparing studies where game type is resource dilemma and studies where game type is other game, cooperation is significantly lower when matching is partner."
14748,https://data.cooperationdatabank.org/vocab/prop/Game_TypeVariable,https://data.cooperationdatabank.org/vocab/prop/gameType,Game type,https://data.cooperationdatabank.org/id/gametype/other_game,Resource Dilemma,https://data.cooperationdatabank.org/vocab/prop/gameType,Game type,https://data.cooperationdatabank.org/id/gametype/resource_dilemma,Other Game,https://data.cooperationdatabank.org/vocab/prop/studyMatchingProtocol,Matching,https://data.cooperationdatabank.org/id/studymatchingprotocol/2,Partner,https://data.cooperationdatabank.org/id/dependentvariable/withdrawals,negative,test,0.0,negative,lower,0.0,1.0,0.0,0.0,1.0,"When comparing studies where game type is resource dilemma and studies where game type is other game, cooperation is significantly lower when matching is partner."
14752,https://data.cooperationdatabank.org/vocab/prop/Game_TypeVariable,https://data.cooperationdatabank.org/vocab/prop/gameType,Game type,https://data.cooperationdatabank.org/id/gametype/other_game,Resource Dilemma,https://data.cooperationdatabank.org/vocab/prop/gameType,Game type,https://data.cooperationdatabank.org/id/gametype/resource_dilemma,Other Game,https://data.cooperationdatabank.org/vocab/prop/yearSource,Source of year of data collection,https://data.cooperationdatabank.org/id/yearsource/7,Available online,https://data.cooperationdatabank.org/id/dependentvariable/withdrawals,negative,test,0.0,negative,lower,0.0,1.0,0.0,0.0,1.0,"When comparing studies where game type is resource dilemma and studies where game type is other game, cooperation is significantly lower when source of year of data collection is available online."
14755,https://data.cooperationdatabank.org/vocab/prop/Game_TypeVariable,https://data.cooperationdatabank.org/vocab/prop/gameType,Game type,https://data.cooperationdatabank.org/id/gametype/other_game,Resource Dilemma,https://data.cooperationdatabank.org/vocab/prop/gameType,Game type,https://data.cooperationdatabank.org/id/gametype/resource_dilemma,Other Game,https://data.cooperationdatabank.org/vocab/prop/countrySource,Source of country or region,https://data.cooperationdatabank.org/id/countrysource/1,Specified country,https://data.cooperationdatabank.org/id/dependentvariable/withdrawals,negative,test,0.0,negative,lower,0.0,1.0,0.0,0.0,1.0,"When comparing studies where game type is resource dilemma and studies where game type is other game, cooperation is significantly lower when source of country or region is specified country."
14760,https://data.cooperationdatabank.org/vocab/prop/Game_TypeVariable,https://data.cooperationdatabank.org/vocab/prop/gameType,Game type,https://data.cooperationdatabank.org/id/gametype/other_game,Resource Dilemma,https://data.cooperationdatabank.org/vocab/prop/gameType,Game type,https://data.cooperationdatabank.org/id/gametype/resource_dilemma,Other Game,https://data.cooperationdatabank.org/vocab/prop/studyExperimentalSetting,Experimental setting,https://data.cooperationdatabank.org/id/studyexperimentalsetting/2,Lab,https://data.cooperationdatabank.org/id/dependentvariable/withdrawals,negative,test,0.0,negative,lower,0.0,1.0,0.0,0.0,1.0,"When comparing studies where game type is resource dilemma and studies where game type is other game, cooperation is significantly lower when experimental setting is lab."
14764,https://data.cooperationdatabank.org/vocab/prop/Game_TypeVariable,https://data.cooperationdatabank.org/vocab/prop/gameType,Game type,https://data.cooperationdatabank.org/id/gametype/other_game,Resource Dilemma,https://data.cooperationdatabank.org/vocab/prop/gameType,Game type,https://data.cooperationdatabank.org/id/gametype/resource_dilemma,Other Game,https://data.cooperationdatabank.org/vocab/prop/studyTrialOfCooperation,Trial of cooperation,https://data.cooperationdatabank.org/id/studytrialofcooperation/1,All trials,https://data.cooperationdatabank.org/id/dependentvariable/withdrawals,negative,test,0.0,negative,lower,0.0,1.0,0.0,0.0,1.0,"When comparing studies where game type is resource dilemma and studies where game type is other game, cooperation is significantly lower when trial of cooperation is all trials."
28169,https://data.cooperationdatabank.org/vocab/prop/Game_TypeVariable,https://data.cooperationdatabank.org/vocab/prop/gameType,Game type,https://data.cooperationdatabank.org/id/gametype/prisoner's_dilemma_game,Prisoner's Dilemma Game,https://data.cooperationdatabank.org/vocab/prop/gameType,Game type,https://data.cooperationdatabank.org/id/gametype/stag_hunt,Stag Hunt,https://data.cooperationdatabank.org/vocab/prop/studyTrialOfCooperation,Trial of cooperation,https://data.cooperationdatabank.org/id/studytrialofcooperation/1,All trials,https://data.cooperationdatabank.org/id/dependentvariable/cooperation,negative,test,0.0,negative,lower,0.0,1.0,0.0,0.0,1.0,"When comparing studies where game type is prisoner's dilemma game and studies where game type is stag hunt, cooperation is significantly lower when trial of cooperation is all trials."
28179,https://data.cooperationdatabank.org/vocab/prop/Game_TypeVariable,https://data.cooperationdatabank.org/vocab/prop/gameType,Game type,https://data.cooperationdatabank.org/id/gametype/chicken_game,Chicken Game,https://data.cooperationdatabank.org/vocab/prop/gameType,Game type,https://data.cooperationdatabank.org/id/gametype/stag_hunt,Stag Hunt,https://data.cooperationdatabank.org/vocab/prop/studyExperimentalSetting,Experimental setting,https://data.cooperationdatabank.org/id/studyexperimentalsetting/2,Lab,https://data.cooperationdatabank.org/id/dependentvariable/cooperation,negative,test,0.0,negative,lower,0.0,1.0,0.0,0.0,1.0,"When comparing studies where game type is chicken game and studies where game type is stag hunt, cooperation is significantly lower when experimental setting is lab."
28154,https://data.cooperationdatabank.org/vocab/prop/Game_TypeVariable,https://data.cooperationdatabank.org/vocab/prop/gameType,Game type,https://data.cooperationdatabank.org/id/gametype/prisoner's_dilemma_game,Prisoner's Dilemma Game,https://data.cooperationdatabank.org/vocab/prop/gameType,Game type,https://data.cooperationdatabank.org/id/gametype/chicken_game,Chicken Game,https://data.cooperationdatabank.org/vocab/prop/studyTrialOfCooperation,Trial of cooperation,https://data.cooperationdatabank.org/id/studytrialofcooperation/1,All trials,https://data.cooperationdatabank.org/id/dependentvariable/cooperation,negative,test,0.0,negative,lower,0.0,1.0,0.0,0.0,1.0,"When comparing studies where game type is prisoner's dilemma game and studies where game type is chicken game, cooperation is significantly lower when trial of cooperation is all trials."
26183,https://data.cooperationdatabank.org/vocab/prop/Game_TypeVariable,https://data.cooperationdatabank.org/vocab/prop/gameType,Game type,https://data.cooperationdatabank.org/id/gametype/other_game,Prisoner's Dilemma Game,https://data.cooperationdatabank.org/vocab/prop/gameType,Game type,https://data.cooperationdatabank.org/id/gametype/prisoner's_dilemma_game,Other Game,https://data.cooperationdatabank.org/vocab/prop/studyGameIncentive,Game incentive,https://data.cooperationdatabank.org/id/studygameincentive/3,Non-monetary,https://data.cooperationdatabank.org/id/dependentvariable/cooperation,negative,test,2.0,positive,higher,0.0,0.0,0.0,1.0,1.0,"When comparing studies where game type is prisoner's dilemma game and studies where game type is other game, cooperation is significantly higher when game incentive is non-monetary."
28187,https://data.cooperationdatabank.org/vocab/prop/Game_TypeVariable,https://data.cooperationdatabank.org/vocab/prop/gameType,Game type,https://data.cooperationdatabank.org/id/gametype/chicken_game,Chicken Game,https://data.cooperationdatabank.org/vocab/prop/gameType,Game type,https://data.cooperationdatabank.org/id/gametype/stag_hunt,Stag Hunt,https://data.cooperationdatabank.org/vocab/prop/recruitmentMethod,Recruitment method,https://data.cooperationdatabank.org/id/recruitmentmethod/3,Other,https://data.cooperationdatabank.org/id/dependentvariable/cooperation,negative,test,0.0,negative,lower,0.0,1.0,0.0,0.0,1.0,"When comparing studies where game type is chicken game and studies where game type is stag hunt, cooperation is significantly lower when recruitment method is other."
6085,https://data.cooperationdatabank.org/vocab/prop/Game_TypeVariable,https://data.cooperationdatabank.org/vocab/prop/gameType,Game type,https://data.cooperationdatabank.org/id/gametype/other_game,Other Game,https://data.cooperationdatabank.org/vocab/prop/gameType,Game type,https://data.cooperationdatabank.org/id/gametype/prisoner's_dilemma_game,Prisoner's Dilemma Game,https://data.cooperationdatabank.org/vocab/prop/studyTrialOfCooperation,Trial of cooperation,https://data.cooperationdatabank.org/id/studytrialofcooperation/1,All trials,https://data.cooperationdatabank.org/id/dependentvariable/cooperation,noEffect,test,2.0,positive,higher,1.0,0.16666666666666666,0.0,0.8333333333333334,0.8333333333333334,"When comparing studies where game type is other game and studies where game type is prisoner's dilemma game, cooperation is significantly higher when trial of cooperation is all trials."
6080,https://data.cooperationdatabank.org/vocab/prop/Game_TypeVariable,https://data.cooperationdatabank.org/vocab/prop/gameType,Game type,https://data.cooperationdatabank.org/id/gametype/other_game,Other Game,https://data.cooperationdatabank.org/vocab/prop/gameType,Game type,https://data.cooperationdatabank.org/id/gametype/prisoner's_dilemma_game,Prisoner's Dilemma Game,https://data.cooperationdatabank.org/vocab/prop/studyExperimentalSetting,Experimental setting,https://data.cooperationdatabank.org/id/studyexperimentalsetting/2,Lab,https://data.cooperationdatabank.org/id/dependentvariable/cooperation,noEffect,test,2.0,positive,higher,1.0,0.2857142857142857,0.0,0.7142857142857143,0.7142857142857143,"When comparing studies where game type is other game and studies where game type is prisoner's dilemma game, cooperation is significantly higher when experimental setting is lab."
26212,https://data.cooperationdatabank.org/vocab/prop/Game_TypeVariable,https://data.cooperationdatabank.org/vocab/prop/gameType,Game type,https://data.cooperationdatabank.org/id/gametype/other_game,Prisoner's Dilemma Game,https://data.cooperationdatabank.org/vocab/prop/gameType,Game type,https://data.cooperationdatabank.org/id/gametype/prisoner's_dilemma_game,Other Game,https://data.cooperationdatabank.org/vocab/prop/studyExperimentalSetting,Experimental setting,https://data.cooperationdatabank.org/id/studyexperimentalsetting/2,Lab,https://data.cooperationdatabank.org/id/dependentvariable/cooperation,positive,test,2.0,positive,higher,2.0,0.2857142857142857,0.0,0.7142857142857143,0.7142857142857143,"When comparing studies where game type is prisoner's dilemma game and studies where game type is other game, cooperation is significantly higher when experimental setting is lab."
35501,https://data.cooperationdatabank.org/vocab/prop/Game_TypeVariable,https://data.cooperationdatabank.org/vocab/prop/gameType,Game type,https://data.cooperationdatabank.org/id/gametype/other_game,Prisoner's Dilemma Game,https://data.cooperationdatabank.org/vocab/prop/gameType,Game type,https://data.cooperationdatabank.org/id/gametype/prisoner's_dilemma_game,Other Game,https://data.cooperationdatabank.org/vocab/prop/studyExperimentalSetting,Experimental setting,https://data.cooperationdatabank.org/id/studyexperimentalsetting/2,Lab,https://data.cooperationdatabank.org/id/dependentvariable/cooperation,negative,test,2.0,positive,higher,0.0,0.2857142857142857,0.0,0.7142857142857143,0.7142857142857143,"When comparing studies where game type is prisoner's dilemma game and studies where game type is other game, cooperation is significantly higher when experimental setting is lab."
6122,https://data.cooperationdatabank.org/vocab/prop/Game_TypeVariable,https://data.cooperationdatabank.org/vocab/prop/gameType,Game type,https://data.cooperationdatabank.org/id/gametype/other_game,Other Game,https://data.cooperationdatabank.org/vocab/prop/gameType,Game type,https://data.cooperationdatabank.org/id/gametype/prisoner's_dilemma_game,Prisoner's Dilemma Game,https://data.cooperationdatabank.org/vocab/prop/recruitmentMethod,Recruitment method,https://data.cooperationdatabank.org/id/recruitmentmethod/1,Participant pool,https://data.cooperationdatabank.org/id/dependentvariable/cooperation,positive,test,2.0,positive,higher,2.0,0.0,0.3333333333333333,0.6666666666666666,0.6666666666666666,"When comparing studies where game type is other game and studies where game type is prisoner's dilemma game, cooperation is significantly higher when recruitment method is participant pool."
35467,https://data.cooperationdatabank.org/vocab/prop/Game_TypeVariable,https://data.cooperationdatabank.org/vocab/prop/gameType,Game type,https://data.cooperationdatabank.org/id/gametype/other_game,Prisoner's Dilemma Game,https://data.cooperationdatabank.org/vocab/prop/gameType,Game type,https://data.cooperationdatabank.org/id/gametype/prisoner's_dilemma_game,Other Game,https://data.cooperationdatabank.org/vocab/prop/studyTrialOfCooperation,Trial of cooperation,https://data.cooperationdatabank.org/id/studytrialofcooperation/2,First trial,https://data.cooperationdatabank.org/id/dependentvariable/cooperation,negative,test,0.0,negative,lower,0.0,0.6666666666666666,0.0,0.3333333333333333,0.6666666666666666,"When comparing studies where game type is prisoner's dilemma game and studies where game type is other game, cooperation is significantly lower when trial of cooperation is first trial."
26173,https://data.cooperationdatabank.org/vocab/prop/Game_TypeVariable,https://data.cooperationdatabank.org/vocab/prop/gameType,Game type,https://data.cooperationdatabank.org/id/gametype/other_game,Prisoner's Dilemma Game,https://data.cooperationdatabank.org/vocab/prop/gameType,Game type,https://data.cooperationdatabank.org/id/gametype/prisoner's_dilemma_game,Other Game,https://data.cooperationdatabank.org/vocab/prop/yearSource,Source of year of data collection,https://data.cooperationdatabank.org/id/yearsource/2,Presented,https://data.cooperationdatabank.org/id/dependentvariable/cooperation,positive,test,0.0,negative,lower,2.0,0.6666666666666666,0.0,0.3333333333333333,0.6666666666666666,"When comparing studies where game type is prisoner's dilemma game and studies where game type is other game, cooperation is significantly lower when source of year of data collection is presented."
26190,https://data.cooperationdatabank.org/vocab/prop/Game_TypeVariable,https://data.cooperationdatabank.org/vocab/prop/gameType,Game type,https://data.cooperationdatabank.org/id/gametype/other_game,Prisoner's Dilemma Game,https://data.cooperationdatabank.org/vocab/prop/gameType,Game type,https://data.cooperationdatabank.org/id/gametype/prisoner's_dilemma_game,Other Game,https://data.cooperationdatabank.org/vocab/prop/country,has country,https://data.cooperationdatabank.org/id/country/USA,USA,https://data.cooperationdatabank.org/id/dependentvariable/cooperation,negative,test,0.0,negative,lower,0.0,0.6666666666666666,0.0,0.3333333333333333,0.6666666666666666,"When comparing studies where game type is prisoner's dilemma game and studies where game type is other game, cooperation is significantly lower when has country is usa."
35466,https://data.cooperationdatabank.org/vocab/prop/Game_TypeVariable,https://data.cooperationdatabank.org/vocab/prop/gameType,Game type,https://data.cooperationdatabank.org/id/gametype/other_game,Prisoner's Dilemma Game,https://data.cooperationdatabank.org/vocab/prop/gameType,Game type,https://data.cooperationdatabank.org/id/gametype/prisoner's_dilemma_game,Other Game,https://data.cooperationdatabank.org/vocab/prop/studyRealPartner,Real partner,https://data.cooperationdatabank.org/id/studyrealpartner/1,Real,https://data.cooperationdatabank.org/id/dependentvariable/cooperation,negative,test,2.0,positive,higher,0.0,0.42857142857142855,0.0,0.5714285714285714,0.5714285714285714,"When comparing studies where game type is prisoner's dilemma game and studies where game type is other game, cooperation is significantly higher when real partner is real."
35472,https://data.cooperationdatabank.org/vocab/prop/Game_TypeVariable,https://data.cooperationdatabank.org/vocab/prop/gameType,Game type,https://data.cooperationdatabank.org/id/gametype/other_game,Prisoner's Dilemma Game,https://data.cooperationdatabank.org/vocab/prop/gameType,Game type,https://data.cooperationdatabank.org/id/gametype/prisoner's_dilemma_game,Other Game,https://data.cooperationdatabank.org/vocab/prop/publicationStatus,Published,https://data.cooperationdatabank.org/id/publicationstatus/1,Published Article,https://data.cooperationdatabank.org/id/dependentvariable/cooperation,positive,test,0.0,negative,lower,2.0,0.5555555555555556,0.1111111111111111,0.3333333333333333,0.5555555555555556,"When comparing studies where game type is prisoner's dilemma game and studies where game type is other game, cooperation is significantly lower when published is published article."
26163,https://data.cooperationdatabank.org/vocab/prop/Game_TypeVariable,https://data.cooperationdatabank.org/vocab/prop/gameType,Game type,https://data.cooperationdatabank.org/id/gametype/other_game,Prisoner's Dilemma Game,https://data.cooperationdatabank.org/vocab/prop/gameType,Game type,https://data.cooperationdatabank.org/id/gametype/prisoner's_dilemma_game,Other Game,https://data.cooperationdatabank.org/vocab/prop/publicationStatus,Published,https://data.cooperationdatabank.org/id/publicationstatus/1,Published Article,https://data.cooperationdatabank.org/id/dependentvariable/cooperation,positive,test,0.0,negative,lower,2.0,0.5555555555555556,0.1111111111111111,0.3333333333333333,0.5555555555555556,"When comparing studies where game type is prisoner's dilemma game and studies where game type is other game, cooperation is significantly lower when published is published article."
46486,https://data.cooperationdatabank.org/vocab/prop/Game_TypeVariable,https://data.cooperationdatabank.org/vocab/prop/gameType,Game type,https://data.cooperationdatabank.org/id/gametype/other_game,Prisoner's Dilemma Game,https://data.cooperationdatabank.org/vocab/prop/gameType,Game type,https://data.cooperationdatabank.org/id/gametype/prisoner's_dilemma_game,Other Game,https://data.cooperationdatabank.org/vocab/prop/publicationStatus,Published,https://data.cooperationdatabank.org/id/publicationstatus/1,Published Article,https://data.cooperationdatabank.org/id/dependentvariable/cooperation,positive,test,0.0,negative,lower,2.0,0.5555555555555556,0.1111111111111111,0.3333333333333333,0.5555555555555556,"When comparing studies where game type is prisoner's dilemma game and studies where game type is other game, cooperation is significantly lower when published is published article."
6115,https://data.cooperationdatabank.org/vocab/prop/Game_TypeVariable,https://data.cooperationdatabank.org/vocab/prop/gameType,Game type,https://data.cooperationdatabank.org/id/gametype/other_game,Other Game,https://data.cooperationdatabank.org/vocab/prop/gameType,Game type,https://data.cooperationdatabank.org/id/gametype/prisoner's_dilemma_game,Prisoner's Dilemma Game,https://data.cooperationdatabank.org/vocab/prop/studyGameIncentive,Game incentive,https://data.cooperationdatabank.org/id/studygameincentive/1,Monetary,https://data.cooperationdatabank.org/id/dependentvariable/cooperation,positive,test,0.0,negative,lower,2.0,0.5,0.16666666666666666,0.3333333333333333,0.5,"When comparing studies where game type is other game and studies where game type is prisoner's dilemma game, cooperation is significantly lower when game incentive is monetary."
26162,https://data.cooperationdatabank.org/vocab/prop/Game_TypeVariable,https://data.cooperationdatabank.org/vocab/prop/gameType,Game type,https://data.cooperationdatabank.org/id/gametype/other_game,Prisoner's Dilemma Game,https://data.cooperationdatabank.org/vocab/prop/gameType,Game type,https://data.cooperationdatabank.org/id/gametype/prisoner's_dilemma_game,Other Game,https://data.cooperationdatabank.org/vocab/prop/discussion,Discussion,https://data.cooperationdatabank.org/id/discussion/0,Absent,https://data.cooperationdatabank.org/id/dependentvariable/cooperation,positive,test,0.0,negative,lower,2.0,0.5,0.0,0.5,0.5,"When comparing studies where game type is prisoner's dilemma game and studies where game type is other game, cooperation is significantly lower when discussion is absent."
26165,https://data.cooperationdatabank.org/vocab/prop/Game_TypeVariable,https://data.cooperationdatabank.org/vocab/prop/gameType,Game type,https://data.cooperationdatabank.org/id/gametype/other_game,Prisoner's Dilemma Game,https://data.cooperationdatabank.org/vocab/prop/gameType,Game type,https://data.cooperationdatabank.org/id/gametype/prisoner's_dilemma_game,Other Game,https://data.cooperationdatabank.org/vocab/prop/studyAcquaintance,Acquaintance,https://data.cooperationdatabank.org/id/studyacquaintance/0,Strangers,https://data.cooperationdatabank.org/id/dependentvariable/cooperation,positive,test,2.0,positive,higher,2.0,0.4318181818181818,0.09090909090909091,0.4772727272727273,0.4772727272727273,"When comparing studies where game type is prisoner's dilemma game and studies where game type is other game, cooperation is significantly higher when acquaintance is strangers."
