,giv_prop,iv,iv_label,cat_t1,cat_t1_label,iv.1,iv_label.1,cat_t2,cat_t2_label,mod,mod_label,mod_val,mod_val_label,dependent,effect,td,pred_num,pred_readable,comparative,pred_true,score_0,score_1,score_2,max_score,hypothesis
11907,https://data.cooperationdatabank.org/vocab/prop/Game_DurationVariable,https://data.cooperationdatabank.org/vocab/prop/continuationProbabilityLevel,Continuation probability level,https://data.cooperationdatabank.org/id/continuationprobabilitylevel/low,Low,https://data.cooperationdatabank.org/vocab/prop/continuationProbabilityLevel,Continuation probability level,https://data.cooperationdatabank.org/id/continuationprobabilitylevel/medium,Medium,https://data.cooperationdatabank.org/vocab/prop/publicationStatus,Published,https://data.cooperationdatabank.org/id/publicationstatus/4,Working paper,https://data.cooperationdatabank.org/id/dependentvariable/cooperation,negative,test,0.0,negative,lower,0.0,1.0,0.0,0.0,1.0,"When comparing studies where continuation probability level is low and studies where continuation probability level is medium, cooperation is significantly lower when published is working paper."
11909,https://data.cooperationdatabank.org/vocab/prop/Game_DurationVariable,https://data.cooperationdatabank.org/vocab/prop/continuationProbabilityLevel,Continuation probability level,https://data.cooperationdatabank.org/id/continuationprobabilitylevel/low,Low,https://data.cooperationdatabank.org/vocab/prop/continuationProbabilityLevel,Continuation probability level,https://data.cooperationdatabank.org/id/continuationprobabilitylevel/medium,Medium,https://data.cooperationdatabank.org/vocab/prop/studyAcquaintance,Acquaintance,https://data.cooperationdatabank.org/id/studyacquaintance/0,Strangers,https://data.cooperationdatabank.org/id/dependentvariable/cooperation,negative,test,0.0,negative,lower,0.0,1.0,0.0,0.0,1.0,"When comparing studies where continuation probability level is low and studies where continuation probability level is medium, cooperation is significantly lower when acquaintance is strangers."
11913,https://data.cooperationdatabank.org/vocab/prop/Game_DurationVariable,https://data.cooperationdatabank.org/vocab/prop/continuationProbabilityLevel,Continuation probability level,https://data.cooperationdatabank.org/id/continuationprobabilitylevel/low,Low,https://data.cooperationdatabank.org/vocab/prop/continuationProbabilityLevel,Continuation probability level,https://data.cooperationdatabank.org/id/continuationprobabilitylevel/medium,Medium,https://data.cooperationdatabank.org/vocab/prop/studyMatchingProtocol,Matching,https://data.cooperationdatabank.org/id/studymatchingprotocol/1,Stranger,https://data.cooperationdatabank.org/id/dependentvariable/cooperation,negative,test,0.0,negative,lower,0.0,1.0,0.0,0.0,1.0,"When comparing studies where continuation probability level is low and studies where continuation probability level is medium, cooperation is significantly lower when matching is stranger."
46517,https://data.cooperationdatabank.org/vocab/prop/Game_DurationVariable,https://data.cooperationdatabank.org/vocab/prop/nbTrialsLevel,Number of trials level,https://data.cooperationdatabank.org/id/nbtrialslevel/low,Low,https://data.cooperationdatabank.org/vocab/prop/nbTrialsLevel,Number of trials level,https://data.cooperationdatabank.org/id/nbtrialslevel/high,High,https://data.cooperationdatabank.org/vocab/prop/discussion,Discussion,https://data.cooperationdatabank.org/id/discussion/0,Absent,https://data.cooperationdatabank.org/id/dependentvariable/cooperation,positive,test,2.0,positive,higher,2.0,0.0,0.0,1.0,1.0,"When comparing studies where number of trials level is low and studies where number of trials level is high, cooperation is significantly higher when discussion is absent."
46523,https://data.cooperationdatabank.org/vocab/prop/Game_DurationVariable,https://data.cooperationdatabank.org/vocab/prop/nbTrialsLevel,Number of trials level,https://data.cooperationdatabank.org/id/nbtrialslevel/low,Low,https://data.cooperationdatabank.org/vocab/prop/nbTrialsLevel,Number of trials level,https://data.cooperationdatabank.org/id/nbtrialslevel/high,High,https://data.cooperationdatabank.org/vocab/prop/studyAcquaintance,Acquaintance,https://data.cooperationdatabank.org/id/studyacquaintance/0,Strangers,https://data.cooperationdatabank.org/id/dependentvariable/cooperation,positive,test,2.0,positive,higher,2.0,0.0,0.0,1.0,1.0,"When comparing studies where number of trials level is low and studies where number of trials level is high, cooperation is significantly higher when acquaintance is strangers."
46520,https://data.cooperationdatabank.org/vocab/prop/Game_DurationVariable,https://data.cooperationdatabank.org/vocab/prop/nbTrialsLevel,Number of trials level,https://data.cooperationdatabank.org/id/nbtrialslevel/low,Low,https://data.cooperationdatabank.org/vocab/prop/nbTrialsLevel,Number of trials level,https://data.cooperationdatabank.org/id/nbtrialslevel/high,High,https://data.cooperationdatabank.org/vocab/prop/publicationStatus,Published,https://data.cooperationdatabank.org/id/publicationstatus/1,Published Article,https://data.cooperationdatabank.org/id/dependentvariable/cooperation,positive,test,2.0,positive,higher,2.0,0.0,0.0,1.0,1.0,"When comparing studies where number of trials level is low and studies where number of trials level is high, cooperation is significantly higher when published is published article."
46884,https://data.cooperationdatabank.org/vocab/prop/Game_DurationVariable,https://data.cooperationdatabank.org/vocab/prop/oneShotVsRepeated,One-shot vs repeated,https://data.cooperationdatabank.org/id/oneshotvsrepeated/repeated,One-shot,https://data.cooperationdatabank.org/vocab/prop/oneShotVsRepeated,One-shot vs repeated,https://data.cooperationdatabank.org/id/oneshotvsrepeated/one-shot,Repeated,https://data.cooperationdatabank.org/vocab/prop/studyTrialOfCooperation,Trial of cooperation,https://data.cooperationdatabank.org/id/studytrialofcooperation/5,Other trials,https://data.cooperationdatabank.org/id/dependentvariable/cooperation,positive,test,2.0,positive,higher,2.0,0.0,0.0,1.0,1.0,"When comparing studies where one-shot vs repeated is one-shot and studies where one-shot vs repeated is repeated, cooperation is significantly higher when trial of cooperation is other trials."
46862,https://data.cooperationdatabank.org/vocab/prop/Game_DurationVariable,https://data.cooperationdatabank.org/vocab/prop/oneShotVsRepeated,One-shot vs repeated,https://data.cooperationdatabank.org/id/oneshotvsrepeated/repeated,One-shot,https://data.cooperationdatabank.org/vocab/prop/oneShotVsRepeated,One-shot vs repeated,https://data.cooperationdatabank.org/id/oneshotvsrepeated/one-shot,Repeated,https://data.cooperationdatabank.org/vocab/prop/discussion,Discussion,https://data.cooperationdatabank.org/id/discussion/0,Absent,https://data.cooperationdatabank.org/id/dependentvariable/cooperation,positive,test,2.0,positive,higher,2.0,0.256198347107438,0.30578512396694213,0.4380165289256198,0.4380165289256198,"When comparing studies where one-shot vs repeated is one-shot and studies where one-shot vs repeated is repeated, cooperation is significantly higher when discussion is absent."
17574,https://data.cooperationdatabank.org/vocab/prop/Game_DurationVariable,https://data.cooperationdatabank.org/vocab/prop/oneShotVsRepeated,One-shot vs repeated,https://data.cooperationdatabank.org/id/oneshotvsrepeated/repeated,Repeated,https://data.cooperationdatabank.org/vocab/prop/oneShotVsRepeated,One-shot vs repeated,https://data.cooperationdatabank.org/id/oneshotvsrepeated/one-shot,One-shot,https://data.cooperationdatabank.org/vocab/prop/studyTrialOfCooperation,Trial of cooperation,https://data.cooperationdatabank.org/id/studytrialofcooperation/1,All trials,https://data.cooperationdatabank.org/id/dependentvariable/contributions,noEffect,test,2.0,positive,higher,1.0,0.42276422764227645,0.14634146341463414,0.43089430894308944,0.43089430894308944,"When comparing studies where one-shot vs repeated is repeated and studies where one-shot vs repeated is one-shot, cooperation is significantly higher when trial of cooperation is all trials."
46834,https://data.cooperationdatabank.org/vocab/prop/Game_DurationVariable,https://data.cooperationdatabank.org/vocab/prop/oneShotVsRepeated,One-shot vs repeated,https://data.cooperationdatabank.org/id/oneshotvsrepeated/repeated,Repeated,https://data.cooperationdatabank.org/vocab/prop/oneShotVsRepeated,One-shot vs repeated,https://data.cooperationdatabank.org/id/oneshotvsrepeated/one-shot,One-shot,https://data.cooperationdatabank.org/vocab/prop/studyMatchingProtocol,Matching,https://data.cooperationdatabank.org/id/studymatchingprotocol/1,Stranger,https://data.cooperationdatabank.org/id/dependentvariable/cooperation,positive,test,2.0,positive,higher,2.0,0.42276422764227645,0.14634146341463414,0.43089430894308944,0.43089430894308944,"When comparing studies where one-shot vs repeated is repeated and studies where one-shot vs repeated is one-shot, cooperation is significantly higher when matching is stranger."
46840,https://data.cooperationdatabank.org/vocab/prop/Game_DurationVariable,https://data.cooperationdatabank.org/vocab/prop/oneShotVsRepeated,One-shot vs repeated,https://data.cooperationdatabank.org/id/oneshotvsrepeated/repeated,Repeated,https://data.cooperationdatabank.org/vocab/prop/oneShotVsRepeated,One-shot vs repeated,https://data.cooperationdatabank.org/id/oneshotvsrepeated/one-shot,One-shot,https://data.cooperationdatabank.org/vocab/prop/yearSource,Source of year of data collection,https://data.cooperationdatabank.org/id/yearsource/1,Conducted,https://data.cooperationdatabank.org/id/dependentvariable/cooperation,positive,test,2.0,positive,higher,2.0,0.42276422764227645,0.14634146341463414,0.43089430894308944,0.43089430894308944,"When comparing studies where one-shot vs repeated is repeated and studies where one-shot vs repeated is one-shot, cooperation is significantly higher when source of year of data collection is conducted."
46880,https://data.cooperationdatabank.org/vocab/prop/Game_DurationVariable,https://data.cooperationdatabank.org/vocab/prop/oneShotVsRepeated,One-shot vs repeated,https://data.cooperationdatabank.org/id/oneshotvsrepeated/repeated,One-shot,https://data.cooperationdatabank.org/vocab/prop/oneShotVsRepeated,One-shot vs repeated,https://data.cooperationdatabank.org/id/oneshotvsrepeated/one-shot,Repeated,https://data.cooperationdatabank.org/vocab/prop/studyOneShot,One-shot vs repeated,https://data.cooperationdatabank.org/id/studyoneshot/0,Repeated,https://data.cooperationdatabank.org/id/dependentvariable/cooperation,positive,test,2.0,positive,higher,2.0,0.3241758241758242,0.25274725274725274,0.4230769230769231,0.4230769230769231,"When comparing studies where one-shot vs repeated is one-shot and studies where one-shot vs repeated is repeated, cooperation is significantly higher when one-shot vs repeated is repeated."
