,giv_prop,iv,iv_label,cat_t1,cat_t1_label,iv.1,iv_label.1,cat_t2,cat_t2_label,mod,mod_label,mod_val,mod_val_label,dependent,effect,td,pred_num,pred_readable,comparative,pred_true,score_0,score_1,score_2,max_score,hypothesis
9975,https://data.cooperationdatabank.org/vocab/prop/Institutional_ChoiceVariable,https://data.cooperationdatabank.org/vocab/prop/institutionalChoice,Institutional choice,https://data.cooperationdatabank.org/id/institutionalchoice/endogenous,Endogenous,https://data.cooperationdatabank.org/vocab/prop/institutionalChoice,Institutional choice,https://data.cooperationdatabank.org/id/institutionalchoice/exogenous,Exogenous,https://data.cooperationdatabank.org/vocab/prop/recruitmentMethod,Recruitment method,https://data.cooperationdatabank.org/id/recruitmentmethod/3,Other,https://data.cooperationdatabank.org/id/dependentvariable/cooperation,positive,test,2.0,positive,higher,2.0,0.0,0.0,1.0,1.0,"When comparing studies where institutional choice is endogenous and studies where institutional choice is exogenous, cooperation is significantly higher when recruitment method is other."
26740,https://data.cooperationdatabank.org/vocab/prop/Institutional_ChoiceVariable,https://data.cooperationdatabank.org/vocab/prop/institutionalChoice,Institutional choice,https://data.cooperationdatabank.org/id/institutionalchoice/endogenous,Endogenous,https://data.cooperationdatabank.org/vocab/prop/institutionalChoice,Institutional choice,https://data.cooperationdatabank.org/id/institutionalchoice/exogenous,Exogenous,https://data.cooperationdatabank.org/vocab/prop/studyAcademicDiscipline,Academic discipline,https://data.cooperationdatabank.org/id/studyacademicdiscipline/4,Mixed,https://data.cooperationdatabank.org/id/dependentvariable/cooperation,noEffect,test,2.0,positive,higher,1.0,0.0,0.0,1.0,1.0,"When comparing studies where institutional choice is endogenous and studies where institutional choice is exogenous, cooperation is significantly higher when academic discipline is mixed."
18788,https://data.cooperationdatabank.org/vocab/prop/Institutional_ChoiceVariable,https://data.cooperationdatabank.org/vocab/prop/institutionalChoice,Institutional choice,https://data.cooperationdatabank.org/id/institutionalchoice/endogenous,Exogenous,https://data.cooperationdatabank.org/vocab/prop/institutionalChoice,Institutional choice,https://data.cooperationdatabank.org/id/institutionalchoice/exogenous,Endogenous,https://data.cooperationdatabank.org/vocab/prop/recruitmentMethod,Recruitment method,https://data.cooperationdatabank.org/id/recruitmentmethod/3,Other,https://data.cooperationdatabank.org/id/dependentvariable/contributions,positive,test,2.0,positive,higher,2.0,0.0,0.0,1.0,1.0,"When comparing studies where institutional choice is exogenous and studies where institutional choice is endogenous, cooperation is significantly higher when recruitment method is other."
26695,https://data.cooperationdatabank.org/vocab/prop/Institutional_ChoiceVariable,https://data.cooperationdatabank.org/vocab/prop/institutionalChoice,Institutional choice,https://data.cooperationdatabank.org/id/institutionalchoice/endogenous,Endogenous,https://data.cooperationdatabank.org/vocab/prop/institutionalChoice,Institutional choice,https://data.cooperationdatabank.org/id/institutionalchoice/exogenous,Exogenous,https://data.cooperationdatabank.org/vocab/prop/studyAcademicDiscipline,Academic discipline,https://data.cooperationdatabank.org/id/studyacademicdiscipline/4,Mixed,https://data.cooperationdatabank.org/id/dependentvariable/cooperation,positive,test,2.0,positive,higher,2.0,0.0,0.0,1.0,1.0,"When comparing studies where institutional choice is endogenous and studies where institutional choice is exogenous, cooperation is significantly higher when academic discipline is mixed."
26680,https://data.cooperationdatabank.org/vocab/prop/Institutional_ChoiceVariable,https://data.cooperationdatabank.org/vocab/prop/institutionalChoice,Institutional choice,https://data.cooperationdatabank.org/id/institutionalchoice/endogenous,Endogenous,https://data.cooperationdatabank.org/vocab/prop/institutionalChoice,Institutional choice,https://data.cooperationdatabank.org/id/institutionalchoice/exogenous,Exogenous,https://data.cooperationdatabank.org/vocab/prop/studyAcademicDiscipline,Academic discipline,https://data.cooperationdatabank.org/id/studyacademicdiscipline/4,Mixed,https://data.cooperationdatabank.org/id/dependentvariable/cooperation,positive,test,2.0,positive,higher,2.0,0.0,0.0,1.0,1.0,"When comparing studies where institutional choice is endogenous and studies where institutional choice is exogenous, cooperation is significantly higher when academic discipline is mixed."
35801,https://data.cooperationdatabank.org/vocab/prop/Institutional_ChoiceVariable,https://data.cooperationdatabank.org/vocab/prop/institutionalChoice,Institutional choice,https://data.cooperationdatabank.org/id/institutionalchoice/endogenous,Exogenous,https://data.cooperationdatabank.org/vocab/prop/institutionalChoice,Institutional choice,https://data.cooperationdatabank.org/id/institutionalchoice/exogenous,Endogenous,https://data.cooperationdatabank.org/vocab/prop/recruitmentMethod,Recruitment method,https://data.cooperationdatabank.org/id/recruitmentmethod/3,Other,https://data.cooperationdatabank.org/id/dependentvariable/contributions,negative,test,2.0,positive,higher,0.0,0.0,0.0,1.0,1.0,"When comparing studies where institutional choice is exogenous and studies where institutional choice is endogenous, cooperation is significantly higher when recruitment method is other."
35769,https://data.cooperationdatabank.org/vocab/prop/Institutional_ChoiceVariable,https://data.cooperationdatabank.org/vocab/prop/institutionalChoice,Institutional choice,https://data.cooperationdatabank.org/id/institutionalchoice/endogenous,Exogenous,https://data.cooperationdatabank.org/vocab/prop/institutionalChoice,Institutional choice,https://data.cooperationdatabank.org/id/institutionalchoice/exogenous,Endogenous,https://data.cooperationdatabank.org/vocab/prop/recruitmentMethod,Recruitment method,https://data.cooperationdatabank.org/id/recruitmentmethod/3,Other,https://data.cooperationdatabank.org/id/dependentvariable/contributions,positive,test,2.0,positive,higher,2.0,0.0,0.0,1.0,1.0,"When comparing studies where institutional choice is exogenous and studies where institutional choice is endogenous, cooperation is significantly higher when recruitment method is other."
12143,https://data.cooperationdatabank.org/vocab/prop/Institutional_ChoiceVariable,https://data.cooperationdatabank.org/vocab/prop/institutionalChoice,Institutional choice,https://data.cooperationdatabank.org/id/institutionalchoice/endogenous,Exogenous,https://data.cooperationdatabank.org/vocab/prop/institutionalChoice,Institutional choice,https://data.cooperationdatabank.org/id/institutionalchoice/exogenous,Endogenous,https://data.cooperationdatabank.org/vocab/prop/studyMatchingProtocol,Matching,https://data.cooperationdatabank.org/id/studymatchingprotocol/1,Stranger,https://data.cooperationdatabank.org/id/dependentvariable/cooperation,negative,test,2.0,positive,higher,0.0,0.0,0.125,0.875,0.875,"When comparing studies where institutional choice is exogenous and studies where institutional choice is endogenous, cooperation is significantly higher when matching is stranger."
20716,https://data.cooperationdatabank.org/vocab/prop/Institutional_ChoiceVariable,https://data.cooperationdatabank.org/vocab/prop/institutionalChoice,Institutional choice,https://data.cooperationdatabank.org/id/institutionalchoice/endogenous,Exogenous,https://data.cooperationdatabank.org/vocab/prop/institutionalChoice,Institutional choice,https://data.cooperationdatabank.org/id/institutionalchoice/exogenous,Endogenous,https://data.cooperationdatabank.org/vocab/prop/studyAcademicDiscipline,Academic discipline,https://data.cooperationdatabank.org/id/studyacademicdiscipline/4,Mixed,https://data.cooperationdatabank.org/id/dependentvariable/contributions,positive,test,2.0,positive,higher,2.0,0.125,0.0,0.875,0.875,"When comparing studies where institutional choice is exogenous and studies where institutional choice is endogenous, cooperation is significantly higher when academic discipline is mixed."
26700,https://data.cooperationdatabank.org/vocab/prop/Institutional_ChoiceVariable,https://data.cooperationdatabank.org/vocab/prop/institutionalChoice,Institutional choice,https://data.cooperationdatabank.org/id/institutionalchoice/endogenous,Endogenous,https://data.cooperationdatabank.org/vocab/prop/institutionalChoice,Institutional choice,https://data.cooperationdatabank.org/id/institutionalchoice/exogenous,Exogenous,https://data.cooperationdatabank.org/vocab/prop/studyMatchingProtocol,Matching,https://data.cooperationdatabank.org/id/studymatchingprotocol/1,Stranger,https://data.cooperationdatabank.org/id/dependentvariable/cooperation,positive,test,2.0,positive,higher,2.0,0.0,0.125,0.875,0.875,"When comparing studies where institutional choice is endogenous and studies where institutional choice is exogenous, cooperation is significantly higher when matching is stranger."
26649,https://data.cooperationdatabank.org/vocab/prop/Institutional_ChoiceVariable,https://data.cooperationdatabank.org/vocab/prop/institutionalChoice,Institutional choice,https://data.cooperationdatabank.org/id/institutionalchoice/endogenous,Endogenous,https://data.cooperationdatabank.org/vocab/prop/institutionalChoice,Institutional choice,https://data.cooperationdatabank.org/id/institutionalchoice/exogenous,Exogenous,https://data.cooperationdatabank.org/vocab/prop/countrySource,Source of country or region,https://data.cooperationdatabank.org/id/countrysource/1,Specified country,https://data.cooperationdatabank.org/id/dependentvariable/cooperation,positive,test,2.0,positive,higher,2.0,0.14285714285714285,0.0,0.8571428571428571,0.8571428571428571,"When comparing studies where institutional choice is endogenous and studies where institutional choice is exogenous, cooperation is significantly higher when source of country or region is specified country."
26701,https://data.cooperationdatabank.org/vocab/prop/Institutional_ChoiceVariable,https://data.cooperationdatabank.org/vocab/prop/institutionalChoice,Institutional choice,https://data.cooperationdatabank.org/id/institutionalchoice/endogenous,Endogenous,https://data.cooperationdatabank.org/vocab/prop/institutionalChoice,Institutional choice,https://data.cooperationdatabank.org/id/institutionalchoice/exogenous,Exogenous,https://data.cooperationdatabank.org/vocab/prop/studyOneShot,One-shot vs repeated,https://data.cooperationdatabank.org/id/studyoneshot/1,One-shot,https://data.cooperationdatabank.org/id/dependentvariable/cooperation,positive,test,2.0,positive,higher,2.0,0.14285714285714285,0.0,0.8571428571428571,0.8571428571428571,"When comparing studies where institutional choice is endogenous and studies where institutional choice is exogenous, cooperation is significantly higher when one-shot vs repeated is one-shot."
26757,https://data.cooperationdatabank.org/vocab/prop/Institutional_ChoiceVariable,https://data.cooperationdatabank.org/vocab/prop/institutionalChoice,Institutional choice,https://data.cooperationdatabank.org/id/institutionalchoice/endogenous,Endogenous,https://data.cooperationdatabank.org/vocab/prop/institutionalChoice,Institutional choice,https://data.cooperationdatabank.org/id/institutionalchoice/exogenous,Exogenous,https://data.cooperationdatabank.org/vocab/prop/studyDilemmaType,Game type,https://data.cooperationdatabank.org/id/studydilemmatype/1,Prisoner's Dilemma Game,https://data.cooperationdatabank.org/id/dependentvariable/cooperation,positive,test,2.0,positive,higher,2.0,0.0,0.16666666666666666,0.8333333333333334,0.8333333333333334,"When comparing studies where institutional choice is endogenous and studies where institutional choice is exogenous, cooperation is significantly higher when game type is prisoner's dilemma game."
26697,https://data.cooperationdatabank.org/vocab/prop/Institutional_ChoiceVariable,https://data.cooperationdatabank.org/vocab/prop/institutionalChoice,Institutional choice,https://data.cooperationdatabank.org/id/institutionalchoice/endogenous,Endogenous,https://data.cooperationdatabank.org/vocab/prop/institutionalChoice,Institutional choice,https://data.cooperationdatabank.org/id/institutionalchoice/exogenous,Exogenous,https://data.cooperationdatabank.org/vocab/prop/studyDilemmaType,Game type,https://data.cooperationdatabank.org/id/studydilemmatype/1,Prisoner's Dilemma Game,https://data.cooperationdatabank.org/id/dependentvariable/cooperation,positive,test,2.0,positive,higher,2.0,0.0,0.16666666666666666,0.8333333333333334,0.8333333333333334,"When comparing studies where institutional choice is endogenous and studies where institutional choice is exogenous, cooperation is significantly higher when game type is prisoner's dilemma game."
12140,https://data.cooperationdatabank.org/vocab/prop/Institutional_ChoiceVariable,https://data.cooperationdatabank.org/vocab/prop/institutionalChoice,Institutional choice,https://data.cooperationdatabank.org/id/institutionalchoice/endogenous,Exogenous,https://data.cooperationdatabank.org/vocab/prop/institutionalChoice,Institutional choice,https://data.cooperationdatabank.org/id/institutionalchoice/exogenous,Endogenous,https://data.cooperationdatabank.org/vocab/prop/studyDilemmaType,Game type,https://data.cooperationdatabank.org/id/studydilemmatype/1,Prisoner's Dilemma Game,https://data.cooperationdatabank.org/id/dependentvariable/cooperation,negative,test,2.0,positive,higher,0.0,0.0,0.16666666666666666,0.8333333333333334,0.8333333333333334,"When comparing studies where institutional choice is exogenous and studies where institutional choice is endogenous, cooperation is significantly higher when game type is prisoner's dilemma game."
35795,https://data.cooperationdatabank.org/vocab/prop/Institutional_ChoiceVariable,https://data.cooperationdatabank.org/vocab/prop/institutionalChoice,Institutional choice,https://data.cooperationdatabank.org/id/institutionalchoice/endogenous,Exogenous,https://data.cooperationdatabank.org/vocab/prop/institutionalChoice,Institutional choice,https://data.cooperationdatabank.org/id/institutionalchoice/exogenous,Endogenous,https://data.cooperationdatabank.org/vocab/prop/studyOneShot,One-shot vs repeated,https://data.cooperationdatabank.org/id/studyoneshot/0,Repeated,https://data.cooperationdatabank.org/id/dependentvariable/contributions,negative,test,2.0,positive,higher,0.0,0.18181818181818182,0.0,0.8181818181818182,0.8181818181818182,"When comparing studies where institutional choice is exogenous and studies where institutional choice is endogenous, cooperation is significantly higher when one-shot vs repeated is repeated."
12011,https://data.cooperationdatabank.org/vocab/prop/Institutional_ChoiceVariable,https://data.cooperationdatabank.org/vocab/prop/institutionalChoice,Institutional choice,https://data.cooperationdatabank.org/id/institutionalchoice/endogenous,Exogenous,https://data.cooperationdatabank.org/vocab/prop/institutionalChoice,Institutional choice,https://data.cooperationdatabank.org/id/institutionalchoice/exogenous,Endogenous,https://data.cooperationdatabank.org/vocab/prop/studyOneShot,One-shot vs repeated,https://data.cooperationdatabank.org/id/studyoneshot/0,Repeated,https://data.cooperationdatabank.org/id/dependentvariable/contributions,negative,test,2.0,positive,higher,0.0,0.18181818181818182,0.0,0.8181818181818182,0.8181818181818182,"When comparing studies where institutional choice is exogenous and studies where institutional choice is endogenous, cooperation is significantly higher when one-shot vs repeated is repeated."
35800,https://data.cooperationdatabank.org/vocab/prop/Institutional_ChoiceVariable,https://data.cooperationdatabank.org/vocab/prop/institutionalChoice,Institutional choice,https://data.cooperationdatabank.org/id/institutionalchoice/endogenous,Exogenous,https://data.cooperationdatabank.org/vocab/prop/institutionalChoice,Institutional choice,https://data.cooperationdatabank.org/id/institutionalchoice/exogenous,Endogenous,https://data.cooperationdatabank.org/vocab/prop/studyShowUpFee,Show-up fee,https://data.cooperationdatabank.org/id/studyshowupfee/1,Paid,https://data.cooperationdatabank.org/id/dependentvariable/contributions,negative,test,2.0,positive,higher,0.0,0.2,0.0,0.8,0.8,"When comparing studies where institutional choice is exogenous and studies where institutional choice is endogenous, cooperation is significantly higher when show-up fee is paid."
18739,https://data.cooperationdatabank.org/vocab/prop/Institutional_ChoiceVariable,https://data.cooperationdatabank.org/vocab/prop/institutionalChoice,Institutional choice,https://data.cooperationdatabank.org/id/institutionalchoice/endogenous,Exogenous,https://data.cooperationdatabank.org/vocab/prop/institutionalChoice,Institutional choice,https://data.cooperationdatabank.org/id/institutionalchoice/exogenous,Endogenous,https://data.cooperationdatabank.org/vocab/prop/countrySource,Source of country or region,https://data.cooperationdatabank.org/id/countrysource/1,Specified country,https://data.cooperationdatabank.org/id/dependentvariable/contributions,positive,test,2.0,positive,higher,2.0,0.21428571428571427,0.0,0.7857142857142857,0.7857142857142857,"When comparing studies where institutional choice is exogenous and studies where institutional choice is endogenous, cooperation is significantly higher when source of country or region is specified country."
26705,https://data.cooperationdatabank.org/vocab/prop/Institutional_ChoiceVariable,https://data.cooperationdatabank.org/vocab/prop/institutionalChoice,Institutional choice,https://data.cooperationdatabank.org/id/institutionalchoice/endogenous,Endogenous,https://data.cooperationdatabank.org/vocab/prop/institutionalChoice,Institutional choice,https://data.cooperationdatabank.org/id/institutionalchoice/exogenous,Exogenous,https://data.cooperationdatabank.org/vocab/prop/studyShowUpFee,Show-up fee,https://data.cooperationdatabank.org/id/studyshowupfee/1,Paid,https://data.cooperationdatabank.org/id/dependentvariable/cooperation,positive,test,2.0,positive,higher,2.0,0.1111111111111111,0.1111111111111111,0.7777777777777778,0.7777777777777778,"When comparing studies where institutional choice is endogenous and studies where institutional choice is exogenous, cooperation is significantly higher when show-up fee is paid."
26751,https://data.cooperationdatabank.org/vocab/prop/Institutional_ChoiceVariable,https://data.cooperationdatabank.org/vocab/prop/institutionalChoice,Institutional choice,https://data.cooperationdatabank.org/id/institutionalchoice/endogenous,Endogenous,https://data.cooperationdatabank.org/vocab/prop/institutionalChoice,Institutional choice,https://data.cooperationdatabank.org/id/institutionalchoice/exogenous,Exogenous,https://data.cooperationdatabank.org/vocab/prop/country,has country,https://data.cooperationdatabank.org/id/country/NLD,NLD,https://data.cooperationdatabank.org/id/dependentvariable/cooperation,positive,test,2.0,positive,higher,2.0,0.0,0.25,0.75,0.75,"When comparing studies where institutional choice is endogenous and studies where institutional choice is exogenous, cooperation is significantly higher when has country is nld."
12015,https://data.cooperationdatabank.org/vocab/prop/Institutional_ChoiceVariable,https://data.cooperationdatabank.org/vocab/prop/institutionalChoice,Institutional choice,https://data.cooperationdatabank.org/id/institutionalchoice/endogenous,Exogenous,https://data.cooperationdatabank.org/vocab/prop/institutionalChoice,Institutional choice,https://data.cooperationdatabank.org/id/institutionalchoice/exogenous,Endogenous,https://data.cooperationdatabank.org/vocab/prop/studyContinuousPGG,Continuous vs step-level public goods,https://data.cooperationdatabank.org/id/studycontinuouspgg/1,Continuous,https://data.cooperationdatabank.org/id/dependentvariable/contributions,negative,test,2.0,positive,higher,0.0,0.25,0.0,0.75,0.75,"When comparing studies where institutional choice is exogenous and studies where institutional choice is endogenous, cooperation is significantly higher when continuous vs step-level public goods is continuous."
11997,https://data.cooperationdatabank.org/vocab/prop/Institutional_ChoiceVariable,https://data.cooperationdatabank.org/vocab/prop/institutionalChoice,Institutional choice,https://data.cooperationdatabank.org/id/institutionalchoice/endogenous,Exogenous,https://data.cooperationdatabank.org/vocab/prop/institutionalChoice,Institutional choice,https://data.cooperationdatabank.org/id/institutionalchoice/exogenous,Endogenous,https://data.cooperationdatabank.org/vocab/prop/yearSource,Source of year of data collection,https://data.cooperationdatabank.org/id/yearsource/5,Published,https://data.cooperationdatabank.org/id/dependentvariable/contributions,positive,test,2.0,positive,higher,2.0,0.25,0.0,0.75,0.75,"When comparing studies where institutional choice is exogenous and studies where institutional choice is endogenous, cooperation is significantly higher when source of year of data collection is published."
11947,https://data.cooperationdatabank.org/vocab/prop/Institutional_ChoiceVariable,https://data.cooperationdatabank.org/vocab/prop/institutionalChoice,Institutional choice,https://data.cooperationdatabank.org/id/institutionalchoice/endogenous,Exogenous,https://data.cooperationdatabank.org/vocab/prop/institutionalChoice,Institutional choice,https://data.cooperationdatabank.org/id/institutionalchoice/exogenous,Endogenous,https://data.cooperationdatabank.org/vocab/prop/studyContinuousPGG,Continuous vs step-level public goods,https://data.cooperationdatabank.org/id/studycontinuouspgg/1,Continuous,https://data.cooperationdatabank.org/id/dependentvariable/contributions,positive,test,2.0,positive,higher,2.0,0.25,0.0,0.75,0.75,"When comparing studies where institutional choice is exogenous and studies where institutional choice is endogenous, cooperation is significantly higher when continuous vs step-level public goods is continuous."
41623,https://data.cooperationdatabank.org/vocab/prop/Institutional_ChoiceVariable,https://data.cooperationdatabank.org/vocab/prop/institutionalChoice,Institutional choice,https://data.cooperationdatabank.org/id/institutionalchoice/endogenous,Exogenous,https://data.cooperationdatabank.org/vocab/prop/institutionalChoice,Institutional choice,https://data.cooperationdatabank.org/id/institutionalchoice/exogenous,Endogenous,https://data.cooperationdatabank.org/vocab/prop/studyDilemmaType,Game type,https://data.cooperationdatabank.org/id/studydilemmatype/2,Public Goods Game,https://data.cooperationdatabank.org/id/dependentvariable/contributions,negative,test,2.0,positive,higher,0.0,0.25,0.0,0.75,0.75,"When comparing studies where institutional choice is exogenous and studies where institutional choice is endogenous, cooperation is significantly higher when game type is public goods game."
18744,https://data.cooperationdatabank.org/vocab/prop/Institutional_ChoiceVariable,https://data.cooperationdatabank.org/vocab/prop/institutionalChoice,Institutional choice,https://data.cooperationdatabank.org/id/institutionalchoice/endogenous,Exogenous,https://data.cooperationdatabank.org/vocab/prop/institutionalChoice,Institutional choice,https://data.cooperationdatabank.org/id/institutionalchoice/exogenous,Endogenous,https://data.cooperationdatabank.org/vocab/prop/studyDilemmaType,Game type,https://data.cooperationdatabank.org/id/studydilemmatype/2,Public Goods Game,https://data.cooperationdatabank.org/id/dependentvariable/contributions,positive,test,2.0,positive,higher,2.0,0.25,0.0,0.75,0.75,"When comparing studies where institutional choice is exogenous and studies where institutional choice is endogenous, cooperation is significantly higher when game type is public goods game."
26691,https://data.cooperationdatabank.org/vocab/prop/Institutional_ChoiceVariable,https://data.cooperationdatabank.org/vocab/prop/institutionalChoice,Institutional choice,https://data.cooperationdatabank.org/id/institutionalchoice/endogenous,Endogenous,https://data.cooperationdatabank.org/vocab/prop/institutionalChoice,Institutional choice,https://data.cooperationdatabank.org/id/institutionalchoice/exogenous,Exogenous,https://data.cooperationdatabank.org/vocab/prop/country,has country,https://data.cooperationdatabank.org/id/country/NLD,NLD,https://data.cooperationdatabank.org/id/dependentvariable/cooperation,positive,test,2.0,positive,higher,2.0,0.0,0.25,0.75,0.75,"When comparing studies where institutional choice is endogenous and studies where institutional choice is exogenous, cooperation is significantly higher when has country is nld."
41642,https://data.cooperationdatabank.org/vocab/prop/Institutional_ChoiceVariable,https://data.cooperationdatabank.org/vocab/prop/institutionalChoice,Institutional choice,https://data.cooperationdatabank.org/id/institutionalchoice/endogenous,Exogenous,https://data.cooperationdatabank.org/vocab/prop/institutionalChoice,Institutional choice,https://data.cooperationdatabank.org/id/institutionalchoice/exogenous,Endogenous,https://data.cooperationdatabank.org/vocab/prop/studyRealPartner,Real partner,https://data.cooperationdatabank.org/id/studyrealpartner/1,Real,https://data.cooperationdatabank.org/id/dependentvariable/contributions,negative,test,2.0,positive,higher,0.0,0.25,0.0,0.75,0.75,"When comparing studies where institutional choice is exogenous and studies where institutional choice is endogenous, cooperation is significantly higher when real partner is real."
11952,https://data.cooperationdatabank.org/vocab/prop/Institutional_ChoiceVariable,https://data.cooperationdatabank.org/vocab/prop/institutionalChoice,Institutional choice,https://data.cooperationdatabank.org/id/institutionalchoice/endogenous,Exogenous,https://data.cooperationdatabank.org/vocab/prop/institutionalChoice,Institutional choice,https://data.cooperationdatabank.org/id/institutionalchoice/exogenous,Endogenous,https://data.cooperationdatabank.org/vocab/prop/discussion,Discussion,https://data.cooperationdatabank.org/id/discussion/0,Absent,https://data.cooperationdatabank.org/id/dependentvariable/contributions,positive,test,2.0,positive,higher,2.0,0.26666666666666666,0.0,0.7333333333333333,0.7333333333333333,"When comparing studies where institutional choice is exogenous and studies where institutional choice is endogenous, cooperation is significantly higher when discussion is absent."
41634,https://data.cooperationdatabank.org/vocab/prop/Institutional_ChoiceVariable,https://data.cooperationdatabank.org/vocab/prop/institutionalChoice,Institutional choice,https://data.cooperationdatabank.org/id/institutionalchoice/endogenous,Exogenous,https://data.cooperationdatabank.org/vocab/prop/institutionalChoice,Institutional choice,https://data.cooperationdatabank.org/id/institutionalchoice/exogenous,Endogenous,https://data.cooperationdatabank.org/vocab/prop/discussion,Discussion,https://data.cooperationdatabank.org/id/discussion/0,Absent,https://data.cooperationdatabank.org/id/dependentvariable/contributions,negative,test,2.0,positive,higher,0.0,0.26666666666666666,0.0,0.7333333333333333,0.7333333333333333,"When comparing studies where institutional choice is exogenous and studies where institutional choice is endogenous, cooperation is significantly higher when discussion is absent."
12013,https://data.cooperationdatabank.org/vocab/prop/Institutional_ChoiceVariable,https://data.cooperationdatabank.org/vocab/prop/institutionalChoice,Institutional choice,https://data.cooperationdatabank.org/id/institutionalchoice/endogenous,Exogenous,https://data.cooperationdatabank.org/vocab/prop/institutionalChoice,Institutional choice,https://data.cooperationdatabank.org/id/institutionalchoice/exogenous,Endogenous,https://data.cooperationdatabank.org/vocab/prop/studyTrialOfCooperation,Trial of cooperation,https://data.cooperationdatabank.org/id/studytrialofcooperation/1,All trials,https://data.cooperationdatabank.org/id/dependentvariable/contributions,negative,test,2.0,positive,higher,0.0,0.2727272727272727,0.0,0.7272727272727273,0.7272727272727273,"When comparing studies where institutional choice is exogenous and studies where institutional choice is endogenous, cooperation is significantly higher when trial of cooperation is all trials."
10680,https://data.cooperationdatabank.org/vocab/prop/Institutional_ChoiceVariable,https://data.cooperationdatabank.org/vocab/prop/institutionalChoice,Institutional choice,https://data.cooperationdatabank.org/id/institutionalchoice/endogenous,Exogenous,https://data.cooperationdatabank.org/vocab/prop/institutionalChoice,Institutional choice,https://data.cooperationdatabank.org/id/institutionalchoice/exogenous,Endogenous,https://data.cooperationdatabank.org/vocab/prop/studyTrialOfCooperation,Trial of cooperation,https://data.cooperationdatabank.org/id/studytrialofcooperation/1,All trials,https://data.cooperationdatabank.org/id/dependentvariable/contributions,negative,test,2.0,positive,higher,0.0,0.2727272727272727,0.0,0.7272727272727273,0.7272727272727273,"When comparing studies where institutional choice is exogenous and studies where institutional choice is endogenous, cooperation is significantly higher when trial of cooperation is all trials."
10696,https://data.cooperationdatabank.org/vocab/prop/Institutional_ChoiceVariable,https://data.cooperationdatabank.org/vocab/prop/institutionalChoice,Institutional choice,https://data.cooperationdatabank.org/id/institutionalchoice/endogenous,Exogenous,https://data.cooperationdatabank.org/vocab/prop/institutionalChoice,Institutional choice,https://data.cooperationdatabank.org/id/institutionalchoice/exogenous,Endogenous,https://data.cooperationdatabank.org/vocab/prop/publicationStatus,Published,https://data.cooperationdatabank.org/id/publicationstatus/1,Published Article,https://data.cooperationdatabank.org/id/dependentvariable/contributions,positive,test,2.0,positive,higher,2.0,0.2857142857142857,0.0,0.7142857142857143,0.7142857142857143,"When comparing studies where institutional choice is exogenous and studies where institutional choice is endogenous, cooperation is significantly higher when published is published article."
41622,https://data.cooperationdatabank.org/vocab/prop/Institutional_ChoiceVariable,https://data.cooperationdatabank.org/vocab/prop/institutionalChoice,Institutional choice,https://data.cooperationdatabank.org/id/institutionalchoice/endogenous,Exogenous,https://data.cooperationdatabank.org/vocab/prop/institutionalChoice,Institutional choice,https://data.cooperationdatabank.org/id/institutionalchoice/exogenous,Endogenous,https://data.cooperationdatabank.org/vocab/prop/studyAcquaintance,Acquaintance,https://data.cooperationdatabank.org/id/studyacquaintance/0,Strangers,https://data.cooperationdatabank.org/id/dependentvariable/contributions,negative,test,2.0,positive,higher,0.0,0.3076923076923077,0.0,0.6923076923076923,0.6923076923076923,"When comparing studies where institutional choice is exogenous and studies where institutional choice is endogenous, cooperation is significantly higher when acquaintance is strangers."
11955,https://data.cooperationdatabank.org/vocab/prop/Institutional_ChoiceVariable,https://data.cooperationdatabank.org/vocab/prop/institutionalChoice,Institutional choice,https://data.cooperationdatabank.org/id/institutionalchoice/endogenous,Exogenous,https://data.cooperationdatabank.org/vocab/prop/institutionalChoice,Institutional choice,https://data.cooperationdatabank.org/id/institutionalchoice/exogenous,Endogenous,https://data.cooperationdatabank.org/vocab/prop/studyAcquaintance,Acquaintance,https://data.cooperationdatabank.org/id/studyacquaintance/0,Strangers,https://data.cooperationdatabank.org/id/dependentvariable/contributions,positive,test,2.0,positive,higher,2.0,0.3076923076923077,0.0,0.6923076923076923,0.6923076923076923,"When comparing studies where institutional choice is exogenous and studies where institutional choice is endogenous, cooperation is significantly higher when acquaintance is strangers."
11959,https://data.cooperationdatabank.org/vocab/prop/Institutional_ChoiceVariable,https://data.cooperationdatabank.org/vocab/prop/institutionalChoice,Institutional choice,https://data.cooperationdatabank.org/id/institutionalchoice/endogenous,Exogenous,https://data.cooperationdatabank.org/vocab/prop/institutionalChoice,Institutional choice,https://data.cooperationdatabank.org/id/institutionalchoice/exogenous,Endogenous,https://data.cooperationdatabank.org/vocab/prop/studyMatchingProtocol,Matching,https://data.cooperationdatabank.org/id/studymatchingprotocol/2,Partner,https://data.cooperationdatabank.org/id/dependentvariable/contributions,positive,test,2.0,positive,higher,2.0,0.3333333333333333,0.0,0.6666666666666666,0.6666666666666666,"When comparing studies where institutional choice is exogenous and studies where institutional choice is endogenous, cooperation is significantly higher when matching is partner."
12083,https://data.cooperationdatabank.org/vocab/prop/Institutional_ChoiceVariable,https://data.cooperationdatabank.org/vocab/prop/institutionalChoice,Institutional choice,https://data.cooperationdatabank.org/id/institutionalchoice/endogenous,Exogenous,https://data.cooperationdatabank.org/vocab/prop/institutionalChoice,Institutional choice,https://data.cooperationdatabank.org/id/institutionalchoice/exogenous,Endogenous,https://data.cooperationdatabank.org/vocab/prop/country,has country,https://data.cooperationdatabank.org/id/country/USA,USA,https://data.cooperationdatabank.org/id/dependentvariable/cooperation,positive,test,2.0,positive,higher,2.0,0.3333333333333333,0.0,0.6666666666666666,0.6666666666666666,"When comparing studies where institutional choice is exogenous and studies where institutional choice is endogenous, cooperation is significantly higher when has country is usa."
18747,https://data.cooperationdatabank.org/vocab/prop/Institutional_ChoiceVariable,https://data.cooperationdatabank.org/vocab/prop/institutionalChoice,Institutional choice,https://data.cooperationdatabank.org/id/institutionalchoice/endogenous,Exogenous,https://data.cooperationdatabank.org/vocab/prop/institutionalChoice,Institutional choice,https://data.cooperationdatabank.org/id/institutionalchoice/exogenous,Endogenous,https://data.cooperationdatabank.org/vocab/prop/studyMatchingProtocol,Matching,https://data.cooperationdatabank.org/id/studymatchingprotocol/2,Partner,https://data.cooperationdatabank.org/id/dependentvariable/contributions,positive,test,2.0,positive,higher,2.0,0.3333333333333333,0.0,0.6666666666666666,0.6666666666666666,"When comparing studies where institutional choice is exogenous and studies where institutional choice is endogenous, cooperation is significantly higher when matching is partner."
18746,https://data.cooperationdatabank.org/vocab/prop/Institutional_ChoiceVariable,https://data.cooperationdatabank.org/vocab/prop/institutionalChoice,Institutional choice,https://data.cooperationdatabank.org/id/institutionalchoice/endogenous,Exogenous,https://data.cooperationdatabank.org/vocab/prop/institutionalChoice,Institutional choice,https://data.cooperationdatabank.org/id/institutionalchoice/exogenous,Endogenous,https://data.cooperationdatabank.org/vocab/prop/studyGameIncentive,Game incentive,https://data.cooperationdatabank.org/id/studygameincentive/1,Monetary,https://data.cooperationdatabank.org/id/dependentvariable/contributions,positive,test,2.0,positive,higher,2.0,0.35714285714285715,0.0,0.6428571428571429,0.6428571428571429,"When comparing studies where institutional choice is exogenous and studies where institutional choice is endogenous, cooperation is significantly higher when game incentive is monetary."
35751,https://data.cooperationdatabank.org/vocab/prop/Institutional_ChoiceVariable,https://data.cooperationdatabank.org/vocab/prop/institutionalChoice,Institutional choice,https://data.cooperationdatabank.org/id/institutionalchoice/endogenous,Exogenous,https://data.cooperationdatabank.org/vocab/prop/institutionalChoice,Institutional choice,https://data.cooperationdatabank.org/id/institutionalchoice/exogenous,Endogenous,https://data.cooperationdatabank.org/vocab/prop/studyExperimentalSetting,Experimental setting,https://data.cooperationdatabank.org/id/studyexperimentalsetting/2,Lab,https://data.cooperationdatabank.org/id/dependentvariable/contributions,positive,test,2.0,positive,higher,2.0,0.38461538461538464,0.0,0.6153846153846154,0.6153846153846154,"When comparing studies where institutional choice is exogenous and studies where institutional choice is endogenous, cooperation is significantly higher when experimental setting is lab."
18745,https://data.cooperationdatabank.org/vocab/prop/Institutional_ChoiceVariable,https://data.cooperationdatabank.org/vocab/prop/institutionalChoice,Institutional choice,https://data.cooperationdatabank.org/id/institutionalchoice/endogenous,Exogenous,https://data.cooperationdatabank.org/vocab/prop/institutionalChoice,Institutional choice,https://data.cooperationdatabank.org/id/institutionalchoice/exogenous,Endogenous,https://data.cooperationdatabank.org/vocab/prop/studyExperimentalSetting,Experimental setting,https://data.cooperationdatabank.org/id/studyexperimentalsetting/2,Lab,https://data.cooperationdatabank.org/id/dependentvariable/contributions,positive,test,2.0,positive,higher,2.0,0.38461538461538464,0.0,0.6153846153846154,0.6153846153846154,"When comparing studies where institutional choice is exogenous and studies where institutional choice is endogenous, cooperation is significantly higher when experimental setting is lab."
10720,https://data.cooperationdatabank.org/vocab/prop/Institutional_ChoiceVariable,https://data.cooperationdatabank.org/vocab/prop/institutionalChoice,Institutional choice,https://data.cooperationdatabank.org/id/institutionalchoice/endogenous,Exogenous,https://data.cooperationdatabank.org/vocab/prop/institutionalChoice,Institutional choice,https://data.cooperationdatabank.org/id/institutionalchoice/exogenous,Endogenous,https://data.cooperationdatabank.org/vocab/prop/recruitmentMethod,Recruitment method,https://data.cooperationdatabank.org/id/recruitmentmethod/1,Participant pool,https://data.cooperationdatabank.org/id/dependentvariable/contributions,positive,test,2.0,positive,higher,2.0,0.4,0.0,0.6,0.6,"When comparing studies where institutional choice is exogenous and studies where institutional choice is endogenous, cooperation is significantly higher when recruitment method is participant pool."
12090,https://data.cooperationdatabank.org/vocab/prop/Institutional_ChoiceVariable,https://data.cooperationdatabank.org/vocab/prop/institutionalChoice,Institutional choice,https://data.cooperationdatabank.org/id/institutionalchoice/endogenous,Exogenous,https://data.cooperationdatabank.org/vocab/prop/institutionalChoice,Institutional choice,https://data.cooperationdatabank.org/id/institutionalchoice/exogenous,Endogenous,https://data.cooperationdatabank.org/vocab/prop/studyExperimentalSetting,Experimental setting,https://data.cooperationdatabank.org/id/studyexperimentalsetting/2,Lab,https://data.cooperationdatabank.org/id/dependentvariable/cooperation,positive,test,2.0,positive,higher,2.0,0.2,0.2,0.6,0.6,"When comparing studies where institutional choice is exogenous and studies where institutional choice is endogenous, cooperation is significantly higher when experimental setting is lab."
26661,https://data.cooperationdatabank.org/vocab/prop/Institutional_ChoiceVariable,https://data.cooperationdatabank.org/vocab/prop/institutionalChoice,Institutional choice,https://data.cooperationdatabank.org/id/institutionalchoice/endogenous,Endogenous,https://data.cooperationdatabank.org/vocab/prop/institutionalChoice,Institutional choice,https://data.cooperationdatabank.org/id/institutionalchoice/exogenous,Exogenous,https://data.cooperationdatabank.org/vocab/prop/studyExperimentalSetting,Experimental setting,https://data.cooperationdatabank.org/id/studyexperimentalsetting/2,Lab,https://data.cooperationdatabank.org/id/dependentvariable/cooperation,positive,test,2.0,positive,higher,2.0,0.2,0.2,0.6,0.6,"When comparing studies where institutional choice is endogenous and studies where institutional choice is exogenous, cooperation is significantly higher when experimental setting is lab."
26758,https://data.cooperationdatabank.org/vocab/prop/Institutional_ChoiceVariable,https://data.cooperationdatabank.org/vocab/prop/institutionalChoice,Institutional choice,https://data.cooperationdatabank.org/id/institutionalchoice/endogenous,Endogenous,https://data.cooperationdatabank.org/vocab/prop/institutionalChoice,Institutional choice,https://data.cooperationdatabank.org/id/institutionalchoice/exogenous,Exogenous,https://data.cooperationdatabank.org/vocab/prop/studyExperimentalSetting,Experimental setting,https://data.cooperationdatabank.org/id/studyexperimentalsetting/2,Lab,https://data.cooperationdatabank.org/id/dependentvariable/cooperation,positive,test,2.0,positive,higher,2.0,0.2,0.2,0.6,0.6,"When comparing studies where institutional choice is endogenous and studies where institutional choice is exogenous, cooperation is significantly higher when experimental setting is lab."
