,giv_prop,iv,iv_label,cat_t1,cat_t1_label,iv.1,iv_label.1,cat_t2,cat_t2_label,mod,mod_label,mod_val,mod_val_label,dependent,effect,td,pred_num,pred_readable,comparative,pred_true,score_0,score_1,score_2,max_score,hypothesis
8379,https://data.cooperationdatabank.org/vocab/prop/Institution__Variable,https://data.cooperationdatabank.org/vocab/prop/rebateorRefund,Rebate vs refund,https://data.cooperationdatabank.org/id/rebateorrefund/absent,Absent,https://data.cooperationdatabank.org/vocab/prop/rebateorRefund,Rebate vs refund,https://data.cooperationdatabank.org/id/rebateorrefund/full_refund,Full Refund,https://data.cooperationdatabank.org/vocab/prop/studyMatchingProtocol,Matching,https://data.cooperationdatabank.org/id/studymatchingprotocol/2,Partner,https://data.cooperationdatabank.org/id/dependentvariable/cooperation,noEffect,test,0.0,negative,lower,1.0,1.0,0.0,0.0,1.0,"When comparing studies where rebate vs refund is absent and studies where rebate vs refund is full refund, cooperation is significantly lower when matching is partner."
14540,https://data.cooperationdatabank.org/vocab/prop/Institution__Variable,https://data.cooperationdatabank.org/vocab/prop/rebateorRefund,Rebate vs refund,https://data.cooperationdatabank.org/id/rebateorrefund/absent,Absent,https://data.cooperationdatabank.org/vocab/prop/rebateorRefund,Rebate vs refund,https://data.cooperationdatabank.org/id/rebateorrefund/full_refund,Full Refund,https://data.cooperationdatabank.org/vocab/prop/countrySource,Source of country or region,https://data.cooperationdatabank.org/id/countrysource/3,All authors,https://data.cooperationdatabank.org/id/dependentvariable/cooperation,negative,test,0.0,negative,lower,0.0,1.0,0.0,0.0,1.0,"When comparing studies where rebate vs refund is absent and studies where rebate vs refund is full refund, cooperation is significantly lower when source of country or region is all authors."
8375,https://data.cooperationdatabank.org/vocab/prop/Institution__Variable,https://data.cooperationdatabank.org/vocab/prop/rebateorRefund,Rebate vs refund,https://data.cooperationdatabank.org/id/rebateorrefund/absent,Absent,https://data.cooperationdatabank.org/vocab/prop/rebateorRefund,Rebate vs refund,https://data.cooperationdatabank.org/id/rebateorrefund/full_refund,Full Refund,https://data.cooperationdatabank.org/vocab/prop/studyAcquaintance,Acquaintance,https://data.cooperationdatabank.org/id/studyacquaintance/0,Strangers,https://data.cooperationdatabank.org/id/dependentvariable/cooperation,noEffect,test,0.0,negative,lower,1.0,0.6666666666666666,0.3333333333333333,0.0,0.6666666666666666,"When comparing studies where rebate vs refund is absent and studies where rebate vs refund is full refund, cooperation is significantly lower when acquaintance is strangers."
12273,https://data.cooperationdatabank.org/vocab/prop/Institution__Variable,https://data.cooperationdatabank.org/vocab/prop/rebateorRefund,Rebate vs refund,https://data.cooperationdatabank.org/id/rebateorrefund/absent,Absent,https://data.cooperationdatabank.org/vocab/prop/rebateorRefund,Rebate vs refund,https://data.cooperationdatabank.org/id/rebateorrefund/full_refund,Full Refund,https://data.cooperationdatabank.org/vocab/prop/studyAcquaintance,Acquaintance,https://data.cooperationdatabank.org/id/studyacquaintance/0,Strangers,https://data.cooperationdatabank.org/id/dependentvariable/cooperation,noEffect,test,0.0,negative,lower,1.0,0.6666666666666666,0.3333333333333333,0.0,0.6666666666666666,"When comparing studies where rebate vs refund is absent and studies where rebate vs refund is full refund, cooperation is significantly lower when acquaintance is strangers."
