,giv_prop,iv,iv_label,cat_t1,cat_t1_label,iv.1,iv_label.1,cat_t2,cat_t2_label,mod,mod_label,mod_val,mod_val_label,dependent,effect,td,pred_num,pred_readable,comparative,pred_true,score_0,score_1,score_2,max_score,hypothesis
37384,https://data.cooperationdatabank.org/vocab/prop/Intergroup_Competition_Variable,https://data.cooperationdatabank.org/vocab/prop/intergroupComp,Intergroup competition,https://data.cooperationdatabank.org/id/intergroupcomp/intergroup_comparison,Individual group,https://data.cooperationdatabank.org/vocab/prop/intergroupComp,Intergroup competition,https://data.cooperationdatabank.org/id/intergroupcomp/individual_group,intergroup comparison,https://data.cooperationdatabank.org/vocab/prop/country,has country,https://data.cooperationdatabank.org/id/country/AUT,AUT,https://data.cooperationdatabank.org/id/dependentvariable/withdrawals,negative,test,0.0,negative,lower,0.0,1.0,0.0,0.0,1.0,"When comparing studies where intergroup competition is individual group and studies where intergroup competition is intergroup comparison, cooperation is significantly lower when has country is aut."
37347,https://data.cooperationdatabank.org/vocab/prop/Intergroup_Competition_Variable,https://data.cooperationdatabank.org/vocab/prop/intergroupComp,Intergroup competition,https://data.cooperationdatabank.org/id/intergroupcomp/intergroup_comparison,Individual group,https://data.cooperationdatabank.org/vocab/prop/intergroupComp,Intergroup competition,https://data.cooperationdatabank.org/id/intergroupcomp/individual_group,intergroup comparison,https://data.cooperationdatabank.org/vocab/prop/studyOneShot,One-shot vs repeated,https://data.cooperationdatabank.org/id/studyoneshot/0,Repeated,https://data.cooperationdatabank.org/id/dependentvariable/withdrawals,negative,test,0.0,negative,lower,0.0,1.0,0.0,0.0,1.0,"When comparing studies where intergroup competition is individual group and studies where intergroup competition is intergroup comparison, cooperation is significantly lower when one-shot vs repeated is repeated."
37406,https://data.cooperationdatabank.org/vocab/prop/Intergroup_Competition_Variable,https://data.cooperationdatabank.org/vocab/prop/intergroupComp,Intergroup competition,https://data.cooperationdatabank.org/id/intergroupcomp/intergroup_comparison,Individual group,https://data.cooperationdatabank.org/vocab/prop/intergroupComp,Intergroup competition,https://data.cooperationdatabank.org/id/intergroupcomp/individual_group,intergroup comparison,https://data.cooperationdatabank.org/vocab/prop/studyTrialOfCooperation,Trial of cooperation,https://data.cooperationdatabank.org/id/studytrialofcooperation/1,All trials,https://data.cooperationdatabank.org/id/dependentvariable/withdrawals,negative,test,0.0,negative,lower,0.0,1.0,0.0,0.0,1.0,"When comparing studies where intergroup competition is individual group and studies where intergroup competition is intergroup comparison, cooperation is significantly lower when trial of cooperation is all trials."
37386,https://data.cooperationdatabank.org/vocab/prop/Intergroup_Competition_Variable,https://data.cooperationdatabank.org/vocab/prop/intergroupComp,Intergroup competition,https://data.cooperationdatabank.org/id/intergroupcomp/intergroup_comparison,Individual group,https://data.cooperationdatabank.org/vocab/prop/intergroupComp,Intergroup competition,https://data.cooperationdatabank.org/id/intergroupcomp/individual_group,intergroup comparison,https://data.cooperationdatabank.org/vocab/prop/countrySource,Source of country or region,https://data.cooperationdatabank.org/id/countrysource/1,Specified country,https://data.cooperationdatabank.org/id/dependentvariable/withdrawals,negative,test,0.0,negative,lower,0.0,1.0,0.0,0.0,1.0,"When comparing studies where intergroup competition is individual group and studies where intergroup competition is intergroup comparison, cooperation is significantly lower when source of country or region is specified country."
37408,https://data.cooperationdatabank.org/vocab/prop/Intergroup_Competition_Variable,https://data.cooperationdatabank.org/vocab/prop/intergroupComp,Intergroup competition,https://data.cooperationdatabank.org/id/intergroupcomp/intergroup_comparison,Individual group,https://data.cooperationdatabank.org/vocab/prop/intergroupComp,Intergroup competition,https://data.cooperationdatabank.org/id/intergroupcomp/individual_group,intergroup comparison,https://data.cooperationdatabank.org/vocab/prop/yearSource,Source of year of data collection,https://data.cooperationdatabank.org/id/yearsource/5,Published,https://data.cooperationdatabank.org/id/dependentvariable/withdrawals,negative,test,0.0,negative,lower,0.0,1.0,0.0,0.0,1.0,"When comparing studies where intergroup competition is individual group and studies where intergroup competition is intergroup comparison, cooperation is significantly lower when source of year of data collection is published."
37286,https://data.cooperationdatabank.org/vocab/prop/Intergroup_Competition_Variable,https://data.cooperationdatabank.org/vocab/prop/intergroupComp,Intergroup competition,https://data.cooperationdatabank.org/id/intergroupcomp/intergroup_comparison,Individual group,https://data.cooperationdatabank.org/vocab/prop/intergroupComp,Intergroup competition,https://data.cooperationdatabank.org/id/intergroupcomp/individual_group,intergroup comparison,https://data.cooperationdatabank.org/vocab/prop/studyRealPartner,Real partner,https://data.cooperationdatabank.org/id/studyrealpartner/1,Real,https://data.cooperationdatabank.org/id/dependentvariable/withdrawals,negative,test,0.0,negative,lower,0.0,1.0,0.0,0.0,1.0,"When comparing studies where intergroup competition is individual group and studies where intergroup competition is intergroup comparison, cooperation is significantly lower when real partner is real."
37306,https://data.cooperationdatabank.org/vocab/prop/Intergroup_Competition_Variable,https://data.cooperationdatabank.org/vocab/prop/intergroupComp,Intergroup competition,https://data.cooperationdatabank.org/id/intergroupcomp/intergroup_comparison,Individual group,https://data.cooperationdatabank.org/vocab/prop/intergroupComp,Intergroup competition,https://data.cooperationdatabank.org/id/intergroupcomp/individual_group,intergroup comparison,https://data.cooperationdatabank.org/vocab/prop/studyExperimentalSetting,Experimental setting,https://data.cooperationdatabank.org/id/studyexperimentalsetting/2,Lab,https://data.cooperationdatabank.org/id/dependentvariable/withdrawals,negative,test,0.0,negative,lower,0.0,1.0,0.0,0.0,1.0,"When comparing studies where intergroup competition is individual group and studies where intergroup competition is intergroup comparison, cooperation is significantly lower when experimental setting is lab."
37346,https://data.cooperationdatabank.org/vocab/prop/Intergroup_Competition_Variable,https://data.cooperationdatabank.org/vocab/prop/intergroupComp,Intergroup competition,https://data.cooperationdatabank.org/id/intergroupcomp/intergroup_comparison,Individual group,https://data.cooperationdatabank.org/vocab/prop/intergroupComp,Intergroup competition,https://data.cooperationdatabank.org/id/intergroupcomp/individual_group,intergroup comparison,https://data.cooperationdatabank.org/vocab/prop/studyMatchingProtocol,Matching,https://data.cooperationdatabank.org/id/studymatchingprotocol/2,Partner,https://data.cooperationdatabank.org/id/dependentvariable/withdrawals,negative,test,0.0,negative,lower,0.0,1.0,0.0,0.0,1.0,"When comparing studies where intergroup competition is individual group and studies where intergroup competition is intergroup comparison, cooperation is significantly lower when matching is partner."
43166,https://data.cooperationdatabank.org/vocab/prop/Intergroup_Competition_Variable,https://data.cooperationdatabank.org/vocab/prop/intergroupComp,Intergroup competition,https://data.cooperationdatabank.org/id/intergroupcomp/intergroup_comparison,Individual group,https://data.cooperationdatabank.org/vocab/prop/intergroupComp,Intergroup competition,https://data.cooperationdatabank.org/id/intergroupcomp/individual_group,intergroup comparison,https://data.cooperationdatabank.org/vocab/prop/studyGameIncentive,Game incentive,https://data.cooperationdatabank.org/id/studygameincentive/4,Non-monetary lottery,https://data.cooperationdatabank.org/id/dependentvariable/contributions,positive,test,2.0,positive,higher,2.0,0.0,0.0,1.0,1.0,"When comparing studies where intergroup competition is individual group and studies where intergroup competition is intergroup comparison, cooperation is significantly higher when game incentive is non-monetary lottery."
43534,https://data.cooperationdatabank.org/vocab/prop/Intergroup_Competition_Variable,https://data.cooperationdatabank.org/vocab/prop/intergroupComp,Intergroup competition,https://data.cooperationdatabank.org/id/intergroupcomp/intergroup_comparison,Individual group,https://data.cooperationdatabank.org/vocab/prop/intergroupComp,Intergroup competition,https://data.cooperationdatabank.org/id/intergroupcomp/individual_group,intergroup comparison,https://data.cooperationdatabank.org/vocab/prop/yearSource,Source of year of data collection,https://data.cooperationdatabank.org/id/yearsource/4,Received/Submitted,https://data.cooperationdatabank.org/id/dependentvariable/cooperation,positive,test,0.0,negative,lower,2.0,1.0,0.0,0.0,1.0,"When comparing studies where intergroup competition is individual group and studies where intergroup competition is intergroup comparison, cooperation is significantly lower when source of year of data collection is submitted."
37277,https://data.cooperationdatabank.org/vocab/prop/Intergroup_Competition_Variable,https://data.cooperationdatabank.org/vocab/prop/intergroupComp,Intergroup competition,https://data.cooperationdatabank.org/id/intergroupcomp/intergroup_comparison,Individual group,https://data.cooperationdatabank.org/vocab/prop/intergroupComp,Intergroup competition,https://data.cooperationdatabank.org/id/intergroupcomp/individual_group,intergroup comparison,https://data.cooperationdatabank.org/vocab/prop/countrySource,Source of country or region,https://data.cooperationdatabank.org/id/countrysource/1,Specified country,https://data.cooperationdatabank.org/id/dependentvariable/withdrawals,negative,test,0.0,negative,lower,0.0,1.0,0.0,0.0,1.0,"When comparing studies where intergroup competition is individual group and studies where intergroup competition is intergroup comparison, cooperation is significantly lower when source of country or region is specified country."
37275,https://data.cooperationdatabank.org/vocab/prop/Intergroup_Competition_Variable,https://data.cooperationdatabank.org/vocab/prop/intergroupComp,Intergroup competition,https://data.cooperationdatabank.org/id/intergroupcomp/intergroup_comparison,Individual group,https://data.cooperationdatabank.org/vocab/prop/intergroupComp,Intergroup competition,https://data.cooperationdatabank.org/id/intergroupcomp/individual_group,intergroup comparison,https://data.cooperationdatabank.org/vocab/prop/country,has country,https://data.cooperationdatabank.org/id/country/AUT,AUT,https://data.cooperationdatabank.org/id/dependentvariable/withdrawals,negative,test,0.0,negative,lower,0.0,1.0,0.0,0.0,1.0,"When comparing studies where intergroup competition is individual group and studies where intergroup competition is intergroup comparison, cooperation is significantly lower when has country is aut."
43724,https://data.cooperationdatabank.org/vocab/prop/Intergroup_Competition_Variable,https://data.cooperationdatabank.org/vocab/prop/intergroupComp,Intergroup competition,https://data.cooperationdatabank.org/id/intergroupcomp/intergroup_comparison,Individual group,https://data.cooperationdatabank.org/vocab/prop/intergroupComp,Intergroup competition,https://data.cooperationdatabank.org/id/intergroupcomp/individual_group,intergroup comparison,https://data.cooperationdatabank.org/vocab/prop/studyOneShot,One-shot vs repeated,https://data.cooperationdatabank.org/id/studyoneshot/0,Repeated,https://data.cooperationdatabank.org/id/dependentvariable/contributions,positive,test,2.0,positive,higher,2.0,0.0,0.09090909090909091,0.9090909090909091,0.9090909090909091,"When comparing studies where intergroup competition is individual group and studies where intergroup competition is intergroup comparison, cooperation is significantly higher when one-shot vs repeated is repeated."
15596,https://data.cooperationdatabank.org/vocab/prop/Intergroup_Competition_Variable,https://data.cooperationdatabank.org/vocab/prop/intergroupComp,Intergroup competition,https://data.cooperationdatabank.org/id/intergroupcomp/intergroup_comparison,Individual group,https://data.cooperationdatabank.org/vocab/prop/intergroupComp,Intergroup competition,https://data.cooperationdatabank.org/id/intergroupcomp/individual_group,intergroup comparison,https://data.cooperationdatabank.org/vocab/prop/recruitmentMethod,Recruitment method,https://data.cooperationdatabank.org/id/recruitmentmethod/1,Participant pool,https://data.cooperationdatabank.org/id/dependentvariable/contributions,positive,test,2.0,positive,higher,2.0,0.0,0.09090909090909091,0.9090909090909091,0.9090909090909091,"When comparing studies where intergroup competition is individual group and studies where intergroup competition is intergroup comparison, cooperation is significantly higher when recruitment method is participant pool."
43752,https://data.cooperationdatabank.org/vocab/prop/Intergroup_Competition_Variable,https://data.cooperationdatabank.org/vocab/prop/intergroupComp,Intergroup competition,https://data.cooperationdatabank.org/id/intergroupcomp/intergroup_comparison,Individual group,https://data.cooperationdatabank.org/vocab/prop/intergroupComp,Intergroup competition,https://data.cooperationdatabank.org/id/intergroupcomp/individual_group,intergroup comparison,https://data.cooperationdatabank.org/vocab/prop/studyOneShot,One-shot vs repeated,https://data.cooperationdatabank.org/id/studyoneshot/0,Repeated,https://data.cooperationdatabank.org/id/dependentvariable/contributions,negative,test,2.0,positive,higher,0.0,0.0,0.09090909090909091,0.9090909090909091,0.9090909090909091,"When comparing studies where intergroup competition is individual group and studies where intergroup competition is intergroup comparison, cooperation is significantly higher when one-shot vs repeated is repeated."
37906,https://data.cooperationdatabank.org/vocab/prop/Intergroup_Competition_Variable,https://data.cooperationdatabank.org/vocab/prop/intergroupComp,Intergroup competition,https://data.cooperationdatabank.org/id/intergroupcomp/individual_group,Individual group,https://data.cooperationdatabank.org/vocab/prop/intergroupComp,Intergroup competition,https://data.cooperationdatabank.org/id/intergroupcomp/intergroup_prisoner's_dilemma,Intergroup Prisoner's Dilemma,https://data.cooperationdatabank.org/vocab/prop/discussion,Discussion,https://data.cooperationdatabank.org/id/discussion/1,Uni-directional,https://data.cooperationdatabank.org/id/dependentvariable/cooperation,noEffect,test,2.0,positive,higher,1.0,0.0,0.125,0.875,0.875,"When comparing studies where intergroup competition is individual group and studies where intergroup competition is intergroup prisoner's dilemma, cooperation is significantly higher when discussion is uni-directional."
43082,https://data.cooperationdatabank.org/vocab/prop/Intergroup_Competition_Variable,https://data.cooperationdatabank.org/vocab/prop/intergroupComp,Intergroup competition,https://data.cooperationdatabank.org/id/intergroupcomp/intergroup_comparison,intergroup comparison,https://data.cooperationdatabank.org/vocab/prop/intergroupComp,Intergroup competition,https://data.cooperationdatabank.org/id/intergroupcomp/individual_group,Individual group,https://data.cooperationdatabank.org/vocab/prop/studyRealPartner,Real partner,https://data.cooperationdatabank.org/id/studyrealpartner/1,Real,https://data.cooperationdatabank.org/id/dependentvariable/contributions,noEffect,test,2.0,positive,higher,1.0,0.16666666666666666,0.0,0.8333333333333334,0.8333333333333334,"When comparing studies where intergroup competition is intergroup comparison and studies where intergroup competition is individual group, cooperation is significantly higher when real partner is real."
15962,https://data.cooperationdatabank.org/vocab/prop/Intergroup_Competition_Variable,https://data.cooperationdatabank.org/vocab/prop/intergroupComp,Intergroup competition,https://data.cooperationdatabank.org/id/intergroupcomp/individual_group,intergroup competition,https://data.cooperationdatabank.org/vocab/prop/intergroupComp,Intergroup competition,https://data.cooperationdatabank.org/id/intergroupcomp/intergroup_competition,Individual group,https://data.cooperationdatabank.org/vocab/prop/discussion,Discussion,https://data.cooperationdatabank.org/id/discussion/0,Absent,https://data.cooperationdatabank.org/id/dependentvariable/cooperation,positive,test,0.0,negative,lower,2.0,0.8,0.2,0.0,0.8,"When comparing studies where intergroup competition is intergroup competition and studies where intergroup competition is individual group, cooperation is significantly lower when discussion is absent."
43379,https://data.cooperationdatabank.org/vocab/prop/Intergroup_Competition_Variable,https://data.cooperationdatabank.org/vocab/prop/intergroupComp,Intergroup competition,https://data.cooperationdatabank.org/id/intergroupcomp/intergroup_comparison,intergroup comparison,https://data.cooperationdatabank.org/vocab/prop/intergroupComp,Intergroup competition,https://data.cooperationdatabank.org/id/intergroupcomp/individual_group,Individual group,https://data.cooperationdatabank.org/vocab/prop/countrySource,Source of country or region,https://data.cooperationdatabank.org/id/countrysource/1,Specified country,https://data.cooperationdatabank.org/id/dependentvariable/contributions,noEffect,test,2.0,positive,higher,1.0,0.13333333333333333,0.13333333333333333,0.7333333333333333,0.7333333333333333,"When comparing studies where intergroup competition is intergroup comparison and studies where intergroup competition is individual group, cooperation is significantly higher when source of country or region is specified country."
43349,https://data.cooperationdatabank.org/vocab/prop/Intergroup_Competition_Variable,https://data.cooperationdatabank.org/vocab/prop/intergroupComp,Intergroup competition,https://data.cooperationdatabank.org/id/intergroupcomp/intergroup_comparison,intergroup comparison,https://data.cooperationdatabank.org/vocab/prop/intergroupComp,Intergroup competition,https://data.cooperationdatabank.org/id/intergroupcomp/individual_group,Individual group,https://data.cooperationdatabank.org/vocab/prop/countrySource,Source of country or region,https://data.cooperationdatabank.org/id/countrysource/1,Specified country,https://data.cooperationdatabank.org/id/dependentvariable/contributions,noEffect,test,2.0,positive,higher,1.0,0.13333333333333333,0.13333333333333333,0.7333333333333333,0.7333333333333333,"When comparing studies where intergroup competition is intergroup comparison and studies where intergroup competition is individual group, cooperation is significantly higher when source of country or region is specified country."
43319,https://data.cooperationdatabank.org/vocab/prop/Intergroup_Competition_Variable,https://data.cooperationdatabank.org/vocab/prop/intergroupComp,Intergroup competition,https://data.cooperationdatabank.org/id/intergroupcomp/intergroup_comparison,Individual group,https://data.cooperationdatabank.org/vocab/prop/intergroupComp,Intergroup competition,https://data.cooperationdatabank.org/id/intergroupcomp/individual_group,intergroup comparison,https://data.cooperationdatabank.org/vocab/prop/countrySource,Source of country or region,https://data.cooperationdatabank.org/id/countrysource/1,Specified country,https://data.cooperationdatabank.org/id/dependentvariable/contributions,negative,test,2.0,positive,higher,0.0,0.13333333333333333,0.13333333333333333,0.7333333333333333,0.7333333333333333,"When comparing studies where intergroup competition is individual group and studies where intergroup competition is intergroup comparison, cooperation is significantly higher when source of country or region is specified country."
43638,https://data.cooperationdatabank.org/vocab/prop/Intergroup_Competition_Variable,https://data.cooperationdatabank.org/vocab/prop/intergroupComp,Intergroup competition,https://data.cooperationdatabank.org/id/intergroupcomp/intergroup_comparison,Individual group,https://data.cooperationdatabank.org/vocab/prop/intergroupComp,Intergroup competition,https://data.cooperationdatabank.org/id/intergroupcomp/individual_group,intergroup comparison,https://data.cooperationdatabank.org/vocab/prop/countrySource,Source of country or region,https://data.cooperationdatabank.org/id/countrysource/1,Specified country,https://data.cooperationdatabank.org/id/dependentvariable/contributions,positive,test,2.0,positive,higher,2.0,0.13333333333333333,0.13333333333333333,0.7333333333333333,0.7333333333333333,"When comparing studies where intergroup competition is individual group and studies where intergroup competition is intergroup comparison, cooperation is significantly higher when source of country or region is specified country."
20555,https://data.cooperationdatabank.org/vocab/prop/Intergroup_Competition_Variable,https://data.cooperationdatabank.org/vocab/prop/intergroupComp,Intergroup competition,https://data.cooperationdatabank.org/id/intergroupcomp/individual_group,Individual group,https://data.cooperationdatabank.org/vocab/prop/intergroupComp,Intergroup competition,https://data.cooperationdatabank.org/id/intergroupcomp/intergroup_competition,intergroup competition,https://data.cooperationdatabank.org/vocab/prop/studyContinuousPGG,Continuous vs step-level public goods,https://data.cooperationdatabank.org/id/studycontinuouspgg/1,Continuous,https://data.cooperationdatabank.org/id/dependentvariable/contributions,negative,test,0.0,negative,lower,0.0,0.717948717948718,0.28205128205128205,0.0,0.717948717948718,"When comparing studies where intergroup competition is individual group and studies where intergroup competition is intergroup competition, cooperation is significantly lower when continuous vs step-level public goods is continuous."
20491,https://data.cooperationdatabank.org/vocab/prop/Intergroup_Competition_Variable,https://data.cooperationdatabank.org/vocab/prop/intergroupComp,Intergroup competition,https://data.cooperationdatabank.org/id/intergroupcomp/individual_group,Individual group,https://data.cooperationdatabank.org/vocab/prop/intergroupComp,Intergroup competition,https://data.cooperationdatabank.org/id/intergroupcomp/intergroup_competition,intergroup competition,https://data.cooperationdatabank.org/vocab/prop/studyContinuousPGG,Continuous vs step-level public goods,https://data.cooperationdatabank.org/id/studycontinuouspgg/1,Continuous,https://data.cooperationdatabank.org/id/dependentvariable/contributions,noEffect,test,0.0,negative,lower,1.0,0.717948717948718,0.28205128205128205,0.0,0.717948717948718,"When comparing studies where intergroup competition is individual group and studies where intergroup competition is intergroup competition, cooperation is significantly lower when continuous vs step-level public goods is continuous."
20581,https://data.cooperationdatabank.org/vocab/prop/Intergroup_Competition_Variable,https://data.cooperationdatabank.org/vocab/prop/intergroupComp,Intergroup competition,https://data.cooperationdatabank.org/id/intergroupcomp/individual_group,Individual group,https://data.cooperationdatabank.org/vocab/prop/intergroupComp,Intergroup competition,https://data.cooperationdatabank.org/id/intergroupcomp/intergroup_competition,intergroup competition,https://data.cooperationdatabank.org/vocab/prop/studyGameIncentive,Game incentive,https://data.cooperationdatabank.org/id/studygameincentive/1,Monetary,https://data.cooperationdatabank.org/id/dependentvariable/contributions,noEffect,test,0.0,negative,lower,1.0,0.717948717948718,0.28205128205128205,0.0,0.717948717948718,"When comparing studies where intergroup competition is individual group and studies where intergroup competition is intergroup competition, cooperation is significantly lower when game incentive is monetary."
45169,https://data.cooperationdatabank.org/vocab/prop/Intergroup_Competition_Variable,https://data.cooperationdatabank.org/vocab/prop/intergroupComp,Intergroup competition,https://data.cooperationdatabank.org/id/intergroupcomp/individual_group,Individual group,https://data.cooperationdatabank.org/vocab/prop/intergroupComp,Intergroup competition,https://data.cooperationdatabank.org/id/intergroupcomp/intergroup_prisoner's_dilemma,Intergroup Prisoner's Dilemma,https://data.cooperationdatabank.org/vocab/prop/publicationStatus,Published,https://data.cooperationdatabank.org/id/publicationstatus/1,Published Article,https://data.cooperationdatabank.org/id/dependentvariable/cooperation,noEffect,test,2.0,positive,higher,1.0,0.0,0.3,0.7,0.7,"When comparing studies where intergroup competition is individual group and studies where intergroup competition is intergroup prisoner's dilemma, cooperation is significantly higher when published is published article."
34886,https://data.cooperationdatabank.org/vocab/prop/Intergroup_Competition_Variable,https://data.cooperationdatabank.org/vocab/prop/intergroupComp,Intergroup competition,https://data.cooperationdatabank.org/id/intergroupcomp/individual_group,Individual group,https://data.cooperationdatabank.org/vocab/prop/intergroupComp,Intergroup competition,https://data.cooperationdatabank.org/id/intergroupcomp/intergroup_prisoner's_dilemma,Intergroup Prisoner's Dilemma,https://data.cooperationdatabank.org/vocab/prop/publicationStatus,Published,https://data.cooperationdatabank.org/id/publicationstatus/1,Published Article,https://data.cooperationdatabank.org/id/dependentvariable/cooperation,noEffect,test,2.0,positive,higher,1.0,0.0,0.3,0.7,0.7,"When comparing studies where intergroup competition is individual group and studies where intergroup competition is intergroup prisoner's dilemma, cooperation is significantly higher when published is published article."
13040,https://data.cooperationdatabank.org/vocab/prop/Intergroup_Competition_Variable,https://data.cooperationdatabank.org/vocab/prop/intergroupComp,Intergroup competition,https://data.cooperationdatabank.org/id/intergroupcomp/intergroup_comparison,Individual group,https://data.cooperationdatabank.org/vocab/prop/intergroupComp,Intergroup competition,https://data.cooperationdatabank.org/id/intergroupcomp/individual_group,intergroup comparison,https://data.cooperationdatabank.org/vocab/prop/studyMatchingProtocol,Matching,https://data.cooperationdatabank.org/id/studymatchingprotocol/2,Partner,https://data.cooperationdatabank.org/id/dependentvariable/cooperation,negative,test,0.0,negative,lower,0.0,0.68,0.04,0.28,0.68,"When comparing studies where intergroup competition is individual group and studies where intergroup competition is intergroup comparison, cooperation is significantly lower when matching is partner."
43032,https://data.cooperationdatabank.org/vocab/prop/Intergroup_Competition_Variable,https://data.cooperationdatabank.org/vocab/prop/intergroupComp,Intergroup competition,https://data.cooperationdatabank.org/id/intergroupcomp/intergroup_comparison,intergroup comparison,https://data.cooperationdatabank.org/vocab/prop/intergroupComp,Intergroup competition,https://data.cooperationdatabank.org/id/intergroupcomp/individual_group,Individual group,https://data.cooperationdatabank.org/vocab/prop/countrySource,Source of country or region,https://data.cooperationdatabank.org/id/countrysource/1,Specified country,https://data.cooperationdatabank.org/id/dependentvariable/cooperation,noEffect,test,0.0,negative,lower,1.0,0.68,0.04,0.28,0.68,"When comparing studies where intergroup competition is intergroup comparison and studies where intergroup competition is individual group, cooperation is significantly lower when source of country or region is specified country."
43046,https://data.cooperationdatabank.org/vocab/prop/Intergroup_Competition_Variable,https://data.cooperationdatabank.org/vocab/prop/intergroupComp,Intergroup competition,https://data.cooperationdatabank.org/id/intergroupcomp/intergroup_comparison,intergroup comparison,https://data.cooperationdatabank.org/vocab/prop/intergroupComp,Intergroup competition,https://data.cooperationdatabank.org/id/intergroupcomp/individual_group,Individual group,https://data.cooperationdatabank.org/vocab/prop/studyMatchingProtocol,Matching,https://data.cooperationdatabank.org/id/studymatchingprotocol/2,Partner,https://data.cooperationdatabank.org/id/dependentvariable/cooperation,noEffect,test,0.0,negative,lower,1.0,0.68,0.04,0.28,0.68,"When comparing studies where intergroup competition is intergroup comparison and studies where intergroup competition is individual group, cooperation is significantly lower when matching is partner."
43498,https://data.cooperationdatabank.org/vocab/prop/Intergroup_Competition_Variable,https://data.cooperationdatabank.org/vocab/prop/intergroupComp,Intergroup competition,https://data.cooperationdatabank.org/id/intergroupcomp/intergroup_comparison,Individual group,https://data.cooperationdatabank.org/vocab/prop/intergroupComp,Intergroup competition,https://data.cooperationdatabank.org/id/intergroupcomp/individual_group,intergroup comparison,https://data.cooperationdatabank.org/vocab/prop/studyMatchingProtocol,Matching,https://data.cooperationdatabank.org/id/studymatchingprotocol/1,Stranger,https://data.cooperationdatabank.org/id/dependentvariable/cooperation,negative,test,0.0,negative,lower,0.0,0.68,0.04,0.28,0.68,"When comparing studies where intergroup competition is individual group and studies where intergroup competition is intergroup comparison, cooperation is significantly lower when matching is stranger."
43550,https://data.cooperationdatabank.org/vocab/prop/Intergroup_Competition_Variable,https://data.cooperationdatabank.org/vocab/prop/intergroupComp,Intergroup competition,https://data.cooperationdatabank.org/id/intergroupcomp/intergroup_comparison,Individual group,https://data.cooperationdatabank.org/vocab/prop/intergroupComp,Intergroup competition,https://data.cooperationdatabank.org/id/intergroupcomp/individual_group,intergroup comparison,https://data.cooperationdatabank.org/vocab/prop/studyExperimentalSetting,Experimental setting,https://data.cooperationdatabank.org/id/studyexperimentalsetting/2,Lab,https://data.cooperationdatabank.org/id/dependentvariable/cooperation,negative,test,0.0,negative,lower,0.0,0.68,0.04,0.28,0.68,"When comparing studies where intergroup competition is individual group and studies where intergroup competition is intergroup comparison, cooperation is significantly lower when experimental setting is lab."
20489,https://data.cooperationdatabank.org/vocab/prop/Intergroup_Competition_Variable,https://data.cooperationdatabank.org/vocab/prop/intergroupComp,Intergroup competition,https://data.cooperationdatabank.org/id/intergroupcomp/individual_group,Individual group,https://data.cooperationdatabank.org/vocab/prop/intergroupComp,Intergroup competition,https://data.cooperationdatabank.org/id/intergroupcomp/intergroup_competition,intergroup competition,https://data.cooperationdatabank.org/vocab/prop/studyTrialOfCooperation,Trial of cooperation,https://data.cooperationdatabank.org/id/studytrialofcooperation/1,All trials,https://data.cooperationdatabank.org/id/dependentvariable/contributions,noEffect,test,0.0,negative,lower,1.0,0.6736842105263158,0.3263157894736842,0.0,0.6736842105263158,"When comparing studies where intergroup competition is individual group and studies where intergroup competition is intergroup competition, cooperation is significantly lower when trial of cooperation is all trials."
20615,https://data.cooperationdatabank.org/vocab/prop/Intergroup_Competition_Variable,https://data.cooperationdatabank.org/vocab/prop/intergroupComp,Intergroup competition,https://data.cooperationdatabank.org/id/intergroupcomp/individual_group,Individual group,https://data.cooperationdatabank.org/vocab/prop/intergroupComp,Intergroup competition,https://data.cooperationdatabank.org/id/intergroupcomp/intergroup_competition,intergroup competition,https://data.cooperationdatabank.org/vocab/prop/studyOneShot,One-shot vs repeated,https://data.cooperationdatabank.org/id/studyoneshot/1,One-shot,https://data.cooperationdatabank.org/id/dependentvariable/contributions,negative,test,0.0,negative,lower,0.0,0.6736842105263158,0.3263157894736842,0.0,0.6736842105263158,"When comparing studies where intergroup competition is individual group and studies where intergroup competition is intergroup competition, cooperation is significantly lower when one-shot vs repeated is one-shot."
20626,https://data.cooperationdatabank.org/vocab/prop/Intergroup_Competition_Variable,https://data.cooperationdatabank.org/vocab/prop/intergroupComp,Intergroup competition,https://data.cooperationdatabank.org/id/intergroupcomp/individual_group,Individual group,https://data.cooperationdatabank.org/vocab/prop/intergroupComp,Intergroup competition,https://data.cooperationdatabank.org/id/intergroupcomp/intergroup_competition,intergroup competition,https://data.cooperationdatabank.org/vocab/prop/studyAcquaintance,Acquaintance,https://data.cooperationdatabank.org/id/studyacquaintance/0,Strangers,https://data.cooperationdatabank.org/id/dependentvariable/contributions,noEffect,test,0.0,negative,lower,1.0,0.6736842105263158,0.3263157894736842,0.0,0.6736842105263158,"When comparing studies where intergroup competition is individual group and studies where intergroup competition is intergroup competition, cooperation is significantly lower when acquaintance is strangers."
20631,https://data.cooperationdatabank.org/vocab/prop/Intergroup_Competition_Variable,https://data.cooperationdatabank.org/vocab/prop/intergroupComp,Intergroup competition,https://data.cooperationdatabank.org/id/intergroupcomp/individual_group,Individual group,https://data.cooperationdatabank.org/vocab/prop/intergroupComp,Intergroup competition,https://data.cooperationdatabank.org/id/intergroupcomp/intergroup_competition,intergroup competition,https://data.cooperationdatabank.org/vocab/prop/studyOneShot,One-shot vs repeated,https://data.cooperationdatabank.org/id/studyoneshot/1,One-shot,https://data.cooperationdatabank.org/id/dependentvariable/contributions,noEffect,test,0.0,negative,lower,1.0,0.6736842105263158,0.3263157894736842,0.0,0.6736842105263158,"When comparing studies where intergroup competition is individual group and studies where intergroup competition is intergroup competition, cooperation is significantly lower when one-shot vs repeated is one-shot."
20599,https://data.cooperationdatabank.org/vocab/prop/Intergroup_Competition_Variable,https://data.cooperationdatabank.org/vocab/prop/intergroupComp,Intergroup competition,https://data.cooperationdatabank.org/id/intergroupcomp/individual_group,Individual group,https://data.cooperationdatabank.org/vocab/prop/intergroupComp,Intergroup competition,https://data.cooperationdatabank.org/id/intergroupcomp/intergroup_competition,intergroup competition,https://data.cooperationdatabank.org/vocab/prop/studyOneShot,One-shot vs repeated,https://data.cooperationdatabank.org/id/studyoneshot/1,One-shot,https://data.cooperationdatabank.org/id/dependentvariable/contributions,noEffect,test,0.0,negative,lower,1.0,0.6736842105263158,0.3263157894736842,0.0,0.6736842105263158,"When comparing studies where intergroup competition is individual group and studies where intergroup competition is intergroup competition, cooperation is significantly lower when one-shot vs repeated is one-shot."
20503,https://data.cooperationdatabank.org/vocab/prop/Intergroup_Competition_Variable,https://data.cooperationdatabank.org/vocab/prop/intergroupComp,Intergroup competition,https://data.cooperationdatabank.org/id/intergroupcomp/individual_group,Individual group,https://data.cooperationdatabank.org/vocab/prop/intergroupComp,Intergroup competition,https://data.cooperationdatabank.org/id/intergroupcomp/intergroup_competition,intergroup competition,https://data.cooperationdatabank.org/vocab/prop/studyOneShot,One-shot vs repeated,https://data.cooperationdatabank.org/id/studyoneshot/1,One-shot,https://data.cooperationdatabank.org/id/dependentvariable/contributions,negative,test,0.0,negative,lower,0.0,0.6736842105263158,0.3263157894736842,0.0,0.6736842105263158,"When comparing studies where intergroup competition is individual group and studies where intergroup competition is intergroup competition, cooperation is significantly lower when one-shot vs repeated is one-shot."
20513,https://data.cooperationdatabank.org/vocab/prop/Intergroup_Competition_Variable,https://data.cooperationdatabank.org/vocab/prop/intergroupComp,Intergroup competition,https://data.cooperationdatabank.org/id/intergroupcomp/individual_group,Individual group,https://data.cooperationdatabank.org/vocab/prop/intergroupComp,Intergroup competition,https://data.cooperationdatabank.org/id/intergroupcomp/intergroup_competition,intergroup competition,https://data.cooperationdatabank.org/vocab/prop/publicationStatus,Published,https://data.cooperationdatabank.org/id/publicationstatus/1,Published Article,https://data.cooperationdatabank.org/id/dependentvariable/contributions,noEffect,test,0.0,negative,lower,1.0,0.6736842105263158,0.3263157894736842,0.0,0.6736842105263158,"When comparing studies where intergroup competition is individual group and studies where intergroup competition is intergroup competition, cooperation is significantly lower when published is published article."
20530,https://data.cooperationdatabank.org/vocab/prop/Intergroup_Competition_Variable,https://data.cooperationdatabank.org/vocab/prop/intergroupComp,Intergroup competition,https://data.cooperationdatabank.org/id/intergroupcomp/individual_group,Individual group,https://data.cooperationdatabank.org/vocab/prop/intergroupComp,Intergroup competition,https://data.cooperationdatabank.org/id/intergroupcomp/intergroup_competition,intergroup competition,https://data.cooperationdatabank.org/vocab/prop/studyAcquaintance,Acquaintance,https://data.cooperationdatabank.org/id/studyacquaintance/0,Strangers,https://data.cooperationdatabank.org/id/dependentvariable/contributions,noEffect,test,0.0,negative,lower,1.0,0.6736842105263158,0.3263157894736842,0.0,0.6736842105263158,"When comparing studies where intergroup competition is individual group and studies where intergroup competition is intergroup competition, cooperation is significantly lower when acquaintance is strangers."
20521,https://data.cooperationdatabank.org/vocab/prop/Intergroup_Competition_Variable,https://data.cooperationdatabank.org/vocab/prop/intergroupComp,Intergroup competition,https://data.cooperationdatabank.org/id/intergroupcomp/individual_group,Individual group,https://data.cooperationdatabank.org/vocab/prop/intergroupComp,Intergroup competition,https://data.cooperationdatabank.org/id/intergroupcomp/intergroup_competition,intergroup competition,https://data.cooperationdatabank.org/vocab/prop/studyTrialOfCooperation,Trial of cooperation,https://data.cooperationdatabank.org/id/studytrialofcooperation/1,All trials,https://data.cooperationdatabank.org/id/dependentvariable/contributions,noEffect,test,0.0,negative,lower,1.0,0.6736842105263158,0.3263157894736842,0.0,0.6736842105263158,"When comparing studies where intergroup competition is individual group and studies where intergroup competition is intergroup competition, cooperation is significantly lower when trial of cooperation is all trials."
20583,https://data.cooperationdatabank.org/vocab/prop/Intergroup_Competition_Variable,https://data.cooperationdatabank.org/vocab/prop/intergroupComp,Intergroup competition,https://data.cooperationdatabank.org/id/intergroupcomp/individual_group,Individual group,https://data.cooperationdatabank.org/vocab/prop/intergroupComp,Intergroup competition,https://data.cooperationdatabank.org/id/intergroupcomp/intergroup_competition,intergroup competition,https://data.cooperationdatabank.org/vocab/prop/studyOneShot,One-shot vs repeated,https://data.cooperationdatabank.org/id/studyoneshot/1,One-shot,https://data.cooperationdatabank.org/id/dependentvariable/contributions,noEffect,test,0.0,negative,lower,1.0,0.6736842105263158,0.3263157894736842,0.0,0.6736842105263158,"When comparing studies where intergroup competition is individual group and studies where intergroup competition is intergroup competition, cooperation is significantly lower when one-shot vs repeated is one-shot."
20594,https://data.cooperationdatabank.org/vocab/prop/Intergroup_Competition_Variable,https://data.cooperationdatabank.org/vocab/prop/intergroupComp,Intergroup competition,https://data.cooperationdatabank.org/id/intergroupcomp/individual_group,Individual group,https://data.cooperationdatabank.org/vocab/prop/intergroupComp,Intergroup competition,https://data.cooperationdatabank.org/id/intergroupcomp/intergroup_competition,intergroup competition,https://data.cooperationdatabank.org/vocab/prop/studyAcquaintance,Acquaintance,https://data.cooperationdatabank.org/id/studyacquaintance/0,Strangers,https://data.cooperationdatabank.org/id/dependentvariable/contributions,noEffect,test,0.0,negative,lower,1.0,0.6736842105263158,0.3263157894736842,0.0,0.6736842105263158,"When comparing studies where intergroup competition is individual group and studies where intergroup competition is intergroup competition, cooperation is significantly lower when acquaintance is strangers."
20560,https://data.cooperationdatabank.org/vocab/prop/Intergroup_Competition_Variable,https://data.cooperationdatabank.org/vocab/prop/intergroupComp,Intergroup competition,https://data.cooperationdatabank.org/id/intergroupcomp/individual_group,Individual group,https://data.cooperationdatabank.org/vocab/prop/intergroupComp,Intergroup competition,https://data.cooperationdatabank.org/id/intergroupcomp/intergroup_competition,intergroup competition,https://data.cooperationdatabank.org/vocab/prop/discussion,Discussion,https://data.cooperationdatabank.org/id/discussion/0,Absent,https://data.cooperationdatabank.org/id/dependentvariable/contributions,negative,test,0.0,negative,lower,0.0,0.6736842105263158,0.3263157894736842,0.0,0.6736842105263158,"When comparing studies where intergroup competition is individual group and studies where intergroup competition is intergroup competition, cooperation is significantly lower when discussion is absent."
20551,https://data.cooperationdatabank.org/vocab/prop/Intergroup_Competition_Variable,https://data.cooperationdatabank.org/vocab/prop/intergroupComp,Intergroup competition,https://data.cooperationdatabank.org/id/intergroupcomp/individual_group,Individual group,https://data.cooperationdatabank.org/vocab/prop/intergroupComp,Intergroup competition,https://data.cooperationdatabank.org/id/intergroupcomp/intergroup_competition,intergroup competition,https://data.cooperationdatabank.org/vocab/prop/studyOneShot,One-shot vs repeated,https://data.cooperationdatabank.org/id/studyoneshot/1,One-shot,https://data.cooperationdatabank.org/id/dependentvariable/contributions,negative,test,0.0,negative,lower,0.0,0.6736842105263158,0.3263157894736842,0.0,0.6736842105263158,"When comparing studies where intergroup competition is individual group and studies where intergroup competition is intergroup competition, cooperation is significantly lower when one-shot vs repeated is one-shot."
20516,https://data.cooperationdatabank.org/vocab/prop/Intergroup_Competition_Variable,https://data.cooperationdatabank.org/vocab/prop/intergroupComp,Intergroup competition,https://data.cooperationdatabank.org/id/intergroupcomp/individual_group,Individual group,https://data.cooperationdatabank.org/vocab/prop/intergroupComp,Intergroup competition,https://data.cooperationdatabank.org/id/intergroupcomp/intergroup_competition,intergroup competition,https://data.cooperationdatabank.org/vocab/prop/studyExperimentalSetting,Experimental setting,https://data.cooperationdatabank.org/id/studyexperimentalsetting/2,Lab,https://data.cooperationdatabank.org/id/dependentvariable/contributions,noEffect,test,0.0,negative,lower,1.0,0.6736842105263158,0.3263157894736842,0.0,0.6736842105263158,"When comparing studies where intergroup competition is individual group and studies where intergroup competition is intergroup competition, cooperation is significantly lower when experimental setting is lab."
43532,https://data.cooperationdatabank.org/vocab/prop/Intergroup_Competition_Variable,https://data.cooperationdatabank.org/vocab/prop/intergroupComp,Intergroup competition,https://data.cooperationdatabank.org/id/intergroupcomp/intergroup_comparison,Individual group,https://data.cooperationdatabank.org/vocab/prop/intergroupComp,Intergroup competition,https://data.cooperationdatabank.org/id/intergroupcomp/individual_group,intergroup comparison,https://data.cooperationdatabank.org/vocab/prop/studyTrialOfCooperation,Trial of cooperation,https://data.cooperationdatabank.org/id/studytrialofcooperation/1,All trials,https://data.cooperationdatabank.org/id/dependentvariable/cooperation,positive,test,0.0,negative,lower,2.0,0.6666666666666666,0.3333333333333333,0.0,0.6666666666666666,"When comparing studies where intergroup competition is individual group and studies where intergroup competition is intergroup comparison, cooperation is significantly lower when trial of cooperation is all trials."
43504,https://data.cooperationdatabank.org/vocab/prop/Intergroup_Competition_Variable,https://data.cooperationdatabank.org/vocab/prop/intergroupComp,Intergroup competition,https://data.cooperationdatabank.org/id/intergroupcomp/intergroup_comparison,Individual group,https://data.cooperationdatabank.org/vocab/prop/intergroupComp,Intergroup competition,https://data.cooperationdatabank.org/id/intergroupcomp/individual_group,intergroup comparison,https://data.cooperationdatabank.org/vocab/prop/studyTrialOfCooperation,Trial of cooperation,https://data.cooperationdatabank.org/id/studytrialofcooperation/1,All trials,https://data.cooperationdatabank.org/id/dependentvariable/cooperation,negative,test,0.0,negative,lower,0.0,0.6666666666666666,0.3333333333333333,0.0,0.6666666666666666,"When comparing studies where intergroup competition is individual group and studies where intergroup competition is intergroup comparison, cooperation is significantly lower when trial of cooperation is all trials."
43536,https://data.cooperationdatabank.org/vocab/prop/Intergroup_Competition_Variable,https://data.cooperationdatabank.org/vocab/prop/intergroupComp,Intergroup competition,https://data.cooperationdatabank.org/id/intergroupcomp/intergroup_comparison,Individual group,https://data.cooperationdatabank.org/vocab/prop/intergroupComp,Intergroup competition,https://data.cooperationdatabank.org/id/intergroupcomp/individual_group,intergroup comparison,https://data.cooperationdatabank.org/vocab/prop/studyContinuousPGG,Continuous vs step-level public goods,https://data.cooperationdatabank.org/id/studycontinuouspgg/2,Step-level,https://data.cooperationdatabank.org/id/dependentvariable/cooperation,positive,test,0.0,negative,lower,2.0,0.6666666666666666,0.3333333333333333,0.0,0.6666666666666666,"When comparing studies where intergroup competition is individual group and studies where intergroup competition is intergroup comparison, cooperation is significantly lower when continuous vs step-level public goods is step-level."
35609,https://data.cooperationdatabank.org/vocab/prop/Intergroup_Competition_Variable,https://data.cooperationdatabank.org/vocab/prop/intergroupComp,Intergroup competition,https://data.cooperationdatabank.org/id/intergroupcomp/intergroup_comparison,intergroup comparison,https://data.cooperationdatabank.org/vocab/prop/intergroupComp,Intergroup competition,https://data.cooperationdatabank.org/id/intergroupcomp/intergroup_competition,intergroup competition,https://data.cooperationdatabank.org/vocab/prop/discussion,Discussion,https://data.cooperationdatabank.org/id/discussion/0,Absent,https://data.cooperationdatabank.org/id/dependentvariable/contributions,negative,test,0.0,negative,lower,0.0,0.6666666666666666,0.0,0.3333333333333333,0.6666666666666666,"When comparing studies where intergroup competition is intergroup comparison and studies where intergroup competition is intergroup competition, cooperation is significantly lower when discussion is absent."
24391,https://data.cooperationdatabank.org/vocab/prop/Intergroup_Competition_Variable,https://data.cooperationdatabank.org/vocab/prop/intergroupComp,Intergroup competition,https://data.cooperationdatabank.org/id/intergroupcomp/individual_group,Individual group,https://data.cooperationdatabank.org/vocab/prop/intergroupComp,Intergroup competition,https://data.cooperationdatabank.org/id/intergroupcomp/intergroup_prisoner's_dilemma,Intergroup Prisoner's Dilemma,https://data.cooperationdatabank.org/vocab/prop/studyGameIncentive,Game incentive,https://data.cooperationdatabank.org/id/studygameincentive/1,Monetary,https://data.cooperationdatabank.org/id/dependentvariable/cooperation,noEffect,test,2.0,positive,higher,1.0,0.0,0.36363636363636365,0.6363636363636364,0.6363636363636364,"When comparing studies where intergroup competition is individual group and studies where intergroup competition is intergroup prisoner's dilemma, cooperation is significantly higher when game incentive is monetary."
37933,https://data.cooperationdatabank.org/vocab/prop/Intergroup_Competition_Variable,https://data.cooperationdatabank.org/vocab/prop/intergroupComp,Intergroup competition,https://data.cooperationdatabank.org/id/intergroupcomp/individual_group,Individual group,https://data.cooperationdatabank.org/vocab/prop/intergroupComp,Intergroup competition,https://data.cooperationdatabank.org/id/intergroupcomp/intergroup_prisoner's_dilemma,Intergroup Prisoner's Dilemma,https://data.cooperationdatabank.org/vocab/prop/studyOneShot,One-shot vs repeated,https://data.cooperationdatabank.org/id/studyoneshot/0,Repeated,https://data.cooperationdatabank.org/id/dependentvariable/cooperation,noEffect,test,2.0,positive,higher,1.0,0.0,0.38461538461538464,0.6153846153846154,0.6153846153846154,"When comparing studies where intergroup competition is individual group and studies where intergroup competition is intergroup prisoner's dilemma, cooperation is significantly higher when one-shot vs repeated is repeated."
43630,https://data.cooperationdatabank.org/vocab/prop/Intergroup_Competition_Variable,https://data.cooperationdatabank.org/vocab/prop/intergroupComp,Intergroup competition,https://data.cooperationdatabank.org/id/intergroupcomp/intergroup_comparison,Individual group,https://data.cooperationdatabank.org/vocab/prop/intergroupComp,Intergroup competition,https://data.cooperationdatabank.org/id/intergroupcomp/individual_group,intergroup comparison,https://data.cooperationdatabank.org/vocab/prop/studyTrialOfCooperation,Trial of cooperation,https://data.cooperationdatabank.org/id/studytrialofcooperation/1,All trials,https://data.cooperationdatabank.org/id/dependentvariable/contributions,positive,test,2.0,positive,higher,2.0,0.20710059171597633,0.20118343195266272,0.591715976331361,0.591715976331361,"When comparing studies where intergroup competition is individual group and studies where intergroup competition is intergroup comparison, cooperation is significantly higher when trial of cooperation is all trials."
43706,https://data.cooperationdatabank.org/vocab/prop/Intergroup_Competition_Variable,https://data.cooperationdatabank.org/vocab/prop/intergroupComp,Intergroup competition,https://data.cooperationdatabank.org/id/intergroupcomp/intergroup_comparison,Individual group,https://data.cooperationdatabank.org/vocab/prop/intergroupComp,Intergroup competition,https://data.cooperationdatabank.org/id/intergroupcomp/individual_group,intergroup comparison,https://data.cooperationdatabank.org/vocab/prop/country,has country,https://data.cooperationdatabank.org/id/country/GBR,GBR,https://data.cooperationdatabank.org/id/dependentvariable/contributions,positive,test,2.0,positive,higher,2.0,0.20710059171597633,0.20118343195266272,0.591715976331361,0.591715976331361,"When comparing studies where intergroup competition is individual group and studies where intergroup competition is intergroup comparison, cooperation is significantly higher when has country is gbr."
43646,https://data.cooperationdatabank.org/vocab/prop/Intergroup_Competition_Variable,https://data.cooperationdatabank.org/vocab/prop/intergroupComp,Intergroup competition,https://data.cooperationdatabank.org/id/intergroupcomp/intergroup_comparison,Individual group,https://data.cooperationdatabank.org/vocab/prop/intergroupComp,Intergroup competition,https://data.cooperationdatabank.org/id/intergroupcomp/individual_group,intergroup comparison,https://data.cooperationdatabank.org/vocab/prop/studyDilemmaType,Game type,https://data.cooperationdatabank.org/id/studydilemmatype/2,Public Goods Game,https://data.cooperationdatabank.org/id/dependentvariable/contributions,positive,test,2.0,positive,higher,2.0,0.20710059171597633,0.20118343195266272,0.591715976331361,0.591715976331361,"When comparing studies where intergroup competition is individual group and studies where intergroup competition is intergroup comparison, cooperation is significantly higher when game type is public goods game."
43359,https://data.cooperationdatabank.org/vocab/prop/Intergroup_Competition_Variable,https://data.cooperationdatabank.org/vocab/prop/intergroupComp,Intergroup competition,https://data.cooperationdatabank.org/id/intergroupcomp/intergroup_comparison,intergroup comparison,https://data.cooperationdatabank.org/vocab/prop/intergroupComp,Intergroup competition,https://data.cooperationdatabank.org/id/intergroupcomp/individual_group,Individual group,https://data.cooperationdatabank.org/vocab/prop/studyExperimentalSetting,Experimental setting,https://data.cooperationdatabank.org/id/studyexperimentalsetting/2,Lab,https://data.cooperationdatabank.org/id/dependentvariable/contributions,noEffect,test,2.0,positive,higher,1.0,0.20710059171597633,0.20118343195266272,0.591715976331361,0.591715976331361,"When comparing studies where intergroup competition is intergroup comparison and studies where intergroup competition is individual group, cooperation is significantly higher when experimental setting is lab."
12945,https://data.cooperationdatabank.org/vocab/prop/Intergroup_Competition_Variable,https://data.cooperationdatabank.org/vocab/prop/intergroupComp,Intergroup competition,https://data.cooperationdatabank.org/id/intergroupcomp/intergroup_comparison,intergroup comparison,https://data.cooperationdatabank.org/vocab/prop/intergroupComp,Intergroup competition,https://data.cooperationdatabank.org/id/intergroupcomp/individual_group,Individual group,https://data.cooperationdatabank.org/vocab/prop/discussion,Discussion,https://data.cooperationdatabank.org/id/discussion/0,Absent,https://data.cooperationdatabank.org/id/dependentvariable/contributions,positive,test,2.0,positive,higher,2.0,0.20710059171597633,0.20118343195266272,0.591715976331361,0.591715976331361,"When comparing studies where intergroup competition is intergroup comparison and studies where intergroup competition is individual group, cooperation is significantly higher when discussion is absent."
12951,https://data.cooperationdatabank.org/vocab/prop/Intergroup_Competition_Variable,https://data.cooperationdatabank.org/vocab/prop/intergroupComp,Intergroup competition,https://data.cooperationdatabank.org/id/intergroupcomp/intergroup_comparison,intergroup comparison,https://data.cooperationdatabank.org/vocab/prop/intergroupComp,Intergroup competition,https://data.cooperationdatabank.org/id/intergroupcomp/individual_group,Individual group,https://data.cooperationdatabank.org/vocab/prop/studyAcquaintance,Acquaintance,https://data.cooperationdatabank.org/id/studyacquaintance/2,Possible Acquaintance,https://data.cooperationdatabank.org/id/dependentvariable/contributions,positive,test,2.0,positive,higher,2.0,0.20710059171597633,0.20118343195266272,0.591715976331361,0.591715976331361,"When comparing studies where intergroup competition is intergroup comparison and studies where intergroup competition is individual group, cooperation is significantly higher when acquaintance is possible acquaintance."
42978,https://data.cooperationdatabank.org/vocab/prop/Intergroup_Competition_Variable,https://data.cooperationdatabank.org/vocab/prop/intergroupComp,Intergroup competition,https://data.cooperationdatabank.org/id/intergroupcomp/intergroup_comparison,intergroup comparison,https://data.cooperationdatabank.org/vocab/prop/intergroupComp,Intergroup competition,https://data.cooperationdatabank.org/id/intergroupcomp/individual_group,Individual group,https://data.cooperationdatabank.org/vocab/prop/publicationStatus,Published,https://data.cooperationdatabank.org/id/publicationstatus/1,Published Article,https://data.cooperationdatabank.org/id/dependentvariable/contributions,noEffect,test,2.0,positive,higher,1.0,0.20710059171597633,0.20118343195266272,0.591715976331361,0.591715976331361,"When comparing studies where intergroup competition is intergroup comparison and studies where intergroup competition is individual group, cooperation is significantly higher when published is published article."
12797,https://data.cooperationdatabank.org/vocab/prop/Intergroup_Competition_Variable,https://data.cooperationdatabank.org/vocab/prop/intergroupComp,Intergroup competition,https://data.cooperationdatabank.org/id/intergroupcomp/intergroup_comparison,intergroup comparison,https://data.cooperationdatabank.org/vocab/prop/intergroupComp,Intergroup competition,https://data.cooperationdatabank.org/id/intergroupcomp/individual_group,Individual group,https://data.cooperationdatabank.org/vocab/prop/studyMatchingProtocol,Matching,https://data.cooperationdatabank.org/id/studymatchingprotocol/1,Stranger,https://data.cooperationdatabank.org/id/dependentvariable/contributions,positive,test,2.0,positive,higher,2.0,0.20710059171597633,0.20118343195266272,0.591715976331361,0.591715976331361,"When comparing studies where intergroup competition is intergroup comparison and studies where intergroup competition is individual group, cooperation is significantly higher when matching is stranger."
43712,https://data.cooperationdatabank.org/vocab/prop/Intergroup_Competition_Variable,https://data.cooperationdatabank.org/vocab/prop/intergroupComp,Intergroup competition,https://data.cooperationdatabank.org/id/intergroupcomp/intergroup_comparison,Individual group,https://data.cooperationdatabank.org/vocab/prop/intergroupComp,Intergroup competition,https://data.cooperationdatabank.org/id/intergroupcomp/individual_group,intergroup comparison,https://data.cooperationdatabank.org/vocab/prop/publicationStatus,Published,https://data.cooperationdatabank.org/id/publicationstatus/1,Published Article,https://data.cooperationdatabank.org/id/dependentvariable/contributions,positive,test,2.0,positive,higher,2.0,0.20710059171597633,0.20118343195266272,0.591715976331361,0.591715976331361,"When comparing studies where intergroup competition is individual group and studies where intergroup competition is intergroup comparison, cooperation is significantly higher when published is published article."
43381,https://data.cooperationdatabank.org/vocab/prop/Intergroup_Competition_Variable,https://data.cooperationdatabank.org/vocab/prop/intergroupComp,Intergroup competition,https://data.cooperationdatabank.org/id/intergroupcomp/intergroup_comparison,intergroup comparison,https://data.cooperationdatabank.org/vocab/prop/intergroupComp,Intergroup competition,https://data.cooperationdatabank.org/id/intergroupcomp/individual_group,Individual group,https://data.cooperationdatabank.org/vocab/prop/discussion,Discussion,https://data.cooperationdatabank.org/id/discussion/0,Absent,https://data.cooperationdatabank.org/id/dependentvariable/contributions,noEffect,test,2.0,positive,higher,1.0,0.20710059171597633,0.20118343195266272,0.591715976331361,0.591715976331361,"When comparing studies where intergroup competition is intergroup comparison and studies where intergroup competition is individual group, cooperation is significantly higher when discussion is absent."
43367,https://data.cooperationdatabank.org/vocab/prop/Intergroup_Competition_Variable,https://data.cooperationdatabank.org/vocab/prop/intergroupComp,Intergroup competition,https://data.cooperationdatabank.org/id/intergroupcomp/intergroup_comparison,intergroup comparison,https://data.cooperationdatabank.org/vocab/prop/intergroupComp,Intergroup competition,https://data.cooperationdatabank.org/id/intergroupcomp/individual_group,Individual group,https://data.cooperationdatabank.org/vocab/prop/studyRealPartner,Real partner,https://data.cooperationdatabank.org/id/studyrealpartner/2,Deception,https://data.cooperationdatabank.org/id/dependentvariable/contributions,noEffect,test,2.0,positive,higher,1.0,0.20710059171597633,0.20118343195266272,0.591715976331361,0.591715976331361,"When comparing studies where intergroup competition is intergroup comparison and studies where intergroup competition is individual group, cooperation is significantly higher when real partner is deception."
42996,https://data.cooperationdatabank.org/vocab/prop/Intergroup_Competition_Variable,https://data.cooperationdatabank.org/vocab/prop/intergroupComp,Intergroup competition,https://data.cooperationdatabank.org/id/intergroupcomp/intergroup_comparison,intergroup comparison,https://data.cooperationdatabank.org/vocab/prop/intergroupComp,Intergroup competition,https://data.cooperationdatabank.org/id/intergroupcomp/individual_group,Individual group,https://data.cooperationdatabank.org/vocab/prop/studyTrialOfCooperation,Trial of cooperation,https://data.cooperationdatabank.org/id/studytrialofcooperation/1,All trials,https://data.cooperationdatabank.org/id/dependentvariable/contributions,noEffect,test,2.0,positive,higher,1.0,0.20710059171597633,0.20118343195266272,0.591715976331361,0.591715976331361,"When comparing studies where intergroup competition is intergroup comparison and studies where intergroup competition is individual group, cooperation is significantly higher when trial of cooperation is all trials."
43208,https://data.cooperationdatabank.org/vocab/prop/Intergroup_Competition_Variable,https://data.cooperationdatabank.org/vocab/prop/intergroupComp,Intergroup competition,https://data.cooperationdatabank.org/id/intergroupcomp/intergroup_comparison,Individual group,https://data.cooperationdatabank.org/vocab/prop/intergroupComp,Intergroup competition,https://data.cooperationdatabank.org/id/intergroupcomp/individual_group,intergroup comparison,https://data.cooperationdatabank.org/vocab/prop/yearSource,Source of year of data collection,https://data.cooperationdatabank.org/id/yearsource/4,Received/Submitted,https://data.cooperationdatabank.org/id/dependentvariable/contributions,positive,test,2.0,positive,higher,2.0,0.20710059171597633,0.20118343195266272,0.591715976331361,0.591715976331361,"When comparing studies where intergroup competition is individual group and studies where intergroup competition is intergroup comparison, cooperation is significantly higher when source of year of data collection is submitted."
43688,https://data.cooperationdatabank.org/vocab/prop/Intergroup_Competition_Variable,https://data.cooperationdatabank.org/vocab/prop/intergroupComp,Intergroup competition,https://data.cooperationdatabank.org/id/intergroupcomp/intergroup_comparison,Individual group,https://data.cooperationdatabank.org/vocab/prop/intergroupComp,Intergroup competition,https://data.cooperationdatabank.org/id/intergroupcomp/individual_group,intergroup comparison,https://data.cooperationdatabank.org/vocab/prop/studyDilemmaType,Game type,https://data.cooperationdatabank.org/id/studydilemmatype/2,Public Goods Game,https://data.cooperationdatabank.org/id/dependentvariable/contributions,positive,test,2.0,positive,higher,2.0,0.20710059171597633,0.20118343195266272,0.591715976331361,0.591715976331361,"When comparing studies where intergroup competition is individual group and studies where intergroup competition is intergroup comparison, cooperation is significantly higher when game type is public goods game."
43654,https://data.cooperationdatabank.org/vocab/prop/Intergroup_Competition_Variable,https://data.cooperationdatabank.org/vocab/prop/intergroupComp,Intergroup competition,https://data.cooperationdatabank.org/id/intergroupcomp/intergroup_comparison,Individual group,https://data.cooperationdatabank.org/vocab/prop/intergroupComp,Intergroup competition,https://data.cooperationdatabank.org/id/intergroupcomp/individual_group,intergroup comparison,https://data.cooperationdatabank.org/vocab/prop/studyOneShot,One-shot vs repeated,https://data.cooperationdatabank.org/id/studyoneshot/1,One-shot,https://data.cooperationdatabank.org/id/dependentvariable/contributions,positive,test,2.0,positive,higher,2.0,0.20710059171597633,0.20118343195266272,0.591715976331361,0.591715976331361,"When comparing studies where intergroup competition is individual group and studies where intergroup competition is intergroup comparison, cooperation is significantly higher when one-shot vs repeated is one-shot."
43694,https://data.cooperationdatabank.org/vocab/prop/Intergroup_Competition_Variable,https://data.cooperationdatabank.org/vocab/prop/intergroupComp,Intergroup competition,https://data.cooperationdatabank.org/id/intergroupcomp/intergroup_comparison,Individual group,https://data.cooperationdatabank.org/vocab/prop/intergroupComp,Intergroup competition,https://data.cooperationdatabank.org/id/intergroupcomp/individual_group,intergroup comparison,https://data.cooperationdatabank.org/vocab/prop/studyMatchingProtocol,Matching,https://data.cooperationdatabank.org/id/studymatchingprotocol/2,Partner,https://data.cooperationdatabank.org/id/dependentvariable/contributions,positive,test,2.0,positive,higher,2.0,0.20710059171597633,0.20118343195266272,0.591715976331361,0.591715976331361,"When comparing studies where intergroup competition is individual group and studies where intergroup competition is intergroup comparison, cooperation is significantly higher when matching is partner."
15588,https://data.cooperationdatabank.org/vocab/prop/Intergroup_Competition_Variable,https://data.cooperationdatabank.org/vocab/prop/intergroupComp,Intergroup competition,https://data.cooperationdatabank.org/id/intergroupcomp/intergroup_comparison,Individual group,https://data.cooperationdatabank.org/vocab/prop/intergroupComp,Intergroup competition,https://data.cooperationdatabank.org/id/intergroupcomp/individual_group,intergroup comparison,https://data.cooperationdatabank.org/vocab/prop/studyGameIncentive,Game incentive,https://data.cooperationdatabank.org/id/studygameincentive/1,Monetary,https://data.cooperationdatabank.org/id/dependentvariable/contributions,positive,test,2.0,positive,higher,2.0,0.20710059171597633,0.20118343195266272,0.591715976331361,0.591715976331361,"When comparing studies where intergroup competition is individual group and studies where intergroup competition is intergroup comparison, cooperation is significantly higher when game incentive is monetary."
15923,https://data.cooperationdatabank.org/vocab/prop/Intergroup_Competition_Variable,https://data.cooperationdatabank.org/vocab/prop/intergroupComp,Intergroup competition,https://data.cooperationdatabank.org/id/intergroupcomp/individual_group,Individual group,https://data.cooperationdatabank.org/vocab/prop/intergroupComp,Intergroup competition,https://data.cooperationdatabank.org/id/intergroupcomp/intergroup_competition,intergroup competition,https://data.cooperationdatabank.org/vocab/prop/studyAcquaintance,Acquaintance,https://data.cooperationdatabank.org/id/studyacquaintance/0,Strangers,https://data.cooperationdatabank.org/id/dependentvariable/cooperation,noEffect,test,0.0,negative,lower,1.0,0.5714285714285714,0.21428571428571427,0.21428571428571427,0.5714285714285714,"When comparing studies where intergroup competition is individual group and studies where intergroup competition is intergroup competition, cooperation is significantly lower when acquaintance is strangers."
20696,https://data.cooperationdatabank.org/vocab/prop/Intergroup_Competition_Variable,https://data.cooperationdatabank.org/vocab/prop/intergroupComp,Intergroup competition,https://data.cooperationdatabank.org/id/intergroupcomp/individual_group,Individual group,https://data.cooperationdatabank.org/vocab/prop/intergroupComp,Intergroup competition,https://data.cooperationdatabank.org/id/intergroupcomp/intergroup_competition,intergroup competition,https://data.cooperationdatabank.org/vocab/prop/studyRealPartner,Real partner,https://data.cooperationdatabank.org/id/studyrealpartner/1,Real,https://data.cooperationdatabank.org/id/dependentvariable/contributions,negative,test,0.0,negative,lower,0.0,0.5492957746478874,0.4507042253521127,0.0,0.5492957746478874,"When comparing studies where intergroup competition is individual group and studies where intergroup competition is intergroup competition, cooperation is significantly lower when real partner is real."
15608,https://data.cooperationdatabank.org/vocab/prop/Intergroup_Competition_Variable,https://data.cooperationdatabank.org/vocab/prop/intergroupComp,Intergroup competition,https://data.cooperationdatabank.org/id/intergroupcomp/individual_group,Individual group,https://data.cooperationdatabank.org/vocab/prop/intergroupComp,Intergroup competition,https://data.cooperationdatabank.org/id/intergroupcomp/intergroup_competition,intergroup competition,https://data.cooperationdatabank.org/vocab/prop/studyRealPartner,Real partner,https://data.cooperationdatabank.org/id/studyrealpartner/1,Real,https://data.cooperationdatabank.org/id/dependentvariable/contributions,negative,test,0.0,negative,lower,0.0,0.5492957746478874,0.4507042253521127,0.0,0.5492957746478874,"When comparing studies where intergroup competition is individual group and studies where intergroup competition is intergroup competition, cooperation is significantly lower when real partner is real."
20526,https://data.cooperationdatabank.org/vocab/prop/Intergroup_Competition_Variable,https://data.cooperationdatabank.org/vocab/prop/intergroupComp,Intergroup competition,https://data.cooperationdatabank.org/id/intergroupcomp/individual_group,Individual group,https://data.cooperationdatabank.org/vocab/prop/intergroupComp,Intergroup competition,https://data.cooperationdatabank.org/id/intergroupcomp/intergroup_competition,intergroup competition,https://data.cooperationdatabank.org/vocab/prop/country,has country,https://data.cooperationdatabank.org/id/country/USA,USA,https://data.cooperationdatabank.org/id/dependentvariable/contributions,noEffect,test,0.0,negative,lower,1.0,0.5492957746478874,0.4507042253521127,0.0,0.5492957746478874,"When comparing studies where intergroup competition is individual group and studies where intergroup competition is intergroup competition, cooperation is significantly lower when has country is usa."
20621,https://data.cooperationdatabank.org/vocab/prop/Intergroup_Competition_Variable,https://data.cooperationdatabank.org/vocab/prop/intergroupComp,Intergroup competition,https://data.cooperationdatabank.org/id/intergroupcomp/individual_group,Individual group,https://data.cooperationdatabank.org/vocab/prop/intergroupComp,Intergroup competition,https://data.cooperationdatabank.org/id/intergroupcomp/intergroup_competition,intergroup competition,https://data.cooperationdatabank.org/vocab/prop/recruitmentMethod,Recruitment method,https://data.cooperationdatabank.org/id/recruitmentmethod/1,Participant pool,https://data.cooperationdatabank.org/id/dependentvariable/contributions,negative,test,0.0,negative,lower,0.0,0.5492957746478874,0.4507042253521127,0.0,0.5492957746478874,"When comparing studies where intergroup competition is individual group and studies where intergroup competition is intergroup competition, cooperation is significantly lower when recruitment method is participant pool."
20668,https://data.cooperationdatabank.org/vocab/prop/Intergroup_Competition_Variable,https://data.cooperationdatabank.org/vocab/prop/intergroupComp,Intergroup competition,https://data.cooperationdatabank.org/id/intergroupcomp/individual_group,Individual group,https://data.cooperationdatabank.org/vocab/prop/intergroupComp,Intergroup competition,https://data.cooperationdatabank.org/id/intergroupcomp/intergroup_competition,intergroup competition,https://data.cooperationdatabank.org/vocab/prop/studyShowUpFee,Show-up fee,https://data.cooperationdatabank.org/id/studyshowupfee/1,Paid,https://data.cooperationdatabank.org/id/dependentvariable/contributions,negative,test,0.0,negative,lower,0.0,0.5492957746478874,0.4507042253521127,0.0,0.5492957746478874,"When comparing studies where intergroup competition is individual group and studies where intergroup competition is intergroup competition, cooperation is significantly lower when show-up fee is paid."
20602,https://data.cooperationdatabank.org/vocab/prop/Intergroup_Competition_Variable,https://data.cooperationdatabank.org/vocab/prop/intergroupComp,Intergroup competition,https://data.cooperationdatabank.org/id/intergroupcomp/individual_group,Individual group,https://data.cooperationdatabank.org/vocab/prop/intergroupComp,Intergroup competition,https://data.cooperationdatabank.org/id/intergroupcomp/intergroup_competition,intergroup competition,https://data.cooperationdatabank.org/vocab/prop/yearSource,Source of year of data collection,https://data.cooperationdatabank.org/id/yearsource/4,Received/Submitted,https://data.cooperationdatabank.org/id/dependentvariable/contributions,noEffect,test,0.0,negative,lower,1.0,0.5492957746478874,0.4507042253521127,0.0,0.5492957746478874,"When comparing studies where intergroup competition is individual group and studies where intergroup competition is intergroup competition, cooperation is significantly lower when source of year of data collection is submitted."
20682,https://data.cooperationdatabank.org/vocab/prop/Intergroup_Competition_Variable,https://data.cooperationdatabank.org/vocab/prop/intergroupComp,Intergroup competition,https://data.cooperationdatabank.org/id/intergroupcomp/individual_group,Individual group,https://data.cooperationdatabank.org/vocab/prop/intergroupComp,Intergroup competition,https://data.cooperationdatabank.org/id/intergroupcomp/intergroup_competition,intergroup competition,https://data.cooperationdatabank.org/vocab/prop/yearSource,Source of year of data collection,https://data.cooperationdatabank.org/id/yearsource/4,Received/Submitted,https://data.cooperationdatabank.org/id/dependentvariable/contributions,negative,test,0.0,negative,lower,0.0,0.5492957746478874,0.4507042253521127,0.0,0.5492957746478874,"When comparing studies where intergroup competition is individual group and studies where intergroup competition is intergroup competition, cooperation is significantly lower when source of year of data collection is submitted."
20598,https://data.cooperationdatabank.org/vocab/prop/Intergroup_Competition_Variable,https://data.cooperationdatabank.org/vocab/prop/intergroupComp,Intergroup competition,https://data.cooperationdatabank.org/id/intergroupcomp/individual_group,Individual group,https://data.cooperationdatabank.org/vocab/prop/intergroupComp,Intergroup competition,https://data.cooperationdatabank.org/id/intergroupcomp/intergroup_competition,intergroup competition,https://data.cooperationdatabank.org/vocab/prop/studyMatchingProtocol,Matching,https://data.cooperationdatabank.org/id/studymatchingprotocol/1,Stranger,https://data.cooperationdatabank.org/id/dependentvariable/contributions,noEffect,test,0.0,negative,lower,1.0,0.5492957746478874,0.4507042253521127,0.0,0.5492957746478874,"When comparing studies where intergroup competition is individual group and studies where intergroup competition is intergroup competition, cooperation is significantly lower when matching is stranger."
20506,https://data.cooperationdatabank.org/vocab/prop/Intergroup_Competition_Variable,https://data.cooperationdatabank.org/vocab/prop/intergroupComp,Intergroup competition,https://data.cooperationdatabank.org/id/intergroupcomp/individual_group,Individual group,https://data.cooperationdatabank.org/vocab/prop/intergroupComp,Intergroup competition,https://data.cooperationdatabank.org/id/intergroupcomp/intergroup_competition,intergroup competition,https://data.cooperationdatabank.org/vocab/prop/yearSource,Source of year of data collection,https://data.cooperationdatabank.org/id/yearsource/3,Working paper published,https://data.cooperationdatabank.org/id/dependentvariable/contributions,negative,test,0.0,negative,lower,0.0,0.5492957746478874,0.4507042253521127,0.0,0.5492957746478874,"When comparing studies where intergroup competition is individual group and studies where intergroup competition is intergroup competition, cooperation is significantly lower when source of year of data collection is working paper published."
20638,https://data.cooperationdatabank.org/vocab/prop/Intergroup_Competition_Variable,https://data.cooperationdatabank.org/vocab/prop/intergroupComp,Intergroup competition,https://data.cooperationdatabank.org/id/intergroupcomp/individual_group,Individual group,https://data.cooperationdatabank.org/vocab/prop/intergroupComp,Intergroup competition,https://data.cooperationdatabank.org/id/intergroupcomp/intergroup_competition,intergroup competition,https://data.cooperationdatabank.org/vocab/prop/country,has country,https://data.cooperationdatabank.org/id/country/USA,USA,https://data.cooperationdatabank.org/id/dependentvariable/contributions,negative,test,0.0,negative,lower,0.0,0.5492957746478874,0.4507042253521127,0.0,0.5492957746478874,"When comparing studies where intergroup competition is individual group and studies where intergroup competition is intergroup competition, cooperation is significantly lower when has country is usa."
20524,https://data.cooperationdatabank.org/vocab/prop/Intergroup_Competition_Variable,https://data.cooperationdatabank.org/vocab/prop/intergroupComp,Intergroup competition,https://data.cooperationdatabank.org/id/intergroupcomp/individual_group,Individual group,https://data.cooperationdatabank.org/vocab/prop/intergroupComp,Intergroup competition,https://data.cooperationdatabank.org/id/intergroupcomp/intergroup_competition,intergroup competition,https://data.cooperationdatabank.org/vocab/prop/studyShowUpFee,Show-up fee,https://data.cooperationdatabank.org/id/studyshowupfee/1,Paid,https://data.cooperationdatabank.org/id/dependentvariable/contributions,noEffect,test,0.0,negative,lower,1.0,0.5492957746478874,0.4507042253521127,0.0,0.5492957746478874,"When comparing studies where intergroup competition is individual group and studies where intergroup competition is intergroup competition, cooperation is significantly lower when show-up fee is paid."
15629,https://data.cooperationdatabank.org/vocab/prop/Intergroup_Competition_Variable,https://data.cooperationdatabank.org/vocab/prop/intergroupComp,Intergroup competition,https://data.cooperationdatabank.org/id/intergroupcomp/intergroup_comparison,intergroup comparison,https://data.cooperationdatabank.org/vocab/prop/intergroupComp,Intergroup competition,https://data.cooperationdatabank.org/id/intergroupcomp/intergroup_competition,intergroup competition,https://data.cooperationdatabank.org/vocab/prop/studyShowUpFee,Show-up fee,https://data.cooperationdatabank.org/id/studyshowupfee/0,Absent,https://data.cooperationdatabank.org/id/dependentvariable/contributions,negative,test,0.0,negative,lower,0.0,0.5,0.0,0.5,0.5,"When comparing studies where intergroup competition is intergroup comparison and studies where intergroup competition is intergroup competition, cooperation is significantly lower when show-up fee is absent."
35648,https://data.cooperationdatabank.org/vocab/prop/Intergroup_Competition_Variable,https://data.cooperationdatabank.org/vocab/prop/intergroupComp,Intergroup competition,https://data.cooperationdatabank.org/id/intergroupcomp/intergroup_comparison,intergroup competition,https://data.cooperationdatabank.org/vocab/prop/intergroupComp,Intergroup competition,https://data.cooperationdatabank.org/id/intergroupcomp/intergroup_competition,intergroup comparison,https://data.cooperationdatabank.org/vocab/prop/studyMatchingProtocol,Matching,https://data.cooperationdatabank.org/id/studymatchingprotocol/1,Stranger,https://data.cooperationdatabank.org/id/dependentvariable/contributions,negative,test,0.0,negative,lower,0.0,0.5,0.0,0.5,0.5,"When comparing studies where intergroup competition is intergroup competition and studies where intergroup competition is intergroup comparison, cooperation is significantly lower when matching is stranger."
35627,https://data.cooperationdatabank.org/vocab/prop/Intergroup_Competition_Variable,https://data.cooperationdatabank.org/vocab/prop/intergroupComp,Intergroup competition,https://data.cooperationdatabank.org/id/intergroupcomp/intergroup_comparison,intergroup comparison,https://data.cooperationdatabank.org/vocab/prop/intergroupComp,Intergroup competition,https://data.cooperationdatabank.org/id/intergroupcomp/intergroup_competition,intergroup competition,https://data.cooperationdatabank.org/vocab/prop/studyRealPartner,Real partner,https://data.cooperationdatabank.org/id/studyrealpartner/1,Real,https://data.cooperationdatabank.org/id/dependentvariable/contributions,negative,test,0.0,negative,lower,0.0,0.5,0.0,0.5,0.5,"When comparing studies where intergroup competition is intergroup comparison and studies where intergroup competition is intergroup competition, cooperation is significantly lower when real partner is real."
15890,https://data.cooperationdatabank.org/vocab/prop/Intergroup_Competition_Variable,https://data.cooperationdatabank.org/vocab/prop/intergroupComp,Intergroup competition,https://data.cooperationdatabank.org/id/intergroupcomp/individual_group,Individual group,https://data.cooperationdatabank.org/vocab/prop/intergroupComp,Intergroup competition,https://data.cooperationdatabank.org/id/intergroupcomp/intergroup_competition,intergroup competition,https://data.cooperationdatabank.org/vocab/prop/country,has country,https://data.cooperationdatabank.org/id/country/CAN,CAN,https://data.cooperationdatabank.org/id/dependentvariable/cooperation,negative,test,0.0,negative,lower,0.0,0.5,0.25,0.25,0.5,"When comparing studies where intergroup competition is individual group and studies where intergroup competition is intergroup competition, cooperation is significantly lower when has country is can."
15894,https://data.cooperationdatabank.org/vocab/prop/Intergroup_Competition_Variable,https://data.cooperationdatabank.org/vocab/prop/intergroupComp,Intergroup competition,https://data.cooperationdatabank.org/id/intergroupcomp/individual_group,Individual group,https://data.cooperationdatabank.org/vocab/prop/intergroupComp,Intergroup competition,https://data.cooperationdatabank.org/id/intergroupcomp/intergroup_competition,intergroup competition,https://data.cooperationdatabank.org/vocab/prop/studyAcademicDiscipline,Academic discipline,https://data.cooperationdatabank.org/id/studyacademicdiscipline/2,Psychology,https://data.cooperationdatabank.org/id/dependentvariable/cooperation,negative,test,0.0,negative,lower,0.0,0.5,0.25,0.25,0.5,"When comparing studies where intergroup competition is individual group and studies where intergroup competition is intergroup competition, cooperation is significantly lower when academic discipline is psychology."
15950,https://data.cooperationdatabank.org/vocab/prop/Intergroup_Competition_Variable,https://data.cooperationdatabank.org/vocab/prop/intergroupComp,Intergroup competition,https://data.cooperationdatabank.org/id/intergroupcomp/individual_group,intergroup competition,https://data.cooperationdatabank.org/vocab/prop/intergroupComp,Intergroup competition,https://data.cooperationdatabank.org/id/intergroupcomp/intergroup_competition,Individual group,https://data.cooperationdatabank.org/vocab/prop/studyAcademicDiscipline,Academic discipline,https://data.cooperationdatabank.org/id/studyacademicdiscipline/2,Psychology,https://data.cooperationdatabank.org/id/dependentvariable/cooperation,negative,test,0.0,negative,lower,0.0,0.5,0.25,0.25,0.5,"When comparing studies where intergroup competition is intergroup competition and studies where intergroup competition is individual group, cooperation is significantly lower when academic discipline is psychology."
15913,https://data.cooperationdatabank.org/vocab/prop/Intergroup_Competition_Variable,https://data.cooperationdatabank.org/vocab/prop/intergroupComp,Intergroup competition,https://data.cooperationdatabank.org/id/intergroupcomp/individual_group,Individual group,https://data.cooperationdatabank.org/vocab/prop/intergroupComp,Intergroup competition,https://data.cooperationdatabank.org/id/intergroupcomp/intergroup_competition,intergroup competition,https://data.cooperationdatabank.org/vocab/prop/studyMatchingProtocol,Matching,https://data.cooperationdatabank.org/id/studymatchingprotocol/2,Partner,https://data.cooperationdatabank.org/id/dependentvariable/cooperation,negative,test,0.0,negative,lower,0.0,0.45454545454545453,0.36363636363636365,0.18181818181818182,0.45454545454545453,"When comparing studies where intergroup competition is individual group and studies where intergroup competition is intergroup competition, cooperation is significantly lower when matching is partner."
