,giv_prop,iv,iv_label,cat_t1,cat_t1_label,iv.1,iv_label.1,cat_t2,cat_t2_label,mod,mod_label,mod_val,mod_val_label,dependent,effect,td,pred_num,pred_readable,comparative,pred_true,score_0,score_1,score_2,max_score,hypothesis
28013,https://data.cooperationdatabank.org/vocab/prop/LeadershipVariable,https://data.cooperationdatabank.org/vocab/prop/leaderCharacteristic,Leader's characteristic,https://data.cooperationdatabank.org/id/leadercharacteristic/weak,Weak,https://data.cooperationdatabank.org/vocab/prop/leaderCharacteristic,Leader's characteristic,https://data.cooperationdatabank.org/id/leadercharacteristic/strong,Strong,https://data.cooperationdatabank.org/vocab/prop/studyTrialOfCooperation,Trial of cooperation,https://data.cooperationdatabank.org/id/studytrialofcooperation/1,All trials,https://data.cooperationdatabank.org/id/dependentvariable/contributions,negative,test,0.0,negative,lower,0.0,1.0,0.0,0.0,1.0,"When comparing studies where leader's characteristic is weak and studies where leader's characteristic is strong, cooperation is significantly lower when trial of cooperation is all trials."
41454,https://data.cooperationdatabank.org/vocab/prop/LeadershipVariable,https://data.cooperationdatabank.org/vocab/prop/leadershipAssignmentRule,Leadership assignment rule,https://data.cooperationdatabank.org/id/leadershipassignmentrule/fixed,Fixed ,https://data.cooperationdatabank.org/vocab/prop/leadershipAssignmentRule,Leadership assignment rule,https://data.cooperationdatabank.org/id/leadershipassignmentrule/volunteer,Volunteer,https://data.cooperationdatabank.org/vocab/prop/studyAcademicDiscipline,Academic discipline,https://data.cooperationdatabank.org/id/studyacademicdiscipline/4,Mixed,https://data.cooperationdatabank.org/id/dependentvariable/contributions,noEffect,test,2.0,positive,higher,1.0,0.0,0.0,1.0,1.0,"When comparing studies where leadership assignment rule is fixed  and studies where leadership assignment rule is volunteer, cooperation is significantly higher when academic discipline is mixed."
41475,https://data.cooperationdatabank.org/vocab/prop/LeadershipVariable,https://data.cooperationdatabank.org/vocab/prop/leadershipAssignmentRule,Leadership assignment rule,https://data.cooperationdatabank.org/id/leadershipassignmentrule/fixed,Fixed ,https://data.cooperationdatabank.org/vocab/prop/leadershipAssignmentRule,Leadership assignment rule,https://data.cooperationdatabank.org/id/leadershipassignmentrule/volunteer,Volunteer,https://data.cooperationdatabank.org/vocab/prop/studyRealPartner,Real partner,https://data.cooperationdatabank.org/id/studyrealpartner/1,Real,https://data.cooperationdatabank.org/id/dependentvariable/contributions,noEffect,test,2.0,positive,higher,1.0,0.0,0.0,1.0,1.0,"When comparing studies where leadership assignment rule is fixed  and studies where leadership assignment rule is volunteer, cooperation is significantly higher when real partner is real."
405,https://data.cooperationdatabank.org/vocab/prop/LeadershipVariable,https://data.cooperationdatabank.org/vocab/prop/leaderCharacteristic,Leader's characteristic,https://data.cooperationdatabank.org/id/leadercharacteristic/positive_emotion,Positive emotion,https://data.cooperationdatabank.org/vocab/prop/leaderCharacteristic,Leader's characteristic,https://data.cooperationdatabank.org/id/leadercharacteristic/negative_emotion,Negative emotion,https://data.cooperationdatabank.org/vocab/prop/discussion,Discussion,https://data.cooperationdatabank.org/id/discussion/0,Absent,https://data.cooperationdatabank.org/id/dependentvariable/contributions,negative,test,0.0,negative,lower,0.0,1.0,0.0,0.0,1.0,"When comparing studies where leader's characteristic is positive emotion and studies where leader's characteristic is negative emotion, cooperation is significantly lower when discussion is absent."
27918,https://data.cooperationdatabank.org/vocab/prop/LeadershipVariable,https://data.cooperationdatabank.org/vocab/prop/leaderCharacteristic,Leader's characteristic,https://data.cooperationdatabank.org/id/leadercharacteristic/weak,Weak,https://data.cooperationdatabank.org/vocab/prop/leaderCharacteristic,Leader's characteristic,https://data.cooperationdatabank.org/id/leadercharacteristic/strong,Strong,https://data.cooperationdatabank.org/vocab/prop/studyMatchingProtocol,Matching,https://data.cooperationdatabank.org/id/studymatchingprotocol/2,Partner,https://data.cooperationdatabank.org/id/dependentvariable/contributions,negative,test,0.0,negative,lower,0.0,1.0,0.0,0.0,1.0,"When comparing studies where leader's characteristic is weak and studies where leader's characteristic is strong, cooperation is significantly lower when matching is partner."
27928,https://data.cooperationdatabank.org/vocab/prop/LeadershipVariable,https://data.cooperationdatabank.org/vocab/prop/leaderCharacteristic,Leader's characteristic,https://data.cooperationdatabank.org/id/leadercharacteristic/weak,Weak,https://data.cooperationdatabank.org/vocab/prop/leaderCharacteristic,Leader's characteristic,https://data.cooperationdatabank.org/id/leadercharacteristic/strong,Strong,https://data.cooperationdatabank.org/vocab/prop/studyRealPartner,Real partner,https://data.cooperationdatabank.org/id/studyrealpartner/1,Real,https://data.cooperationdatabank.org/id/dependentvariable/contributions,negative,test,0.0,negative,lower,0.0,1.0,0.0,0.0,1.0,"When comparing studies where leader's characteristic is weak and studies where leader's characteristic is strong, cooperation is significantly lower when real partner is real."
27948,https://data.cooperationdatabank.org/vocab/prop/LeadershipVariable,https://data.cooperationdatabank.org/vocab/prop/leaderCharacteristic,Leader's characteristic,https://data.cooperationdatabank.org/id/leadercharacteristic/weak,Weak,https://data.cooperationdatabank.org/vocab/prop/leaderCharacteristic,Leader's characteristic,https://data.cooperationdatabank.org/id/leadercharacteristic/strong,Strong,https://data.cooperationdatabank.org/vocab/prop/studyShowUpFee,Show-up fee,https://data.cooperationdatabank.org/id/studyshowupfee/1,Paid,https://data.cooperationdatabank.org/id/dependentvariable/contributions,negative,test,0.0,negative,lower,0.0,1.0,0.0,0.0,1.0,"When comparing studies where leader's characteristic is weak and studies where leader's characteristic is strong, cooperation is significantly lower when show-up fee is paid."
27968,https://data.cooperationdatabank.org/vocab/prop/LeadershipVariable,https://data.cooperationdatabank.org/vocab/prop/leaderCharacteristic,Leader's characteristic,https://data.cooperationdatabank.org/id/leadercharacteristic/weak,Weak,https://data.cooperationdatabank.org/vocab/prop/leaderCharacteristic,Leader's characteristic,https://data.cooperationdatabank.org/id/leadercharacteristic/strong,Strong,https://data.cooperationdatabank.org/vocab/prop/publicationStatus,Published,https://data.cooperationdatabank.org/id/publicationstatus/1,Published Article,https://data.cooperationdatabank.org/id/dependentvariable/contributions,negative,test,0.0,negative,lower,0.0,1.0,0.0,0.0,1.0,"When comparing studies where leader's characteristic is weak and studies where leader's characteristic is strong, cooperation is significantly lower when published is published article."
20906,https://data.cooperationdatabank.org/vocab/prop/LeadershipVariable,https://data.cooperationdatabank.org/vocab/prop/leadershipAssignmentRule,Leadership assignment rule,https://data.cooperationdatabank.org/id/leadershipassignmentrule/fixed,Fixed ,https://data.cooperationdatabank.org/vocab/prop/leadershipAssignmentRule,Leadership assignment rule,https://data.cooperationdatabank.org/id/leadershipassignmentrule/random_appointment,Random Appointment,https://data.cooperationdatabank.org/vocab/prop/studyAcademicDiscipline,Academic discipline,https://data.cooperationdatabank.org/id/studyacademicdiscipline/4,Mixed,https://data.cooperationdatabank.org/id/dependentvariable/contributions,noEffect,test,2.0,positive,higher,1.0,0.0,0.0,1.0,1.0,"When comparing studies where leadership assignment rule is fixed  and studies where leadership assignment rule is random appointment, cooperation is significantly higher when academic discipline is mixed."
20947,https://data.cooperationdatabank.org/vocab/prop/LeadershipVariable,https://data.cooperationdatabank.org/vocab/prop/leaderCharacteristic,Leader's characteristic,https://data.cooperationdatabank.org/id/leadercharacteristic/weak,Weak,https://data.cooperationdatabank.org/vocab/prop/leaderCharacteristic,Leader's characteristic,https://data.cooperationdatabank.org/id/leadercharacteristic/strong,Strong,https://data.cooperationdatabank.org/vocab/prop/studyAcquaintance,Acquaintance,https://data.cooperationdatabank.org/id/studyacquaintance/0,Strangers,https://data.cooperationdatabank.org/id/dependentvariable/contributions,negative,test,0.0,negative,lower,0.0,1.0,0.0,0.0,1.0,"When comparing studies where leader's characteristic is weak and studies where leader's characteristic is strong, cooperation is significantly lower when acquaintance is strangers."
20955,https://data.cooperationdatabank.org/vocab/prop/LeadershipVariable,https://data.cooperationdatabank.org/vocab/prop/leaderCharacteristic,Leader's characteristic,https://data.cooperationdatabank.org/id/leadercharacteristic/weak,Weak,https://data.cooperationdatabank.org/vocab/prop/leaderCharacteristic,Leader's characteristic,https://data.cooperationdatabank.org/id/leadercharacteristic/strong,Strong,https://data.cooperationdatabank.org/vocab/prop/yearSource,Source of year of data collection,https://data.cooperationdatabank.org/id/yearsource/1,Conducted,https://data.cooperationdatabank.org/id/dependentvariable/contributions,negative,test,0.0,negative,lower,0.0,1.0,0.0,0.0,1.0,"When comparing studies where leader's characteristic is weak and studies where leader's characteristic is strong, cooperation is significantly lower when source of year of data collection is conducted."
20957,https://data.cooperationdatabank.org/vocab/prop/LeadershipVariable,https://data.cooperationdatabank.org/vocab/prop/leaderCharacteristic,Leader's characteristic,https://data.cooperationdatabank.org/id/leadercharacteristic/weak,Weak,https://data.cooperationdatabank.org/vocab/prop/leaderCharacteristic,Leader's characteristic,https://data.cooperationdatabank.org/id/leadercharacteristic/strong,Strong,https://data.cooperationdatabank.org/vocab/prop/studyShowUpFee,Show-up fee,https://data.cooperationdatabank.org/id/studyshowupfee/1,Paid,https://data.cooperationdatabank.org/id/dependentvariable/contributions,negative,test,0.0,negative,lower,0.0,1.0,0.0,0.0,1.0,"When comparing studies where leader's characteristic is weak and studies where leader's characteristic is strong, cooperation is significantly lower when show-up fee is paid."
23496,https://data.cooperationdatabank.org/vocab/prop/LeadershipVariable,https://data.cooperationdatabank.org/vocab/prop/leadershipAssignmentRule,Leadership assignment rule,https://data.cooperationdatabank.org/id/leadershipassignmentrule/random_appointment,Random Appointment,https://data.cooperationdatabank.org/vocab/prop/leadershipAssignmentRule,Leadership assignment rule,https://data.cooperationdatabank.org/id/leadershipassignmentrule/authority,Authority,https://data.cooperationdatabank.org/vocab/prop/yearSource,Source of year of data collection,https://data.cooperationdatabank.org/id/yearsource/1,Conducted,https://data.cooperationdatabank.org/id/dependentvariable/contributions,noEffect,test,0.0,negative,lower,1.0,1.0,0.0,0.0,1.0,"When comparing studies where leadership assignment rule is random appointment and studies where leadership assignment rule is authority, cooperation is significantly lower when source of year of data collection is conducted."
12745,https://data.cooperationdatabank.org/vocab/prop/LeadershipVariable,https://data.cooperationdatabank.org/vocab/prop/leaderBehavior,Leader's behavior,https://data.cooperationdatabank.org/id/leaderbehavior/cooperative,Cooperative,https://data.cooperationdatabank.org/vocab/prop/leaderBehavior,Leader's behavior,https://data.cooperationdatabank.org/id/leaderbehavior/noncooperative,Noncooperative,https://data.cooperationdatabank.org/vocab/prop/studyDilemmaType,Game type,https://data.cooperationdatabank.org/id/studydilemmatype/2,Public Goods Game,https://data.cooperationdatabank.org/id/dependentvariable/contributions,positive,test,2.0,positive,higher,2.0,0.0,0.0,1.0,1.0,"When comparing studies where leader's behavior is cooperative and studies where leader's behavior is noncooperative, cooperation is significantly higher when game type is public goods game."
12985,https://data.cooperationdatabank.org/vocab/prop/LeadershipVariable,https://data.cooperationdatabank.org/vocab/prop/leadershipAssignmentRule,Leadership assignment rule,https://data.cooperationdatabank.org/id/leadershipassignmentrule/authority,Elected,https://data.cooperationdatabank.org/vocab/prop/leadershipAssignmentRule,Leadership assignment rule,https://data.cooperationdatabank.org/id/leadershipassignmentrule/elected,Authority,https://data.cooperationdatabank.org/vocab/prop/discussion,Discussion,https://data.cooperationdatabank.org/id/discussion/0,Absent,https://data.cooperationdatabank.org/id/dependentvariable/contributions,negative,test,0.0,negative,lower,0.0,1.0,0.0,0.0,1.0,"When comparing studies where leadership assignment rule is elected and studies where leadership assignment rule is authority, cooperation is significantly lower when discussion is absent."
12989,https://data.cooperationdatabank.org/vocab/prop/LeadershipVariable,https://data.cooperationdatabank.org/vocab/prop/leadershipAssignmentRule,Leadership assignment rule,https://data.cooperationdatabank.org/id/leadershipassignmentrule/authority,Elected,https://data.cooperationdatabank.org/vocab/prop/leadershipAssignmentRule,Leadership assignment rule,https://data.cooperationdatabank.org/id/leadershipassignmentrule/elected,Authority,https://data.cooperationdatabank.org/vocab/prop/studyAcquaintance,Acquaintance,https://data.cooperationdatabank.org/id/studyacquaintance/0,Strangers,https://data.cooperationdatabank.org/id/dependentvariable/contributions,negative,test,0.0,negative,lower,0.0,1.0,0.0,0.0,1.0,"When comparing studies where leadership assignment rule is elected and studies where leadership assignment rule is authority, cooperation is significantly lower when acquaintance is strangers."
13007,https://data.cooperationdatabank.org/vocab/prop/LeadershipVariable,https://data.cooperationdatabank.org/vocab/prop/leadershipAssignmentRule,Leadership assignment rule,https://data.cooperationdatabank.org/id/leadershipassignmentrule/authority,Elected,https://data.cooperationdatabank.org/vocab/prop/leadershipAssignmentRule,Leadership assignment rule,https://data.cooperationdatabank.org/id/leadershipassignmentrule/elected,Authority,https://data.cooperationdatabank.org/vocab/prop/studyShowUpFee,Show-up fee,https://data.cooperationdatabank.org/id/studyshowupfee/1,Paid,https://data.cooperationdatabank.org/id/dependentvariable/contributions,negative,test,0.0,negative,lower,0.0,1.0,0.0,0.0,1.0,"When comparing studies where leadership assignment rule is elected and studies where leadership assignment rule is authority, cooperation is significantly lower when show-up fee is paid."
108,https://data.cooperationdatabank.org/vocab/prop/LeadershipVariable,https://data.cooperationdatabank.org/vocab/prop/leadershipAssignmentRule,Leadership assignment rule,https://data.cooperationdatabank.org/id/leadershipassignmentrule/authority,Authority,https://data.cooperationdatabank.org/vocab/prop/leadershipAssignmentRule,Leadership assignment rule,https://data.cooperationdatabank.org/id/leadershipassignmentrule/fixed,Fixed ,https://data.cooperationdatabank.org/vocab/prop/studyRealPartner,Real partner,https://data.cooperationdatabank.org/id/studyrealpartner/2,Deception,https://data.cooperationdatabank.org/id/dependentvariable/withdrawals,noEffect,test,0.0,negative,lower,1.0,1.0,0.0,0.0,1.0,"When comparing studies where leadership assignment rule is authority and studies where leadership assignment rule is fixed , cooperation is significantly lower when real partner is deception."
129,https://data.cooperationdatabank.org/vocab/prop/LeadershipVariable,https://data.cooperationdatabank.org/vocab/prop/leaderCharacteristic,Leader's characteristic,https://data.cooperationdatabank.org/id/leadercharacteristic/outgroup,Outgroup,https://data.cooperationdatabank.org/vocab/prop/leaderCharacteristic,Leader's characteristic,https://data.cooperationdatabank.org/id/leadercharacteristic/ingroup,Ingroup,https://data.cooperationdatabank.org/vocab/prop/publicationStatus,Published,https://data.cooperationdatabank.org/id/publicationstatus/1,Published Article,https://data.cooperationdatabank.org/id/dependentvariable/withdrawals,positive,test,2.0,positive,higher,2.0,0.0,0.0,1.0,1.0,"When comparing studies where leader's characteristic is outgroup and studies where leader's characteristic is ingroup, cooperation is significantly higher when published is published article."
362,https://data.cooperationdatabank.org/vocab/prop/LeadershipVariable,https://data.cooperationdatabank.org/vocab/prop/leaderBehavior,Leader's behavior,https://data.cooperationdatabank.org/id/leaderbehavior/cooperative,Noncooperative,https://data.cooperationdatabank.org/vocab/prop/leaderBehavior,Leader's behavior,https://data.cooperationdatabank.org/id/leaderbehavior/noncooperative,Cooperative,https://data.cooperationdatabank.org/vocab/prop/studyAcquaintance,Acquaintance,https://data.cooperationdatabank.org/id/studyacquaintance/0,Strangers,https://data.cooperationdatabank.org/id/dependentvariable/contributions,positive,test,2.0,positive,higher,2.0,0.0,0.0,1.0,1.0,"When comparing studies where leader's behavior is noncooperative and studies where leader's behavior is cooperative, cooperation is significantly higher when acquaintance is strangers."
380,https://data.cooperationdatabank.org/vocab/prop/LeadershipVariable,https://data.cooperationdatabank.org/vocab/prop/leaderBehavior,Leader's behavior,https://data.cooperationdatabank.org/id/leaderbehavior/cooperative,Noncooperative,https://data.cooperationdatabank.org/vocab/prop/leaderBehavior,Leader's behavior,https://data.cooperationdatabank.org/id/leaderbehavior/noncooperative,Cooperative,https://data.cooperationdatabank.org/vocab/prop/studyGameIncentive,Game incentive,https://data.cooperationdatabank.org/id/studygameincentive/0,Hypothetical,https://data.cooperationdatabank.org/id/dependentvariable/contributions,positive,test,2.0,positive,higher,2.0,0.0,0.0,1.0,1.0,"When comparing studies where leader's behavior is noncooperative and studies where leader's behavior is cooperative, cooperation is significantly higher when game incentive is hypothetical."
381,https://data.cooperationdatabank.org/vocab/prop/LeadershipVariable,https://data.cooperationdatabank.org/vocab/prop/leaderBehavior,Leader's behavior,https://data.cooperationdatabank.org/id/leaderbehavior/cooperative,Noncooperative,https://data.cooperationdatabank.org/vocab/prop/leaderBehavior,Leader's behavior,https://data.cooperationdatabank.org/id/leaderbehavior/noncooperative,Cooperative,https://data.cooperationdatabank.org/vocab/prop/studyMatchingProtocol,Matching,https://data.cooperationdatabank.org/id/studymatchingprotocol/1,Stranger,https://data.cooperationdatabank.org/id/dependentvariable/contributions,positive,test,2.0,positive,higher,2.0,0.0,0.0,1.0,1.0,"When comparing studies where leader's behavior is noncooperative and studies where leader's behavior is cooperative, cooperation is significantly higher when matching is stranger."
388,https://data.cooperationdatabank.org/vocab/prop/LeadershipVariable,https://data.cooperationdatabank.org/vocab/prop/leaderBehavior,Leader's behavior,https://data.cooperationdatabank.org/id/leaderbehavior/cooperative,Noncooperative,https://data.cooperationdatabank.org/vocab/prop/leaderBehavior,Leader's behavior,https://data.cooperationdatabank.org/id/leaderbehavior/noncooperative,Cooperative,https://data.cooperationdatabank.org/vocab/prop/country,has country,https://data.cooperationdatabank.org/id/country/CHN,CHN,https://data.cooperationdatabank.org/id/dependentvariable/contributions,positive,test,2.0,positive,higher,2.0,0.0,0.0,1.0,1.0,"When comparing studies where leader's behavior is noncooperative and studies where leader's behavior is cooperative, cooperation is significantly higher when has country is chn."
20918,https://data.cooperationdatabank.org/vocab/prop/LeadershipVariable,https://data.cooperationdatabank.org/vocab/prop/leadershipAssignmentRule,Leadership assignment rule,https://data.cooperationdatabank.org/id/leadershipassignmentrule/fixed,Fixed ,https://data.cooperationdatabank.org/vocab/prop/leadershipAssignmentRule,Leadership assignment rule,https://data.cooperationdatabank.org/id/leadershipassignmentrule/random_appointment,Random Appointment,https://data.cooperationdatabank.org/vocab/prop/studyGameIncentive,Game incentive,https://data.cooperationdatabank.org/id/studygameincentive/1,Monetary,https://data.cooperationdatabank.org/id/dependentvariable/contributions,noEffect,test,2.0,positive,higher,1.0,0.06666666666666667,0.13333333333333333,0.8,0.8,"When comparing studies where leadership assignment rule is fixed  and studies where leadership assignment rule is random appointment, cooperation is significantly higher when game incentive is monetary."
7513,https://data.cooperationdatabank.org/vocab/prop/LeadershipVariable,https://data.cooperationdatabank.org/vocab/prop/leadershipRole,Leadership role,https://data.cooperationdatabank.org/id/leadershiprole/leader,Leader ,https://data.cooperationdatabank.org/vocab/prop/leadershipRole,Leadership role,https://data.cooperationdatabank.org/id/leadershiprole/follower,Follower,https://data.cooperationdatabank.org/vocab/prop/studyRealPartner,Real partner,https://data.cooperationdatabank.org/id/studyrealpartner/1,Real,https://data.cooperationdatabank.org/id/dependentvariable/contributions,positive,test,2.0,positive,higher,2.0,0.0,0.3076923076923077,0.6923076923076923,0.6923076923076923,"When comparing studies where leadership role is leader  and studies where leadership role is follower, cooperation is significantly higher when real partner is real."
6694,https://data.cooperationdatabank.org/vocab/prop/LeadershipVariable,https://data.cooperationdatabank.org/vocab/prop/leadershipRole,Leadership role,https://data.cooperationdatabank.org/id/leadershiprole/leader,Leader ,https://data.cooperationdatabank.org/vocab/prop/leadershipRole,Leadership role,https://data.cooperationdatabank.org/id/leadershiprole/follower,Follower,https://data.cooperationdatabank.org/vocab/prop/countrySource,Source of country or region,https://data.cooperationdatabank.org/id/countrysource/1,Specified country,https://data.cooperationdatabank.org/id/dependentvariable/contributions,noEffect,test,2.0,positive,higher,1.0,0.0,0.3076923076923077,0.6923076923076923,0.6923076923076923,"When comparing studies where leadership role is leader  and studies where leadership role is follower, cooperation is significantly higher when source of country or region is specified country."
6704,https://data.cooperationdatabank.org/vocab/prop/LeadershipVariable,https://data.cooperationdatabank.org/vocab/prop/leadershipRole,Leadership role,https://data.cooperationdatabank.org/id/leadershiprole/leader,Leader ,https://data.cooperationdatabank.org/vocab/prop/leadershipRole,Leadership role,https://data.cooperationdatabank.org/id/leadershiprole/follower,Follower,https://data.cooperationdatabank.org/vocab/prop/studyRealPartner,Real partner,https://data.cooperationdatabank.org/id/studyrealpartner/1,Real,https://data.cooperationdatabank.org/id/dependentvariable/contributions,noEffect,test,2.0,positive,higher,1.0,0.0,0.3076923076923077,0.6923076923076923,0.6923076923076923,"When comparing studies where leadership role is leader  and studies where leadership role is follower, cooperation is significantly higher when real partner is real."
6663,https://data.cooperationdatabank.org/vocab/prop/LeadershipVariable,https://data.cooperationdatabank.org/vocab/prop/leadershipAssignmentRule,Leadership assignment rule,https://data.cooperationdatabank.org/id/leadershipassignmentrule/random_appointment,Random Appointment,https://data.cooperationdatabank.org/vocab/prop/leadershipAssignmentRule,Leadership assignment rule,https://data.cooperationdatabank.org/id/leadershipassignmentrule/elected,Elected,https://data.cooperationdatabank.org/vocab/prop/countrySource,Source of country or region,https://data.cooperationdatabank.org/id/countrysource/1,Specified country,https://data.cooperationdatabank.org/id/dependentvariable/contributions,noEffect,test,2.0,positive,higher,1.0,0.3333333333333333,0.0,0.6666666666666666,0.6666666666666666,"When comparing studies where leadership assignment rule is random appointment and studies where leadership assignment rule is elected, cooperation is significantly higher when source of country or region is specified country."
27909,https://data.cooperationdatabank.org/vocab/prop/LeadershipVariable,https://data.cooperationdatabank.org/vocab/prop/leadershipAssignmentRule,Leadership assignment rule,https://data.cooperationdatabank.org/id/leadershipassignmentrule/random_appointment,Random Appointment,https://data.cooperationdatabank.org/vocab/prop/leadershipAssignmentRule,Leadership assignment rule,https://data.cooperationdatabank.org/id/leadershipassignmentrule/elected,Elected,https://data.cooperationdatabank.org/vocab/prop/studyGameIncentive,Game incentive,https://data.cooperationdatabank.org/id/studygameincentive/1,Monetary,https://data.cooperationdatabank.org/id/dependentvariable/contributions,negative,test,2.0,positive,higher,0.0,0.3333333333333333,0.0,0.6666666666666666,0.6666666666666666,"When comparing studies where leadership assignment rule is random appointment and studies where leadership assignment rule is elected, cooperation is significantly higher when game incentive is monetary."
15339,https://data.cooperationdatabank.org/vocab/prop/LeadershipVariable,https://data.cooperationdatabank.org/vocab/prop/leadershipRole,Leadership role,https://data.cooperationdatabank.org/id/leadershiprole/leader,Leader ,https://data.cooperationdatabank.org/vocab/prop/leadershipRole,Leadership role,https://data.cooperationdatabank.org/id/leadershiprole/follower,Follower,https://data.cooperationdatabank.org/vocab/prop/country,has country,https://data.cooperationdatabank.org/id/country/GBR,GBR,https://data.cooperationdatabank.org/id/dependentvariable/contributions,positive,test,2.0,positive,higher,2.0,0.0,0.3333333333333333,0.6666666666666666,0.6666666666666666,"When comparing studies where leadership role is leader  and studies where leadership role is follower, cooperation is significantly higher when has country is gbr."
43437,https://data.cooperationdatabank.org/vocab/prop/LeadershipVariable,https://data.cooperationdatabank.org/vocab/prop/leaderCharacteristic,Leader's characteristic,https://data.cooperationdatabank.org/id/leadercharacteristic/male,Female,https://data.cooperationdatabank.org/vocab/prop/leaderCharacteristic,Leader's characteristic,https://data.cooperationdatabank.org/id/leadercharacteristic/female,Male,https://data.cooperationdatabank.org/vocab/prop/country,has country,https://data.cooperationdatabank.org/id/country/GBR,GBR,https://data.cooperationdatabank.org/id/dependentvariable/contributions,negative,test,2.0,positive,higher,0.0,0.0,0.3333333333333333,0.6666666666666666,0.6666666666666666,"When comparing studies where leader's characteristic is female and studies where leader's characteristic is male, cooperation is significantly higher when has country is gbr."
43445,https://data.cooperationdatabank.org/vocab/prop/LeadershipVariable,https://data.cooperationdatabank.org/vocab/prop/leaderCharacteristic,Leader's characteristic,https://data.cooperationdatabank.org/id/leadercharacteristic/male,Female,https://data.cooperationdatabank.org/vocab/prop/leaderCharacteristic,Leader's characteristic,https://data.cooperationdatabank.org/id/leadercharacteristic/female,Male,https://data.cooperationdatabank.org/vocab/prop/studyMatchingProtocol,Matching,https://data.cooperationdatabank.org/id/studymatchingprotocol/1,Stranger,https://data.cooperationdatabank.org/id/dependentvariable/contributions,negative,test,2.0,positive,higher,0.0,0.3333333333333333,0.0,0.6666666666666666,0.6666666666666666,"When comparing studies where leader's characteristic is female and studies where leader's characteristic is male, cooperation is significantly higher when matching is stranger."
43467,https://data.cooperationdatabank.org/vocab/prop/LeadershipVariable,https://data.cooperationdatabank.org/vocab/prop/leaderCharacteristic,Leader's characteristic,https://data.cooperationdatabank.org/id/leadercharacteristic/male,Female,https://data.cooperationdatabank.org/vocab/prop/leaderCharacteristic,Leader's characteristic,https://data.cooperationdatabank.org/id/leadercharacteristic/female,Male,https://data.cooperationdatabank.org/vocab/prop/country,has country,https://data.cooperationdatabank.org/id/country/GBR,GBR,https://data.cooperationdatabank.org/id/dependentvariable/contributions,negative,test,2.0,positive,higher,0.0,0.0,0.3333333333333333,0.6666666666666666,0.6666666666666666,"When comparing studies where leader's characteristic is female and studies where leader's characteristic is male, cooperation is significantly higher when has country is gbr."
43415,https://data.cooperationdatabank.org/vocab/prop/LeadershipVariable,https://data.cooperationdatabank.org/vocab/prop/leaderCharacteristic,Leader's characteristic,https://data.cooperationdatabank.org/id/leadercharacteristic/male,Male,https://data.cooperationdatabank.org/vocab/prop/leaderCharacteristic,Leader's characteristic,https://data.cooperationdatabank.org/id/leadercharacteristic/female,Female,https://data.cooperationdatabank.org/vocab/prop/studyMatchingProtocol,Matching,https://data.cooperationdatabank.org/id/studymatchingprotocol/1,Stranger,https://data.cooperationdatabank.org/id/dependentvariable/contributions,noEffect,test,2.0,positive,higher,1.0,0.3333333333333333,0.0,0.6666666666666666,0.6666666666666666,"When comparing studies where leader's characteristic is male and studies where leader's characteristic is female, cooperation is significantly higher when matching is stranger."
6682,https://data.cooperationdatabank.org/vocab/prop/LeadershipVariable,https://data.cooperationdatabank.org/vocab/prop/leadershipEndogenous,Endogenous leadership,https://data.cooperationdatabank.org/id/leadershipendogenous/exogenous,Exogenous,https://data.cooperationdatabank.org/vocab/prop/leadershipEndogenous,Endogenous leadership,https://data.cooperationdatabank.org/id/leadershipendogenous/endogenous,Endogenous,https://data.cooperationdatabank.org/vocab/prop/studyOneShot,One-shot vs repeated,https://data.cooperationdatabank.org/id/studyoneshot/0,Repeated,https://data.cooperationdatabank.org/id/dependentvariable/contributions,noEffect,test,0.0,negative,lower,1.0,0.625,0.0,0.375,0.625,"When comparing studies where endogenous leadership is exogenous and studies where endogenous leadership is endogenous, cooperation is significantly lower when one-shot vs repeated is repeated."
41583,https://data.cooperationdatabank.org/vocab/prop/LeadershipVariable,https://data.cooperationdatabank.org/vocab/prop/leadershipAssignmentRule,Leadership assignment rule,https://data.cooperationdatabank.org/id/leadershipassignmentrule/fixed,Fixed ,https://data.cooperationdatabank.org/vocab/prop/leadershipAssignmentRule,Leadership assignment rule,https://data.cooperationdatabank.org/id/leadershipassignmentrule/random_appointment,Random Appointment,https://data.cooperationdatabank.org/vocab/prop/yearSource,Source of year of data collection,https://data.cooperationdatabank.org/id/yearsource/4,Received/Submitted,https://data.cooperationdatabank.org/id/dependentvariable/contributions,positive,test,2.0,positive,higher,2.0,0.0,0.391304347826087,0.6086956521739131,0.6086956521739131,"When comparing studies where leadership assignment rule is fixed  and studies where leadership assignment rule is random appointment, cooperation is significantly higher when source of year of data collection is submitted."
41488,https://data.cooperationdatabank.org/vocab/prop/LeadershipVariable,https://data.cooperationdatabank.org/vocab/prop/leadershipEndogenous,Endogenous leadership,https://data.cooperationdatabank.org/id/leadershipendogenous/exogenous,Exogenous,https://data.cooperationdatabank.org/vocab/prop/leadershipEndogenous,Endogenous leadership,https://data.cooperationdatabank.org/id/leadershipendogenous/endogenous,Endogenous,https://data.cooperationdatabank.org/vocab/prop/studyShowUpFee,Show-up fee,https://data.cooperationdatabank.org/id/studyshowupfee/1,Paid,https://data.cooperationdatabank.org/id/dependentvariable/contributions,noEffect,test,0.0,negative,lower,1.0,0.6,0.0,0.4,0.6,"When comparing studies where endogenous leadership is exogenous and studies where endogenous leadership is endogenous, cooperation is significantly lower when show-up fee is paid."
41543,https://data.cooperationdatabank.org/vocab/prop/LeadershipVariable,https://data.cooperationdatabank.org/vocab/prop/leadershipEndogenous,Endogenous leadership,https://data.cooperationdatabank.org/id/leadershipendogenous/exogenous,Exogenous,https://data.cooperationdatabank.org/vocab/prop/leadershipEndogenous,Endogenous leadership,https://data.cooperationdatabank.org/id/leadershipendogenous/endogenous,Endogenous,https://data.cooperationdatabank.org/vocab/prop/discussion,Discussion,https://data.cooperationdatabank.org/id/discussion/0,Absent,https://data.cooperationdatabank.org/id/dependentvariable/contributions,positive,test,0.0,negative,lower,2.0,0.5714285714285714,0.2857142857142857,0.14285714285714285,0.5714285714285714,"When comparing studies where endogenous leadership is exogenous and studies where endogenous leadership is endogenous, cooperation is significantly lower when discussion is absent."
41539,https://data.cooperationdatabank.org/vocab/prop/LeadershipVariable,https://data.cooperationdatabank.org/vocab/prop/leadershipEndogenous,Endogenous leadership,https://data.cooperationdatabank.org/id/leadershipendogenous/exogenous,Exogenous,https://data.cooperationdatabank.org/vocab/prop/leadershipEndogenous,Endogenous leadership,https://data.cooperationdatabank.org/id/leadershipendogenous/endogenous,Endogenous,https://data.cooperationdatabank.org/vocab/prop/country,has country,https://data.cooperationdatabank.org/id/country/DEU,DEU,https://data.cooperationdatabank.org/id/dependentvariable/contributions,positive,test,0.0,negative,lower,2.0,0.5714285714285714,0.14285714285714285,0.2857142857142857,0.5714285714285714,"When comparing studies where endogenous leadership is exogenous and studies where endogenous leadership is endogenous, cooperation is significantly lower when has country is deu."
12982,https://data.cooperationdatabank.org/vocab/prop/LeadershipVariable,https://data.cooperationdatabank.org/vocab/prop/leadershipEndogenous,Endogenous leadership,https://data.cooperationdatabank.org/id/leadershipendogenous/exogenous,Endogenous,https://data.cooperationdatabank.org/vocab/prop/leadershipEndogenous,Endogenous leadership,https://data.cooperationdatabank.org/id/leadershipendogenous/endogenous,Exogenous,https://data.cooperationdatabank.org/vocab/prop/country,has country,https://data.cooperationdatabank.org/id/country/GBR,GBR,https://data.cooperationdatabank.org/id/dependentvariable/contributions,negative,test,0.0,negative,lower,0.0,0.5714285714285714,0.14285714285714285,0.2857142857142857,0.5714285714285714,"When comparing studies where endogenous leadership is endogenous and studies where endogenous leadership is exogenous, cooperation is significantly lower when has country is gbr."
41442,https://data.cooperationdatabank.org/vocab/prop/LeadershipVariable,https://data.cooperationdatabank.org/vocab/prop/leadershipAssignmentRule,Leadership assignment rule,https://data.cooperationdatabank.org/id/leadershipassignmentrule/fixed,Fixed ,https://data.cooperationdatabank.org/vocab/prop/leadershipAssignmentRule,Leadership assignment rule,https://data.cooperationdatabank.org/id/leadershipassignmentrule/volunteer,Volunteer,https://data.cooperationdatabank.org/vocab/prop/country,has country,https://data.cooperationdatabank.org/id/country/DEU,DEU,https://data.cooperationdatabank.org/id/dependentvariable/contributions,noEffect,test,2.0,positive,higher,1.0,0.0,0.4444444444444444,0.5555555555555556,0.5555555555555556,"When comparing studies where leadership assignment rule is fixed  and studies where leadership assignment rule is volunteer, cooperation is significantly higher when has country is deu."
7505,https://data.cooperationdatabank.org/vocab/prop/LeadershipVariable,https://data.cooperationdatabank.org/vocab/prop/leadershipRole,Leadership role,https://data.cooperationdatabank.org/id/leadershiprole/leader,Leader ,https://data.cooperationdatabank.org/vocab/prop/leadershipRole,Leadership role,https://data.cooperationdatabank.org/id/leadershiprole/follower,Follower,https://data.cooperationdatabank.org/vocab/prop/discussion,Discussion,https://data.cooperationdatabank.org/id/discussion/2,Bi-directional,https://data.cooperationdatabank.org/id/dependentvariable/contributions,positive,test,2.0,positive,higher,2.0,0.06766917293233082,0.38345864661654133,0.5488721804511278,0.5488721804511278,"When comparing studies where leadership role is leader  and studies where leadership role is follower, cooperation is significantly higher when discussion is bi-directional."
23508,https://data.cooperationdatabank.org/vocab/prop/LeadershipVariable,https://data.cooperationdatabank.org/vocab/prop/leadershipRole,Leadership role,https://data.cooperationdatabank.org/id/leadershiprole/leader,Leader ,https://data.cooperationdatabank.org/vocab/prop/leadershipRole,Leadership role,https://data.cooperationdatabank.org/id/leadershiprole/follower,Follower,https://data.cooperationdatabank.org/vocab/prop/discussion,Discussion,https://data.cooperationdatabank.org/id/discussion/0,Absent,https://data.cooperationdatabank.org/id/dependentvariable/contributions,positive,test,2.0,positive,higher,2.0,0.06766917293233082,0.38345864661654133,0.5488721804511278,0.5488721804511278,"When comparing studies where leadership role is leader  and studies where leadership role is follower, cooperation is significantly higher when discussion is absent."
23565,https://data.cooperationdatabank.org/vocab/prop/LeadershipVariable,https://data.cooperationdatabank.org/vocab/prop/leadershipRole,Leadership role,https://data.cooperationdatabank.org/id/leadershiprole/leader,Leader ,https://data.cooperationdatabank.org/vocab/prop/leadershipRole,Leadership role,https://data.cooperationdatabank.org/id/leadershiprole/follower,Follower,https://data.cooperationdatabank.org/vocab/prop/studyDilemmaType,Game type,https://data.cooperationdatabank.org/id/studydilemmatype/2,Public Goods Game,https://data.cooperationdatabank.org/id/dependentvariable/contributions,positive,test,2.0,positive,higher,2.0,0.06766917293233082,0.38345864661654133,0.5488721804511278,0.5488721804511278,"When comparing studies where leadership role is leader  and studies where leadership role is follower, cooperation is significantly higher when game type is public goods game."
23523,https://data.cooperationdatabank.org/vocab/prop/LeadershipVariable,https://data.cooperationdatabank.org/vocab/prop/leadershipRole,Leadership role,https://data.cooperationdatabank.org/id/leadershiprole/leader,Leader ,https://data.cooperationdatabank.org/vocab/prop/leadershipRole,Leadership role,https://data.cooperationdatabank.org/id/leadershiprole/follower,Follower,https://data.cooperationdatabank.org/vocab/prop/studyMatchingProtocol,Matching,https://data.cooperationdatabank.org/id/studymatchingprotocol/1,Stranger,https://data.cooperationdatabank.org/id/dependentvariable/contributions,positive,test,2.0,positive,higher,2.0,0.06766917293233082,0.38345864661654133,0.5488721804511278,0.5488721804511278,"When comparing studies where leadership role is leader  and studies where leadership role is follower, cooperation is significantly higher when matching is stranger."
7506,https://data.cooperationdatabank.org/vocab/prop/LeadershipVariable,https://data.cooperationdatabank.org/vocab/prop/leadershipRole,Leadership role,https://data.cooperationdatabank.org/id/leadershiprole/leader,Leader ,https://data.cooperationdatabank.org/vocab/prop/leadershipRole,Leadership role,https://data.cooperationdatabank.org/id/leadershiprole/follower,Follower,https://data.cooperationdatabank.org/vocab/prop/publicationStatus,Published,https://data.cooperationdatabank.org/id/publicationstatus/1,Published Article,https://data.cooperationdatabank.org/id/dependentvariable/contributions,positive,test,2.0,positive,higher,2.0,0.06766917293233082,0.38345864661654133,0.5488721804511278,0.5488721804511278,"When comparing studies where leadership role is leader  and studies where leadership role is follower, cooperation is significantly higher when published is published article."
15350,https://data.cooperationdatabank.org/vocab/prop/LeadershipVariable,https://data.cooperationdatabank.org/vocab/prop/leadershipRole,Leadership role,https://data.cooperationdatabank.org/id/leadershiprole/leader,Leader ,https://data.cooperationdatabank.org/vocab/prop/leadershipRole,Leadership role,https://data.cooperationdatabank.org/id/leadershiprole/follower,Follower,https://data.cooperationdatabank.org/vocab/prop/studyTrialOfCooperation,Trial of cooperation,https://data.cooperationdatabank.org/id/studytrialofcooperation/1,All trials,https://data.cooperationdatabank.org/id/dependentvariable/contributions,positive,test,2.0,positive,higher,2.0,0.06766917293233082,0.38345864661654133,0.5488721804511278,0.5488721804511278,"When comparing studies where leadership role is leader  and studies where leadership role is follower, cooperation is significantly higher when trial of cooperation is all trials."
41573,https://data.cooperationdatabank.org/vocab/prop/LeadershipVariable,https://data.cooperationdatabank.org/vocab/prop/leadershipAssignmentRule,Leadership assignment rule,https://data.cooperationdatabank.org/id/leadershipassignmentrule/fixed,Fixed ,https://data.cooperationdatabank.org/vocab/prop/leadershipAssignmentRule,Leadership assignment rule,https://data.cooperationdatabank.org/id/leadershipassignmentrule/random_appointment,Random Appointment,https://data.cooperationdatabank.org/vocab/prop/publicationStatus,Published,https://data.cooperationdatabank.org/id/publicationstatus/1,Published Article,https://data.cooperationdatabank.org/id/dependentvariable/contributions,positive,test,2.0,positive,higher,2.0,0.13043478260869565,0.34782608695652173,0.5217391304347826,0.5217391304347826,"When comparing studies where leadership assignment rule is fixed  and studies where leadership assignment rule is random appointment, cooperation is significantly higher when published is published article."
6683,https://data.cooperationdatabank.org/vocab/prop/LeadershipVariable,https://data.cooperationdatabank.org/vocab/prop/leadershipAssignmentRule,Leadership assignment rule,https://data.cooperationdatabank.org/id/leadershipassignmentrule/random_appointment,Random Appointment,https://data.cooperationdatabank.org/vocab/prop/leadershipAssignmentRule,Leadership assignment rule,https://data.cooperationdatabank.org/id/leadershipassignmentrule/elected,Elected,https://data.cooperationdatabank.org/vocab/prop/studyRealPartner,Real partner,https://data.cooperationdatabank.org/id/studyrealpartner/1,Real,https://data.cooperationdatabank.org/id/dependentvariable/contributions,noEffect,test,0.0,negative,lower,1.0,0.5,0.0,0.5,0.5,"When comparing studies where leadership assignment rule is random appointment and studies where leadership assignment rule is elected, cooperation is significantly lower when real partner is real."
41547,https://data.cooperationdatabank.org/vocab/prop/LeadershipVariable,https://data.cooperationdatabank.org/vocab/prop/leadershipEndogenous,Endogenous leadership,https://data.cooperationdatabank.org/id/leadershipendogenous/exogenous,Exogenous,https://data.cooperationdatabank.org/vocab/prop/leadershipEndogenous,Endogenous leadership,https://data.cooperationdatabank.org/id/leadershipendogenous/endogenous,Endogenous,https://data.cooperationdatabank.org/vocab/prop/studyAcademicDiscipline,Academic discipline,https://data.cooperationdatabank.org/id/studyacademicdiscipline/4,Mixed,https://data.cooperationdatabank.org/id/dependentvariable/contributions,positive,test,0.0,negative,lower,2.0,0.5,0.16666666666666666,0.3333333333333333,0.5,"When comparing studies where endogenous leadership is exogenous and studies where endogenous leadership is endogenous, cooperation is significantly lower when academic discipline is mixed."
91,https://data.cooperationdatabank.org/vocab/prop/LeadershipVariable,https://data.cooperationdatabank.org/vocab/prop/leadershipAssignmentRule,Leadership assignment rule,https://data.cooperationdatabank.org/id/leadershipassignmentrule/authority,Authority,https://data.cooperationdatabank.org/vocab/prop/leadershipAssignmentRule,Leadership assignment rule,https://data.cooperationdatabank.org/id/leadershipassignmentrule/fixed,Fixed ,https://data.cooperationdatabank.org/vocab/prop/studyGameIncentive,Game incentive,https://data.cooperationdatabank.org/id/studygameincentive/1,Monetary,https://data.cooperationdatabank.org/id/dependentvariable/withdrawals,negative,test,0.0,negative,lower,0.0,0.5,0.5,0.0,0.5,"When comparing studies where leadership assignment rule is authority and studies where leadership assignment rule is fixed , cooperation is significantly lower when game incentive is monetary."
89,https://data.cooperationdatabank.org/vocab/prop/LeadershipVariable,https://data.cooperationdatabank.org/vocab/prop/leadershipAssignmentRule,Leadership assignment rule,https://data.cooperationdatabank.org/id/leadershipassignmentrule/authority,Authority,https://data.cooperationdatabank.org/vocab/prop/leadershipAssignmentRule,Leadership assignment rule,https://data.cooperationdatabank.org/id/leadershipassignmentrule/fixed,Fixed ,https://data.cooperationdatabank.org/vocab/prop/studyDilemmaType,Game type,https://data.cooperationdatabank.org/id/studydilemmatype/3,Resource Dilemma,https://data.cooperationdatabank.org/id/dependentvariable/withdrawals,negative,test,0.0,negative,lower,0.0,0.5,0.5,0.0,0.5,"When comparing studies where leadership assignment rule is authority and studies where leadership assignment rule is fixed , cooperation is significantly lower when game type is resource dilemma."
41609,https://data.cooperationdatabank.org/vocab/prop/LeadershipVariable,https://data.cooperationdatabank.org/vocab/prop/leadershipEndogenous,Endogenous leadership,https://data.cooperationdatabank.org/id/leadershipendogenous/exogenous,Endogenous,https://data.cooperationdatabank.org/vocab/prop/leadershipEndogenous,Endogenous leadership,https://data.cooperationdatabank.org/id/leadershipendogenous/endogenous,Exogenous,https://data.cooperationdatabank.org/vocab/prop/studyRealPartner,Real partner,https://data.cooperationdatabank.org/id/studyrealpartner/1,Real,https://data.cooperationdatabank.org/id/dependentvariable/contributions,negative,test,0.0,negative,lower,0.0,0.5,0.25,0.25,0.5,"When comparing studies where endogenous leadership is endogenous and studies where endogenous leadership is exogenous, cooperation is significantly lower when real partner is real."
27885,https://data.cooperationdatabank.org/vocab/prop/LeadershipVariable,https://data.cooperationdatabank.org/vocab/prop/leadershipAssignmentRule,Leadership assignment rule,https://data.cooperationdatabank.org/id/leadershipassignmentrule/random_appointment,Elected,https://data.cooperationdatabank.org/vocab/prop/leadershipAssignmentRule,Leadership assignment rule,https://data.cooperationdatabank.org/id/leadershipassignmentrule/elected,Random Appointment,https://data.cooperationdatabank.org/vocab/prop/publicationStatus,Published,https://data.cooperationdatabank.org/id/publicationstatus/1,Published Article,https://data.cooperationdatabank.org/id/dependentvariable/contributions,positive,test,0.0,negative,lower,2.0,0.5,0.25,0.25,0.5,"When comparing studies where leadership assignment rule is elected and studies where leadership assignment rule is random appointment, cooperation is significantly lower when published is published article."
27927,https://data.cooperationdatabank.org/vocab/prop/LeadershipVariable,https://data.cooperationdatabank.org/vocab/prop/leadershipEndogenous,Endogenous leadership,https://data.cooperationdatabank.org/id/leadershipendogenous/exogenous,Endogenous,https://data.cooperationdatabank.org/vocab/prop/leadershipEndogenous,Endogenous leadership,https://data.cooperationdatabank.org/id/leadershipendogenous/endogenous,Exogenous,https://data.cooperationdatabank.org/vocab/prop/studyRealPartner,Real partner,https://data.cooperationdatabank.org/id/studyrealpartner/1,Real,https://data.cooperationdatabank.org/id/dependentvariable/contributions,positive,test,0.0,negative,lower,2.0,0.5,0.25,0.25,0.5,"When comparing studies where endogenous leadership is endogenous and studies where endogenous leadership is exogenous, cooperation is significantly lower when real partner is real."
27935,https://data.cooperationdatabank.org/vocab/prop/LeadershipVariable,https://data.cooperationdatabank.org/vocab/prop/leadershipAssignmentRule,Leadership assignment rule,https://data.cooperationdatabank.org/id/leadershipassignmentrule/random_appointment,Elected,https://data.cooperationdatabank.org/vocab/prop/leadershipAssignmentRule,Leadership assignment rule,https://data.cooperationdatabank.org/id/leadershipassignmentrule/elected,Random Appointment,https://data.cooperationdatabank.org/vocab/prop/yearSource,Source of year of data collection,https://data.cooperationdatabank.org/id/yearsource/3,Working paper published,https://data.cooperationdatabank.org/id/dependentvariable/contributions,positive,test,0.0,negative,lower,2.0,0.5,0.0,0.5,0.5,"When comparing studies where leadership assignment rule is elected and studies where leadership assignment rule is random appointment, cooperation is significantly lower when source of year of data collection is working paper published."
43450,https://data.cooperationdatabank.org/vocab/prop/LeadershipVariable,https://data.cooperationdatabank.org/vocab/prop/leaderCharacteristic,Leader's characteristic,https://data.cooperationdatabank.org/id/leadercharacteristic/male,Female,https://data.cooperationdatabank.org/vocab/prop/leaderCharacteristic,Leader's characteristic,https://data.cooperationdatabank.org/id/leadercharacteristic/female,Male,https://data.cooperationdatabank.org/vocab/prop/studyContinuousPGG,Continuous vs step-level public goods,https://data.cooperationdatabank.org/id/studycontinuouspgg/2,Step-level,https://data.cooperationdatabank.org/id/dependentvariable/contributions,negative,test,2.0,positive,higher,0.0,0.25,0.25,0.5,0.5,"When comparing studies where leader's characteristic is female and studies where leader's characteristic is male, cooperation is significantly higher when continuous vs step-level public goods is step-level."
28014,https://data.cooperationdatabank.org/vocab/prop/LeadershipVariable,https://data.cooperationdatabank.org/vocab/prop/leadershipAssignmentRule,Leadership assignment rule,https://data.cooperationdatabank.org/id/leadershipassignmentrule/random_appointment,Random Appointment,https://data.cooperationdatabank.org/vocab/prop/leadershipAssignmentRule,Leadership assignment rule,https://data.cooperationdatabank.org/id/leadershipassignmentrule/elected,Elected,https://data.cooperationdatabank.org/vocab/prop/yearSource,Source of year of data collection,https://data.cooperationdatabank.org/id/yearsource/3,Working paper published,https://data.cooperationdatabank.org/id/dependentvariable/contributions,negative,test,0.0,negative,lower,0.0,0.5,0.0,0.5,0.5,"When comparing studies where leadership assignment rule is random appointment and studies where leadership assignment rule is elected, cooperation is significantly lower when source of year of data collection is working paper published."
27940,https://data.cooperationdatabank.org/vocab/prop/LeadershipVariable,https://data.cooperationdatabank.org/vocab/prop/leadershipAssignmentRule,Leadership assignment rule,https://data.cooperationdatabank.org/id/leadershipassignmentrule/random_appointment,Elected,https://data.cooperationdatabank.org/vocab/prop/leadershipAssignmentRule,Leadership assignment rule,https://data.cooperationdatabank.org/id/leadershipassignmentrule/elected,Random Appointment,https://data.cooperationdatabank.org/vocab/prop/studyContinuousPGG,Continuous vs step-level public goods,https://data.cooperationdatabank.org/id/studycontinuouspgg/1,Continuous,https://data.cooperationdatabank.org/id/dependentvariable/contributions,positive,test,0.0,negative,lower,2.0,0.5,0.25,0.25,0.5,"When comparing studies where leadership assignment rule is elected and studies where leadership assignment rule is random appointment, cooperation is significantly lower when continuous vs step-level public goods is continuous."
36556,https://data.cooperationdatabank.org/vocab/prop/LeadershipVariable,https://data.cooperationdatabank.org/vocab/prop/leadershipEndogenous,Endogenous leadership,https://data.cooperationdatabank.org/id/leadershipendogenous/exogenous,Endogenous,https://data.cooperationdatabank.org/vocab/prop/leadershipEndogenous,Endogenous leadership,https://data.cooperationdatabank.org/id/leadershipendogenous/endogenous,Exogenous,https://data.cooperationdatabank.org/vocab/prop/studyMatchingProtocol,Matching,https://data.cooperationdatabank.org/id/studymatchingprotocol/2,Partner,https://data.cooperationdatabank.org/id/dependentvariable/contributions,negative,test,0.0,negative,lower,0.0,0.4444444444444444,0.2222222222222222,0.3333333333333333,0.4444444444444444,"When comparing studies where endogenous leadership is endogenous and studies where endogenous leadership is exogenous, cooperation is significantly lower when matching is partner."
41567,https://data.cooperationdatabank.org/vocab/prop/LeadershipVariable,https://data.cooperationdatabank.org/vocab/prop/leadershipEndogenous,Endogenous leadership,https://data.cooperationdatabank.org/id/leadershipendogenous/exogenous,Exogenous,https://data.cooperationdatabank.org/vocab/prop/leadershipEndogenous,Endogenous leadership,https://data.cooperationdatabank.org/id/leadershipendogenous/endogenous,Endogenous,https://data.cooperationdatabank.org/vocab/prop/studyContinuousPGG,Continuous vs step-level public goods,https://data.cooperationdatabank.org/id/studycontinuouspgg/1,Continuous,https://data.cooperationdatabank.org/id/dependentvariable/contributions,positive,test,0.0,negative,lower,2.0,0.42857142857142855,0.2857142857142857,0.2857142857142857,0.42857142857142855,"When comparing studies where endogenous leadership is exogenous and studies where endogenous leadership is endogenous, cooperation is significantly lower when continuous vs step-level public goods is continuous."
27911,https://data.cooperationdatabank.org/vocab/prop/LeadershipVariable,https://data.cooperationdatabank.org/vocab/prop/leadershipEndogenous,Endogenous leadership,https://data.cooperationdatabank.org/id/leadershipendogenous/exogenous,Exogenous,https://data.cooperationdatabank.org/vocab/prop/leadershipEndogenous,Endogenous leadership,https://data.cooperationdatabank.org/id/leadershipendogenous/endogenous,Endogenous,https://data.cooperationdatabank.org/vocab/prop/studyGameIncentive,Game incentive,https://data.cooperationdatabank.org/id/studygameincentive/1,Monetary,https://data.cooperationdatabank.org/id/dependentvariable/contributions,negative,test,0.0,negative,lower,0.0,0.42857142857142855,0.2857142857142857,0.2857142857142857,0.42857142857142855,"When comparing studies where endogenous leadership is exogenous and studies where endogenous leadership is endogenous, cooperation is significantly lower when game incentive is monetary."
27901,https://data.cooperationdatabank.org/vocab/prop/LeadershipVariable,https://data.cooperationdatabank.org/vocab/prop/leadershipEndogenous,Endogenous leadership,https://data.cooperationdatabank.org/id/leadershipendogenous/exogenous,Exogenous,https://data.cooperationdatabank.org/vocab/prop/leadershipEndogenous,Endogenous leadership,https://data.cooperationdatabank.org/id/leadershipendogenous/endogenous,Endogenous,https://data.cooperationdatabank.org/vocab/prop/studyDilemmaType,Game type,https://data.cooperationdatabank.org/id/studydilemmatype/2,Public Goods Game,https://data.cooperationdatabank.org/id/dependentvariable/contributions,negative,test,0.0,negative,lower,0.0,0.42857142857142855,0.14285714285714285,0.42857142857142855,0.42857142857142855,"When comparing studies where endogenous leadership is exogenous and studies where endogenous leadership is endogenous, cooperation is significantly lower when game type is public goods game."
36550,https://data.cooperationdatabank.org/vocab/prop/LeadershipVariable,https://data.cooperationdatabank.org/vocab/prop/leadershipEndogenous,Endogenous leadership,https://data.cooperationdatabank.org/id/leadershipendogenous/exogenous,Endogenous,https://data.cooperationdatabank.org/vocab/prop/leadershipEndogenous,Endogenous leadership,https://data.cooperationdatabank.org/id/leadershipendogenous/endogenous,Exogenous,https://data.cooperationdatabank.org/vocab/prop/studyDilemmaType,Game type,https://data.cooperationdatabank.org/id/studydilemmatype/2,Public Goods Game,https://data.cooperationdatabank.org/id/dependentvariable/contributions,negative,test,0.0,negative,lower,0.0,0.42857142857142855,0.14285714285714285,0.42857142857142855,0.42857142857142855,"When comparing studies where endogenous leadership is endogenous and studies where endogenous leadership is exogenous, cooperation is significantly lower when game type is public goods game."
28021,https://data.cooperationdatabank.org/vocab/prop/LeadershipVariable,https://data.cooperationdatabank.org/vocab/prop/leadershipEndogenous,Endogenous leadership,https://data.cooperationdatabank.org/id/leadershipendogenous/exogenous,Exogenous,https://data.cooperationdatabank.org/vocab/prop/leadershipEndogenous,Endogenous leadership,https://data.cooperationdatabank.org/id/leadershipendogenous/endogenous,Endogenous,https://data.cooperationdatabank.org/vocab/prop/studyContinuousPGG,Continuous vs step-level public goods,https://data.cooperationdatabank.org/id/studycontinuouspgg/1,Continuous,https://data.cooperationdatabank.org/id/dependentvariable/contributions,negative,test,0.0,negative,lower,0.0,0.42857142857142855,0.2857142857142857,0.2857142857142857,0.42857142857142855,"When comparing studies where endogenous leadership is exogenous and studies where endogenous leadership is endogenous, cooperation is significantly lower when continuous vs step-level public goods is continuous."
6674,https://data.cooperationdatabank.org/vocab/prop/LeadershipVariable,https://data.cooperationdatabank.org/vocab/prop/leadershipEndogenous,Endogenous leadership,https://data.cooperationdatabank.org/id/leadershipendogenous/exogenous,Exogenous,https://data.cooperationdatabank.org/vocab/prop/leadershipEndogenous,Endogenous leadership,https://data.cooperationdatabank.org/id/leadershipendogenous/endogenous,Endogenous,https://data.cooperationdatabank.org/vocab/prop/studyDilemmaType,Game type,https://data.cooperationdatabank.org/id/studydilemmatype/2,Public Goods Game,https://data.cooperationdatabank.org/id/dependentvariable/contributions,noEffect,test,0.0,negative,lower,1.0,0.42857142857142855,0.14285714285714285,0.42857142857142855,0.42857142857142855,"When comparing studies where endogenous leadership is exogenous and studies where endogenous leadership is endogenous, cooperation is significantly lower when game type is public goods game."
27879,https://data.cooperationdatabank.org/vocab/prop/LeadershipVariable,https://data.cooperationdatabank.org/vocab/prop/leadershipAssignmentRule,Leadership assignment rule,https://data.cooperationdatabank.org/id/leadershipassignmentrule/random_appointment,Random Appointment,https://data.cooperationdatabank.org/vocab/prop/leadershipAssignmentRule,Leadership assignment rule,https://data.cooperationdatabank.org/id/leadershipassignmentrule/elected,Elected,https://data.cooperationdatabank.org/vocab/prop/discussion,Discussion,https://data.cooperationdatabank.org/id/discussion/0,Absent,https://data.cooperationdatabank.org/id/dependentvariable/contributions,negative,test,2.0,positive,higher,0.0,0.38235294117647056,0.20588235294117646,0.4117647058823529,0.4117647058823529,"When comparing studies where leadership assignment rule is random appointment and studies where leadership assignment rule is elected, cooperation is significantly higher when discussion is absent."
27969,https://data.cooperationdatabank.org/vocab/prop/LeadershipVariable,https://data.cooperationdatabank.org/vocab/prop/leadershipAssignmentRule,Leadership assignment rule,https://data.cooperationdatabank.org/id/leadershipassignmentrule/random_appointment,Random Appointment,https://data.cooperationdatabank.org/vocab/prop/leadershipAssignmentRule,Leadership assignment rule,https://data.cooperationdatabank.org/id/leadershipassignmentrule/elected,Elected,https://data.cooperationdatabank.org/vocab/prop/studyAcademicDiscipline,Academic discipline,https://data.cooperationdatabank.org/id/studyacademicdiscipline/4,Mixed,https://data.cooperationdatabank.org/id/dependentvariable/contributions,negative,test,0.0,negative,lower,0.0,0.3333333333333333,0.3333333333333333,0.3333333333333333,0.3333333333333333,"When comparing studies where leadership assignment rule is random appointment and studies where leadership assignment rule is elected, cooperation is significantly lower when academic discipline is mixed."
27890,https://data.cooperationdatabank.org/vocab/prop/LeadershipVariable,https://data.cooperationdatabank.org/vocab/prop/leadershipAssignmentRule,Leadership assignment rule,https://data.cooperationdatabank.org/id/leadershipassignmentrule/random_appointment,Elected,https://data.cooperationdatabank.org/vocab/prop/leadershipAssignmentRule,Leadership assignment rule,https://data.cooperationdatabank.org/id/leadershipassignmentrule/elected,Random Appointment,https://data.cooperationdatabank.org/vocab/prop/studyAcademicDiscipline,Academic discipline,https://data.cooperationdatabank.org/id/studyacademicdiscipline/4,Mixed,https://data.cooperationdatabank.org/id/dependentvariable/contributions,positive,test,0.0,negative,lower,2.0,0.3333333333333333,0.3333333333333333,0.3333333333333333,0.3333333333333333,"When comparing studies where leadership assignment rule is elected and studies where leadership assignment rule is random appointment, cooperation is significantly lower when academic discipline is mixed."
41613,https://data.cooperationdatabank.org/vocab/prop/LeadershipVariable,https://data.cooperationdatabank.org/vocab/prop/leadershipEndogenous,Endogenous leadership,https://data.cooperationdatabank.org/id/leadershipendogenous/exogenous,Endogenous,https://data.cooperationdatabank.org/vocab/prop/leadershipEndogenous,Endogenous leadership,https://data.cooperationdatabank.org/id/leadershipendogenous/endogenous,Exogenous,https://data.cooperationdatabank.org/vocab/prop/yearSource,Source of year of data collection,https://data.cooperationdatabank.org/id/yearsource/4,Received/Submitted,https://data.cooperationdatabank.org/id/dependentvariable/contributions,negative,test,0.0,negative,lower,0.0,0.3333333333333333,0.3333333333333333,0.3333333333333333,0.3333333333333333,"When comparing studies where endogenous leadership is endogenous and studies where endogenous leadership is exogenous, cooperation is significantly lower when source of year of data collection is submitted."
43454,https://data.cooperationdatabank.org/vocab/prop/LeadershipVariable,https://data.cooperationdatabank.org/vocab/prop/leaderCharacteristic,Leader's characteristic,https://data.cooperationdatabank.org/id/leadercharacteristic/male,Female,https://data.cooperationdatabank.org/vocab/prop/leaderCharacteristic,Leader's characteristic,https://data.cooperationdatabank.org/id/leadercharacteristic/female,Male,https://data.cooperationdatabank.org/vocab/prop/discussion,Discussion,https://data.cooperationdatabank.org/id/discussion/0,Absent,https://data.cooperationdatabank.org/id/dependentvariable/contributions,positive,test,0.0,negative,lower,2.0,0.3333333333333333,0.3333333333333333,0.3333333333333333,0.3333333333333333,"When comparing studies where leader's characteristic is female and studies where leader's characteristic is male, cooperation is significantly lower when discussion is absent."
