,giv_prop,iv,iv_label,cat_t1,cat_t1_label,iv.1,iv_label.1,cat_t2,cat_t2_label,mod,mod_label,mod_val,mod_val_label,dependent,effect,td,pred_num,pred_readable,comparative,pred_true,score_0,score_1,score_2,max_score,hypothesis
15401,https://data.cooperationdatabank.org/vocab/prop/MatchingVariable,https://data.cooperationdatabank.org/vocab/prop/matching,Matching,https://data.cooperationdatabank.org/id/matching/stranger,Partner,https://data.cooperationdatabank.org/vocab/prop/matching,Matching,https://data.cooperationdatabank.org/id/matching/partner,Stranger,https://data.cooperationdatabank.org/vocab/prop/countrySource,Source of country or region,https://data.cooperationdatabank.org/id/countrysource/1,Specified country,https://data.cooperationdatabank.org/id/dependentvariable/cooperation,negative,test,0.0,negative,lower,0.0,1.0,0.0,0.0,1.0,"When comparing studies where matching is partner and studies where matching is stranger, cooperation is significantly lower when source of country or region is specified country."
15423,https://data.cooperationdatabank.org/vocab/prop/MatchingVariable,https://data.cooperationdatabank.org/vocab/prop/matching,Matching,https://data.cooperationdatabank.org/id/matching/stranger,Partner,https://data.cooperationdatabank.org/vocab/prop/matching,Matching,https://data.cooperationdatabank.org/id/matching/partner,Stranger,https://data.cooperationdatabank.org/vocab/prop/studyMatchingProtocol,Matching,https://data.cooperationdatabank.org/id/studymatchingprotocol/1,Stranger,https://data.cooperationdatabank.org/id/dependentvariable/cooperation,negative,test,0.0,negative,lower,0.0,1.0,0.0,0.0,1.0,"When comparing studies where matching is partner and studies where matching is stranger, cooperation is significantly lower when matching is stranger."
15498,https://data.cooperationdatabank.org/vocab/prop/MatchingVariable,https://data.cooperationdatabank.org/vocab/prop/matching,Matching,https://data.cooperationdatabank.org/id/matching/stranger,Stranger,https://data.cooperationdatabank.org/vocab/prop/matching,Matching,https://data.cooperationdatabank.org/id/matching/partner,Partner,https://data.cooperationdatabank.org/vocab/prop/studyMatchingProtocol,Matching,https://data.cooperationdatabank.org/id/studymatchingprotocol/1,Stranger,https://data.cooperationdatabank.org/id/dependentvariable/cooperation,negative,test,0.0,negative,lower,0.0,1.0,0.0,0.0,1.0,"When comparing studies where matching is stranger and studies where matching is partner, cooperation is significantly lower when matching is stranger."
15491,https://data.cooperationdatabank.org/vocab/prop/MatchingVariable,https://data.cooperationdatabank.org/vocab/prop/matching,Matching,https://data.cooperationdatabank.org/id/matching/stranger,Stranger,https://data.cooperationdatabank.org/vocab/prop/matching,Matching,https://data.cooperationdatabank.org/id/matching/partner,Partner,https://data.cooperationdatabank.org/vocab/prop/countrySource,Source of country or region,https://data.cooperationdatabank.org/id/countrysource/1,Specified country,https://data.cooperationdatabank.org/id/dependentvariable/cooperation,negative,test,0.0,negative,lower,0.0,1.0,0.0,0.0,1.0,"When comparing studies where matching is stranger and studies where matching is partner, cooperation is significantly lower when source of country or region is specified country."
15446,https://data.cooperationdatabank.org/vocab/prop/MatchingVariable,https://data.cooperationdatabank.org/vocab/prop/matching,Matching,https://data.cooperationdatabank.org/id/matching/stranger,Stranger,https://data.cooperationdatabank.org/vocab/prop/matching,Matching,https://data.cooperationdatabank.org/id/matching/partner,Partner,https://data.cooperationdatabank.org/vocab/prop/countrySource,Source of country or region,https://data.cooperationdatabank.org/id/countrysource/1,Specified country,https://data.cooperationdatabank.org/id/dependentvariable/cooperation,negative,test,0.0,negative,lower,0.0,1.0,0.0,0.0,1.0,"When comparing studies where matching is stranger and studies where matching is partner, cooperation is significantly lower when source of country or region is specified country."
15435,https://data.cooperationdatabank.org/vocab/prop/MatchingVariable,https://data.cooperationdatabank.org/vocab/prop/matching,Matching,https://data.cooperationdatabank.org/id/matching/stranger,Partner,https://data.cooperationdatabank.org/vocab/prop/matching,Matching,https://data.cooperationdatabank.org/id/matching/partner,Stranger,https://data.cooperationdatabank.org/vocab/prop/studyDilemmaType,Game type,https://data.cooperationdatabank.org/id/studydilemmatype/1,Prisoner's Dilemma Game,https://data.cooperationdatabank.org/id/dependentvariable/cooperation,negative,test,0.0,negative,lower,0.0,1.0,0.0,0.0,1.0,"When comparing studies where matching is partner and studies where matching is stranger, cooperation is significantly lower when game type is prisoner's dilemma game."
15430,https://data.cooperationdatabank.org/vocab/prop/MatchingVariable,https://data.cooperationdatabank.org/vocab/prop/matching,Matching,https://data.cooperationdatabank.org/id/matching/stranger,Partner,https://data.cooperationdatabank.org/vocab/prop/matching,Matching,https://data.cooperationdatabank.org/id/matching/partner,Stranger,https://data.cooperationdatabank.org/vocab/prop/country,has country,https://data.cooperationdatabank.org/id/country/USA,USA,https://data.cooperationdatabank.org/id/dependentvariable/cooperation,negative,test,0.0,negative,lower,0.0,1.0,0.0,0.0,1.0,"When comparing studies where matching is partner and studies where matching is stranger, cooperation is significantly lower when has country is usa."
15427,https://data.cooperationdatabank.org/vocab/prop/MatchingVariable,https://data.cooperationdatabank.org/vocab/prop/matching,Matching,https://data.cooperationdatabank.org/id/matching/stranger,Partner,https://data.cooperationdatabank.org/vocab/prop/matching,Matching,https://data.cooperationdatabank.org/id/matching/partner,Stranger,https://data.cooperationdatabank.org/vocab/prop/yearSource,Source of year of data collection,https://data.cooperationdatabank.org/id/yearsource/4,Received/Submitted,https://data.cooperationdatabank.org/id/dependentvariable/cooperation,negative,test,0.0,negative,lower,0.0,1.0,0.0,0.0,1.0,"When comparing studies where matching is partner and studies where matching is stranger, cooperation is significantly lower when source of year of data collection is submitted."
15425,https://data.cooperationdatabank.org/vocab/prop/MatchingVariable,https://data.cooperationdatabank.org/vocab/prop/matching,Matching,https://data.cooperationdatabank.org/id/matching/stranger,Partner,https://data.cooperationdatabank.org/vocab/prop/matching,Matching,https://data.cooperationdatabank.org/id/matching/partner,Stranger,https://data.cooperationdatabank.org/vocab/prop/studyOneShot,One-shot vs repeated,https://data.cooperationdatabank.org/id/studyoneshot/0,Repeated,https://data.cooperationdatabank.org/id/dependentvariable/cooperation,negative,test,0.0,negative,lower,0.0,1.0,0.0,0.0,1.0,"When comparing studies where matching is partner and studies where matching is stranger, cooperation is significantly lower when one-shot vs repeated is repeated."
23780,https://data.cooperationdatabank.org/vocab/prop/MatchingVariable,https://data.cooperationdatabank.org/vocab/prop/matching,Matching,https://data.cooperationdatabank.org/id/matching/partner,Partner's choice,https://data.cooperationdatabank.org/vocab/prop/matching,Matching,https://data.cooperationdatabank.org/id/matching/partner's_choice,Partner,https://data.cooperationdatabank.org/vocab/prop/studyOneShot,One-shot vs repeated,https://data.cooperationdatabank.org/id/studyoneshot/0,Repeated,https://data.cooperationdatabank.org/id/dependentvariable/contributions,negative,test,0.0,negative,lower,0.0,1.0,0.0,0.0,1.0,"When comparing studies where matching is partner's choice and studies where matching is partner, cooperation is significantly lower when one-shot vs repeated is repeated."
23802,https://data.cooperationdatabank.org/vocab/prop/MatchingVariable,https://data.cooperationdatabank.org/vocab/prop/matching,Matching,https://data.cooperationdatabank.org/id/matching/partner,Partner's choice,https://data.cooperationdatabank.org/vocab/prop/matching,Matching,https://data.cooperationdatabank.org/id/matching/partner's_choice,Partner,https://data.cooperationdatabank.org/vocab/prop/studyExperimentalSetting,Experimental setting,https://data.cooperationdatabank.org/id/studyexperimentalsetting/2,Lab,https://data.cooperationdatabank.org/id/dependentvariable/contributions,negative,test,0.0,negative,lower,0.0,1.0,0.0,0.0,1.0,"When comparing studies where matching is partner's choice and studies where matching is partner, cooperation is significantly lower when experimental setting is lab."
23814,https://data.cooperationdatabank.org/vocab/prop/MatchingVariable,https://data.cooperationdatabank.org/vocab/prop/matching,Matching,https://data.cooperationdatabank.org/id/matching/partner,Partner's choice,https://data.cooperationdatabank.org/vocab/prop/matching,Matching,https://data.cooperationdatabank.org/id/matching/partner's_choice,Partner,https://data.cooperationdatabank.org/vocab/prop/yearSource,Source of year of data collection,https://data.cooperationdatabank.org/id/yearsource/3,Working paper published,https://data.cooperationdatabank.org/id/dependentvariable/contributions,negative,test,0.0,negative,lower,0.0,1.0,0.0,0.0,1.0,"When comparing studies where matching is partner's choice and studies where matching is partner, cooperation is significantly lower when source of year of data collection is working paper published."
23813,https://data.cooperationdatabank.org/vocab/prop/MatchingVariable,https://data.cooperationdatabank.org/vocab/prop/partnerChoice,Partner choice,https://data.cooperationdatabank.org/id/partnerchoice/exogenous,Endogenous,https://data.cooperationdatabank.org/vocab/prop/partnerChoice,Partner choice,https://data.cooperationdatabank.org/id/partnerchoice/endogenous,Exogenous,https://data.cooperationdatabank.org/vocab/prop/yearSource,Source of year of data collection,https://data.cooperationdatabank.org/id/yearsource/3,Working paper published,https://data.cooperationdatabank.org/id/dependentvariable/contributions,negative,test,0.0,negative,lower,0.0,1.0,0.0,0.0,1.0,"When comparing studies where partner choice is endogenous and studies where partner choice is exogenous, cooperation is significantly lower when source of year of data collection is working paper published."
47731,https://data.cooperationdatabank.org/vocab/prop/MatchingVariable,https://data.cooperationdatabank.org/vocab/prop/partnerChoice,Partner choice,https://data.cooperationdatabank.org/id/partnerchoice/exogenous,Endogenous,https://data.cooperationdatabank.org/vocab/prop/partnerChoice,Partner choice,https://data.cooperationdatabank.org/id/partnerchoice/endogenous,Exogenous,https://data.cooperationdatabank.org/vocab/prop/studyOneShot,One-shot vs repeated,https://data.cooperationdatabank.org/id/studyoneshot/1,One-shot,https://data.cooperationdatabank.org/id/dependentvariable/contributions,positive,test,2.0,positive,higher,2.0,0.0,0.0,1.0,1.0,"When comparing studies where partner choice is endogenous and studies where partner choice is exogenous, cooperation is significantly higher when one-shot vs repeated is one-shot."
23742,https://data.cooperationdatabank.org/vocab/prop/MatchingVariable,https://data.cooperationdatabank.org/vocab/prop/matching,Matching,https://data.cooperationdatabank.org/id/matching/partner,Partner,https://data.cooperationdatabank.org/vocab/prop/matching,Matching,https://data.cooperationdatabank.org/id/matching/partner's_choice,Partner's choice,https://data.cooperationdatabank.org/vocab/prop/studyAcquaintance,Acquaintance,https://data.cooperationdatabank.org/id/studyacquaintance/0,Strangers,https://data.cooperationdatabank.org/id/dependentvariable/contributions,negative,test,0.0,negative,lower,0.0,1.0,0.0,0.0,1.0,"When comparing studies where matching is partner and studies where matching is partner's choice, cooperation is significantly lower when acquaintance is strangers."
23754,https://data.cooperationdatabank.org/vocab/prop/MatchingVariable,https://data.cooperationdatabank.org/vocab/prop/matching,Matching,https://data.cooperationdatabank.org/id/matching/partner,Partner,https://data.cooperationdatabank.org/vocab/prop/matching,Matching,https://data.cooperationdatabank.org/id/matching/partner's_choice,Partner's choice,https://data.cooperationdatabank.org/vocab/prop/studyRealPartner,Real partner,https://data.cooperationdatabank.org/id/studyrealpartner/1,Real,https://data.cooperationdatabank.org/id/dependentvariable/contributions,negative,test,0.0,negative,lower,0.0,1.0,0.0,0.0,1.0,"When comparing studies where matching is partner and studies where matching is partner's choice, cooperation is significantly lower when real partner is real."
15501,https://data.cooperationdatabank.org/vocab/prop/MatchingVariable,https://data.cooperationdatabank.org/vocab/prop/matching,Matching,https://data.cooperationdatabank.org/id/matching/stranger,Stranger,https://data.cooperationdatabank.org/vocab/prop/matching,Matching,https://data.cooperationdatabank.org/id/matching/partner,Partner,https://data.cooperationdatabank.org/vocab/prop/studyRealPartner,Real partner,https://data.cooperationdatabank.org/id/studyrealpartner/1,Real,https://data.cooperationdatabank.org/id/dependentvariable/cooperation,negative,test,0.0,negative,lower,0.0,1.0,0.0,0.0,1.0,"When comparing studies where matching is stranger and studies where matching is partner, cooperation is significantly lower when real partner is real."
15508,https://data.cooperationdatabank.org/vocab/prop/MatchingVariable,https://data.cooperationdatabank.org/vocab/prop/matching,Matching,https://data.cooperationdatabank.org/id/matching/stranger,Stranger,https://data.cooperationdatabank.org/vocab/prop/matching,Matching,https://data.cooperationdatabank.org/id/matching/partner,Partner,https://data.cooperationdatabank.org/vocab/prop/publicationStatus,Published,https://data.cooperationdatabank.org/id/publicationstatus/1,Published Article,https://data.cooperationdatabank.org/id/dependentvariable/cooperation,negative,test,0.0,negative,lower,0.0,1.0,0.0,0.0,1.0,"When comparing studies where matching is stranger and studies where matching is partner, cooperation is significantly lower when published is published article."
15516,https://data.cooperationdatabank.org/vocab/prop/MatchingVariable,https://data.cooperationdatabank.org/vocab/prop/matching,Matching,https://data.cooperationdatabank.org/id/matching/stranger,Stranger,https://data.cooperationdatabank.org/vocab/prop/matching,Matching,https://data.cooperationdatabank.org/id/matching/partner,Partner,https://data.cooperationdatabank.org/vocab/prop/studyRealPartner,Real partner,https://data.cooperationdatabank.org/id/studyrealpartner/1,Real,https://data.cooperationdatabank.org/id/dependentvariable/cooperation,negative,test,0.0,negative,lower,0.0,1.0,0.0,0.0,1.0,"When comparing studies where matching is stranger and studies where matching is partner, cooperation is significantly lower when real partner is real."
15517,https://data.cooperationdatabank.org/vocab/prop/MatchingVariable,https://data.cooperationdatabank.org/vocab/prop/matching,Matching,https://data.cooperationdatabank.org/id/matching/stranger,Stranger,https://data.cooperationdatabank.org/vocab/prop/matching,Matching,https://data.cooperationdatabank.org/id/matching/partner,Partner,https://data.cooperationdatabank.org/vocab/prop/yearSource,Source of year of data collection,https://data.cooperationdatabank.org/id/yearsource/4,Received/Submitted,https://data.cooperationdatabank.org/id/dependentvariable/cooperation,negative,test,0.0,negative,lower,0.0,1.0,0.0,0.0,1.0,"When comparing studies where matching is stranger and studies where matching is partner, cooperation is significantly lower when source of year of data collection is submitted."
15519,https://data.cooperationdatabank.org/vocab/prop/MatchingVariable,https://data.cooperationdatabank.org/vocab/prop/matching,Matching,https://data.cooperationdatabank.org/id/matching/stranger,Stranger,https://data.cooperationdatabank.org/vocab/prop/matching,Matching,https://data.cooperationdatabank.org/id/matching/partner,Partner,https://data.cooperationdatabank.org/vocab/prop/recruitmentMethod,Recruitment method,https://data.cooperationdatabank.org/id/recruitmentmethod/1,Participant pool,https://data.cooperationdatabank.org/id/dependentvariable/cooperation,negative,test,0.0,negative,lower,0.0,1.0,0.0,0.0,1.0,"When comparing studies where matching is stranger and studies where matching is partner, cooperation is significantly lower when recruitment method is participant pool."
15525,https://data.cooperationdatabank.org/vocab/prop/MatchingVariable,https://data.cooperationdatabank.org/vocab/prop/matching,Matching,https://data.cooperationdatabank.org/id/matching/stranger,Partner,https://data.cooperationdatabank.org/vocab/prop/matching,Matching,https://data.cooperationdatabank.org/id/matching/partner,Stranger,https://data.cooperationdatabank.org/vocab/prop/studyDilemmaType,Game type,https://data.cooperationdatabank.org/id/studydilemmatype/1,Prisoner's Dilemma Game,https://data.cooperationdatabank.org/id/dependentvariable/cooperation,negative,test,0.0,negative,lower,0.0,1.0,0.0,0.0,1.0,"When comparing studies where matching is partner and studies where matching is stranger, cooperation is significantly lower when game type is prisoner's dilemma game."
23759,https://data.cooperationdatabank.org/vocab/prop/MatchingVariable,https://data.cooperationdatabank.org/vocab/prop/partnerChoice,Partner choice,https://data.cooperationdatabank.org/id/partnerchoice/exogenous,Exogenous,https://data.cooperationdatabank.org/vocab/prop/partnerChoice,Partner choice,https://data.cooperationdatabank.org/id/partnerchoice/endogenous,Endogenous,https://data.cooperationdatabank.org/vocab/prop/recruitmentMethod,Recruitment method,https://data.cooperationdatabank.org/id/recruitmentmethod/3,Other,https://data.cooperationdatabank.org/id/dependentvariable/contributions,negative,test,0.0,negative,lower,0.0,1.0,0.0,0.0,1.0,"When comparing studies where partner choice is exogenous and studies where partner choice is endogenous, cooperation is significantly lower when recruitment method is other."
11616,https://data.cooperationdatabank.org/vocab/prop/MatchingVariable,https://data.cooperationdatabank.org/vocab/prop/matching,Matching,https://data.cooperationdatabank.org/id/matching/stranger,Stranger,https://data.cooperationdatabank.org/vocab/prop/matching,Matching,https://data.cooperationdatabank.org/id/matching/partner,Partner,https://data.cooperationdatabank.org/vocab/prop/studyTrialOfCooperation,Trial of cooperation,https://data.cooperationdatabank.org/id/studytrialofcooperation/1,All trials,https://data.cooperationdatabank.org/id/dependentvariable/contributions,noEffect,test,0.0,negative,lower,1.0,0.6666666666666666,0.16666666666666666,0.16666666666666666,0.6666666666666666,"When comparing studies where matching is stranger and studies where matching is partner, cooperation is significantly lower when trial of cooperation is all trials."
11688,https://data.cooperationdatabank.org/vocab/prop/MatchingVariable,https://data.cooperationdatabank.org/vocab/prop/matching,Matching,https://data.cooperationdatabank.org/id/matching/stranger,Stranger,https://data.cooperationdatabank.org/vocab/prop/matching,Matching,https://data.cooperationdatabank.org/id/matching/partner,Partner,https://data.cooperationdatabank.org/vocab/prop/studyTrialOfCooperation,Trial of cooperation,https://data.cooperationdatabank.org/id/studytrialofcooperation/1,All trials,https://data.cooperationdatabank.org/id/dependentvariable/contributions,noEffect,test,0.0,negative,lower,1.0,0.6666666666666666,0.16666666666666666,0.16666666666666666,0.6666666666666666,"When comparing studies where matching is stranger and studies where matching is partner, cooperation is significantly lower when trial of cooperation is all trials."
23767,https://data.cooperationdatabank.org/vocab/prop/MatchingVariable,https://data.cooperationdatabank.org/vocab/prop/partnerChoice,Partner choice,https://data.cooperationdatabank.org/id/partnerchoice/exogenous,Endogenous,https://data.cooperationdatabank.org/vocab/prop/partnerChoice,Partner choice,https://data.cooperationdatabank.org/id/partnerchoice/endogenous,Exogenous,https://data.cooperationdatabank.org/vocab/prop/publicationStatus,Published,https://data.cooperationdatabank.org/id/publicationstatus/1,Published Article,https://data.cooperationdatabank.org/id/dependentvariable/contributions,negative,test,0.0,negative,lower,0.0,0.6666666666666666,0.0,0.3333333333333333,0.6666666666666666,"When comparing studies where partner choice is endogenous and studies where partner choice is exogenous, cooperation is significantly lower when published is published article."
23793,https://data.cooperationdatabank.org/vocab/prop/MatchingVariable,https://data.cooperationdatabank.org/vocab/prop/partnerChoice,Partner choice,https://data.cooperationdatabank.org/id/partnerchoice/exogenous,Endogenous,https://data.cooperationdatabank.org/vocab/prop/partnerChoice,Partner choice,https://data.cooperationdatabank.org/id/partnerchoice/endogenous,Exogenous,https://data.cooperationdatabank.org/vocab/prop/discussion,Discussion,https://data.cooperationdatabank.org/id/discussion/0,Absent,https://data.cooperationdatabank.org/id/dependentvariable/contributions,negative,test,0.0,negative,lower,0.0,0.6666666666666666,0.0,0.3333333333333333,0.6666666666666666,"When comparing studies where partner choice is endogenous and studies where partner choice is exogenous, cooperation is significantly lower when discussion is absent."
32809,https://data.cooperationdatabank.org/vocab/prop/MatchingVariable,https://data.cooperationdatabank.org/vocab/prop/matching,Matching,https://data.cooperationdatabank.org/id/matching/stranger,Stranger,https://data.cooperationdatabank.org/vocab/prop/matching,Matching,https://data.cooperationdatabank.org/id/matching/partner,Partner,https://data.cooperationdatabank.org/vocab/prop/publicationStatus,Published,https://data.cooperationdatabank.org/id/publicationstatus/1,Published Article,https://data.cooperationdatabank.org/id/dependentvariable/contributions,noEffect,test,0.0,negative,lower,1.0,0.6,0.3,0.1,0.6,"When comparing studies where matching is stranger and studies where matching is partner, cooperation is significantly lower when published is published article."
30500,https://data.cooperationdatabank.org/vocab/prop/MatchingVariable,https://data.cooperationdatabank.org/vocab/prop/matching,Matching,https://data.cooperationdatabank.org/id/matching/stranger,Partner,https://data.cooperationdatabank.org/vocab/prop/matching,Matching,https://data.cooperationdatabank.org/id/matching/partner,Stranger,https://data.cooperationdatabank.org/vocab/prop/discussion,Discussion,https://data.cooperationdatabank.org/id/discussion/0,Absent,https://data.cooperationdatabank.org/id/dependentvariable/contributions,negative,test,0.0,negative,lower,0.0,0.5555555555555556,0.4444444444444444,0.0,0.5555555555555556,"When comparing studies where matching is partner and studies where matching is stranger, cooperation is significantly lower when discussion is absent."
11676,https://data.cooperationdatabank.org/vocab/prop/MatchingVariable,https://data.cooperationdatabank.org/vocab/prop/matching,Matching,https://data.cooperationdatabank.org/id/matching/stranger,Stranger,https://data.cooperationdatabank.org/vocab/prop/matching,Matching,https://data.cooperationdatabank.org/id/matching/partner,Partner,https://data.cooperationdatabank.org/vocab/prop/discussion,Discussion,https://data.cooperationdatabank.org/id/discussion/0,Absent,https://data.cooperationdatabank.org/id/dependentvariable/contributions,noEffect,test,0.0,negative,lower,1.0,0.5555555555555556,0.4444444444444444,0.0,0.5555555555555556,"When comparing studies where matching is stranger and studies where matching is partner, cooperation is significantly lower when discussion is absent."
32410,https://data.cooperationdatabank.org/vocab/prop/MatchingVariable,https://data.cooperationdatabank.org/vocab/prop/matching,Matching,https://data.cooperationdatabank.org/id/matching/stranger,Stranger,https://data.cooperationdatabank.org/vocab/prop/matching,Matching,https://data.cooperationdatabank.org/id/matching/partner,Partner,https://data.cooperationdatabank.org/vocab/prop/studyRealPartner,Real partner,https://data.cooperationdatabank.org/id/studyrealpartner/1,Real,https://data.cooperationdatabank.org/id/dependentvariable/contributions,noEffect,test,0.0,negative,lower,1.0,0.5454545454545454,0.36363636363636365,0.09090909090909091,0.5454545454545454,"When comparing studies where matching is stranger and studies where matching is partner, cooperation is significantly lower when real partner is real."
46883,https://data.cooperationdatabank.org/vocab/prop/MatchingVariable,https://data.cooperationdatabank.org/vocab/prop/matching,Matching,https://data.cooperationdatabank.org/id/matching/stranger,Stranger,https://data.cooperationdatabank.org/vocab/prop/matching,Matching,https://data.cooperationdatabank.org/id/matching/partner's_choice,Partner's choice,https://data.cooperationdatabank.org/vocab/prop/studyRealPartner,Real partner,https://data.cooperationdatabank.org/id/studyrealpartner/1,Real,https://data.cooperationdatabank.org/id/dependentvariable/cooperation,negative,test,0.0,negative,lower,0.0,0.5384615384615384,0.46153846153846156,0.0,0.5384615384615384,"When comparing studies where matching is stranger and studies where matching is partner's choice, cooperation is significantly lower when real partner is real."
11683,https://data.cooperationdatabank.org/vocab/prop/MatchingVariable,https://data.cooperationdatabank.org/vocab/prop/matching,Matching,https://data.cooperationdatabank.org/id/matching/stranger,Stranger,https://data.cooperationdatabank.org/vocab/prop/matching,Matching,https://data.cooperationdatabank.org/id/matching/partner,Partner,https://data.cooperationdatabank.org/vocab/prop/studyMatchingProtocol,Matching,https://data.cooperationdatabank.org/id/studymatchingprotocol/1,Stranger,https://data.cooperationdatabank.org/id/dependentvariable/contributions,noEffect,test,0.0,negative,lower,1.0,0.5,0.5,0.0,0.5,"When comparing studies where matching is stranger and studies where matching is partner, cooperation is significantly lower when matching is stranger."
11701,https://data.cooperationdatabank.org/vocab/prop/MatchingVariable,https://data.cooperationdatabank.org/vocab/prop/matching,Matching,https://data.cooperationdatabank.org/id/matching/stranger,Stranger,https://data.cooperationdatabank.org/vocab/prop/matching,Matching,https://data.cooperationdatabank.org/id/matching/partner,Partner,https://data.cooperationdatabank.org/vocab/prop/studyMatchingProtocol,Matching,https://data.cooperationdatabank.org/id/studymatchingprotocol/1,Stranger,https://data.cooperationdatabank.org/id/dependentvariable/contributions,negative,test,0.0,negative,lower,0.0,0.5,0.5,0.0,0.5,"When comparing studies where matching is stranger and studies where matching is partner, cooperation is significantly lower when matching is stranger."
11628,https://data.cooperationdatabank.org/vocab/prop/MatchingVariable,https://data.cooperationdatabank.org/vocab/prop/matching,Matching,https://data.cooperationdatabank.org/id/matching/stranger,Stranger,https://data.cooperationdatabank.org/vocab/prop/matching,Matching,https://data.cooperationdatabank.org/id/matching/partner,Partner,https://data.cooperationdatabank.org/vocab/prop/studyGameIncentive,Game incentive,https://data.cooperationdatabank.org/id/studygameincentive/1,Monetary,https://data.cooperationdatabank.org/id/dependentvariable/contributions,noEffect,test,0.0,negative,lower,1.0,0.5,0.39473684210526316,0.10526315789473684,0.5,"When comparing studies where matching is stranger and studies where matching is partner, cooperation is significantly lower when game incentive is monetary."
11636,https://data.cooperationdatabank.org/vocab/prop/MatchingVariable,https://data.cooperationdatabank.org/vocab/prop/matching,Matching,https://data.cooperationdatabank.org/id/matching/stranger,Stranger,https://data.cooperationdatabank.org/vocab/prop/matching,Matching,https://data.cooperationdatabank.org/id/matching/partner,Partner,https://data.cooperationdatabank.org/vocab/prop/studyContinuousPGG,Continuous vs step-level public goods,https://data.cooperationdatabank.org/id/studycontinuouspgg/1,Continuous,https://data.cooperationdatabank.org/id/dependentvariable/contributions,noEffect,test,0.0,negative,lower,1.0,0.5,0.39473684210526316,0.10526315789473684,0.5,"When comparing studies where matching is stranger and studies where matching is partner, cooperation is significantly lower when continuous vs step-level public goods is continuous."
29974,https://data.cooperationdatabank.org/vocab/prop/MatchingVariable,https://data.cooperationdatabank.org/vocab/prop/matching,Matching,https://data.cooperationdatabank.org/id/matching/stranger,Stranger,https://data.cooperationdatabank.org/vocab/prop/matching,Matching,https://data.cooperationdatabank.org/id/matching/partner,Partner,https://data.cooperationdatabank.org/vocab/prop/studyShowUpFee,Show-up fee,https://data.cooperationdatabank.org/id/studyshowupfee/1,Paid,https://data.cooperationdatabank.org/id/dependentvariable/contributions,negative,test,0.0,negative,lower,0.0,0.5,0.5,0.0,0.5,"When comparing studies where matching is stranger and studies where matching is partner, cooperation is significantly lower when show-up fee is paid."
30499,https://data.cooperationdatabank.org/vocab/prop/MatchingVariable,https://data.cooperationdatabank.org/vocab/prop/matching,Matching,https://data.cooperationdatabank.org/id/matching/stranger,Partner,https://data.cooperationdatabank.org/vocab/prop/matching,Matching,https://data.cooperationdatabank.org/id/matching/partner,Stranger,https://data.cooperationdatabank.org/vocab/prop/countrySource,Source of country or region,https://data.cooperationdatabank.org/id/countrysource/1,Specified country,https://data.cooperationdatabank.org/id/dependentvariable/contributions,negative,test,0.0,negative,lower,0.0,0.5,0.39473684210526316,0.10526315789473684,0.5,"When comparing studies where matching is partner and studies where matching is stranger, cooperation is significantly lower when source of country or region is specified country."
32404,https://data.cooperationdatabank.org/vocab/prop/MatchingVariable,https://data.cooperationdatabank.org/vocab/prop/matching,Matching,https://data.cooperationdatabank.org/id/matching/stranger,Stranger,https://data.cooperationdatabank.org/vocab/prop/matching,Matching,https://data.cooperationdatabank.org/id/matching/partner,Partner,https://data.cooperationdatabank.org/vocab/prop/studyExperimentalSetting,Experimental setting,https://data.cooperationdatabank.org/id/studyexperimentalsetting/2,Lab,https://data.cooperationdatabank.org/id/dependentvariable/contributions,noEffect,test,0.0,negative,lower,1.0,0.5,0.39473684210526316,0.10526315789473684,0.5,"When comparing studies where matching is stranger and studies where matching is partner, cooperation is significantly lower when experimental setting is lab."
32408,https://data.cooperationdatabank.org/vocab/prop/MatchingVariable,https://data.cooperationdatabank.org/vocab/prop/matching,Matching,https://data.cooperationdatabank.org/id/matching/stranger,Stranger,https://data.cooperationdatabank.org/vocab/prop/matching,Matching,https://data.cooperationdatabank.org/id/matching/partner,Partner,https://data.cooperationdatabank.org/vocab/prop/studyOneShot,One-shot vs repeated,https://data.cooperationdatabank.org/id/studyoneshot/1,One-shot,https://data.cooperationdatabank.org/id/dependentvariable/contributions,noEffect,test,0.0,negative,lower,1.0,0.5,0.5,0.0,0.5,"When comparing studies where matching is stranger and studies where matching is partner, cooperation is significantly lower when one-shot vs repeated is one-shot."
47674,https://data.cooperationdatabank.org/vocab/prop/MatchingVariable,https://data.cooperationdatabank.org/vocab/prop/matching,Matching,https://data.cooperationdatabank.org/id/matching/stranger,Stranger,https://data.cooperationdatabank.org/vocab/prop/matching,Matching,https://data.cooperationdatabank.org/id/matching/partner,Partner,https://data.cooperationdatabank.org/vocab/prop/studyContinuousPGG,Continuous vs step-level public goods,https://data.cooperationdatabank.org/id/studycontinuouspgg/1,Continuous,https://data.cooperationdatabank.org/id/dependentvariable/contributions,negative,test,0.0,negative,lower,0.0,0.5,0.39473684210526316,0.10526315789473684,0.5,"When comparing studies where matching is stranger and studies where matching is partner, cooperation is significantly lower when continuous vs step-level public goods is continuous."
