,giv_prop,iv,iv_label,cat_t1,cat_t1_label,iv.1,iv_label.1,cat_t2,cat_t2_label,mod,mod_label,mod_val,mod_val_label,dependent,effect,td,pred_num,pred_readable,comparative,pred_true,score_0,score_1,score_2,max_score,hypothesis
2220,https://data.cooperationdatabank.org/vocab/prop/Motivational_OrientationVariable,https://data.cooperationdatabank.org/vocab/prop/motivationalOrientation,Motivational orientation,https://data.cooperationdatabank.org/id/motivationalorientation/cooperative,Cooperative,https://data.cooperationdatabank.org/vocab/prop/motivationalOrientation,Motivational orientation,https://data.cooperationdatabank.org/id/motivationalorientation/competitive,Competitive,https://data.cooperationdatabank.org/vocab/prop/studyShowUpFee,Show-up fee,https://data.cooperationdatabank.org/id/studyshowupfee/2,Course credit,https://data.cooperationdatabank.org/id/dependentvariable/cooperation,positive,test,2.0,positive,higher,2.0,0.0,0.0,1.0,1.0,"When comparing studies where motivational orientation is cooperative and studies where motivational orientation is competitive, cooperation is significantly higher when show-up fee is course credit."
13167,https://data.cooperationdatabank.org/vocab/prop/Motivational_OrientationVariable,https://data.cooperationdatabank.org/vocab/prop/motivationalOrientation,Motivational orientation,https://data.cooperationdatabank.org/id/motivationalorientation/cooperative,Cooperative,https://data.cooperationdatabank.org/vocab/prop/motivationalOrientation,Motivational orientation,https://data.cooperationdatabank.org/id/motivationalorientation/individualistic,Individualistic,https://data.cooperationdatabank.org/vocab/prop/studyExperimentalSetting,Experimental setting,https://data.cooperationdatabank.org/id/studyexperimentalsetting/2,Lab,https://data.cooperationdatabank.org/id/dependentvariable/cooperation,positive,test,2.0,positive,higher,2.0,0.0,0.0,1.0,1.0,"When comparing studies where motivational orientation is cooperative and studies where motivational orientation is individualistic, cooperation is significantly higher when experimental setting is lab."
13163,https://data.cooperationdatabank.org/vocab/prop/Motivational_OrientationVariable,https://data.cooperationdatabank.org/vocab/prop/motivationalOrientation,Motivational orientation,https://data.cooperationdatabank.org/id/motivationalorientation/cooperative,Cooperative,https://data.cooperationdatabank.org/vocab/prop/motivationalOrientation,Motivational orientation,https://data.cooperationdatabank.org/id/motivationalorientation/individualistic,Individualistic,https://data.cooperationdatabank.org/vocab/prop/discussion,Discussion,https://data.cooperationdatabank.org/id/discussion/0,Absent,https://data.cooperationdatabank.org/id/dependentvariable/cooperation,positive,test,2.0,positive,higher,2.0,0.0,0.0,1.0,1.0,"When comparing studies where motivational orientation is cooperative and studies where motivational orientation is individualistic, cooperation is significantly higher when discussion is absent."
9616,https://data.cooperationdatabank.org/vocab/prop/Motivational_OrientationVariable,https://data.cooperationdatabank.org/vocab/prop/endogenousMotivationalOrientation,Endogenous motivational orientation,https://data.cooperationdatabank.org/id/endogenousmotivationalorientation/cooperative,Cooperative,https://data.cooperationdatabank.org/vocab/prop/endogenousMotivationalOrientation,Endogenous motivational orientation,https://data.cooperationdatabank.org/id/endogenousmotivationalorientation/individualistic,Individualistic,https://data.cooperationdatabank.org/vocab/prop/studyRealPartner,Real partner,https://data.cooperationdatabank.org/id/studyrealpartner/2,Deception,https://data.cooperationdatabank.org/id/dependentvariable/withdrawals,positive,test,2.0,positive,higher,2.0,0.0,0.0,1.0,1.0,"When comparing studies where endogenous motivational orientation is cooperative and studies where endogenous motivational orientation is individualistic, cooperation is significantly higher when real partner is deception."
9618,https://data.cooperationdatabank.org/vocab/prop/Motivational_OrientationVariable,https://data.cooperationdatabank.org/vocab/prop/endogenousMotivationalOrientation,Endogenous motivational orientation,https://data.cooperationdatabank.org/id/endogenousmotivationalorientation/cooperative,Cooperative,https://data.cooperationdatabank.org/vocab/prop/endogenousMotivationalOrientation,Endogenous motivational orientation,https://data.cooperationdatabank.org/id/endogenousmotivationalorientation/individualistic,Individualistic,https://data.cooperationdatabank.org/vocab/prop/yearSource,Source of year of data collection,https://data.cooperationdatabank.org/id/yearsource/5,Published,https://data.cooperationdatabank.org/id/dependentvariable/withdrawals,positive,test,2.0,positive,higher,2.0,0.0,0.0,1.0,1.0,"When comparing studies where endogenous motivational orientation is cooperative and studies where endogenous motivational orientation is individualistic, cooperation is significantly higher when source of year of data collection is published."
13164,https://data.cooperationdatabank.org/vocab/prop/Motivational_OrientationVariable,https://data.cooperationdatabank.org/vocab/prop/motivationalOrientation,Motivational orientation,https://data.cooperationdatabank.org/id/motivationalorientation/cooperative,Cooperative,https://data.cooperationdatabank.org/vocab/prop/motivationalOrientation,Motivational orientation,https://data.cooperationdatabank.org/id/motivationalorientation/individualistic,Individualistic,https://data.cooperationdatabank.org/vocab/prop/publicationStatus,Published,https://data.cooperationdatabank.org/id/publicationstatus/1,Published Article,https://data.cooperationdatabank.org/id/dependentvariable/cooperation,positive,test,2.0,positive,higher,2.0,0.0,0.0,1.0,1.0,"When comparing studies where motivational orientation is cooperative and studies where motivational orientation is individualistic, cooperation is significantly higher when published is published article."
13166,https://data.cooperationdatabank.org/vocab/prop/Motivational_OrientationVariable,https://data.cooperationdatabank.org/vocab/prop/motivationalOrientation,Motivational orientation,https://data.cooperationdatabank.org/id/motivationalorientation/cooperative,Cooperative,https://data.cooperationdatabank.org/vocab/prop/motivationalOrientation,Motivational orientation,https://data.cooperationdatabank.org/id/motivationalorientation/individualistic,Individualistic,https://data.cooperationdatabank.org/vocab/prop/studyDilemmaType,Game type,https://data.cooperationdatabank.org/id/studydilemmatype/1,Prisoner's Dilemma Game,https://data.cooperationdatabank.org/id/dependentvariable/cooperation,positive,test,2.0,positive,higher,2.0,0.0,0.0,1.0,1.0,"When comparing studies where motivational orientation is cooperative and studies where motivational orientation is individualistic, cooperation is significantly higher when game type is prisoner's dilemma game."
9606,https://data.cooperationdatabank.org/vocab/prop/Motivational_OrientationVariable,https://data.cooperationdatabank.org/vocab/prop/endogenousMotivationalOrientation,Endogenous motivational orientation,https://data.cooperationdatabank.org/id/endogenousmotivationalorientation/cooperative,Cooperative,https://data.cooperationdatabank.org/vocab/prop/endogenousMotivationalOrientation,Endogenous motivational orientation,https://data.cooperationdatabank.org/id/endogenousmotivationalorientation/individualistic,Individualistic,https://data.cooperationdatabank.org/vocab/prop/country,has country,https://data.cooperationdatabank.org/id/country/USA,USA,https://data.cooperationdatabank.org/id/dependentvariable/withdrawals,positive,test,2.0,positive,higher,2.0,0.0,0.0,1.0,1.0,"When comparing studies where endogenous motivational orientation is cooperative and studies where endogenous motivational orientation is individualistic, cooperation is significantly higher when has country is usa."
38394,https://data.cooperationdatabank.org/vocab/prop/Motivational_OrientationVariable,https://data.cooperationdatabank.org/vocab/prop/motivationalOrientation,Motivational orientation,https://data.cooperationdatabank.org/id/motivationalorientation/cooperative,Individualistic,https://data.cooperationdatabank.org/vocab/prop/motivationalOrientation,Motivational orientation,https://data.cooperationdatabank.org/id/motivationalorientation/individualistic,Cooperative,https://data.cooperationdatabank.org/vocab/prop/studyTrialOfCooperation,Trial of cooperation,https://data.cooperationdatabank.org/id/studytrialofcooperation/1,All trials,https://data.cooperationdatabank.org/id/dependentvariable/cooperation,positive,test,2.0,positive,higher,2.0,0.0,0.0,1.0,1.0,"When comparing studies where motivational orientation is individualistic and studies where motivational orientation is cooperative, cooperation is significantly higher when trial of cooperation is all trials."
38390,https://data.cooperationdatabank.org/vocab/prop/Motivational_OrientationVariable,https://data.cooperationdatabank.org/vocab/prop/motivationalOrientation,Motivational orientation,https://data.cooperationdatabank.org/id/motivationalorientation/cooperative,Individualistic,https://data.cooperationdatabank.org/vocab/prop/motivationalOrientation,Motivational orientation,https://data.cooperationdatabank.org/id/motivationalorientation/individualistic,Cooperative,https://data.cooperationdatabank.org/vocab/prop/studyOneShot,One-shot vs repeated,https://data.cooperationdatabank.org/id/studyoneshot/0,Repeated,https://data.cooperationdatabank.org/id/dependentvariable/cooperation,positive,test,2.0,positive,higher,2.0,0.0,0.0,1.0,1.0,"When comparing studies where motivational orientation is individualistic and studies where motivational orientation is cooperative, cooperation is significantly higher when one-shot vs repeated is repeated."
37854,https://data.cooperationdatabank.org/vocab/prop/Motivational_OrientationVariable,https://data.cooperationdatabank.org/vocab/prop/endogenousMotivationalOrientation,Endogenous motivational orientation,https://data.cooperationdatabank.org/id/endogenousmotivationalorientation/cooperative,Cooperative,https://data.cooperationdatabank.org/vocab/prop/endogenousMotivationalOrientation,Endogenous motivational orientation,https://data.cooperationdatabank.org/id/endogenousmotivationalorientation/competitive,Competitive,https://data.cooperationdatabank.org/vocab/prop/studyTrialOfCooperation,Trial of cooperation,https://data.cooperationdatabank.org/id/studytrialofcooperation/1,All trials,https://data.cooperationdatabank.org/id/dependentvariable/cooperation,positive,test,2.0,positive,higher,2.0,0.0,0.0,1.0,1.0,"When comparing studies where endogenous motivational orientation is cooperative and studies where endogenous motivational orientation is competitive, cooperation is significantly higher when trial of cooperation is all trials."
24793,https://data.cooperationdatabank.org/vocab/prop/Motivational_OrientationVariable,https://data.cooperationdatabank.org/vocab/prop/motivationalOrientation,Motivational orientation,https://data.cooperationdatabank.org/id/motivationalorientation/cooperative,Cooperative,https://data.cooperationdatabank.org/vocab/prop/motivationalOrientation,Motivational orientation,https://data.cooperationdatabank.org/id/motivationalorientation/individualistic,Individualistic,https://data.cooperationdatabank.org/vocab/prop/countrySource,Source of country or region,https://data.cooperationdatabank.org/id/countrysource/1,Specified country,https://data.cooperationdatabank.org/id/dependentvariable/cooperation,positive,test,2.0,positive,higher,2.0,0.0,0.0,1.0,1.0,"When comparing studies where motivational orientation is cooperative and studies where motivational orientation is individualistic, cooperation is significantly higher when source of country or region is specified country."
24798,https://data.cooperationdatabank.org/vocab/prop/Motivational_OrientationVariable,https://data.cooperationdatabank.org/vocab/prop/motivationalOrientation,Motivational orientation,https://data.cooperationdatabank.org/id/motivationalorientation/cooperative,Cooperative,https://data.cooperationdatabank.org/vocab/prop/motivationalOrientation,Motivational orientation,https://data.cooperationdatabank.org/id/motivationalorientation/individualistic,Individualistic,https://data.cooperationdatabank.org/vocab/prop/studyExperimentalSetting,Experimental setting,https://data.cooperationdatabank.org/id/studyexperimentalsetting/3,Class,https://data.cooperationdatabank.org/id/dependentvariable/cooperation,positive,test,2.0,positive,higher,2.0,0.0,0.0,1.0,1.0,"When comparing studies where motivational orientation is cooperative and studies where motivational orientation is individualistic, cooperation is significantly higher when experimental setting is class."
14639,https://data.cooperationdatabank.org/vocab/prop/Motivational_OrientationVariable,https://data.cooperationdatabank.org/vocab/prop/motivationalOrientation,Motivational orientation,https://data.cooperationdatabank.org/id/motivationalorientation/competitive,Individualistic,https://data.cooperationdatabank.org/vocab/prop/motivationalOrientation,Motivational orientation,https://data.cooperationdatabank.org/id/motivationalorientation/individualistic,Competitive,https://data.cooperationdatabank.org/vocab/prop/studyOneShot,One-shot vs repeated,https://data.cooperationdatabank.org/id/studyoneshot/1,One-shot,https://data.cooperationdatabank.org/id/dependentvariable/cooperation,negative,test,0.0,negative,lower,0.0,1.0,0.0,0.0,1.0,"When comparing studies where motivational orientation is individualistic and studies where motivational orientation is competitive, cooperation is significantly lower when one-shot vs repeated is one-shot."
14422,https://data.cooperationdatabank.org/vocab/prop/Motivational_OrientationVariable,https://data.cooperationdatabank.org/vocab/prop/motivationalOrientation,Motivational orientation,https://data.cooperationdatabank.org/id/motivationalorientation/cooperative,Cooperative,https://data.cooperationdatabank.org/vocab/prop/motivationalOrientation,Motivational orientation,https://data.cooperationdatabank.org/id/motivationalorientation/individualistic,Individualistic,https://data.cooperationdatabank.org/vocab/prop/countrySource,Source of country or region,https://data.cooperationdatabank.org/id/countrysource/3,All authors,https://data.cooperationdatabank.org/id/dependentvariable/cooperation,positive,test,2.0,positive,higher,2.0,0.0,0.0,1.0,1.0,"When comparing studies where motivational orientation is cooperative and studies where motivational orientation is individualistic, cooperation is significantly higher when source of country or region is all authors."
13233,https://data.cooperationdatabank.org/vocab/prop/Motivational_OrientationVariable,https://data.cooperationdatabank.org/vocab/prop/motivationalOrientation,Motivational orientation,https://data.cooperationdatabank.org/id/motivationalorientation/cooperative,Cooperative,https://data.cooperationdatabank.org/vocab/prop/motivationalOrientation,Motivational orientation,https://data.cooperationdatabank.org/id/motivationalorientation/individualistic,Individualistic,https://data.cooperationdatabank.org/vocab/prop/studyShowUpFee,Show-up fee,https://data.cooperationdatabank.org/id/studyshowupfee/2,Course credit,https://data.cooperationdatabank.org/id/dependentvariable/cooperation,positive,test,2.0,positive,higher,2.0,0.0,0.0,1.0,1.0,"When comparing studies where motivational orientation is cooperative and studies where motivational orientation is individualistic, cooperation is significantly higher when show-up fee is course credit."
13228,https://data.cooperationdatabank.org/vocab/prop/Motivational_OrientationVariable,https://data.cooperationdatabank.org/vocab/prop/motivationalOrientation,Motivational orientation,https://data.cooperationdatabank.org/id/motivationalorientation/cooperative,Cooperative,https://data.cooperationdatabank.org/vocab/prop/motivationalOrientation,Motivational orientation,https://data.cooperationdatabank.org/id/motivationalorientation/individualistic,Individualistic,https://data.cooperationdatabank.org/vocab/prop/studyMatchingProtocol,Matching,https://data.cooperationdatabank.org/id/studymatchingprotocol/2,Partner,https://data.cooperationdatabank.org/id/dependentvariable/cooperation,positive,test,2.0,positive,higher,2.0,0.0,0.0,1.0,1.0,"When comparing studies where motivational orientation is cooperative and studies where motivational orientation is individualistic, cooperation is significantly higher when matching is partner."
13201,https://data.cooperationdatabank.org/vocab/prop/Motivational_OrientationVariable,https://data.cooperationdatabank.org/vocab/prop/motivationalOrientation,Motivational orientation,https://data.cooperationdatabank.org/id/motivationalorientation/competitive,Individualistic,https://data.cooperationdatabank.org/vocab/prop/motivationalOrientation,Motivational orientation,https://data.cooperationdatabank.org/id/motivationalorientation/individualistic,Competitive,https://data.cooperationdatabank.org/vocab/prop/yearSource,Source of year of data collection,https://data.cooperationdatabank.org/id/yearsource/2,Presented,https://data.cooperationdatabank.org/id/dependentvariable/cooperation,negative,test,2.0,positive,higher,0.0,0.0,0.0,1.0,1.0,"When comparing studies where motivational orientation is individualistic and studies where motivational orientation is competitive, cooperation is significantly higher when source of year of data collection is presented."
13168,https://data.cooperationdatabank.org/vocab/prop/Motivational_OrientationVariable,https://data.cooperationdatabank.org/vocab/prop/motivationalOrientation,Motivational orientation,https://data.cooperationdatabank.org/id/motivationalorientation/cooperative,Cooperative,https://data.cooperationdatabank.org/vocab/prop/motivationalOrientation,Motivational orientation,https://data.cooperationdatabank.org/id/motivationalorientation/individualistic,Individualistic,https://data.cooperationdatabank.org/vocab/prop/studyGameIncentive,Game incentive,https://data.cooperationdatabank.org/id/studygameincentive/2,Monetary lottery,https://data.cooperationdatabank.org/id/dependentvariable/cooperation,positive,test,2.0,positive,higher,2.0,0.0,0.0,1.0,1.0,"When comparing studies where motivational orientation is cooperative and studies where motivational orientation is individualistic, cooperation is significantly higher when game incentive is monetary lottery."
41263,https://data.cooperationdatabank.org/vocab/prop/Motivational_OrientationVariable,https://data.cooperationdatabank.org/vocab/prop/motivationalOrientation,Motivational orientation,https://data.cooperationdatabank.org/id/motivationalorientation/cooperative,Cooperative,https://data.cooperationdatabank.org/vocab/prop/motivationalOrientation,Motivational orientation,https://data.cooperationdatabank.org/id/motivationalorientation/individualistic,Individualistic,https://data.cooperationdatabank.org/vocab/prop/discussion,Discussion,https://data.cooperationdatabank.org/id/discussion/0,Absent,https://data.cooperationdatabank.org/id/dependentvariable/cooperation,positive,test,2.0,positive,higher,2.0,0.0,0.0,1.0,1.0,"When comparing studies where motivational orientation is cooperative and studies where motivational orientation is individualistic, cooperation is significantly higher when discussion is absent."
30968,https://data.cooperationdatabank.org/vocab/prop/Motivational_OrientationVariable,https://data.cooperationdatabank.org/vocab/prop/endogenousMotivationalOrientation,Endogenous motivational orientation,https://data.cooperationdatabank.org/id/endogenousmotivationalorientation/cooperative,Cooperative,https://data.cooperationdatabank.org/vocab/prop/endogenousMotivationalOrientation,Endogenous motivational orientation,https://data.cooperationdatabank.org/id/endogenousmotivationalorientation/individualistic,Individualistic,https://data.cooperationdatabank.org/vocab/prop/studyExperimentalSetting,Experimental setting,https://data.cooperationdatabank.org/id/studyexperimentalsetting/2,Lab,https://data.cooperationdatabank.org/id/dependentvariable/cooperation,positive,test,2.0,positive,higher,2.0,0.0,0.0,1.0,1.0,"When comparing studies where endogenous motivational orientation is cooperative and studies where endogenous motivational orientation is individualistic, cooperation is significantly higher when experimental setting is lab."
37847,https://data.cooperationdatabank.org/vocab/prop/Motivational_OrientationVariable,https://data.cooperationdatabank.org/vocab/prop/endogenousMotivationalOrientation,Endogenous motivational orientation,https://data.cooperationdatabank.org/id/endogenousmotivationalorientation/cooperative,Cooperative,https://data.cooperationdatabank.org/vocab/prop/endogenousMotivationalOrientation,Endogenous motivational orientation,https://data.cooperationdatabank.org/id/endogenousmotivationalorientation/competitive,Competitive,https://data.cooperationdatabank.org/vocab/prop/studyAcademicDiscipline,Academic discipline,https://data.cooperationdatabank.org/id/studyacademicdiscipline/2,Psychology,https://data.cooperationdatabank.org/id/dependentvariable/cooperation,positive,test,2.0,positive,higher,2.0,0.0,0.0,1.0,1.0,"When comparing studies where endogenous motivational orientation is cooperative and studies where endogenous motivational orientation is competitive, cooperation is significantly higher when academic discipline is psychology."
37848,https://data.cooperationdatabank.org/vocab/prop/Motivational_OrientationVariable,https://data.cooperationdatabank.org/vocab/prop/endogenousMotivationalOrientation,Endogenous motivational orientation,https://data.cooperationdatabank.org/id/endogenousmotivationalorientation/cooperative,Cooperative,https://data.cooperationdatabank.org/vocab/prop/endogenousMotivationalOrientation,Endogenous motivational orientation,https://data.cooperationdatabank.org/id/endogenousmotivationalorientation/competitive,Competitive,https://data.cooperationdatabank.org/vocab/prop/studyAcquaintance,Acquaintance,https://data.cooperationdatabank.org/id/studyacquaintance/0,Strangers,https://data.cooperationdatabank.org/id/dependentvariable/cooperation,positive,test,2.0,positive,higher,2.0,0.0,0.0,1.0,1.0,"When comparing studies where endogenous motivational orientation is cooperative and studies where endogenous motivational orientation is competitive, cooperation is significantly higher when acquaintance is strangers."
30355,https://data.cooperationdatabank.org/vocab/prop/Motivational_OrientationVariable,https://data.cooperationdatabank.org/vocab/prop/motivationalOrientation,Motivational orientation,https://data.cooperationdatabank.org/id/motivationalorientation/cooperative,Individualistic,https://data.cooperationdatabank.org/vocab/prop/motivationalOrientation,Motivational orientation,https://data.cooperationdatabank.org/id/motivationalorientation/individualistic,Cooperative,https://data.cooperationdatabank.org/vocab/prop/country,has country,https://data.cooperationdatabank.org/id/country/USA,USA,https://data.cooperationdatabank.org/id/dependentvariable/cooperation,positive,test,2.0,positive,higher,2.0,0.0,0.0,1.0,1.0,"When comparing studies where motivational orientation is individualistic and studies where motivational orientation is cooperative, cooperation is significantly higher when has country is usa."
24804,https://data.cooperationdatabank.org/vocab/prop/Motivational_OrientationVariable,https://data.cooperationdatabank.org/vocab/prop/motivationalOrientation,Motivational orientation,https://data.cooperationdatabank.org/id/motivationalorientation/cooperative,Cooperative,https://data.cooperationdatabank.org/vocab/prop/motivationalOrientation,Motivational orientation,https://data.cooperationdatabank.org/id/motivationalorientation/individualistic,Individualistic,https://data.cooperationdatabank.org/vocab/prop/yearSource,Source of year of data collection,https://data.cooperationdatabank.org/id/yearsource/5,Published,https://data.cooperationdatabank.org/id/dependentvariable/cooperation,positive,test,2.0,positive,higher,2.0,0.0,0.0,1.0,1.0,"When comparing studies where motivational orientation is cooperative and studies where motivational orientation is individualistic, cooperation is significantly higher when source of year of data collection is published."
14624,https://data.cooperationdatabank.org/vocab/prop/Motivational_OrientationVariable,https://data.cooperationdatabank.org/vocab/prop/motivationalOrientation,Motivational orientation,https://data.cooperationdatabank.org/id/motivationalorientation/cooperative,Cooperative,https://data.cooperationdatabank.org/vocab/prop/motivationalOrientation,Motivational orientation,https://data.cooperationdatabank.org/id/motivationalorientation/competitive,Competitive,https://data.cooperationdatabank.org/vocab/prop/studyRealPartner,Real partner,https://data.cooperationdatabank.org/id/studyrealpartner/1,Real,https://data.cooperationdatabank.org/id/dependentvariable/cooperation,positive,test,2.0,positive,higher,2.0,0.0,0.1111111111111111,0.8888888888888888,0.8888888888888888,"When comparing studies where motivational orientation is cooperative and studies where motivational orientation is competitive, cooperation is significantly higher when real partner is real."
19142,https://data.cooperationdatabank.org/vocab/prop/Motivational_OrientationVariable,https://data.cooperationdatabank.org/vocab/prop/motivationalOrientation,Motivational orientation,https://data.cooperationdatabank.org/id/motivationalorientation/cooperative,Cooperative,https://data.cooperationdatabank.org/vocab/prop/motivationalOrientation,Motivational orientation,https://data.cooperationdatabank.org/id/motivationalorientation/competitive,Competitive,https://data.cooperationdatabank.org/vocab/prop/publicationStatus,Published,https://data.cooperationdatabank.org/id/publicationstatus/1,Published Article,https://data.cooperationdatabank.org/id/dependentvariable/cooperation,noEffect,test,2.0,positive,higher,1.0,0.0,0.14705882352941177,0.8529411764705882,0.8529411764705882,"When comparing studies where motivational orientation is cooperative and studies where motivational orientation is competitive, cooperation is significantly higher when published is published article."
6179,https://data.cooperationdatabank.org/vocab/prop/Motivational_OrientationVariable,https://data.cooperationdatabank.org/vocab/prop/motivationalOrientation,Motivational orientation,https://data.cooperationdatabank.org/id/motivationalorientation/cooperative,Cooperative,https://data.cooperationdatabank.org/vocab/prop/motivationalOrientation,Motivational orientation,https://data.cooperationdatabank.org/id/motivationalorientation/competitive,Competitive,https://data.cooperationdatabank.org/vocab/prop/studyDilemmaType,Game type,https://data.cooperationdatabank.org/id/studydilemmatype/1,Prisoner's Dilemma Game,https://data.cooperationdatabank.org/id/dependentvariable/cooperation,positive,test,2.0,positive,higher,2.0,0.0,0.14705882352941177,0.8529411764705882,0.8529411764705882,"When comparing studies where motivational orientation is cooperative and studies where motivational orientation is competitive, cooperation is significantly higher when game type is prisoner's dilemma game."
14632,https://data.cooperationdatabank.org/vocab/prop/Motivational_OrientationVariable,https://data.cooperationdatabank.org/vocab/prop/motivationalOrientation,Motivational orientation,https://data.cooperationdatabank.org/id/motivationalorientation/competitive,Individualistic,https://data.cooperationdatabank.org/vocab/prop/motivationalOrientation,Motivational orientation,https://data.cooperationdatabank.org/id/motivationalorientation/individualistic,Competitive,https://data.cooperationdatabank.org/vocab/prop/discussion,Discussion,https://data.cooperationdatabank.org/id/discussion/1,Uni-directional,https://data.cooperationdatabank.org/id/dependentvariable/cooperation,negative,test,0.0,negative,lower,0.0,0.8260869565217391,0.0,0.17391304347826086,0.8260869565217391,"When comparing studies where motivational orientation is individualistic and studies where motivational orientation is competitive, cooperation is significantly lower when discussion is uni-directional."
30348,https://data.cooperationdatabank.org/vocab/prop/Motivational_OrientationVariable,https://data.cooperationdatabank.org/vocab/prop/motivationalOrientation,Motivational orientation,https://data.cooperationdatabank.org/id/motivationalorientation/competitive,Competitive,https://data.cooperationdatabank.org/vocab/prop/motivationalOrientation,Motivational orientation,https://data.cooperationdatabank.org/id/motivationalorientation/individualistic,Individualistic,https://data.cooperationdatabank.org/vocab/prop/studyOneShot,One-shot vs repeated,https://data.cooperationdatabank.org/id/studyoneshot/0,Repeated,https://data.cooperationdatabank.org/id/dependentvariable/cooperation,negative,test,0.0,negative,lower,0.0,0.8260869565217391,0.0,0.17391304347826086,0.8260869565217391,"When comparing studies where motivational orientation is competitive and studies where motivational orientation is individualistic, cooperation is significantly lower when one-shot vs repeated is repeated."
41329,https://data.cooperationdatabank.org/vocab/prop/Motivational_OrientationVariable,https://data.cooperationdatabank.org/vocab/prop/motivationalOrientation,Motivational orientation,https://data.cooperationdatabank.org/id/motivationalorientation/competitive,Individualistic,https://data.cooperationdatabank.org/vocab/prop/motivationalOrientation,Motivational orientation,https://data.cooperationdatabank.org/id/motivationalorientation/individualistic,Competitive,https://data.cooperationdatabank.org/vocab/prop/studyRealPartner,Real partner,https://data.cooperationdatabank.org/id/studyrealpartner/1,Real,https://data.cooperationdatabank.org/id/dependentvariable/cooperation,negative,test,0.0,negative,lower,0.0,0.8260869565217391,0.0,0.17391304347826086,0.8260869565217391,"When comparing studies where motivational orientation is individualistic and studies where motivational orientation is competitive, cooperation is significantly lower when real partner is real."
6259,https://data.cooperationdatabank.org/vocab/prop/Motivational_OrientationVariable,https://data.cooperationdatabank.org/vocab/prop/motivationalOrientation,Motivational orientation,https://data.cooperationdatabank.org/id/motivationalorientation/cooperative,Cooperative,https://data.cooperationdatabank.org/vocab/prop/motivationalOrientation,Motivational orientation,https://data.cooperationdatabank.org/id/motivationalorientation/competitive,Competitive,https://data.cooperationdatabank.org/vocab/prop/studyTrialOfCooperation,Trial of cooperation,https://data.cooperationdatabank.org/id/studytrialofcooperation/1,All trials,https://data.cooperationdatabank.org/id/dependentvariable/cooperation,positive,test,2.0,positive,higher,2.0,0.0,0.18181818181818182,0.8181818181818182,0.8181818181818182,"When comparing studies where motivational orientation is cooperative and studies where motivational orientation is competitive, cooperation is significantly higher when trial of cooperation is all trials."
6273,https://data.cooperationdatabank.org/vocab/prop/Motivational_OrientationVariable,https://data.cooperationdatabank.org/vocab/prop/motivationalOrientation,Motivational orientation,https://data.cooperationdatabank.org/id/motivationalorientation/cooperative,Cooperative,https://data.cooperationdatabank.org/vocab/prop/motivationalOrientation,Motivational orientation,https://data.cooperationdatabank.org/id/motivationalorientation/competitive,Competitive,https://data.cooperationdatabank.org/vocab/prop/studyAcademicDiscipline,Academic discipline,https://data.cooperationdatabank.org/id/studyacademicdiscipline/2,Psychology,https://data.cooperationdatabank.org/id/dependentvariable/cooperation,positive,test,2.0,positive,higher,2.0,0.0,0.18181818181818182,0.8181818181818182,0.8181818181818182,"When comparing studies where motivational orientation is cooperative and studies where motivational orientation is competitive, cooperation is significantly higher when academic discipline is psychology."
6185,https://data.cooperationdatabank.org/vocab/prop/Motivational_OrientationVariable,https://data.cooperationdatabank.org/vocab/prop/motivationalOrientation,Motivational orientation,https://data.cooperationdatabank.org/id/motivationalorientation/cooperative,Cooperative,https://data.cooperationdatabank.org/vocab/prop/motivationalOrientation,Motivational orientation,https://data.cooperationdatabank.org/id/motivationalorientation/competitive,Competitive,https://data.cooperationdatabank.org/vocab/prop/studyOneShot,One-shot vs repeated,https://data.cooperationdatabank.org/id/studyoneshot/0,Repeated,https://data.cooperationdatabank.org/id/dependentvariable/cooperation,positive,test,2.0,positive,higher,2.0,0.0,0.18181818181818182,0.8181818181818182,0.8181818181818182,"When comparing studies where motivational orientation is cooperative and studies where motivational orientation is competitive, cooperation is significantly higher when one-shot vs repeated is repeated."
6213,https://data.cooperationdatabank.org/vocab/prop/Motivational_OrientationVariable,https://data.cooperationdatabank.org/vocab/prop/motivationalOrientation,Motivational orientation,https://data.cooperationdatabank.org/id/motivationalorientation/cooperative,Cooperative,https://data.cooperationdatabank.org/vocab/prop/motivationalOrientation,Motivational orientation,https://data.cooperationdatabank.org/id/motivationalorientation/competitive,Competitive,https://data.cooperationdatabank.org/vocab/prop/studyOneShot,One-shot vs repeated,https://data.cooperationdatabank.org/id/studyoneshot/0,Repeated,https://data.cooperationdatabank.org/id/dependentvariable/cooperation,positive,test,2.0,positive,higher,2.0,0.0,0.18181818181818182,0.8181818181818182,0.8181818181818182,"When comparing studies where motivational orientation is cooperative and studies where motivational orientation is competitive, cooperation is significantly higher when one-shot vs repeated is repeated."
44086,https://data.cooperationdatabank.org/vocab/prop/Motivational_OrientationVariable,https://data.cooperationdatabank.org/vocab/prop/motivationalOrientation,Motivational orientation,https://data.cooperationdatabank.org/id/motivationalorientation/cooperative,Competitive,https://data.cooperationdatabank.org/vocab/prop/motivationalOrientation,Motivational orientation,https://data.cooperationdatabank.org/id/motivationalorientation/competitive,Cooperative,https://data.cooperationdatabank.org/vocab/prop/studyTrialOfCooperation,Trial of cooperation,https://data.cooperationdatabank.org/id/studytrialofcooperation/1,All trials,https://data.cooperationdatabank.org/id/dependentvariable/cooperation,positive,test,2.0,positive,higher,2.0,0.0,0.18181818181818182,0.8181818181818182,0.8181818181818182,"When comparing studies where motivational orientation is competitive and studies where motivational orientation is cooperative, cooperation is significantly higher when trial of cooperation is all trials."
41309,https://data.cooperationdatabank.org/vocab/prop/Motivational_OrientationVariable,https://data.cooperationdatabank.org/vocab/prop/motivationalOrientation,Motivational orientation,https://data.cooperationdatabank.org/id/motivationalorientation/cooperative,Cooperative,https://data.cooperationdatabank.org/vocab/prop/motivationalOrientation,Motivational orientation,https://data.cooperationdatabank.org/id/motivationalorientation/competitive,Competitive,https://data.cooperationdatabank.org/vocab/prop/studyOneShot,One-shot vs repeated,https://data.cooperationdatabank.org/id/studyoneshot/0,Repeated,https://data.cooperationdatabank.org/id/dependentvariable/cooperation,positive,test,2.0,positive,higher,2.0,0.0,0.18181818181818182,0.8181818181818182,0.8181818181818182,"When comparing studies where motivational orientation is cooperative and studies where motivational orientation is competitive, cooperation is significantly higher when one-shot vs repeated is repeated."
6275,https://data.cooperationdatabank.org/vocab/prop/Motivational_OrientationVariable,https://data.cooperationdatabank.org/vocab/prop/motivationalOrientation,Motivational orientation,https://data.cooperationdatabank.org/id/motivationalorientation/cooperative,Cooperative,https://data.cooperationdatabank.org/vocab/prop/motivationalOrientation,Motivational orientation,https://data.cooperationdatabank.org/id/motivationalorientation/competitive,Competitive,https://data.cooperationdatabank.org/vocab/prop/studyAcquaintance,Acquaintance,https://data.cooperationdatabank.org/id/studyacquaintance/0,Strangers,https://data.cooperationdatabank.org/id/dependentvariable/cooperation,positive,test,2.0,positive,higher,2.0,0.0,0.18181818181818182,0.8181818181818182,0.8181818181818182,"When comparing studies where motivational orientation is cooperative and studies where motivational orientation is competitive, cooperation is significantly higher when acquaintance is strangers."
6154,https://data.cooperationdatabank.org/vocab/prop/Motivational_OrientationVariable,https://data.cooperationdatabank.org/vocab/prop/motivationalOrientation,Motivational orientation,https://data.cooperationdatabank.org/id/motivationalorientation/cooperative,Cooperative,https://data.cooperationdatabank.org/vocab/prop/motivationalOrientation,Motivational orientation,https://data.cooperationdatabank.org/id/motivationalorientation/competitive,Competitive,https://data.cooperationdatabank.org/vocab/prop/discussion,Discussion,https://data.cooperationdatabank.org/id/discussion/0,Absent,https://data.cooperationdatabank.org/id/dependentvariable/cooperation,noEffect,test,2.0,positive,higher,1.0,0.0,0.18181818181818182,0.8181818181818182,0.8181818181818182,"When comparing studies where motivational orientation is cooperative and studies where motivational orientation is competitive, cooperation is significantly higher when discussion is absent."
6226,https://data.cooperationdatabank.org/vocab/prop/Motivational_OrientationVariable,https://data.cooperationdatabank.org/vocab/prop/motivationalOrientation,Motivational orientation,https://data.cooperationdatabank.org/id/motivationalorientation/cooperative,Cooperative,https://data.cooperationdatabank.org/vocab/prop/motivationalOrientation,Motivational orientation,https://data.cooperationdatabank.org/id/motivationalorientation/competitive,Competitive,https://data.cooperationdatabank.org/vocab/prop/studyAcademicDiscipline,Academic discipline,https://data.cooperationdatabank.org/id/studyacademicdiscipline/2,Psychology,https://data.cooperationdatabank.org/id/dependentvariable/cooperation,noEffect,test,2.0,positive,higher,1.0,0.0,0.18181818181818182,0.8181818181818182,0.8181818181818182,"When comparing studies where motivational orientation is cooperative and studies where motivational orientation is competitive, cooperation is significantly higher when academic discipline is psychology."
6233,https://data.cooperationdatabank.org/vocab/prop/Motivational_OrientationVariable,https://data.cooperationdatabank.org/vocab/prop/motivationalOrientation,Motivational orientation,https://data.cooperationdatabank.org/id/motivationalorientation/cooperative,Cooperative,https://data.cooperationdatabank.org/vocab/prop/motivationalOrientation,Motivational orientation,https://data.cooperationdatabank.org/id/motivationalorientation/competitive,Competitive,https://data.cooperationdatabank.org/vocab/prop/studyTrialOfCooperation,Trial of cooperation,https://data.cooperationdatabank.org/id/studytrialofcooperation/1,All trials,https://data.cooperationdatabank.org/id/dependentvariable/cooperation,noEffect,test,2.0,positive,higher,1.0,0.0,0.18181818181818182,0.8181818181818182,0.8181818181818182,"When comparing studies where motivational orientation is cooperative and studies where motivational orientation is competitive, cooperation is significantly higher when trial of cooperation is all trials."
14600,https://data.cooperationdatabank.org/vocab/prop/Motivational_OrientationVariable,https://data.cooperationdatabank.org/vocab/prop/motivationalOrientation,Motivational orientation,https://data.cooperationdatabank.org/id/motivationalorientation/cooperative,Cooperative,https://data.cooperationdatabank.org/vocab/prop/motivationalOrientation,Motivational orientation,https://data.cooperationdatabank.org/id/motivationalorientation/competitive,Competitive,https://data.cooperationdatabank.org/vocab/prop/country,has country,https://data.cooperationdatabank.org/id/country/USA,USA,https://data.cooperationdatabank.org/id/dependentvariable/cooperation,positive,test,2.0,positive,higher,2.0,0.0,0.18181818181818182,0.8181818181818182,0.8181818181818182,"When comparing studies where motivational orientation is cooperative and studies where motivational orientation is competitive, cooperation is significantly higher when has country is usa."
14606,https://data.cooperationdatabank.org/vocab/prop/Motivational_OrientationVariable,https://data.cooperationdatabank.org/vocab/prop/motivationalOrientation,Motivational orientation,https://data.cooperationdatabank.org/id/motivationalorientation/cooperative,Cooperative,https://data.cooperationdatabank.org/vocab/prop/motivationalOrientation,Motivational orientation,https://data.cooperationdatabank.org/id/motivationalorientation/competitive,Competitive,https://data.cooperationdatabank.org/vocab/prop/discussion,Discussion,https://data.cooperationdatabank.org/id/discussion/1,Uni-directional,https://data.cooperationdatabank.org/id/dependentvariable/cooperation,positive,test,2.0,positive,higher,2.0,0.0,0.18181818181818182,0.8181818181818182,0.8181818181818182,"When comparing studies where motivational orientation is cooperative and studies where motivational orientation is competitive, cooperation is significantly higher when discussion is uni-directional."
14631,https://data.cooperationdatabank.org/vocab/prop/Motivational_OrientationVariable,https://data.cooperationdatabank.org/vocab/prop/motivationalOrientation,Motivational orientation,https://data.cooperationdatabank.org/id/motivationalorientation/competitive,Individualistic,https://data.cooperationdatabank.org/vocab/prop/motivationalOrientation,Motivational orientation,https://data.cooperationdatabank.org/id/motivationalorientation/individualistic,Competitive,https://data.cooperationdatabank.org/vocab/prop/discussion,Discussion,https://data.cooperationdatabank.org/id/discussion/0,Absent,https://data.cooperationdatabank.org/id/dependentvariable/cooperation,negative,test,0.0,negative,lower,0.0,0.8,0.0,0.2,0.8,"When comparing studies where motivational orientation is individualistic and studies where motivational orientation is competitive, cooperation is significantly lower when discussion is absent."
2593,https://data.cooperationdatabank.org/vocab/prop/Motivational_OrientationVariable,https://data.cooperationdatabank.org/vocab/prop/motivationalOrientation,Motivational orientation,https://data.cooperationdatabank.org/id/motivationalorientation/competitive,Competitive,https://data.cooperationdatabank.org/vocab/prop/motivationalOrientation,Motivational orientation,https://data.cooperationdatabank.org/id/motivationalorientation/individualistic,Individualistic,https://data.cooperationdatabank.org/vocab/prop/studyMatchingProtocol,Matching,https://data.cooperationdatabank.org/id/studymatchingprotocol/2,Partner,https://data.cooperationdatabank.org/id/dependentvariable/cooperation,negative,test,0.0,negative,lower,0.0,0.72,0.0,0.28,0.72,"When comparing studies where motivational orientation is competitive and studies where motivational orientation is individualistic, cooperation is significantly lower when matching is partner."
2587,https://data.cooperationdatabank.org/vocab/prop/Motivational_OrientationVariable,https://data.cooperationdatabank.org/vocab/prop/motivationalOrientation,Motivational orientation,https://data.cooperationdatabank.org/id/motivationalorientation/competitive,Competitive,https://data.cooperationdatabank.org/vocab/prop/motivationalOrientation,Motivational orientation,https://data.cooperationdatabank.org/id/motivationalorientation/individualistic,Individualistic,https://data.cooperationdatabank.org/vocab/prop/studyAcquaintance,Acquaintance,https://data.cooperationdatabank.org/id/studyacquaintance/0,Strangers,https://data.cooperationdatabank.org/id/dependentvariable/cooperation,negative,test,0.0,negative,lower,0.0,0.72,0.0,0.28,0.72,"When comparing studies where motivational orientation is competitive and studies where motivational orientation is individualistic, cooperation is significantly lower when acquaintance is strangers."
14483,https://data.cooperationdatabank.org/vocab/prop/Motivational_OrientationVariable,https://data.cooperationdatabank.org/vocab/prop/motivationalOrientation,Motivational orientation,https://data.cooperationdatabank.org/id/motivationalorientation/competitive,Individualistic,https://data.cooperationdatabank.org/vocab/prop/motivationalOrientation,Motivational orientation,https://data.cooperationdatabank.org/id/motivationalorientation/individualistic,Competitive,https://data.cooperationdatabank.org/vocab/prop/publicationStatus,Published,https://data.cooperationdatabank.org/id/publicationstatus/1,Published Article,https://data.cooperationdatabank.org/id/dependentvariable/cooperation,negative,test,0.0,negative,lower,0.0,0.72,0.0,0.28,0.72,"When comparing studies where motivational orientation is individualistic and studies where motivational orientation is competitive, cooperation is significantly lower when published is published article."
13192,https://data.cooperationdatabank.org/vocab/prop/Motivational_OrientationVariable,https://data.cooperationdatabank.org/vocab/prop/motivationalOrientation,Motivational orientation,https://data.cooperationdatabank.org/id/motivationalorientation/competitive,Individualistic,https://data.cooperationdatabank.org/vocab/prop/motivationalOrientation,Motivational orientation,https://data.cooperationdatabank.org/id/motivationalorientation/individualistic,Competitive,https://data.cooperationdatabank.org/vocab/prop/publicationStatus,Published,https://data.cooperationdatabank.org/id/publicationstatus/1,Published Article,https://data.cooperationdatabank.org/id/dependentvariable/cooperation,negative,test,0.0,negative,lower,0.0,0.72,0.0,0.28,0.72,"When comparing studies where motivational orientation is individualistic and studies where motivational orientation is competitive, cooperation is significantly lower when published is published article."
30342,https://data.cooperationdatabank.org/vocab/prop/Motivational_OrientationVariable,https://data.cooperationdatabank.org/vocab/prop/motivationalOrientation,Motivational orientation,https://data.cooperationdatabank.org/id/motivationalorientation/competitive,Competitive,https://data.cooperationdatabank.org/vocab/prop/motivationalOrientation,Motivational orientation,https://data.cooperationdatabank.org/id/motivationalorientation/individualistic,Individualistic,https://data.cooperationdatabank.org/vocab/prop/studyAcademicDiscipline,Academic discipline,https://data.cooperationdatabank.org/id/studyacademicdiscipline/2,Psychology,https://data.cooperationdatabank.org/id/dependentvariable/cooperation,negative,test,0.0,negative,lower,0.0,0.72,0.0,0.28,0.72,"When comparing studies where motivational orientation is competitive and studies where motivational orientation is individualistic, cooperation is significantly lower when academic discipline is psychology."
30341,https://data.cooperationdatabank.org/vocab/prop/Motivational_OrientationVariable,https://data.cooperationdatabank.org/vocab/prop/motivationalOrientation,Motivational orientation,https://data.cooperationdatabank.org/id/motivationalorientation/competitive,Competitive,https://data.cooperationdatabank.org/vocab/prop/motivationalOrientation,Motivational orientation,https://data.cooperationdatabank.org/id/motivationalorientation/individualistic,Individualistic,https://data.cooperationdatabank.org/vocab/prop/publicationStatus,Published,https://data.cooperationdatabank.org/id/publicationstatus/1,Published Article,https://data.cooperationdatabank.org/id/dependentvariable/cooperation,negative,test,0.0,negative,lower,0.0,0.72,0.0,0.28,0.72,"When comparing studies where motivational orientation is competitive and studies where motivational orientation is individualistic, cooperation is significantly lower when published is published article."
41323,https://data.cooperationdatabank.org/vocab/prop/Motivational_OrientationVariable,https://data.cooperationdatabank.org/vocab/prop/motivationalOrientation,Motivational orientation,https://data.cooperationdatabank.org/id/motivationalorientation/competitive,Individualistic,https://data.cooperationdatabank.org/vocab/prop/motivationalOrientation,Motivational orientation,https://data.cooperationdatabank.org/id/motivationalorientation/individualistic,Competitive,https://data.cooperationdatabank.org/vocab/prop/studyAcquaintance,Acquaintance,https://data.cooperationdatabank.org/id/studyacquaintance/0,Strangers,https://data.cooperationdatabank.org/id/dependentvariable/cooperation,negative,test,0.0,negative,lower,0.0,0.72,0.0,0.28,0.72,"When comparing studies where motivational orientation is individualistic and studies where motivational orientation is competitive, cooperation is significantly lower when acquaintance is strangers."
