,giv_prop,iv,iv_label,cat_t1,cat_t1_label,iv.1,iv_label.1,cat_t2,cat_t2_label,mod,mod_label,mod_val,mod_val_label,dependent,effect,td,pred_num,pred_readable,comparative,pred_true,score_0,score_1,score_2,max_score,hypothesis
36585,https://data.cooperationdatabank.org/vocab/prop/Partner_typeVariable,https://data.cooperationdatabank.org/vocab/prop/partnerType,Partner type,https://data.cooperationdatabank.org/id/partnertype/peer,Peer,https://data.cooperationdatabank.org/vocab/prop/partnerType,Partner type,https://data.cooperationdatabank.org/id/partnertype/stranger,Stranger,https://data.cooperationdatabank.org/vocab/prop/countrySource,Source of country or region,https://data.cooperationdatabank.org/id/countrysource/3,All authors,https://data.cooperationdatabank.org/id/dependentvariable/contributions,positive,test,2.0,positive,higher,2.0,0.0,0.0,1.0,1.0,"When comparing studies where partner type is peer and studies where partner type is stranger, cooperation is significantly higher when source of country or region is all authors."
28972,https://data.cooperationdatabank.org/vocab/prop/Partner_typeVariable,https://data.cooperationdatabank.org/vocab/prop/partnerType,Partner type,https://data.cooperationdatabank.org/id/partnertype/stranger,Computer,https://data.cooperationdatabank.org/vocab/prop/partnerType,Partner type,https://data.cooperationdatabank.org/id/partnertype/computer,Stranger,https://data.cooperationdatabank.org/vocab/prop/recruitmentMethod,Recruitment method,https://data.cooperationdatabank.org/id/recruitmentmethod/3,Other,https://data.cooperationdatabank.org/id/dependentvariable/contributions,positive,test,2.0,positive,higher,2.0,0.0,0.0,1.0,1.0,"When comparing studies where partner type is computer and studies where partner type is stranger, cooperation is significantly higher when recruitment method is other."
36607,https://data.cooperationdatabank.org/vocab/prop/Partner_typeVariable,https://data.cooperationdatabank.org/vocab/prop/partnerType,Partner type,https://data.cooperationdatabank.org/id/partnertype/peer,Peer,https://data.cooperationdatabank.org/vocab/prop/partnerType,Partner type,https://data.cooperationdatabank.org/id/partnertype/stranger,Stranger,https://data.cooperationdatabank.org/vocab/prop/studyTrialOfCooperation,Trial of cooperation,https://data.cooperationdatabank.org/id/studytrialofcooperation/1,All trials,https://data.cooperationdatabank.org/id/dependentvariable/contributions,positive,test,2.0,positive,higher,2.0,0.0,0.0,1.0,1.0,"When comparing studies where partner type is peer and studies where partner type is stranger, cooperation is significantly higher when trial of cooperation is all trials."
36638,https://data.cooperationdatabank.org/vocab/prop/Partner_typeVariable,https://data.cooperationdatabank.org/vocab/prop/partnerType,Partner type,https://data.cooperationdatabank.org/id/partnertype/stranger,Stranger,https://data.cooperationdatabank.org/vocab/prop/partnerType,Partner type,https://data.cooperationdatabank.org/id/partnertype/computer,Computer,https://data.cooperationdatabank.org/vocab/prop/studyExperimentalSetting,Experimental setting,https://data.cooperationdatabank.org/id/studyexperimentalsetting/2,Lab,https://data.cooperationdatabank.org/id/dependentvariable/contributions,noEffect,test,2.0,positive,higher,1.0,0.06666666666666667,0.13333333333333333,0.8,0.8,"When comparing studies where partner type is stranger and studies where partner type is computer, cooperation is significantly higher when experimental setting is lab."
25482,https://data.cooperationdatabank.org/vocab/prop/Partner_typeVariable,https://data.cooperationdatabank.org/vocab/prop/partnerType,Partner type,https://data.cooperationdatabank.org/id/partnertype/stranger,Stranger,https://data.cooperationdatabank.org/vocab/prop/partnerType,Partner type,https://data.cooperationdatabank.org/id/partnertype/computer,Computer,https://data.cooperationdatabank.org/vocab/prop/country,has country,https://data.cooperationdatabank.org/id/country/USA,USA,https://data.cooperationdatabank.org/id/dependentvariable/cooperation,noEffect,test,2.0,positive,higher,1.0,0.0,0.47619047619047616,0.5238095238095238,0.5238095238095238,"When comparing studies where partner type is stranger and studies where partner type is computer, cooperation is significantly higher when has country is usa."
13623,https://data.cooperationdatabank.org/vocab/prop/Partner_typeVariable,https://data.cooperationdatabank.org/vocab/prop/partnerType,Partner type,https://data.cooperationdatabank.org/id/partnertype/stranger,Stranger,https://data.cooperationdatabank.org/vocab/prop/partnerType,Partner type,https://data.cooperationdatabank.org/id/partnertype/computer,Computer,https://data.cooperationdatabank.org/vocab/prop/studyContinuousPGG,Continuous vs step-level public goods,https://data.cooperationdatabank.org/id/studycontinuouspgg/1,Continuous,https://data.cooperationdatabank.org/id/dependentvariable/contributions,noEffect,test,2.0,positive,higher,1.0,0.13043478260869565,0.34782608695652173,0.5217391304347826,0.5217391304347826,"When comparing studies where partner type is stranger and studies where partner type is computer, cooperation is significantly higher when continuous vs step-level public goods is continuous."
36636,https://data.cooperationdatabank.org/vocab/prop/Partner_typeVariable,https://data.cooperationdatabank.org/vocab/prop/partnerType,Partner type,https://data.cooperationdatabank.org/id/partnertype/stranger,Stranger,https://data.cooperationdatabank.org/vocab/prop/partnerType,Partner type,https://data.cooperationdatabank.org/id/partnertype/computer,Computer,https://data.cooperationdatabank.org/vocab/prop/studyAcquaintance,Acquaintance,https://data.cooperationdatabank.org/id/studyacquaintance/1,Acquaintance,https://data.cooperationdatabank.org/id/dependentvariable/contributions,noEffect,test,2.0,positive,higher,1.0,0.13043478260869565,0.34782608695652173,0.5217391304347826,0.5217391304347826,"When comparing studies where partner type is stranger and studies where partner type is computer, cooperation is significantly higher when acquaintance is acquaintance."
36631,https://data.cooperationdatabank.org/vocab/prop/Partner_typeVariable,https://data.cooperationdatabank.org/vocab/prop/partnerType,Partner type,https://data.cooperationdatabank.org/id/partnertype/stranger,Stranger,https://data.cooperationdatabank.org/vocab/prop/partnerType,Partner type,https://data.cooperationdatabank.org/id/partnertype/computer,Computer,https://data.cooperationdatabank.org/vocab/prop/countrySource,Source of country or region,https://data.cooperationdatabank.org/id/countrysource/3,All authors,https://data.cooperationdatabank.org/id/dependentvariable/contributions,noEffect,test,0.0,negative,lower,1.0,0.5,0.5,0.0,0.5,"When comparing studies where partner type is stranger and studies where partner type is computer, cooperation is significantly lower when source of country or region is all authors."
