,giv_prop,iv,iv_label,cat_t1,cat_t1_label,iv.1,iv_label.1,cat_t2,cat_t2_label,mod,mod_label,mod_val,mod_val_label,dependent,effect,td,pred_num,pred_readable,comparative,pred_true,score_0,score_1,score_2,max_score,hypothesis
3333,https://data.cooperationdatabank.org/vocab/prop/Perception_of_the_partner(s)Variable,https://data.cooperationdatabank.org/vocab/prop/partnerPerception,Partner perception,https://data.cooperationdatabank.org/id/partnerperception/attractive,Attractive,https://data.cooperationdatabank.org/vocab/prop/partnerPerception,Partner perception,https://data.cooperationdatabank.org/id/partnerperception/unattractive,Unattractive,https://data.cooperationdatabank.org/vocab/prop/studyAcquaintance,Acquaintance,https://data.cooperationdatabank.org/id/studyacquaintance/0,Strangers,https://data.cooperationdatabank.org/id/dependentvariable/contributions,noEffect,test,0.0,negative,lower,1.0,1.0,0.0,0.0,1.0,"When comparing studies where partner perception is attractive and studies where partner perception is unattractive, cooperation is significantly lower when acquaintance is strangers."
3338,https://data.cooperationdatabank.org/vocab/prop/Perception_of_the_partner(s)Variable,https://data.cooperationdatabank.org/vocab/prop/partnerPerception,Partner perception,https://data.cooperationdatabank.org/id/partnerperception/attractive,Attractive,https://data.cooperationdatabank.org/vocab/prop/partnerPerception,Partner perception,https://data.cooperationdatabank.org/id/partnerperception/unattractive,Unattractive,https://data.cooperationdatabank.org/vocab/prop/studyMatchingProtocol,Matching,https://data.cooperationdatabank.org/id/studymatchingprotocol/2,Partner,https://data.cooperationdatabank.org/id/dependentvariable/contributions,noEffect,test,0.0,negative,lower,1.0,1.0,0.0,0.0,1.0,"When comparing studies where partner perception is attractive and studies where partner perception is unattractive, cooperation is significantly lower when matching is partner."
12373,https://data.cooperationdatabank.org/vocab/prop/Perception_of_the_partner(s)Variable,https://data.cooperationdatabank.org/vocab/prop/partnerPerceptionLevel,Partner perception level,https://data.cooperationdatabank.org/id/partnerperceptionlevel/high,high,https://data.cooperationdatabank.org/vocab/prop/partnerPerceptionLevel,Partner perception level,https://data.cooperationdatabank.org/id/partnerperceptionlevel/low,low,https://data.cooperationdatabank.org/vocab/prop/country,has country,https://data.cooperationdatabank.org/id/country/NLD,NLD,https://data.cooperationdatabank.org/id/dependentvariable/contributions,positive,test,2.0,positive,higher,2.0,0.0,0.0,1.0,1.0,"When comparing studies where partner perception level is high and studies where partner perception level is low, cooperation is significantly higher when has country is nld."
12363,https://data.cooperationdatabank.org/vocab/prop/Perception_of_the_partner(s)Variable,https://data.cooperationdatabank.org/vocab/prop/partnerPerceptionLevel,Partner perception level,https://data.cooperationdatabank.org/id/partnerperceptionlevel/high,high,https://data.cooperationdatabank.org/vocab/prop/partnerPerceptionLevel,Partner perception level,https://data.cooperationdatabank.org/id/partnerperceptionlevel/low,low,https://data.cooperationdatabank.org/vocab/prop/studyDilemmaType,Game type,https://data.cooperationdatabank.org/id/studydilemmatype/2,Public Goods Game,https://data.cooperationdatabank.org/id/dependentvariable/contributions,positive,test,2.0,positive,higher,2.0,0.0,0.0,1.0,1.0,"When comparing studies where partner perception level is high and studies where partner perception level is low, cooperation is significantly higher when game type is public goods game."
12381,https://data.cooperationdatabank.org/vocab/prop/Perception_of_the_partner(s)Variable,https://data.cooperationdatabank.org/vocab/prop/partnerPerceptionLevel,Partner perception level,https://data.cooperationdatabank.org/id/partnerperceptionlevel/high,high,https://data.cooperationdatabank.org/vocab/prop/partnerPerceptionLevel,Partner perception level,https://data.cooperationdatabank.org/id/partnerperceptionlevel/low,low,https://data.cooperationdatabank.org/vocab/prop/studyGameIncentive,Game incentive,https://data.cooperationdatabank.org/id/studygameincentive/1,Monetary,https://data.cooperationdatabank.org/id/dependentvariable/contributions,positive,test,2.0,positive,higher,2.0,0.0,0.0,1.0,1.0,"When comparing studies where partner perception level is high and studies where partner perception level is low, cooperation is significantly higher when game incentive is monetary."
12376,https://data.cooperationdatabank.org/vocab/prop/Perception_of_the_partner(s)Variable,https://data.cooperationdatabank.org/vocab/prop/partnerPerceptionLevel,Partner perception level,https://data.cooperationdatabank.org/id/partnerperceptionlevel/high,high,https://data.cooperationdatabank.org/vocab/prop/partnerPerceptionLevel,Partner perception level,https://data.cooperationdatabank.org/id/partnerperceptionlevel/low,low,https://data.cooperationdatabank.org/vocab/prop/publicationStatus,Published,https://data.cooperationdatabank.org/id/publicationstatus/1,Published Article,https://data.cooperationdatabank.org/id/dependentvariable/contributions,positive,test,2.0,positive,higher,2.0,0.0,0.0,1.0,1.0,"When comparing studies where partner perception level is high and studies where partner perception level is low, cooperation is significantly higher when published is published article."
43779,https://data.cooperationdatabank.org/vocab/prop/Perception_of_the_partner(s)Variable,https://data.cooperationdatabank.org/vocab/prop/partnerPerceptionLevel,Partner perception level,https://data.cooperationdatabank.org/id/partnerperceptionlevel/high,high,https://data.cooperationdatabank.org/vocab/prop/partnerPerceptionLevel,Partner perception level,https://data.cooperationdatabank.org/id/partnerperceptionlevel/low,low,https://data.cooperationdatabank.org/vocab/prop/publicationStatus,Published,https://data.cooperationdatabank.org/id/publicationstatus/1,Published Article,https://data.cooperationdatabank.org/id/dependentvariable/contributions,noEffect,test,2.0,positive,higher,1.0,0.0,0.0,1.0,1.0,"When comparing studies where partner perception level is high and studies where partner perception level is low, cooperation is significantly higher when published is published article."
43782,https://data.cooperationdatabank.org/vocab/prop/Perception_of_the_partner(s)Variable,https://data.cooperationdatabank.org/vocab/prop/partnerPerceptionLevel,Partner perception level,https://data.cooperationdatabank.org/id/partnerperceptionlevel/high,high,https://data.cooperationdatabank.org/vocab/prop/partnerPerceptionLevel,Partner perception level,https://data.cooperationdatabank.org/id/partnerperceptionlevel/low,low,https://data.cooperationdatabank.org/vocab/prop/studyExperimentalSetting,Experimental setting,https://data.cooperationdatabank.org/id/studyexperimentalsetting/2,Lab,https://data.cooperationdatabank.org/id/dependentvariable/contributions,noEffect,test,2.0,positive,higher,1.0,0.0,0.0,1.0,1.0,"When comparing studies where partner perception level is high and studies where partner perception level is low, cooperation is significantly higher when experimental setting is lab."
12382,https://data.cooperationdatabank.org/vocab/prop/Perception_of_the_partner(s)Variable,https://data.cooperationdatabank.org/vocab/prop/partnerPerceptionLevel,Partner perception level,https://data.cooperationdatabank.org/id/partnerperceptionlevel/high,high,https://data.cooperationdatabank.org/vocab/prop/partnerPerceptionLevel,Partner perception level,https://data.cooperationdatabank.org/id/partnerperceptionlevel/low,low,https://data.cooperationdatabank.org/vocab/prop/studyMatchingProtocol,Matching,https://data.cooperationdatabank.org/id/studymatchingprotocol/2,Partner,https://data.cooperationdatabank.org/id/dependentvariable/contributions,positive,test,2.0,positive,higher,2.0,0.0,0.0,1.0,1.0,"When comparing studies where partner perception level is high and studies where partner perception level is low, cooperation is significantly higher when matching is partner."
12383,https://data.cooperationdatabank.org/vocab/prop/Perception_of_the_partner(s)Variable,https://data.cooperationdatabank.org/vocab/prop/partnerPerceptionLevel,Partner perception level,https://data.cooperationdatabank.org/id/partnerperceptionlevel/high,high,https://data.cooperationdatabank.org/vocab/prop/partnerPerceptionLevel,Partner perception level,https://data.cooperationdatabank.org/id/partnerperceptionlevel/low,low,https://data.cooperationdatabank.org/vocab/prop/studyOneShot,One-shot vs repeated,https://data.cooperationdatabank.org/id/studyoneshot/0,Repeated,https://data.cooperationdatabank.org/id/dependentvariable/contributions,positive,test,2.0,positive,higher,2.0,0.0,0.0,1.0,1.0,"When comparing studies where partner perception level is high and studies where partner perception level is low, cooperation is significantly higher when one-shot vs repeated is repeated."
43824,https://data.cooperationdatabank.org/vocab/prop/Perception_of_the_partner(s)Variable,https://data.cooperationdatabank.org/vocab/prop/partnerPerceptionLevel,Partner perception level,https://data.cooperationdatabank.org/id/partnerperceptionlevel/high,high,https://data.cooperationdatabank.org/vocab/prop/partnerPerceptionLevel,Partner perception level,https://data.cooperationdatabank.org/id/partnerperceptionlevel/low,low,https://data.cooperationdatabank.org/vocab/prop/studyExperimentalSetting,Experimental setting,https://data.cooperationdatabank.org/id/studyexperimentalsetting/2,Lab,https://data.cooperationdatabank.org/id/dependentvariable/contributions,positive,test,2.0,positive,higher,2.0,0.0,0.0,1.0,1.0,"When comparing studies where partner perception level is high and studies where partner perception level is low, cooperation is significantly higher when experimental setting is lab."
3361,https://data.cooperationdatabank.org/vocab/prop/Perception_of_the_partner(s)Variable,https://data.cooperationdatabank.org/vocab/prop/partnerPerception,Partner perception,https://data.cooperationdatabank.org/id/partnerperception/attractive,Attractive,https://data.cooperationdatabank.org/vocab/prop/partnerPerception,Partner perception,https://data.cooperationdatabank.org/id/partnerperception/unattractive,Unattractive,https://data.cooperationdatabank.org/vocab/prop/studyContinuousPGG,Continuous vs step-level public goods,https://data.cooperationdatabank.org/id/studycontinuouspgg/1,Continuous,https://data.cooperationdatabank.org/id/dependentvariable/contributions,negative,test,0.0,negative,lower,0.0,0.5,0.5,0.0,0.5,"When comparing studies where partner perception is attractive and studies where partner perception is unattractive, cooperation is significantly lower when continuous vs step-level public goods is continuous."
3343,https://data.cooperationdatabank.org/vocab/prop/Perception_of_the_partner(s)Variable,https://data.cooperationdatabank.org/vocab/prop/partnerPerception,Partner perception,https://data.cooperationdatabank.org/id/partnerperception/attractive,Attractive,https://data.cooperationdatabank.org/vocab/prop/partnerPerception,Partner perception,https://data.cooperationdatabank.org/id/partnerperception/unattractive,Unattractive,https://data.cooperationdatabank.org/vocab/prop/studyContinuousPGG,Continuous vs step-level public goods,https://data.cooperationdatabank.org/id/studycontinuouspgg/1,Continuous,https://data.cooperationdatabank.org/id/dependentvariable/contributions,noEffect,test,0.0,negative,lower,1.0,0.5,0.5,0.0,0.5,"When comparing studies where partner perception is attractive and studies where partner perception is unattractive, cooperation is significantly lower when continuous vs step-level public goods is continuous."
13583,https://data.cooperationdatabank.org/vocab/prop/Perception_of_the_partner(s)Variable,https://data.cooperationdatabank.org/vocab/prop/partnerPerceptionLevel,Partner perception level,https://data.cooperationdatabank.org/id/partnerperceptionlevel/high,high,https://data.cooperationdatabank.org/vocab/prop/partnerPerceptionLevel,Partner perception level,https://data.cooperationdatabank.org/id/partnerperceptionlevel/low,low,https://data.cooperationdatabank.org/vocab/prop/studyDilemmaType,Game type,https://data.cooperationdatabank.org/id/studydilemmatype/1,Prisoner's Dilemma Game,https://data.cooperationdatabank.org/id/dependentvariable/cooperation,positive,test,2.0,positive,higher,2.0,0.023297491039426525,0.482078853046595,0.4946236559139785,0.4946236559139785,"When comparing studies where partner perception level is high and studies where partner perception level is low, cooperation is significantly higher when game type is prisoner's dilemma game."
