,giv_prop,iv,iv_label,cat_t1,cat_t1_label,iv.1,iv_label.1,cat_t2,cat_t2_label,mod,mod_label,mod_val,mod_val_label,dependent,effect,td,pred_num,pred_readable,comparative,pred_true,score_0,score_1,score_2,max_score,hypothesis
14905,https://data.cooperationdatabank.org/vocab/prop/PowerVariable,https://data.cooperationdatabank.org/vocab/prop/powerLevel,Power level,https://data.cooperationdatabank.org/id/powerlevel/high,Low,https://data.cooperationdatabank.org/vocab/prop/powerLevel,Power level,https://data.cooperationdatabank.org/id/powerlevel/low,High,https://data.cooperationdatabank.org/vocab/prop/yearSource,Source of year of data collection,https://data.cooperationdatabank.org/id/yearsource/4,Received/Submitted,https://data.cooperationdatabank.org/id/dependentvariable/cooperation,positive,test,2.0,positive,higher,2.0,0.0,0.0,1.0,1.0,"When comparing studies where power level is low and studies where power level is high, cooperation is significantly higher when source of year of data collection is submitted."
18658,https://data.cooperationdatabank.org/vocab/prop/PowerVariable,https://data.cooperationdatabank.org/vocab/prop/powerLevel,Power level,https://data.cooperationdatabank.org/id/powerlevel/high,High,https://data.cooperationdatabank.org/vocab/prop/powerLevel,Power level,https://data.cooperationdatabank.org/id/powerlevel/control,Control,https://data.cooperationdatabank.org/vocab/prop/country,has country,https://data.cooperationdatabank.org/id/country/USA,USA,https://data.cooperationdatabank.org/id/dependentvariable/contributions,noEffect,test,2.0,positive,higher,1.0,0.0,0.0,1.0,1.0,"When comparing studies where power level is high and studies where power level is control, cooperation is significantly higher when has country is usa."
18657,https://data.cooperationdatabank.org/vocab/prop/PowerVariable,https://data.cooperationdatabank.org/vocab/prop/powerLevel,Power level,https://data.cooperationdatabank.org/id/powerlevel/high,High,https://data.cooperationdatabank.org/vocab/prop/powerLevel,Power level,https://data.cooperationdatabank.org/id/powerlevel/low,Low,https://data.cooperationdatabank.org/vocab/prop/recruitmentMethod,Recruitment method,https://data.cooperationdatabank.org/id/recruitmentmethod/1,Participant pool,https://data.cooperationdatabank.org/id/dependentvariable/contributions,positive,test,2.0,positive,higher,2.0,0.0,0.0,1.0,1.0,"When comparing studies where power level is high and studies where power level is low, cooperation is significantly higher when recruitment method is participant pool."
22501,https://data.cooperationdatabank.org/vocab/prop/PowerVariable,https://data.cooperationdatabank.org/vocab/prop/powerLevel,Power level,https://data.cooperationdatabank.org/id/powerlevel/high,High,https://data.cooperationdatabank.org/vocab/prop/powerLevel,Power level,https://data.cooperationdatabank.org/id/powerlevel/control,Control,https://data.cooperationdatabank.org/vocab/prop/discussion,Discussion,https://data.cooperationdatabank.org/id/discussion/0,Absent,https://data.cooperationdatabank.org/id/dependentvariable/cooperation,noEffect,test,0.0,negative,lower,1.0,1.0,0.0,0.0,1.0,"When comparing studies where power level is high and studies where power level is control, cooperation is significantly lower when discussion is absent."
40572,https://data.cooperationdatabank.org/vocab/prop/PowerVariable,https://data.cooperationdatabank.org/vocab/prop/powerLevel,Power level,https://data.cooperationdatabank.org/id/powerlevel/high,Control,https://data.cooperationdatabank.org/vocab/prop/powerLevel,Power level,https://data.cooperationdatabank.org/id/powerlevel/control,High,https://data.cooperationdatabank.org/vocab/prop/country,has country,https://data.cooperationdatabank.org/id/country/USA,USA,https://data.cooperationdatabank.org/id/dependentvariable/cooperation,negative,test,0.0,negative,lower,0.0,1.0,0.0,0.0,1.0,"When comparing studies where power level is control and studies where power level is high, cooperation is significantly lower when has country is usa."
40566,https://data.cooperationdatabank.org/vocab/prop/PowerVariable,https://data.cooperationdatabank.org/vocab/prop/powerLevel,Power level,https://data.cooperationdatabank.org/id/powerlevel/high,High,https://data.cooperationdatabank.org/vocab/prop/powerLevel,Power level,https://data.cooperationdatabank.org/id/powerlevel/low,Low,https://data.cooperationdatabank.org/vocab/prop/yearSource,Source of year of data collection,https://data.cooperationdatabank.org/id/yearsource/4,Received/Submitted,https://data.cooperationdatabank.org/id/dependentvariable/cooperation,noEffect,test,2.0,positive,higher,1.0,0.0,0.0,1.0,1.0,"When comparing studies where power level is high and studies where power level is low, cooperation is significantly higher when source of year of data collection is submitted."
40594,https://data.cooperationdatabank.org/vocab/prop/PowerVariable,https://data.cooperationdatabank.org/vocab/prop/powerLevel,Power level,https://data.cooperationdatabank.org/id/powerlevel/high,Control,https://data.cooperationdatabank.org/vocab/prop/powerLevel,Power level,https://data.cooperationdatabank.org/id/powerlevel/control,High,https://data.cooperationdatabank.org/vocab/prop/studyTrialOfCooperation,Trial of cooperation,https://data.cooperationdatabank.org/id/studytrialofcooperation/1,All trials,https://data.cooperationdatabank.org/id/dependentvariable/cooperation,negative,test,0.0,negative,lower,0.0,1.0,0.0,0.0,1.0,"When comparing studies where power level is control and studies where power level is high, cooperation is significantly lower when trial of cooperation is all trials."
40578,https://data.cooperationdatabank.org/vocab/prop/PowerVariable,https://data.cooperationdatabank.org/vocab/prop/powerLevel,Power level,https://data.cooperationdatabank.org/id/powerlevel/high,Control,https://data.cooperationdatabank.org/vocab/prop/powerLevel,Power level,https://data.cooperationdatabank.org/id/powerlevel/control,High,https://data.cooperationdatabank.org/vocab/prop/publicationStatus,Published,https://data.cooperationdatabank.org/id/publicationstatus/1,Published Article,https://data.cooperationdatabank.org/id/dependentvariable/cooperation,negative,test,0.0,negative,lower,0.0,1.0,0.0,0.0,1.0,"When comparing studies where power level is control and studies where power level is high, cooperation is significantly lower when published is published article."
40738,https://data.cooperationdatabank.org/vocab/prop/PowerVariable,https://data.cooperationdatabank.org/vocab/prop/powerLevel,Power level,https://data.cooperationdatabank.org/id/powerlevel/high,High,https://data.cooperationdatabank.org/vocab/prop/powerLevel,Power level,https://data.cooperationdatabank.org/id/powerlevel/low,Low,https://data.cooperationdatabank.org/vocab/prop/studyAcademicDiscipline,Academic discipline,https://data.cooperationdatabank.org/id/studyacademicdiscipline/2,Psychology,https://data.cooperationdatabank.org/id/dependentvariable/cooperation,negative,test,2.0,positive,higher,0.0,0.0,0.0,1.0,1.0,"When comparing studies where power level is high and studies where power level is low, cooperation is significantly higher when academic discipline is psychology."
15016,https://data.cooperationdatabank.org/vocab/prop/PowerVariable,https://data.cooperationdatabank.org/vocab/prop/powerLevel,Power level,https://data.cooperationdatabank.org/id/powerlevel/high,Low,https://data.cooperationdatabank.org/vocab/prop/powerLevel,Power level,https://data.cooperationdatabank.org/id/powerlevel/low,High,https://data.cooperationdatabank.org/vocab/prop/studyRealPartner,Real partner,https://data.cooperationdatabank.org/id/studyrealpartner/1,Real,https://data.cooperationdatabank.org/id/dependentvariable/contributions,negative,test,2.0,positive,higher,0.0,0.2,0.0,0.8,0.8,"When comparing studies where power level is low and studies where power level is high, cooperation is significantly higher when real partner is real."
15015,https://data.cooperationdatabank.org/vocab/prop/PowerVariable,https://data.cooperationdatabank.org/vocab/prop/powerLevel,Power level,https://data.cooperationdatabank.org/id/powerlevel/high,Low,https://data.cooperationdatabank.org/vocab/prop/powerLevel,Power level,https://data.cooperationdatabank.org/id/powerlevel/low,High,https://data.cooperationdatabank.org/vocab/prop/studyOneShot,One-shot vs repeated,https://data.cooperationdatabank.org/id/studyoneshot/0,Repeated,https://data.cooperationdatabank.org/id/dependentvariable/contributions,negative,test,2.0,positive,higher,0.0,0.2727272727272727,0.0,0.7272727272727273,0.7272727272727273,"When comparing studies where power level is low and studies where power level is high, cooperation is significantly higher when one-shot vs repeated is repeated."
37562,https://data.cooperationdatabank.org/vocab/prop/PowerVariable,https://data.cooperationdatabank.org/vocab/prop/powerLevel,Power level,https://data.cooperationdatabank.org/id/powerlevel/high,Low,https://data.cooperationdatabank.org/vocab/prop/powerLevel,Power level,https://data.cooperationdatabank.org/id/powerlevel/low,High,https://data.cooperationdatabank.org/vocab/prop/studyShowUpFee,Show-up fee,https://data.cooperationdatabank.org/id/studyshowupfee/0,Absent,https://data.cooperationdatabank.org/id/dependentvariable/withdrawals,positive,test,2.0,positive,higher,2.0,0.0,0.2857142857142857,0.7142857142857143,0.7142857142857143,"When comparing studies where power level is low and studies where power level is high, cooperation is significantly higher when show-up fee is absent."
42729,https://data.cooperationdatabank.org/vocab/prop/PowerVariable,https://data.cooperationdatabank.org/vocab/prop/powerLevel,Power level,https://data.cooperationdatabank.org/id/powerlevel/high,High,https://data.cooperationdatabank.org/vocab/prop/powerLevel,Power level,https://data.cooperationdatabank.org/id/powerlevel/low,Low,https://data.cooperationdatabank.org/vocab/prop/studyAcademicDiscipline,Academic discipline,https://data.cooperationdatabank.org/id/studyacademicdiscipline/2,Psychology,https://data.cooperationdatabank.org/id/dependentvariable/contributions,noEffect,test,0.0,negative,lower,1.0,0.6666666666666666,0.3333333333333333,0.0,0.6666666666666666,"When comparing studies where power level is high and studies where power level is low, cooperation is significantly lower when academic discipline is psychology."
40650,https://data.cooperationdatabank.org/vocab/prop/PowerVariable,https://data.cooperationdatabank.org/vocab/prop/powerLevel,Power level,https://data.cooperationdatabank.org/id/powerlevel/high,High,https://data.cooperationdatabank.org/vocab/prop/powerLevel,Power level,https://data.cooperationdatabank.org/id/powerlevel/low,Low,https://data.cooperationdatabank.org/vocab/prop/studyOneShot,One-shot vs repeated,https://data.cooperationdatabank.org/id/studyoneshot/1,One-shot,https://data.cooperationdatabank.org/id/dependentvariable/cooperation,negative,test,2.0,positive,higher,0.0,0.2,0.2,0.6,0.6,"When comparing studies where power level is high and studies where power level is low, cooperation is significantly higher when one-shot vs repeated is one-shot."
12690,https://data.cooperationdatabank.org/vocab/prop/PowerVariable,https://data.cooperationdatabank.org/vocab/prop/powerLevel,Power level,https://data.cooperationdatabank.org/id/powerlevel/high,Low,https://data.cooperationdatabank.org/vocab/prop/powerLevel,Power level,https://data.cooperationdatabank.org/id/powerlevel/low,High,https://data.cooperationdatabank.org/vocab/prop/publicationStatus,Published,https://data.cooperationdatabank.org/id/publicationstatus/1,Published Article,https://data.cooperationdatabank.org/id/dependentvariable/contributions,positive,test,2.0,positive,higher,2.0,0.25301204819277107,0.1566265060240964,0.5903614457831325,0.5903614457831325,"When comparing studies where power level is low and studies where power level is high, cooperation is significantly higher when published is published article."
21918,https://data.cooperationdatabank.org/vocab/prop/PowerVariable,https://data.cooperationdatabank.org/vocab/prop/powerLevel,Power level,https://data.cooperationdatabank.org/id/powerlevel/high,High,https://data.cooperationdatabank.org/vocab/prop/powerLevel,Power level,https://data.cooperationdatabank.org/id/powerlevel/low,Low,https://data.cooperationdatabank.org/vocab/prop/studyShowUpFee,Show-up fee,https://data.cooperationdatabank.org/id/studyshowupfee/1,Paid,https://data.cooperationdatabank.org/id/dependentvariable/contributions,negative,test,2.0,positive,higher,0.0,0.25301204819277107,0.1566265060240964,0.5903614457831325,0.5903614457831325,"When comparing studies where power level is high and studies where power level is low, cooperation is significantly higher when show-up fee is paid."
21905,https://data.cooperationdatabank.org/vocab/prop/PowerVariable,https://data.cooperationdatabank.org/vocab/prop/powerLevel,Power level,https://data.cooperationdatabank.org/id/powerlevel/high,High,https://data.cooperationdatabank.org/vocab/prop/powerLevel,Power level,https://data.cooperationdatabank.org/id/powerlevel/low,Low,https://data.cooperationdatabank.org/vocab/prop/countrySource,Source of country or region,https://data.cooperationdatabank.org/id/countrysource/1,Specified country,https://data.cooperationdatabank.org/id/dependentvariable/contributions,negative,test,2.0,positive,higher,0.0,0.25301204819277107,0.1566265060240964,0.5903614457831325,0.5903614457831325,"When comparing studies where power level is high and studies where power level is low, cooperation is significantly higher when source of country or region is specified country."
44506,https://data.cooperationdatabank.org/vocab/prop/PowerVariable,https://data.cooperationdatabank.org/vocab/prop/powerLevel,Power level,https://data.cooperationdatabank.org/id/powerlevel/high,High,https://data.cooperationdatabank.org/vocab/prop/powerLevel,Power level,https://data.cooperationdatabank.org/id/powerlevel/low,Low,https://data.cooperationdatabank.org/vocab/prop/studyShowUpFee,Show-up fee,https://data.cooperationdatabank.org/id/studyshowupfee/1,Paid,https://data.cooperationdatabank.org/id/dependentvariable/contributions,positive,test,2.0,positive,higher,2.0,0.25301204819277107,0.1566265060240964,0.5903614457831325,0.5903614457831325,"When comparing studies where power level is high and studies where power level is low, cooperation is significantly higher when show-up fee is paid."
44453,https://data.cooperationdatabank.org/vocab/prop/PowerVariable,https://data.cooperationdatabank.org/vocab/prop/powerLevel,Power level,https://data.cooperationdatabank.org/id/powerlevel/high,High,https://data.cooperationdatabank.org/vocab/prop/powerLevel,Power level,https://data.cooperationdatabank.org/id/powerlevel/low,Low,https://data.cooperationdatabank.org/vocab/prop/studyShowUpFee,Show-up fee,https://data.cooperationdatabank.org/id/studyshowupfee/1,Paid,https://data.cooperationdatabank.org/id/dependentvariable/contributions,positive,test,2.0,positive,higher,2.0,0.25301204819277107,0.1566265060240964,0.5903614457831325,0.5903614457831325,"When comparing studies where power level is high and studies where power level is low, cooperation is significantly higher when show-up fee is paid."
42583,https://data.cooperationdatabank.org/vocab/prop/PowerVariable,https://data.cooperationdatabank.org/vocab/prop/powerLevel,Power level,https://data.cooperationdatabank.org/id/powerlevel/high,Low,https://data.cooperationdatabank.org/vocab/prop/powerLevel,Power level,https://data.cooperationdatabank.org/id/powerlevel/low,High,https://data.cooperationdatabank.org/vocab/prop/studyDilemmaType,Game type,https://data.cooperationdatabank.org/id/studydilemmatype/2,Public Goods Game,https://data.cooperationdatabank.org/id/dependentvariable/contributions,positive,test,2.0,positive,higher,2.0,0.25301204819277107,0.1566265060240964,0.5903614457831325,0.5903614457831325,"When comparing studies where power level is low and studies where power level is high, cooperation is significantly higher when game type is public goods game."
42581,https://data.cooperationdatabank.org/vocab/prop/PowerVariable,https://data.cooperationdatabank.org/vocab/prop/powerLevel,Power level,https://data.cooperationdatabank.org/id/powerlevel/high,Low,https://data.cooperationdatabank.org/vocab/prop/powerLevel,Power level,https://data.cooperationdatabank.org/id/powerlevel/low,High,https://data.cooperationdatabank.org/vocab/prop/studyAcquaintance,Acquaintance,https://data.cooperationdatabank.org/id/studyacquaintance/0,Strangers,https://data.cooperationdatabank.org/id/dependentvariable/contributions,positive,test,2.0,positive,higher,2.0,0.25301204819277107,0.1566265060240964,0.5903614457831325,0.5903614457831325,"When comparing studies where power level is low and studies where power level is high, cooperation is significantly higher when acquaintance is strangers."
44459,https://data.cooperationdatabank.org/vocab/prop/PowerVariable,https://data.cooperationdatabank.org/vocab/prop/powerLevel,Power level,https://data.cooperationdatabank.org/id/powerlevel/high,High,https://data.cooperationdatabank.org/vocab/prop/powerLevel,Power level,https://data.cooperationdatabank.org/id/powerlevel/low,Low,https://data.cooperationdatabank.org/vocab/prop/countrySource,Source of country or region,https://data.cooperationdatabank.org/id/countrysource/1,Specified country,https://data.cooperationdatabank.org/id/dependentvariable/contributions,positive,test,2.0,positive,higher,2.0,0.25301204819277107,0.1566265060240964,0.5903614457831325,0.5903614457831325,"When comparing studies where power level is high and studies where power level is low, cooperation is significantly higher when source of country or region is specified country."
12720,https://data.cooperationdatabank.org/vocab/prop/PowerVariable,https://data.cooperationdatabank.org/vocab/prop/powerLevel,Power level,https://data.cooperationdatabank.org/id/powerlevel/high,Low,https://data.cooperationdatabank.org/vocab/prop/powerLevel,Power level,https://data.cooperationdatabank.org/id/powerlevel/low,High,https://data.cooperationdatabank.org/vocab/prop/studyAcquaintance,Acquaintance,https://data.cooperationdatabank.org/id/studyacquaintance/0,Strangers,https://data.cooperationdatabank.org/id/dependentvariable/contributions,negative,test,2.0,positive,higher,0.0,0.25301204819277107,0.1566265060240964,0.5903614457831325,0.5903614457831325,"When comparing studies where power level is low and studies where power level is high, cooperation is significantly higher when acquaintance is strangers."
15010,https://data.cooperationdatabank.org/vocab/prop/PowerVariable,https://data.cooperationdatabank.org/vocab/prop/powerLevel,Power level,https://data.cooperationdatabank.org/id/powerlevel/high,Low,https://data.cooperationdatabank.org/vocab/prop/powerLevel,Power level,https://data.cooperationdatabank.org/id/powerlevel/low,High,https://data.cooperationdatabank.org/vocab/prop/studyAcquaintance,Acquaintance,https://data.cooperationdatabank.org/id/studyacquaintance/0,Strangers,https://data.cooperationdatabank.org/id/dependentvariable/contributions,negative,test,2.0,positive,higher,0.0,0.25301204819277107,0.1566265060240964,0.5903614457831325,0.5903614457831325,"When comparing studies where power level is low and studies where power level is high, cooperation is significantly higher when acquaintance is strangers."
43,https://data.cooperationdatabank.org/vocab/prop/PowerVariable,https://data.cooperationdatabank.org/vocab/prop/powerLevel,Power level,https://data.cooperationdatabank.org/id/powerlevel/high,High,https://data.cooperationdatabank.org/vocab/prop/powerLevel,Power level,https://data.cooperationdatabank.org/id/powerlevel/low,Low,https://data.cooperationdatabank.org/vocab/prop/countrySource,Source of country or region,https://data.cooperationdatabank.org/id/countrysource/1,Specified country,https://data.cooperationdatabank.org/id/dependentvariable/contributions,negative,test,2.0,positive,higher,0.0,0.25301204819277107,0.1566265060240964,0.5903614457831325,0.5903614457831325,"When comparing studies where power level is high and studies where power level is low, cooperation is significantly higher when source of country or region is specified country."
33,https://data.cooperationdatabank.org/vocab/prop/PowerVariable,https://data.cooperationdatabank.org/vocab/prop/powerLevel,Power level,https://data.cooperationdatabank.org/id/powerlevel/high,High,https://data.cooperationdatabank.org/vocab/prop/powerLevel,Power level,https://data.cooperationdatabank.org/id/powerlevel/low,Low,https://data.cooperationdatabank.org/vocab/prop/studyAcquaintance,Acquaintance,https://data.cooperationdatabank.org/id/studyacquaintance/0,Strangers,https://data.cooperationdatabank.org/id/dependentvariable/contributions,noEffect,test,2.0,positive,higher,1.0,0.25301204819277107,0.1566265060240964,0.5903614457831325,0.5903614457831325,"When comparing studies where power level is high and studies where power level is low, cooperation is significantly higher when acquaintance is strangers."
21931,https://data.cooperationdatabank.org/vocab/prop/PowerVariable,https://data.cooperationdatabank.org/vocab/prop/powerLevel,Power level,https://data.cooperationdatabank.org/id/powerlevel/high,High,https://data.cooperationdatabank.org/vocab/prop/powerLevel,Power level,https://data.cooperationdatabank.org/id/powerlevel/low,Low,https://data.cooperationdatabank.org/vocab/prop/studyTrialOfCooperation,Trial of cooperation,https://data.cooperationdatabank.org/id/studytrialofcooperation/1,All trials,https://data.cooperationdatabank.org/id/dependentvariable/contributions,negative,test,2.0,positive,higher,0.0,0.352112676056338,0.07042253521126761,0.5774647887323944,0.5774647887323944,"When comparing studies where power level is high and studies where power level is low, cooperation is significantly higher when trial of cooperation is all trials."
21922,https://data.cooperationdatabank.org/vocab/prop/PowerVariable,https://data.cooperationdatabank.org/vocab/prop/powerLevel,Power level,https://data.cooperationdatabank.org/id/powerlevel/high,High,https://data.cooperationdatabank.org/vocab/prop/powerLevel,Power level,https://data.cooperationdatabank.org/id/powerlevel/low,Low,https://data.cooperationdatabank.org/vocab/prop/discussion,Discussion,https://data.cooperationdatabank.org/id/discussion/0,Absent,https://data.cooperationdatabank.org/id/dependentvariable/contributions,negative,test,2.0,positive,higher,0.0,0.352112676056338,0.07042253521126761,0.5774647887323944,0.5774647887323944,"When comparing studies where power level is high and studies where power level is low, cooperation is significantly higher when discussion is absent."
18484,https://data.cooperationdatabank.org/vocab/prop/PowerVariable,https://data.cooperationdatabank.org/vocab/prop/powerLevel,Power level,https://data.cooperationdatabank.org/id/powerlevel/high,Low,https://data.cooperationdatabank.org/vocab/prop/powerLevel,Power level,https://data.cooperationdatabank.org/id/powerlevel/low,High,https://data.cooperationdatabank.org/vocab/prop/discussion,Discussion,https://data.cooperationdatabank.org/id/discussion/0,Absent,https://data.cooperationdatabank.org/id/dependentvariable/contributions,positive,test,2.0,positive,higher,2.0,0.352112676056338,0.07042253521126761,0.5774647887323944,0.5774647887323944,"When comparing studies where power level is low and studies where power level is high, cooperation is significantly higher when discussion is absent."
15012,https://data.cooperationdatabank.org/vocab/prop/PowerVariable,https://data.cooperationdatabank.org/vocab/prop/powerLevel,Power level,https://data.cooperationdatabank.org/id/powerlevel/high,Low,https://data.cooperationdatabank.org/vocab/prop/powerLevel,Power level,https://data.cooperationdatabank.org/id/powerlevel/low,High,https://data.cooperationdatabank.org/vocab/prop/studyExperimentalSetting,Experimental setting,https://data.cooperationdatabank.org/id/studyexperimentalsetting/2,Lab,https://data.cooperationdatabank.org/id/dependentvariable/contributions,negative,test,2.0,positive,higher,0.0,0.352112676056338,0.07042253521126761,0.5774647887323944,0.5774647887323944,"When comparing studies where power level is low and studies where power level is high, cooperation is significantly higher when experimental setting is lab."
44522,https://data.cooperationdatabank.org/vocab/prop/PowerVariable,https://data.cooperationdatabank.org/vocab/prop/powerLevel,Power level,https://data.cooperationdatabank.org/id/powerlevel/high,High,https://data.cooperationdatabank.org/vocab/prop/powerLevel,Power level,https://data.cooperationdatabank.org/id/powerlevel/low,Low,https://data.cooperationdatabank.org/vocab/prop/studyExperimentalSetting,Experimental setting,https://data.cooperationdatabank.org/id/studyexperimentalsetting/2,Lab,https://data.cooperationdatabank.org/id/dependentvariable/contributions,positive,test,2.0,positive,higher,2.0,0.352112676056338,0.07042253521126761,0.5774647887323944,0.5774647887323944,"When comparing studies where power level is high and studies where power level is low, cooperation is significantly higher when experimental setting is lab."
15006,https://data.cooperationdatabank.org/vocab/prop/PowerVariable,https://data.cooperationdatabank.org/vocab/prop/powerLevel,Power level,https://data.cooperationdatabank.org/id/powerlevel/high,Low,https://data.cooperationdatabank.org/vocab/prop/powerLevel,Power level,https://data.cooperationdatabank.org/id/powerlevel/low,High,https://data.cooperationdatabank.org/vocab/prop/country,has country,https://data.cooperationdatabank.org/id/country/DEU,DEU,https://data.cooperationdatabank.org/id/dependentvariable/contributions,negative,test,2.0,positive,higher,0.0,0.352112676056338,0.07042253521126761,0.5774647887323944,0.5774647887323944,"When comparing studies where power level is low and studies where power level is high, cooperation is significantly higher when has country is deu."
40,https://data.cooperationdatabank.org/vocab/prop/PowerVariable,https://data.cooperationdatabank.org/vocab/prop/powerLevel,Power level,https://data.cooperationdatabank.org/id/powerlevel/high,High,https://data.cooperationdatabank.org/vocab/prop/powerLevel,Power level,https://data.cooperationdatabank.org/id/powerlevel/low,Low,https://data.cooperationdatabank.org/vocab/prop/studyTrialOfCooperation,Trial of cooperation,https://data.cooperationdatabank.org/id/studytrialofcooperation/1,All trials,https://data.cooperationdatabank.org/id/dependentvariable/contributions,noEffect,test,2.0,positive,higher,1.0,0.352112676056338,0.07042253521126761,0.5774647887323944,0.5774647887323944,"When comparing studies where power level is high and studies where power level is low, cooperation is significantly higher when trial of cooperation is all trials."
12700,https://data.cooperationdatabank.org/vocab/prop/PowerVariable,https://data.cooperationdatabank.org/vocab/prop/powerLevel,Power level,https://data.cooperationdatabank.org/id/powerlevel/high,Low,https://data.cooperationdatabank.org/vocab/prop/powerLevel,Power level,https://data.cooperationdatabank.org/id/powerlevel/low,High,https://data.cooperationdatabank.org/vocab/prop/studyMatchingProtocol,Matching,https://data.cooperationdatabank.org/id/studymatchingprotocol/2,Partner,https://data.cooperationdatabank.org/id/dependentvariable/contributions,positive,test,2.0,positive,higher,2.0,0.352112676056338,0.07042253521126761,0.5774647887323944,0.5774647887323944,"When comparing studies where power level is low and studies where power level is high, cooperation is significantly higher when matching is partner."
18494,https://data.cooperationdatabank.org/vocab/prop/PowerVariable,https://data.cooperationdatabank.org/vocab/prop/powerLevel,Power level,https://data.cooperationdatabank.org/id/powerlevel/high,Low,https://data.cooperationdatabank.org/vocab/prop/powerLevel,Power level,https://data.cooperationdatabank.org/id/powerlevel/low,High,https://data.cooperationdatabank.org/vocab/prop/studyTrialOfCooperation,Trial of cooperation,https://data.cooperationdatabank.org/id/studytrialofcooperation/1,All trials,https://data.cooperationdatabank.org/id/dependentvariable/contributions,positive,test,2.0,positive,higher,2.0,0.352112676056338,0.07042253521126761,0.5774647887323944,0.5774647887323944,"When comparing studies where power level is low and studies where power level is high, cooperation is significantly higher when trial of cooperation is all trials."
26121,https://data.cooperationdatabank.org/vocab/prop/PowerVariable,https://data.cooperationdatabank.org/vocab/prop/powerLevel,Power level,https://data.cooperationdatabank.org/id/powerlevel/high,Low,https://data.cooperationdatabank.org/vocab/prop/powerLevel,Power level,https://data.cooperationdatabank.org/id/powerlevel/low,High,https://data.cooperationdatabank.org/vocab/prop/discussion,Discussion,https://data.cooperationdatabank.org/id/discussion/0,Absent,https://data.cooperationdatabank.org/id/dependentvariable/contributions,positive,test,2.0,positive,higher,2.0,0.352112676056338,0.07042253521126761,0.5774647887323944,0.5774647887323944,"When comparing studies where power level is low and studies where power level is high, cooperation is significantly higher when discussion is absent."
41232,https://data.cooperationdatabank.org/vocab/prop/PowerVariable,https://data.cooperationdatabank.org/vocab/prop/powerLevel,Power level,https://data.cooperationdatabank.org/id/powerlevel/high,Low,https://data.cooperationdatabank.org/vocab/prop/powerLevel,Power level,https://data.cooperationdatabank.org/id/powerlevel/low,High,https://data.cooperationdatabank.org/vocab/prop/discussion,Discussion,https://data.cooperationdatabank.org/id/discussion/0,Absent,https://data.cooperationdatabank.org/id/dependentvariable/contributions,positive,test,2.0,positive,higher,2.0,0.352112676056338,0.07042253521126761,0.5774647887323944,0.5774647887323944,"When comparing studies where power level is low and studies where power level is high, cooperation is significantly higher when discussion is absent."
44475,https://data.cooperationdatabank.org/vocab/prop/PowerVariable,https://data.cooperationdatabank.org/vocab/prop/powerLevel,Power level,https://data.cooperationdatabank.org/id/powerlevel/high,High,https://data.cooperationdatabank.org/vocab/prop/powerLevel,Power level,https://data.cooperationdatabank.org/id/powerlevel/low,Low,https://data.cooperationdatabank.org/vocab/prop/studyMatchingProtocol,Matching,https://data.cooperationdatabank.org/id/studymatchingprotocol/2,Partner,https://data.cooperationdatabank.org/id/dependentvariable/contributions,positive,test,2.0,positive,higher,2.0,0.352112676056338,0.07042253521126761,0.5774647887323944,0.5774647887323944,"When comparing studies where power level is high and studies where power level is low, cooperation is significantly higher when matching is partner."
18684,https://data.cooperationdatabank.org/vocab/prop/PowerVariable,https://data.cooperationdatabank.org/vocab/prop/powerLevel,Power level,https://data.cooperationdatabank.org/id/powerlevel/low,Low,https://data.cooperationdatabank.org/vocab/prop/powerLevel,Power level,https://data.cooperationdatabank.org/id/powerlevel/control,Control,https://data.cooperationdatabank.org/vocab/prop/studyOneShot,One-shot vs repeated,https://data.cooperationdatabank.org/id/studyoneshot/0,Repeated,https://data.cooperationdatabank.org/id/dependentvariable/contributions,noEffect,test,2.0,positive,higher,1.0,0.08545034642032333,0.3648960739030023,0.5496535796766744,0.5496535796766744,"When comparing studies where power level is low and studies where power level is control, cooperation is significantly higher when one-shot vs repeated is repeated."
29924,https://data.cooperationdatabank.org/vocab/prop/PowerVariable,https://data.cooperationdatabank.org/vocab/prop/powerLevel,Power level,https://data.cooperationdatabank.org/id/powerlevel/low,Control,https://data.cooperationdatabank.org/vocab/prop/powerLevel,Power level,https://data.cooperationdatabank.org/id/powerlevel/control,Low,https://data.cooperationdatabank.org/vocab/prop/studyRealPartner,Real partner,https://data.cooperationdatabank.org/id/studyrealpartner/2,Deception,https://data.cooperationdatabank.org/id/dependentvariable/contributions,negative,test,2.0,positive,higher,0.0,0.08545034642032333,0.3648960739030023,0.5496535796766744,0.5496535796766744,"When comparing studies where power level is control and studies where power level is low, cooperation is significantly higher when real partner is deception."
29915,https://data.cooperationdatabank.org/vocab/prop/PowerVariable,https://data.cooperationdatabank.org/vocab/prop/powerLevel,Power level,https://data.cooperationdatabank.org/id/powerlevel/low,Control,https://data.cooperationdatabank.org/vocab/prop/powerLevel,Power level,https://data.cooperationdatabank.org/id/powerlevel/control,Low,https://data.cooperationdatabank.org/vocab/prop/countrySource,Source of country or region,https://data.cooperationdatabank.org/id/countrysource/1,Specified country,https://data.cooperationdatabank.org/id/dependentvariable/contributions,negative,test,2.0,positive,higher,0.0,0.08545034642032333,0.3648960739030023,0.5496535796766744,0.5496535796766744,"When comparing studies where power level is control and studies where power level is low, cooperation is significantly higher when source of country or region is specified country."
40606,https://data.cooperationdatabank.org/vocab/prop/PowerVariable,https://data.cooperationdatabank.org/vocab/prop/powerLevel,Power level,https://data.cooperationdatabank.org/id/powerlevel/low,Control,https://data.cooperationdatabank.org/vocab/prop/powerLevel,Power level,https://data.cooperationdatabank.org/id/powerlevel/control,Low,https://data.cooperationdatabank.org/vocab/prop/discussion,Discussion,https://data.cooperationdatabank.org/id/discussion/0,Absent,https://data.cooperationdatabank.org/id/dependentvariable/cooperation,positive,test,2.0,positive,higher,2.0,0.08545034642032333,0.3648960739030023,0.5496535796766744,0.5496535796766744,"When comparing studies where power level is control and studies where power level is low, cooperation is significantly higher when discussion is absent."
40728,https://data.cooperationdatabank.org/vocab/prop/PowerVariable,https://data.cooperationdatabank.org/vocab/prop/powerLevel,Power level,https://data.cooperationdatabank.org/id/powerlevel/low,Control,https://data.cooperationdatabank.org/vocab/prop/powerLevel,Power level,https://data.cooperationdatabank.org/id/powerlevel/control,Low,https://data.cooperationdatabank.org/vocab/prop/recruitmentMethod,Recruitment method,https://data.cooperationdatabank.org/id/recruitmentmethod/1,Participant pool,https://data.cooperationdatabank.org/id/dependentvariable/cooperation,positive,test,2.0,positive,higher,2.0,0.08545034642032333,0.3648960739030023,0.5496535796766744,0.5496535796766744,"When comparing studies where power level is control and studies where power level is low, cooperation is significantly higher when recruitment method is participant pool."
29928,https://data.cooperationdatabank.org/vocab/prop/PowerVariable,https://data.cooperationdatabank.org/vocab/prop/powerLevel,Power level,https://data.cooperationdatabank.org/id/powerlevel/low,Control,https://data.cooperationdatabank.org/vocab/prop/powerLevel,Power level,https://data.cooperationdatabank.org/id/powerlevel/control,Low,https://data.cooperationdatabank.org/vocab/prop/recruitmentMethod,Recruitment method,https://data.cooperationdatabank.org/id/recruitmentmethod/3,Other,https://data.cooperationdatabank.org/id/dependentvariable/contributions,negative,test,2.0,positive,higher,0.0,0.08545034642032333,0.3648960739030023,0.5496535796766744,0.5496535796766744,"When comparing studies where power level is control and studies where power level is low, cooperation is significantly higher when recruitment method is other."
40540,https://data.cooperationdatabank.org/vocab/prop/PowerVariable,https://data.cooperationdatabank.org/vocab/prop/powerLevel,Power level,https://data.cooperationdatabank.org/id/powerlevel/low,Control,https://data.cooperationdatabank.org/vocab/prop/powerLevel,Power level,https://data.cooperationdatabank.org/id/powerlevel/control,Low,https://data.cooperationdatabank.org/vocab/prop/studyContinuousPGG,Continuous vs step-level public goods,https://data.cooperationdatabank.org/id/studycontinuouspgg/2,Step-level,https://data.cooperationdatabank.org/id/dependentvariable/cooperation,positive,test,2.0,positive,higher,2.0,0.08545034642032333,0.3648960739030023,0.5496535796766744,0.5496535796766744,"When comparing studies where power level is control and studies where power level is low, cooperation is significantly higher when continuous vs step-level public goods is step-level."
40528,https://data.cooperationdatabank.org/vocab/prop/PowerVariable,https://data.cooperationdatabank.org/vocab/prop/powerLevel,Power level,https://data.cooperationdatabank.org/id/powerlevel/low,Control,https://data.cooperationdatabank.org/vocab/prop/powerLevel,Power level,https://data.cooperationdatabank.org/id/powerlevel/control,Low,https://data.cooperationdatabank.org/vocab/prop/studyExperimentalSetting,Experimental setting,https://data.cooperationdatabank.org/id/studyexperimentalsetting/2,Lab,https://data.cooperationdatabank.org/id/dependentvariable/cooperation,positive,test,2.0,positive,higher,2.0,0.08545034642032333,0.3648960739030023,0.5496535796766744,0.5496535796766744,"When comparing studies where power level is control and studies where power level is low, cooperation is significantly higher when experimental setting is lab."
12698,https://data.cooperationdatabank.org/vocab/prop/PowerVariable,https://data.cooperationdatabank.org/vocab/prop/powerLevel,Power level,https://data.cooperationdatabank.org/id/powerlevel/high,Low,https://data.cooperationdatabank.org/vocab/prop/powerLevel,Power level,https://data.cooperationdatabank.org/id/powerlevel/low,High,https://data.cooperationdatabank.org/vocab/prop/studyGameIncentive,Game incentive,https://data.cooperationdatabank.org/id/studygameincentive/1,Monetary,https://data.cooperationdatabank.org/id/dependentvariable/contributions,positive,test,2.0,positive,higher,2.0,0.38461538461538464,0.07692307692307693,0.5384615384615384,0.5384615384615384,"When comparing studies where power level is low and studies where power level is high, cooperation is significantly higher when game incentive is monetary."
36,https://data.cooperationdatabank.org/vocab/prop/PowerVariable,https://data.cooperationdatabank.org/vocab/prop/powerLevel,Power level,https://data.cooperationdatabank.org/id/powerlevel/high,High,https://data.cooperationdatabank.org/vocab/prop/powerLevel,Power level,https://data.cooperationdatabank.org/id/powerlevel/low,Low,https://data.cooperationdatabank.org/vocab/prop/studyGameIncentive,Game incentive,https://data.cooperationdatabank.org/id/studygameincentive/1,Monetary,https://data.cooperationdatabank.org/id/dependentvariable/contributions,noEffect,test,2.0,positive,higher,1.0,0.38461538461538464,0.07692307692307693,0.5384615384615384,0.5384615384615384,"When comparing studies where power level is high and studies where power level is low, cooperation is significantly higher when game incentive is monetary."
15013,https://data.cooperationdatabank.org/vocab/prop/PowerVariable,https://data.cooperationdatabank.org/vocab/prop/powerLevel,Power level,https://data.cooperationdatabank.org/id/powerlevel/high,Low,https://data.cooperationdatabank.org/vocab/prop/powerLevel,Power level,https://data.cooperationdatabank.org/id/powerlevel/low,High,https://data.cooperationdatabank.org/vocab/prop/studyGameIncentive,Game incentive,https://data.cooperationdatabank.org/id/studygameincentive/1,Monetary,https://data.cooperationdatabank.org/id/dependentvariable/contributions,negative,test,2.0,positive,higher,0.0,0.38461538461538464,0.07692307692307693,0.5384615384615384,0.5384615384615384,"When comparing studies where power level is low and studies where power level is high, cooperation is significantly higher when game incentive is monetary."
12704,https://data.cooperationdatabank.org/vocab/prop/PowerVariable,https://data.cooperationdatabank.org/vocab/prop/powerLevel,Power level,https://data.cooperationdatabank.org/id/powerlevel/high,Low,https://data.cooperationdatabank.org/vocab/prop/powerLevel,Power level,https://data.cooperationdatabank.org/id/powerlevel/low,High,https://data.cooperationdatabank.org/vocab/prop/studyRealPartner,Real partner,https://data.cooperationdatabank.org/id/studyrealpartner/2,Deception,https://data.cooperationdatabank.org/id/dependentvariable/contributions,positive,test,0.0,negative,lower,2.0,0.5,0.3333333333333333,0.16666666666666666,0.5,"When comparing studies where power level is low and studies where power level is high, cooperation is significantly lower when real partner is deception."
14980,https://data.cooperationdatabank.org/vocab/prop/PowerVariable,https://data.cooperationdatabank.org/vocab/prop/powerLevel,Power level,https://data.cooperationdatabank.org/id/powerlevel/high,Low,https://data.cooperationdatabank.org/vocab/prop/powerLevel,Power level,https://data.cooperationdatabank.org/id/powerlevel/low,High,https://data.cooperationdatabank.org/vocab/prop/studyDilemmaType,Game type,https://data.cooperationdatabank.org/id/studydilemmatype/2,Public Goods Game,https://data.cooperationdatabank.org/id/dependentvariable/cooperation,positive,test,0.0,negative,lower,2.0,0.5,0.0,0.5,0.5,"When comparing studies where power level is low and studies where power level is high, cooperation is significantly lower when game type is public goods game."
21897,https://data.cooperationdatabank.org/vocab/prop/PowerVariable,https://data.cooperationdatabank.org/vocab/prop/powerLevel,Power level,https://data.cooperationdatabank.org/id/powerlevel/high,High,https://data.cooperationdatabank.org/vocab/prop/powerLevel,Power level,https://data.cooperationdatabank.org/id/powerlevel/low,Low,https://data.cooperationdatabank.org/vocab/prop/studyMatchingProtocol,Matching,https://data.cooperationdatabank.org/id/studymatchingprotocol/2,Partner,https://data.cooperationdatabank.org/id/dependentvariable/cooperation,noEffect,test,2.0,positive,higher,1.0,0.13310580204778158,0.3720136518771331,0.4948805460750853,0.4948805460750853,"When comparing studies where power level is high and studies where power level is low, cooperation is significantly higher when matching is partner."
21898,https://data.cooperationdatabank.org/vocab/prop/PowerVariable,https://data.cooperationdatabank.org/vocab/prop/powerLevel,Power level,https://data.cooperationdatabank.org/id/powerlevel/high,High,https://data.cooperationdatabank.org/vocab/prop/powerLevel,Power level,https://data.cooperationdatabank.org/id/powerlevel/low,Low,https://data.cooperationdatabank.org/vocab/prop/studyOneShot,One-shot vs repeated,https://data.cooperationdatabank.org/id/studyoneshot/0,Repeated,https://data.cooperationdatabank.org/id/dependentvariable/cooperation,noEffect,test,2.0,positive,higher,1.0,0.13310580204778158,0.3720136518771331,0.4948805460750853,0.4948805460750853,"When comparing studies where power level is high and studies where power level is low, cooperation is significantly higher when one-shot vs repeated is repeated."
21880,https://data.cooperationdatabank.org/vocab/prop/PowerVariable,https://data.cooperationdatabank.org/vocab/prop/powerLevel,Power level,https://data.cooperationdatabank.org/id/powerlevel/high,High,https://data.cooperationdatabank.org/vocab/prop/powerLevel,Power level,https://data.cooperationdatabank.org/id/powerlevel/low,Low,https://data.cooperationdatabank.org/vocab/prop/studyGameIncentive,Game incentive,https://data.cooperationdatabank.org/id/studygameincentive/1,Monetary,https://data.cooperationdatabank.org/id/dependentvariable/cooperation,noEffect,test,2.0,positive,higher,1.0,0.13310580204778158,0.3720136518771331,0.4948805460750853,0.4948805460750853,"When comparing studies where power level is high and studies where power level is low, cooperation is significantly higher when game incentive is monetary."
39396,https://data.cooperationdatabank.org/vocab/prop/PowerVariable,https://data.cooperationdatabank.org/vocab/prop/powerLevel,Power level,https://data.cooperationdatabank.org/id/powerlevel/high,Low,https://data.cooperationdatabank.org/vocab/prop/powerLevel,Power level,https://data.cooperationdatabank.org/id/powerlevel/low,High,https://data.cooperationdatabank.org/vocab/prop/studyExperimentalSetting,Experimental setting,https://data.cooperationdatabank.org/id/studyexperimentalsetting/2,Lab,https://data.cooperationdatabank.org/id/dependentvariable/cooperation,positive,test,2.0,positive,higher,2.0,0.13310580204778158,0.3720136518771331,0.4948805460750853,0.4948805460750853,"When comparing studies where power level is low and studies where power level is high, cooperation is significantly higher when experimental setting is lab."
40758,https://data.cooperationdatabank.org/vocab/prop/PowerVariable,https://data.cooperationdatabank.org/vocab/prop/powerLevel,Power level,https://data.cooperationdatabank.org/id/powerlevel/high,High,https://data.cooperationdatabank.org/vocab/prop/powerLevel,Power level,https://data.cooperationdatabank.org/id/powerlevel/low,Low,https://data.cooperationdatabank.org/vocab/prop/studyContinuousPGG,Continuous vs step-level public goods,https://data.cooperationdatabank.org/id/studycontinuouspgg/2,Step-level,https://data.cooperationdatabank.org/id/dependentvariable/cooperation,negative,test,2.0,positive,higher,0.0,0.13310580204778158,0.3720136518771331,0.4948805460750853,0.4948805460750853,"When comparing studies where power level is high and studies where power level is low, cooperation is significantly higher when continuous vs step-level public goods is step-level."
40298,https://data.cooperationdatabank.org/vocab/prop/PowerVariable,https://data.cooperationdatabank.org/vocab/prop/powerLevel,Power level,https://data.cooperationdatabank.org/id/powerlevel/high,Low,https://data.cooperationdatabank.org/vocab/prop/powerLevel,Power level,https://data.cooperationdatabank.org/id/powerlevel/low,High,https://data.cooperationdatabank.org/vocab/prop/studyDilemmaType,Game type,https://data.cooperationdatabank.org/id/studydilemmatype/1,Prisoner's Dilemma Game,https://data.cooperationdatabank.org/id/dependentvariable/cooperation,positive,test,2.0,positive,higher,2.0,0.13310580204778158,0.3720136518771331,0.4948805460750853,0.4948805460750853,"When comparing studies where power level is low and studies where power level is high, cooperation is significantly higher when game type is prisoner's dilemma game."
34785,https://data.cooperationdatabank.org/vocab/prop/PowerVariable,https://data.cooperationdatabank.org/vocab/prop/powerLevel,Power level,https://data.cooperationdatabank.org/id/powerlevel/high,High,https://data.cooperationdatabank.org/vocab/prop/powerLevel,Power level,https://data.cooperationdatabank.org/id/powerlevel/low,Low,https://data.cooperationdatabank.org/vocab/prop/publicationStatus,Published,https://data.cooperationdatabank.org/id/publicationstatus/1,Published Article,https://data.cooperationdatabank.org/id/dependentvariable/cooperation,noEffect,test,2.0,positive,higher,1.0,0.22857142857142856,0.34285714285714286,0.42857142857142855,0.42857142857142855,"When comparing studies where power level is high and studies where power level is low, cooperation is significantly higher when published is published article."
40632,https://data.cooperationdatabank.org/vocab/prop/PowerVariable,https://data.cooperationdatabank.org/vocab/prop/powerLevel,Power level,https://data.cooperationdatabank.org/id/powerlevel/high,High,https://data.cooperationdatabank.org/vocab/prop/powerLevel,Power level,https://data.cooperationdatabank.org/id/powerlevel/low,Low,https://data.cooperationdatabank.org/vocab/prop/country,has country,https://data.cooperationdatabank.org/id/country/USA,USA,https://data.cooperationdatabank.org/id/dependentvariable/cooperation,negative,test,2.0,positive,higher,0.0,0.22857142857142856,0.34285714285714286,0.42857142857142855,0.42857142857142855,"When comparing studies where power level is high and studies where power level is low, cooperation is significantly higher when has country is usa."
40296,https://data.cooperationdatabank.org/vocab/prop/PowerVariable,https://data.cooperationdatabank.org/vocab/prop/powerLevel,Power level,https://data.cooperationdatabank.org/id/powerlevel/high,Low,https://data.cooperationdatabank.org/vocab/prop/powerLevel,Power level,https://data.cooperationdatabank.org/id/powerlevel/low,High,https://data.cooperationdatabank.org/vocab/prop/publicationStatus,Published,https://data.cooperationdatabank.org/id/publicationstatus/1,Published Article,https://data.cooperationdatabank.org/id/dependentvariable/cooperation,positive,test,2.0,positive,higher,2.0,0.22857142857142856,0.34285714285714286,0.42857142857142855,0.42857142857142855,"When comparing studies where power level is low and studies where power level is high, cooperation is significantly higher when published is published article."
26132,https://data.cooperationdatabank.org/vocab/prop/PowerVariable,https://data.cooperationdatabank.org/vocab/prop/powerLevel,Power level,https://data.cooperationdatabank.org/id/powerlevel/high,Low,https://data.cooperationdatabank.org/vocab/prop/powerLevel,Power level,https://data.cooperationdatabank.org/id/powerlevel/low,High,https://data.cooperationdatabank.org/vocab/prop/yearSource,Source of year of data collection,https://data.cooperationdatabank.org/id/yearsource/4,Received/Submitted,https://data.cooperationdatabank.org/id/dependentvariable/contributions,positive,test,0.0,negative,lower,2.0,0.4166666666666667,0.16666666666666666,0.4166666666666667,0.4166666666666667,"When comparing studies where power level is low and studies where power level is high, cooperation is significantly lower when source of year of data collection is submitted."
41237,https://data.cooperationdatabank.org/vocab/prop/PowerVariable,https://data.cooperationdatabank.org/vocab/prop/powerLevel,Power level,https://data.cooperationdatabank.org/id/powerlevel/high,Low,https://data.cooperationdatabank.org/vocab/prop/powerLevel,Power level,https://data.cooperationdatabank.org/id/powerlevel/low,High,https://data.cooperationdatabank.org/vocab/prop/studyMatchingProtocol,Matching,https://data.cooperationdatabank.org/id/studymatchingprotocol/1,Stranger,https://data.cooperationdatabank.org/id/dependentvariable/contributions,positive,test,0.0,negative,lower,2.0,0.3333333333333333,0.3333333333333333,0.3333333333333333,0.3333333333333333,"When comparing studies where power level is low and studies where power level is high, cooperation is significantly lower when matching is stranger."
