,giv_prop,iv,iv_label,cat_t1,cat_t1_label,iv.1,iv_label.1,cat_t2,cat_t2_label,mod,mod_label,mod_val,mod_val_label,dependent,effect,td,pred_num,pred_readable,comparative,pred_true,score_0,score_1,score_2,max_score,hypothesis
40539,https://data.cooperationdatabank.org/vocab/prop/Public_Goods_GameVariable,https://data.cooperationdatabank.org/vocab/prop/endowmentLevel,Endowment level,https://data.cooperationdatabank.org/id/endowmentlevel/medium,Medium,https://data.cooperationdatabank.org/vocab/prop/endowmentLevel,Endowment level,https://data.cooperationdatabank.org/id/endowmentlevel/low,Low,https://data.cooperationdatabank.org/vocab/prop/yearSource,Source of year of data collection,https://data.cooperationdatabank.org/id/yearsource/4,Received/Submitted,https://data.cooperationdatabank.org/id/dependentvariable/cooperation,noEffect,test,0.0,negative,lower,1.0,1.0,0.0,0.0,1.0,"When comparing studies where endowment level is medium and studies where endowment level is low, cooperation is significantly lower when source of year of data collection is submitted."
39236,https://data.cooperationdatabank.org/vocab/prop/Public_Goods_GameVariable,https://data.cooperationdatabank.org/vocab/prop/mPCRlevel,MPCR level,https://data.cooperationdatabank.org/id/mpcrlevel/medium,Medium,https://data.cooperationdatabank.org/vocab/prop/mPCRlevel,MPCR level,https://data.cooperationdatabank.org/id/mpcrlevel/high,High,https://data.cooperationdatabank.org/vocab/prop/studyAcquaintance,Acquaintance,https://data.cooperationdatabank.org/id/studyacquaintance/0,Strangers,https://data.cooperationdatabank.org/id/dependentvariable/cooperation,noEffect,test,0.0,negative,lower,1.0,1.0,0.0,0.0,1.0,"When comparing studies where mpcr level is medium and studies where mpcr level is high, cooperation is significantly lower when acquaintance is strangers."
26478,https://data.cooperationdatabank.org/vocab/prop/Public_Goods_GameVariable,https://data.cooperationdatabank.org/vocab/prop/mPCRlevel,MPCR level,https://data.cooperationdatabank.org/id/mpcrlevel/low,High,https://data.cooperationdatabank.org/vocab/prop/mPCRlevel,MPCR level,https://data.cooperationdatabank.org/id/mpcrlevel/high,Low,https://data.cooperationdatabank.org/vocab/prop/recruitmentMethod,Recruitment method,https://data.cooperationdatabank.org/id/recruitmentmethod/1,Participant pool,https://data.cooperationdatabank.org/id/dependentvariable/cooperation,negative,test,0.0,negative,lower,0.0,1.0,0.0,0.0,1.0,"When comparing studies where mpcr level is high and studies where mpcr level is low, cooperation is significantly lower when recruitment method is participant pool."
26476,https://data.cooperationdatabank.org/vocab/prop/Public_Goods_GameVariable,https://data.cooperationdatabank.org/vocab/prop/mPCRlevel,MPCR level,https://data.cooperationdatabank.org/id/mpcrlevel/low,High,https://data.cooperationdatabank.org/vocab/prop/mPCRlevel,MPCR level,https://data.cooperationdatabank.org/id/mpcrlevel/high,Low,https://data.cooperationdatabank.org/vocab/prop/studyShowUpFee,Show-up fee,https://data.cooperationdatabank.org/id/studyshowupfee/2,Course credit,https://data.cooperationdatabank.org/id/dependentvariable/cooperation,negative,test,0.0,negative,lower,0.0,1.0,0.0,0.0,1.0,"When comparing studies where mpcr level is high and studies where mpcr level is low, cooperation is significantly lower when show-up fee is course credit."
39215,https://data.cooperationdatabank.org/vocab/prop/Public_Goods_GameVariable,https://data.cooperationdatabank.org/vocab/prop/mPCRlevel,MPCR level,https://data.cooperationdatabank.org/id/mpcrlevel/low,Low,https://data.cooperationdatabank.org/vocab/prop/mPCRlevel,MPCR level,https://data.cooperationdatabank.org/id/mpcrlevel/high,High,https://data.cooperationdatabank.org/vocab/prop/recruitmentMethod,Recruitment method,https://data.cooperationdatabank.org/id/recruitmentmethod/2,MTurk,https://data.cooperationdatabank.org/id/dependentvariable/cooperation,negative,test,0.0,negative,lower,0.0,1.0,0.0,0.0,1.0,"When comparing studies where mpcr level is low and studies where mpcr level is high, cooperation is significantly lower when recruitment method is mturk."
7951,https://data.cooperationdatabank.org/vocab/prop/Public_Goods_GameVariable,https://data.cooperationdatabank.org/vocab/prop/mPCRlevel,MPCR level,https://data.cooperationdatabank.org/id/mpcrlevel/low,High,https://data.cooperationdatabank.org/vocab/prop/mPCRlevel,MPCR level,https://data.cooperationdatabank.org/id/mpcrlevel/high,Low,https://data.cooperationdatabank.org/vocab/prop/studyMatchingProtocol,Matching,https://data.cooperationdatabank.org/id/studymatchingprotocol/2,Partner,https://data.cooperationdatabank.org/id/dependentvariable/cooperation,negative,test,0.0,negative,lower,0.0,1.0,0.0,0.0,1.0,"When comparing studies where mpcr level is high and studies where mpcr level is low, cooperation is significantly lower when matching is partner."
9916,https://data.cooperationdatabank.org/vocab/prop/Public_Goods_GameVariable,https://data.cooperationdatabank.org/vocab/prop/endowmentLevel,Endowment level,https://data.cooperationdatabank.org/id/endowmentlevel/low,High,https://data.cooperationdatabank.org/vocab/prop/endowmentLevel,Endowment level,https://data.cooperationdatabank.org/id/endowmentlevel/high,Low,https://data.cooperationdatabank.org/vocab/prop/country,has country,https://data.cooperationdatabank.org/id/country/ESP,ESP,https://data.cooperationdatabank.org/id/dependentvariable/contributions,positive,test,2.0,positive,higher,2.0,0.0,0.0,1.0,1.0,"When comparing studies where endowment level is high and studies where endowment level is low, cooperation is significantly higher when has country is esp."
26296,https://data.cooperationdatabank.org/vocab/prop/Public_Goods_GameVariable,https://data.cooperationdatabank.org/vocab/prop/mPCRlevel,MPCR level,https://data.cooperationdatabank.org/id/mpcrlevel/low,High,https://data.cooperationdatabank.org/vocab/prop/mPCRlevel,MPCR level,https://data.cooperationdatabank.org/id/mpcrlevel/high,Low,https://data.cooperationdatabank.org/vocab/prop/studyOneShot,One-shot vs repeated,https://data.cooperationdatabank.org/id/studyoneshot/0,Repeated,https://data.cooperationdatabank.org/id/dependentvariable/cooperation,negative,test,0.0,negative,lower,0.0,1.0,0.0,0.0,1.0,"When comparing studies where mpcr level is high and studies where mpcr level is low, cooperation is significantly lower when one-shot vs repeated is repeated."
25258,https://data.cooperationdatabank.org/vocab/prop/Public_Goods_GameVariable,https://data.cooperationdatabank.org/vocab/prop/endowmentLevel,Endowment level,https://data.cooperationdatabank.org/id/endowmentlevel/medium,Low,https://data.cooperationdatabank.org/vocab/prop/endowmentLevel,Endowment level,https://data.cooperationdatabank.org/id/endowmentlevel/low,Medium,https://data.cooperationdatabank.org/vocab/prop/country,has country,https://data.cooperationdatabank.org/id/country/DEU,DEU,https://data.cooperationdatabank.org/id/dependentvariable/contributions,negative,test,2.0,positive,higher,0.0,0.0,0.0,1.0,1.0,"When comparing studies where endowment level is low and studies where endowment level is medium, cooperation is significantly higher when has country is deu."
26294,https://data.cooperationdatabank.org/vocab/prop/Public_Goods_GameVariable,https://data.cooperationdatabank.org/vocab/prop/mPCRlevel,MPCR level,https://data.cooperationdatabank.org/id/mpcrlevel/low,High,https://data.cooperationdatabank.org/vocab/prop/mPCRlevel,MPCR level,https://data.cooperationdatabank.org/id/mpcrlevel/high,Low,https://data.cooperationdatabank.org/vocab/prop/studyMatchingProtocol,Matching,https://data.cooperationdatabank.org/id/studymatchingprotocol/2,Partner,https://data.cooperationdatabank.org/id/dependentvariable/cooperation,negative,test,0.0,negative,lower,0.0,1.0,0.0,0.0,1.0,"When comparing studies where mpcr level is high and studies where mpcr level is low, cooperation is significantly lower when matching is partner."
26302,https://data.cooperationdatabank.org/vocab/prop/Public_Goods_GameVariable,https://data.cooperationdatabank.org/vocab/prop/mPCRlevel,MPCR level,https://data.cooperationdatabank.org/id/mpcrlevel/low,High,https://data.cooperationdatabank.org/vocab/prop/mPCRlevel,MPCR level,https://data.cooperationdatabank.org/id/mpcrlevel/high,Low,https://data.cooperationdatabank.org/vocab/prop/yearSource,Source of year of data collection,https://data.cooperationdatabank.org/id/yearsource/4,Received/Submitted,https://data.cooperationdatabank.org/id/dependentvariable/cooperation,negative,test,0.0,negative,lower,0.0,1.0,0.0,0.0,1.0,"When comparing studies where mpcr level is high and studies where mpcr level is low, cooperation is significantly lower when source of year of data collection is submitted."
26460,https://data.cooperationdatabank.org/vocab/prop/Public_Goods_GameVariable,https://data.cooperationdatabank.org/vocab/prop/mPCRlevel,MPCR level,https://data.cooperationdatabank.org/id/mpcrlevel/low,High,https://data.cooperationdatabank.org/vocab/prop/mPCRlevel,MPCR level,https://data.cooperationdatabank.org/id/mpcrlevel/high,Low,https://data.cooperationdatabank.org/vocab/prop/studyExperimentalSetting,Experimental setting,https://data.cooperationdatabank.org/id/studyexperimentalsetting/2,Lab,https://data.cooperationdatabank.org/id/dependentvariable/cooperation,negative,test,0.0,negative,lower,0.0,1.0,0.0,0.0,1.0,"When comparing studies where mpcr level is high and studies where mpcr level is low, cooperation is significantly lower when experimental setting is lab."
26456,https://data.cooperationdatabank.org/vocab/prop/Public_Goods_GameVariable,https://data.cooperationdatabank.org/vocab/prop/mPCRlevel,MPCR level,https://data.cooperationdatabank.org/id/mpcrlevel/low,High,https://data.cooperationdatabank.org/vocab/prop/mPCRlevel,MPCR level,https://data.cooperationdatabank.org/id/mpcrlevel/high,Low,https://data.cooperationdatabank.org/vocab/prop/studyAcquaintance,Acquaintance,https://data.cooperationdatabank.org/id/studyacquaintance/0,Strangers,https://data.cooperationdatabank.org/id/dependentvariable/cooperation,negative,test,0.0,negative,lower,0.0,1.0,0.0,0.0,1.0,"When comparing studies where mpcr level is high and studies where mpcr level is low, cooperation is significantly lower when acquaintance is strangers."
26410,https://data.cooperationdatabank.org/vocab/prop/Public_Goods_GameVariable,https://data.cooperationdatabank.org/vocab/prop/mPCRlevel,MPCR level,https://data.cooperationdatabank.org/id/mpcrlevel/medium,High,https://data.cooperationdatabank.org/vocab/prop/mPCRlevel,MPCR level,https://data.cooperationdatabank.org/id/mpcrlevel/high,Medium,https://data.cooperationdatabank.org/vocab/prop/recruitmentMethod,Recruitment method,https://data.cooperationdatabank.org/id/recruitmentmethod/1,Participant pool,https://data.cooperationdatabank.org/id/dependentvariable/cooperation,negative,test,0.0,negative,lower,0.0,1.0,0.0,0.0,1.0,"When comparing studies where mpcr level is high and studies where mpcr level is medium, cooperation is significantly lower when recruitment method is participant pool."
26434,https://data.cooperationdatabank.org/vocab/prop/Public_Goods_GameVariable,https://data.cooperationdatabank.org/vocab/prop/mPCRlevel,MPCR level,https://data.cooperationdatabank.org/id/mpcrlevel/medium,High,https://data.cooperationdatabank.org/vocab/prop/mPCRlevel,MPCR level,https://data.cooperationdatabank.org/id/mpcrlevel/high,Medium,https://data.cooperationdatabank.org/vocab/prop/studyRealPartner,Real partner,https://data.cooperationdatabank.org/id/studyrealpartner/2,Deception,https://data.cooperationdatabank.org/id/dependentvariable/cooperation,negative,test,0.0,negative,lower,0.0,1.0,0.0,0.0,1.0,"When comparing studies where mpcr level is high and studies where mpcr level is medium, cooperation is significantly lower when real partner is deception."
26433,https://data.cooperationdatabank.org/vocab/prop/Public_Goods_GameVariable,https://data.cooperationdatabank.org/vocab/prop/endowmentLevel,Endowment level,https://data.cooperationdatabank.org/id/endowmentlevel/medium,Low,https://data.cooperationdatabank.org/vocab/prop/endowmentLevel,Endowment level,https://data.cooperationdatabank.org/id/endowmentlevel/low,Medium,https://data.cooperationdatabank.org/vocab/prop/studyOneShot,One-shot vs repeated,https://data.cooperationdatabank.org/id/studyoneshot/0,Repeated,https://data.cooperationdatabank.org/id/dependentvariable/cooperation,negative,test,0.0,negative,lower,0.0,1.0,0.0,0.0,1.0,"When comparing studies where endowment level is low and studies where endowment level is medium, cooperation is significantly lower when one-shot vs repeated is repeated."
26378,https://data.cooperationdatabank.org/vocab/prop/Public_Goods_GameVariable,https://data.cooperationdatabank.org/vocab/prop/mPCRlevel,MPCR level,https://data.cooperationdatabank.org/id/mpcrlevel/medium,High,https://data.cooperationdatabank.org/vocab/prop/mPCRlevel,MPCR level,https://data.cooperationdatabank.org/id/mpcrlevel/high,Medium,https://data.cooperationdatabank.org/vocab/prop/country,has country,https://data.cooperationdatabank.org/id/country/USA,USA,https://data.cooperationdatabank.org/id/dependentvariable/cooperation,negative,test,0.0,negative,lower,0.0,1.0,0.0,0.0,1.0,"When comparing studies where mpcr level is high and studies where mpcr level is medium, cooperation is significantly lower when has country is usa."
44410,https://data.cooperationdatabank.org/vocab/prop/Public_Goods_GameVariable,https://data.cooperationdatabank.org/vocab/prop/endowmentLevel,Endowment level,https://data.cooperationdatabank.org/id/endowmentlevel/medium,High,https://data.cooperationdatabank.org/vocab/prop/endowmentLevel,Endowment level,https://data.cooperationdatabank.org/id/endowmentlevel/high,Medium,https://data.cooperationdatabank.org/vocab/prop/studyAcademicDiscipline,Academic discipline,https://data.cooperationdatabank.org/id/studyacademicdiscipline/4,Mixed,https://data.cooperationdatabank.org/id/dependentvariable/contributions,negative,test,0.0,negative,lower,0.0,1.0,0.0,0.0,1.0,"When comparing studies where endowment level is high and studies where endowment level is medium, cooperation is significantly lower when academic discipline is mixed."
26516,https://data.cooperationdatabank.org/vocab/prop/Public_Goods_GameVariable,https://data.cooperationdatabank.org/vocab/prop/mPCRlevel,MPCR level,https://data.cooperationdatabank.org/id/mpcrlevel/low,Medium,https://data.cooperationdatabank.org/vocab/prop/mPCRlevel,MPCR level,https://data.cooperationdatabank.org/id/mpcrlevel/medium,Low,https://data.cooperationdatabank.org/vocab/prop/countrySource,Source of country or region,https://data.cooperationdatabank.org/id/countrysource/3,All authors,https://data.cooperationdatabank.org/id/dependentvariable/cooperation,negative,test,0.0,negative,lower,0.0,0.9147727272727273,0.056818181818181816,0.028409090909090908,0.9147727272727273,"When comparing studies where mpcr level is medium and studies where mpcr level is low, cooperation is significantly lower when source of country or region is all authors."
6378,https://data.cooperationdatabank.org/vocab/prop/Public_Goods_GameVariable,https://data.cooperationdatabank.org/vocab/prop/mPCRlevel,MPCR level,https://data.cooperationdatabank.org/id/mpcrlevel/low,Medium,https://data.cooperationdatabank.org/vocab/prop/mPCRlevel,MPCR level,https://data.cooperationdatabank.org/id/mpcrlevel/medium,Low,https://data.cooperationdatabank.org/vocab/prop/country,has country,https://data.cooperationdatabank.org/id/country/AUT,AUT,https://data.cooperationdatabank.org/id/dependentvariable/contributions,negative,test,0.0,negative,lower,0.0,0.9147727272727273,0.056818181818181816,0.028409090909090908,0.9147727272727273,"When comparing studies where mpcr level is medium and studies where mpcr level is low, cooperation is significantly lower when has country is aut."
3680,https://data.cooperationdatabank.org/vocab/prop/Public_Goods_GameVariable,https://data.cooperationdatabank.org/vocab/prop/mPCRlevel,MPCR level,https://data.cooperationdatabank.org/id/mpcrlevel/low,Low,https://data.cooperationdatabank.org/vocab/prop/mPCRlevel,MPCR level,https://data.cooperationdatabank.org/id/mpcrlevel/medium,Medium,https://data.cooperationdatabank.org/vocab/prop/discussion,Discussion,https://data.cooperationdatabank.org/id/discussion/0,Absent,https://data.cooperationdatabank.org/id/dependentvariable/contributions,noEffect,test,0.0,negative,lower,1.0,0.9147727272727273,0.056818181818181816,0.028409090909090908,0.9147727272727273,"When comparing studies where mpcr level is low and studies where mpcr level is medium, cooperation is significantly lower when discussion is absent."
39169,https://data.cooperationdatabank.org/vocab/prop/Public_Goods_GameVariable,https://data.cooperationdatabank.org/vocab/prop/mPCRlevel,MPCR level,https://data.cooperationdatabank.org/id/mpcrlevel/low,Low,https://data.cooperationdatabank.org/vocab/prop/mPCRlevel,MPCR level,https://data.cooperationdatabank.org/id/mpcrlevel/medium,Medium,https://data.cooperationdatabank.org/vocab/prop/countrySource,Source of country or region,https://data.cooperationdatabank.org/id/countrysource/1,Specified country,https://data.cooperationdatabank.org/id/dependentvariable/cooperation,noEffect,test,0.0,negative,lower,1.0,0.9147727272727273,0.056818181818181816,0.028409090909090908,0.9147727272727273,"When comparing studies where mpcr level is low and studies where mpcr level is medium, cooperation is significantly lower when source of country or region is specified country."
6464,https://data.cooperationdatabank.org/vocab/prop/Public_Goods_GameVariable,https://data.cooperationdatabank.org/vocab/prop/mPCRlevel,MPCR level,https://data.cooperationdatabank.org/id/mpcrlevel/low,Medium,https://data.cooperationdatabank.org/vocab/prop/mPCRlevel,MPCR level,https://data.cooperationdatabank.org/id/mpcrlevel/medium,Low,https://data.cooperationdatabank.org/vocab/prop/discussion,Discussion,https://data.cooperationdatabank.org/id/discussion/0,Absent,https://data.cooperationdatabank.org/id/dependentvariable/contributions,negative,test,0.0,negative,lower,0.0,0.9147727272727273,0.056818181818181816,0.028409090909090908,0.9147727272727273,"When comparing studies where mpcr level is medium and studies where mpcr level is low, cooperation is significantly lower when discussion is absent."
19113,https://data.cooperationdatabank.org/vocab/prop/Public_Goods_GameVariable,https://data.cooperationdatabank.org/vocab/prop/mPCRlevel,MPCR level,https://data.cooperationdatabank.org/id/mpcrlevel/low,High,https://data.cooperationdatabank.org/vocab/prop/mPCRlevel,MPCR level,https://data.cooperationdatabank.org/id/mpcrlevel/high,Low,https://data.cooperationdatabank.org/vocab/prop/studyRealPartner,Real partner,https://data.cooperationdatabank.org/id/studyrealpartner/1,Real,https://data.cooperationdatabank.org/id/dependentvariable/contributions,negative,test,0.0,negative,lower,0.0,0.8882978723404256,0.05851063829787234,0.05319148936170213,0.8882978723404256,"When comparing studies where mpcr level is high and studies where mpcr level is low, cooperation is significantly lower when real partner is real."
35877,https://data.cooperationdatabank.org/vocab/prop/Public_Goods_GameVariable,https://data.cooperationdatabank.org/vocab/prop/mPCRlevel,MPCR level,https://data.cooperationdatabank.org/id/mpcrlevel/low,Low,https://data.cooperationdatabank.org/vocab/prop/mPCRlevel,MPCR level,https://data.cooperationdatabank.org/id/mpcrlevel/high,High,https://data.cooperationdatabank.org/vocab/prop/studyContinuousPGG,Continuous vs step-level public goods,https://data.cooperationdatabank.org/id/studycontinuouspgg/1,Continuous,https://data.cooperationdatabank.org/id/dependentvariable/contributions,negative,test,0.0,negative,lower,0.0,0.8882978723404256,0.05851063829787234,0.05319148936170213,0.8882978723404256,"When comparing studies where mpcr level is low and studies where mpcr level is high, cooperation is significantly lower when continuous vs step-level public goods is continuous."
6917,https://data.cooperationdatabank.org/vocab/prop/Public_Goods_GameVariable,https://data.cooperationdatabank.org/vocab/prop/mPCRlevel,MPCR level,https://data.cooperationdatabank.org/id/mpcrlevel/low,Low,https://data.cooperationdatabank.org/vocab/prop/mPCRlevel,MPCR level,https://data.cooperationdatabank.org/id/mpcrlevel/high,High,https://data.cooperationdatabank.org/vocab/prop/yearSource,Source of year of data collection,https://data.cooperationdatabank.org/id/yearsource/4,Received/Submitted,https://data.cooperationdatabank.org/id/dependentvariable/contributions,negative,test,0.0,negative,lower,0.0,0.8882978723404256,0.05851063829787234,0.05319148936170213,0.8882978723404256,"When comparing studies where mpcr level is low and studies where mpcr level is high, cooperation is significantly lower when source of year of data collection is submitted."
19109,https://data.cooperationdatabank.org/vocab/prop/Public_Goods_GameVariable,https://data.cooperationdatabank.org/vocab/prop/mPCRlevel,MPCR level,https://data.cooperationdatabank.org/id/mpcrlevel/low,High,https://data.cooperationdatabank.org/vocab/prop/mPCRlevel,MPCR level,https://data.cooperationdatabank.org/id/mpcrlevel/high,Low,https://data.cooperationdatabank.org/vocab/prop/studyExperimentalSetting,Experimental setting,https://data.cooperationdatabank.org/id/studyexperimentalsetting/2,Lab,https://data.cooperationdatabank.org/id/dependentvariable/contributions,negative,test,0.0,negative,lower,0.0,0.8882978723404256,0.05851063829787234,0.05319148936170213,0.8882978723404256,"When comparing studies where mpcr level is high and studies where mpcr level is low, cooperation is significantly lower when experimental setting is lab."
6367,https://data.cooperationdatabank.org/vocab/prop/Public_Goods_GameVariable,https://data.cooperationdatabank.org/vocab/prop/mPCRlevel,MPCR level,https://data.cooperationdatabank.org/id/mpcrlevel/low,High,https://data.cooperationdatabank.org/vocab/prop/mPCRlevel,MPCR level,https://data.cooperationdatabank.org/id/mpcrlevel/high,Low,https://data.cooperationdatabank.org/vocab/prop/publicationStatus,Published,https://data.cooperationdatabank.org/id/publicationstatus/1,Published Article,https://data.cooperationdatabank.org/id/dependentvariable/contributions,negative,test,0.0,negative,lower,0.0,0.8882978723404256,0.05851063829787234,0.05319148936170213,0.8882978723404256,"When comparing studies where mpcr level is high and studies where mpcr level is low, cooperation is significantly lower when published is published article."
6423,https://data.cooperationdatabank.org/vocab/prop/Public_Goods_GameVariable,https://data.cooperationdatabank.org/vocab/prop/mPCRlevel,MPCR level,https://data.cooperationdatabank.org/id/mpcrlevel/low,High,https://data.cooperationdatabank.org/vocab/prop/mPCRlevel,MPCR level,https://data.cooperationdatabank.org/id/mpcrlevel/high,Low,https://data.cooperationdatabank.org/vocab/prop/publicationStatus,Published,https://data.cooperationdatabank.org/id/publicationstatus/1,Published Article,https://data.cooperationdatabank.org/id/dependentvariable/contributions,negative,test,0.0,negative,lower,0.0,0.8882978723404256,0.05851063829787234,0.05319148936170213,0.8882978723404256,"When comparing studies where mpcr level is high and studies where mpcr level is low, cooperation is significantly lower when published is published article."
6442,https://data.cooperationdatabank.org/vocab/prop/Public_Goods_GameVariable,https://data.cooperationdatabank.org/vocab/prop/mPCRlevel,MPCR level,https://data.cooperationdatabank.org/id/mpcrlevel/low,High,https://data.cooperationdatabank.org/vocab/prop/mPCRlevel,MPCR level,https://data.cooperationdatabank.org/id/mpcrlevel/high,Low,https://data.cooperationdatabank.org/vocab/prop/studyMatchingProtocol,Matching,https://data.cooperationdatabank.org/id/studymatchingprotocol/1,Stranger,https://data.cooperationdatabank.org/id/dependentvariable/contributions,negative,test,0.0,negative,lower,0.0,0.8882978723404256,0.05851063829787234,0.05319148936170213,0.8882978723404256,"When comparing studies where mpcr level is high and studies where mpcr level is low, cooperation is significantly lower when matching is stranger."
6422,https://data.cooperationdatabank.org/vocab/prop/Public_Goods_GameVariable,https://data.cooperationdatabank.org/vocab/prop/mPCRlevel,MPCR level,https://data.cooperationdatabank.org/id/mpcrlevel/low,High,https://data.cooperationdatabank.org/vocab/prop/mPCRlevel,MPCR level,https://data.cooperationdatabank.org/id/mpcrlevel/high,Low,https://data.cooperationdatabank.org/vocab/prop/discussion,Discussion,https://data.cooperationdatabank.org/id/discussion/0,Absent,https://data.cooperationdatabank.org/id/dependentvariable/contributions,negative,test,0.0,negative,lower,0.0,0.8882978723404256,0.05851063829787234,0.05319148936170213,0.8882978723404256,"When comparing studies where mpcr level is high and studies where mpcr level is low, cooperation is significantly lower when discussion is absent."
6999,https://data.cooperationdatabank.org/vocab/prop/Public_Goods_GameVariable,https://data.cooperationdatabank.org/vocab/prop/mPCRlevel,MPCR level,https://data.cooperationdatabank.org/id/mpcrlevel/low,Low,https://data.cooperationdatabank.org/vocab/prop/mPCRlevel,MPCR level,https://data.cooperationdatabank.org/id/mpcrlevel/high,High,https://data.cooperationdatabank.org/vocab/prop/countrySource,Source of country or region,https://data.cooperationdatabank.org/id/countrysource/1,Specified country,https://data.cooperationdatabank.org/id/dependentvariable/contributions,negative,test,0.0,negative,lower,0.0,0.8882978723404256,0.05851063829787234,0.05319148936170213,0.8882978723404256,"When comparing studies where mpcr level is low and studies where mpcr level is high, cooperation is significantly lower when source of country or region is specified country."
3696,https://data.cooperationdatabank.org/vocab/prop/Public_Goods_GameVariable,https://data.cooperationdatabank.org/vocab/prop/mPCRlevel,MPCR level,https://data.cooperationdatabank.org/id/mpcrlevel/low,Low,https://data.cooperationdatabank.org/vocab/prop/mPCRlevel,MPCR level,https://data.cooperationdatabank.org/id/mpcrlevel/high,High,https://data.cooperationdatabank.org/vocab/prop/publicationStatus,Published,https://data.cooperationdatabank.org/id/publicationstatus/1,Published Article,https://data.cooperationdatabank.org/id/dependentvariable/contributions,noEffect,test,0.0,negative,lower,1.0,0.8882978723404256,0.05851063829787234,0.05319148936170213,0.8882978723404256,"When comparing studies where mpcr level is low and studies where mpcr level is high, cooperation is significantly lower when published is published article."
750,https://data.cooperationdatabank.org/vocab/prop/Public_Goods_GameVariable,https://data.cooperationdatabank.org/vocab/prop/mPCRlevel,MPCR level,https://data.cooperationdatabank.org/id/mpcrlevel/low,Low,https://data.cooperationdatabank.org/vocab/prop/mPCRlevel,MPCR level,https://data.cooperationdatabank.org/id/mpcrlevel/high,High,https://data.cooperationdatabank.org/vocab/prop/discussion,Discussion,https://data.cooperationdatabank.org/id/discussion/0,Absent,https://data.cooperationdatabank.org/id/dependentvariable/contributions,positive,test,0.0,negative,lower,2.0,0.8882978723404256,0.05851063829787234,0.05319148936170213,0.8882978723404256,"When comparing studies where mpcr level is low and studies where mpcr level is high, cooperation is significantly lower when discussion is absent."
21801,https://data.cooperationdatabank.org/vocab/prop/Public_Goods_GameVariable,https://data.cooperationdatabank.org/vocab/prop/mPCRlevel,MPCR level,https://data.cooperationdatabank.org/id/mpcrlevel/low,Low,https://data.cooperationdatabank.org/vocab/prop/mPCRlevel,MPCR level,https://data.cooperationdatabank.org/id/mpcrlevel/high,High,https://data.cooperationdatabank.org/vocab/prop/discussion,Discussion,https://data.cooperationdatabank.org/id/discussion/0,Absent,https://data.cooperationdatabank.org/id/dependentvariable/contributions,negative,test,0.0,negative,lower,0.0,0.8882978723404256,0.05851063829787234,0.05319148936170213,0.8882978723404256,"When comparing studies where mpcr level is low and studies where mpcr level is high, cooperation is significantly lower when discussion is absent."
23385,https://data.cooperationdatabank.org/vocab/prop/Public_Goods_GameVariable,https://data.cooperationdatabank.org/vocab/prop/mPCRlevel,MPCR level,https://data.cooperationdatabank.org/id/mpcrlevel/low,Low,https://data.cooperationdatabank.org/vocab/prop/mPCRlevel,MPCR level,https://data.cooperationdatabank.org/id/mpcrlevel/high,High,https://data.cooperationdatabank.org/vocab/prop/studyGameIncentive,Game incentive,https://data.cooperationdatabank.org/id/studygameincentive/1,Monetary,https://data.cooperationdatabank.org/id/dependentvariable/contributions,negative,test,0.0,negative,lower,0.0,0.8882978723404256,0.05851063829787234,0.05319148936170213,0.8882978723404256,"When comparing studies where mpcr level is low and studies where mpcr level is high, cooperation is significantly lower when game incentive is monetary."
19112,https://data.cooperationdatabank.org/vocab/prop/Public_Goods_GameVariable,https://data.cooperationdatabank.org/vocab/prop/mPCRlevel,MPCR level,https://data.cooperationdatabank.org/id/mpcrlevel/low,High,https://data.cooperationdatabank.org/vocab/prop/mPCRlevel,MPCR level,https://data.cooperationdatabank.org/id/mpcrlevel/high,Low,https://data.cooperationdatabank.org/vocab/prop/studyOneShot,One-shot vs repeated,https://data.cooperationdatabank.org/id/studyoneshot/0,Repeated,https://data.cooperationdatabank.org/id/dependentvariable/contributions,negative,test,0.0,negative,lower,0.0,0.8882978723404256,0.05851063829787234,0.05319148936170213,0.8882978723404256,"When comparing studies where mpcr level is high and studies where mpcr level is low, cooperation is significantly lower when one-shot vs repeated is repeated."
27537,https://data.cooperationdatabank.org/vocab/prop/Public_Goods_GameVariable,https://data.cooperationdatabank.org/vocab/prop/mPCRlevel,MPCR level,https://data.cooperationdatabank.org/id/mpcrlevel/low,High,https://data.cooperationdatabank.org/vocab/prop/mPCRlevel,MPCR level,https://data.cooperationdatabank.org/id/mpcrlevel/high,Low,https://data.cooperationdatabank.org/vocab/prop/studyRealPartner,Real partner,https://data.cooperationdatabank.org/id/studyrealpartner/1,Real,https://data.cooperationdatabank.org/id/dependentvariable/contributions,negative,test,0.0,negative,lower,0.0,0.8882978723404256,0.05851063829787234,0.05319148936170213,0.8882978723404256,"When comparing studies where mpcr level is high and studies where mpcr level is low, cooperation is significantly lower when real partner is real."
26534,https://data.cooperationdatabank.org/vocab/prop/Public_Goods_GameVariable,https://data.cooperationdatabank.org/vocab/prop/mPCRlevel,MPCR level,https://data.cooperationdatabank.org/id/mpcrlevel/low,Medium,https://data.cooperationdatabank.org/vocab/prop/mPCRlevel,MPCR level,https://data.cooperationdatabank.org/id/mpcrlevel/medium,Low,https://data.cooperationdatabank.org/vocab/prop/studyOneShot,One-shot vs repeated,https://data.cooperationdatabank.org/id/studyoneshot/0,Repeated,https://data.cooperationdatabank.org/id/dependentvariable/cooperation,negative,test,0.0,negative,lower,0.0,0.8425,0.11,0.0475,0.8425,"When comparing studies where mpcr level is medium and studies where mpcr level is low, cooperation is significantly lower when one-shot vs repeated is repeated."
26528,https://data.cooperationdatabank.org/vocab/prop/Public_Goods_GameVariable,https://data.cooperationdatabank.org/vocab/prop/mPCRlevel,MPCR level,https://data.cooperationdatabank.org/id/mpcrlevel/low,Medium,https://data.cooperationdatabank.org/vocab/prop/mPCRlevel,MPCR level,https://data.cooperationdatabank.org/id/mpcrlevel/medium,Low,https://data.cooperationdatabank.org/vocab/prop/studyExperimentalSetting,Experimental setting,https://data.cooperationdatabank.org/id/studyexperimentalsetting/2,Lab,https://data.cooperationdatabank.org/id/dependentvariable/cooperation,negative,test,0.0,negative,lower,0.0,0.8425,0.11,0.0475,0.8425,"When comparing studies where mpcr level is medium and studies where mpcr level is low, cooperation is significantly lower when experimental setting is lab."
39188,https://data.cooperationdatabank.org/vocab/prop/Public_Goods_GameVariable,https://data.cooperationdatabank.org/vocab/prop/mPCRlevel,MPCR level,https://data.cooperationdatabank.org/id/mpcrlevel/low,Low,https://data.cooperationdatabank.org/vocab/prop/mPCRlevel,MPCR level,https://data.cooperationdatabank.org/id/mpcrlevel/medium,Medium,https://data.cooperationdatabank.org/vocab/prop/studyAcquaintance,Acquaintance,https://data.cooperationdatabank.org/id/studyacquaintance/0,Strangers,https://data.cooperationdatabank.org/id/dependentvariable/cooperation,negative,test,0.0,negative,lower,0.0,0.8425,0.11,0.0475,0.8425,"When comparing studies where mpcr level is low and studies where mpcr level is medium, cooperation is significantly lower when acquaintance is strangers."
6391,https://data.cooperationdatabank.org/vocab/prop/Public_Goods_GameVariable,https://data.cooperationdatabank.org/vocab/prop/mPCRlevel,MPCR level,https://data.cooperationdatabank.org/id/mpcrlevel/low,Medium,https://data.cooperationdatabank.org/vocab/prop/mPCRlevel,MPCR level,https://data.cooperationdatabank.org/id/mpcrlevel/medium,Low,https://data.cooperationdatabank.org/vocab/prop/studyContinuousPGG,Continuous vs step-level public goods,https://data.cooperationdatabank.org/id/studycontinuouspgg/1,Continuous,https://data.cooperationdatabank.org/id/dependentvariable/contributions,negative,test,0.0,negative,lower,0.0,0.8425,0.11,0.0475,0.8425,"When comparing studies where mpcr level is medium and studies where mpcr level is low, cooperation is significantly lower when continuous vs step-level public goods is continuous."
6459,https://data.cooperationdatabank.org/vocab/prop/Public_Goods_GameVariable,https://data.cooperationdatabank.org/vocab/prop/mPCRlevel,MPCR level,https://data.cooperationdatabank.org/id/mpcrlevel/low,Medium,https://data.cooperationdatabank.org/vocab/prop/mPCRlevel,MPCR level,https://data.cooperationdatabank.org/id/mpcrlevel/medium,Low,https://data.cooperationdatabank.org/vocab/prop/studyTrialOfCooperation,Trial of cooperation,https://data.cooperationdatabank.org/id/studytrialofcooperation/1,All trials,https://data.cooperationdatabank.org/id/dependentvariable/contributions,negative,test,0.0,negative,lower,0.0,0.8425,0.11,0.0475,0.8425,"When comparing studies where mpcr level is medium and studies where mpcr level is low, cooperation is significantly lower when trial of cooperation is all trials."
6480,https://data.cooperationdatabank.org/vocab/prop/Public_Goods_GameVariable,https://data.cooperationdatabank.org/vocab/prop/mPCRlevel,MPCR level,https://data.cooperationdatabank.org/id/mpcrlevel/low,Medium,https://data.cooperationdatabank.org/vocab/prop/mPCRlevel,MPCR level,https://data.cooperationdatabank.org/id/mpcrlevel/medium,Low,https://data.cooperationdatabank.org/vocab/prop/studyAcquaintance,Acquaintance,https://data.cooperationdatabank.org/id/studyacquaintance/0,Strangers,https://data.cooperationdatabank.org/id/dependentvariable/contributions,negative,test,0.0,negative,lower,0.0,0.8425,0.11,0.0475,0.8425,"When comparing studies where mpcr level is medium and studies where mpcr level is low, cooperation is significantly lower when acquaintance is strangers."
39173,https://data.cooperationdatabank.org/vocab/prop/Public_Goods_GameVariable,https://data.cooperationdatabank.org/vocab/prop/mPCRlevel,MPCR level,https://data.cooperationdatabank.org/id/mpcrlevel/low,Low,https://data.cooperationdatabank.org/vocab/prop/mPCRlevel,MPCR level,https://data.cooperationdatabank.org/id/mpcrlevel/medium,Medium,https://data.cooperationdatabank.org/vocab/prop/studyDilemmaType,Game type,https://data.cooperationdatabank.org/id/studydilemmatype/2,Public Goods Game,https://data.cooperationdatabank.org/id/dependentvariable/cooperation,noEffect,test,0.0,negative,lower,1.0,0.8425,0.11,0.0475,0.8425,"When comparing studies where mpcr level is low and studies where mpcr level is medium, cooperation is significantly lower when game type is public goods game."
26498,https://data.cooperationdatabank.org/vocab/prop/Public_Goods_GameVariable,https://data.cooperationdatabank.org/vocab/prop/mPCRlevel,MPCR level,https://data.cooperationdatabank.org/id/mpcrlevel/low,Medium,https://data.cooperationdatabank.org/vocab/prop/mPCRlevel,MPCR level,https://data.cooperationdatabank.org/id/mpcrlevel/medium,Low,https://data.cooperationdatabank.org/vocab/prop/studyMatchingProtocol,Matching,https://data.cooperationdatabank.org/id/studymatchingprotocol/2,Partner,https://data.cooperationdatabank.org/id/dependentvariable/cooperation,negative,test,0.0,negative,lower,0.0,0.8425,0.11,0.0475,0.8425,"When comparing studies where mpcr level is medium and studies where mpcr level is low, cooperation is significantly lower when matching is partner."
26524,https://data.cooperationdatabank.org/vocab/prop/Public_Goods_GameVariable,https://data.cooperationdatabank.org/vocab/prop/mPCRlevel,MPCR level,https://data.cooperationdatabank.org/id/mpcrlevel/low,Medium,https://data.cooperationdatabank.org/vocab/prop/mPCRlevel,MPCR level,https://data.cooperationdatabank.org/id/mpcrlevel/medium,Low,https://data.cooperationdatabank.org/vocab/prop/studyAcquaintance,Acquaintance,https://data.cooperationdatabank.org/id/studyacquaintance/0,Strangers,https://data.cooperationdatabank.org/id/dependentvariable/cooperation,negative,test,0.0,negative,lower,0.0,0.8425,0.11,0.0475,0.8425,"When comparing studies where mpcr level is medium and studies where mpcr level is low, cooperation is significantly lower when acquaintance is strangers."
21788,https://data.cooperationdatabank.org/vocab/prop/Public_Goods_GameVariable,https://data.cooperationdatabank.org/vocab/prop/mPCRlevel,MPCR level,https://data.cooperationdatabank.org/id/mpcrlevel/low,Low,https://data.cooperationdatabank.org/vocab/prop/mPCRlevel,MPCR level,https://data.cooperationdatabank.org/id/mpcrlevel/medium,Medium,https://data.cooperationdatabank.org/vocab/prop/publicationStatus,Published,https://data.cooperationdatabank.org/id/publicationstatus/1,Published Article,https://data.cooperationdatabank.org/id/dependentvariable/contributions,negative,test,0.0,negative,lower,0.0,0.8425,0.11,0.0475,0.8425,"When comparing studies where mpcr level is low and studies where mpcr level is medium, cooperation is significantly lower when published is published article."
21795,https://data.cooperationdatabank.org/vocab/prop/Public_Goods_GameVariable,https://data.cooperationdatabank.org/vocab/prop/mPCRlevel,MPCR level,https://data.cooperationdatabank.org/id/mpcrlevel/low,Low,https://data.cooperationdatabank.org/vocab/prop/mPCRlevel,MPCR level,https://data.cooperationdatabank.org/id/mpcrlevel/medium,Medium,https://data.cooperationdatabank.org/vocab/prop/studyRealPartner,Real partner,https://data.cooperationdatabank.org/id/studyrealpartner/1,Real,https://data.cooperationdatabank.org/id/dependentvariable/contributions,negative,test,0.0,negative,lower,0.0,0.8425,0.11,0.0475,0.8425,"When comparing studies where mpcr level is low and studies where mpcr level is medium, cooperation is significantly lower when real partner is real."
26287,https://data.cooperationdatabank.org/vocab/prop/Public_Goods_GameVariable,https://data.cooperationdatabank.org/vocab/prop/endowmentLevel,Endowment level,https://data.cooperationdatabank.org/id/endowmentlevel/low,Low,https://data.cooperationdatabank.org/vocab/prop/endowmentLevel,Endowment level,https://data.cooperationdatabank.org/id/endowmentlevel/high,High,https://data.cooperationdatabank.org/vocab/prop/studyAcquaintance,Acquaintance,https://data.cooperationdatabank.org/id/studyacquaintance/0,Strangers,https://data.cooperationdatabank.org/id/dependentvariable/cooperation,noEffect,test,2.0,positive,higher,1.0,0.0,0.2,0.8,0.8,"When comparing studies where endowment level is low and studies where endowment level is high, cooperation is significantly higher when acquaintance is strangers."
2659,https://data.cooperationdatabank.org/vocab/prop/Public_Goods_GameVariable,https://data.cooperationdatabank.org/vocab/prop/endowmentLevel,Endowment level,https://data.cooperationdatabank.org/id/endowmentlevel/medium,Medium,https://data.cooperationdatabank.org/vocab/prop/endowmentLevel,Endowment level,https://data.cooperationdatabank.org/id/endowmentlevel/low,Low,https://data.cooperationdatabank.org/vocab/prop/studyOneShot,One-shot vs repeated,https://data.cooperationdatabank.org/id/studyoneshot/0,Repeated,https://data.cooperationdatabank.org/id/dependentvariable/contributions,negative,test,2.0,positive,higher,0.0,0.2222222222222222,0.0,0.7777777777777778,0.7777777777777778,"When comparing studies where endowment level is medium and studies where endowment level is low, cooperation is significantly higher when one-shot vs repeated is repeated."
42567,https://data.cooperationdatabank.org/vocab/prop/Public_Goods_GameVariable,https://data.cooperationdatabank.org/vocab/prop/endowmentLevel,Endowment level,https://data.cooperationdatabank.org/id/endowmentlevel/medium,Low,https://data.cooperationdatabank.org/vocab/prop/endowmentLevel,Endowment level,https://data.cooperationdatabank.org/id/endowmentlevel/low,Medium,https://data.cooperationdatabank.org/vocab/prop/studyOneShot,One-shot vs repeated,https://data.cooperationdatabank.org/id/studyoneshot/0,Repeated,https://data.cooperationdatabank.org/id/dependentvariable/contributions,positive,test,2.0,positive,higher,2.0,0.2222222222222222,0.0,0.7777777777777778,0.7777777777777778,"When comparing studies where endowment level is low and studies where endowment level is medium, cooperation is significantly higher when one-shot vs repeated is repeated."
40545,https://data.cooperationdatabank.org/vocab/prop/Public_Goods_GameVariable,https://data.cooperationdatabank.org/vocab/prop/endowmentLevel,Endowment level,https://data.cooperationdatabank.org/id/endowmentlevel/low,High,https://data.cooperationdatabank.org/vocab/prop/endowmentLevel,Endowment level,https://data.cooperationdatabank.org/id/endowmentlevel/high,Low,https://data.cooperationdatabank.org/vocab/prop/country,has country,https://data.cooperationdatabank.org/id/country/USA,USA,https://data.cooperationdatabank.org/id/dependentvariable/cooperation,positive,test,2.0,positive,higher,2.0,0.0,0.25,0.75,0.75,"When comparing studies where endowment level is high and studies where endowment level is low, cooperation is significantly higher when has country is usa."
44535,https://data.cooperationdatabank.org/vocab/prop/Public_Goods_GameVariable,https://data.cooperationdatabank.org/vocab/prop/endowmentLevel,Endowment level,https://data.cooperationdatabank.org/id/endowmentlevel/medium,Medium,https://data.cooperationdatabank.org/vocab/prop/endowmentLevel,Endowment level,https://data.cooperationdatabank.org/id/endowmentlevel/low,Low,https://data.cooperationdatabank.org/vocab/prop/yearSource,Source of year of data collection,https://data.cooperationdatabank.org/id/yearsource/1,Conducted,https://data.cooperationdatabank.org/id/dependentvariable/contributions,positive,test,2.0,positive,higher,2.0,0.2857142857142857,0.0,0.7142857142857143,0.7142857142857143,"When comparing studies where endowment level is medium and studies where endowment level is low, cooperation is significantly higher when source of year of data collection is conducted."
36153,https://data.cooperationdatabank.org/vocab/prop/Public_Goods_GameVariable,https://data.cooperationdatabank.org/vocab/prop/endowmentLevel,Endowment level,https://data.cooperationdatabank.org/id/endowmentlevel/medium,Low,https://data.cooperationdatabank.org/vocab/prop/endowmentLevel,Endowment level,https://data.cooperationdatabank.org/id/endowmentlevel/low,Medium,https://data.cooperationdatabank.org/vocab/prop/studyMatchingProtocol,Matching,https://data.cooperationdatabank.org/id/studymatchingprotocol/2,Partner,https://data.cooperationdatabank.org/id/dependentvariable/contributions,positive,test,2.0,positive,higher,2.0,0.32608695652173914,0.0,0.6739130434782609,0.6739130434782609,"When comparing studies where endowment level is low and studies where endowment level is medium, cooperation is significantly higher when matching is partner."
10739,https://data.cooperationdatabank.org/vocab/prop/Public_Goods_GameVariable,https://data.cooperationdatabank.org/vocab/prop/endowmentLevel,Endowment level,https://data.cooperationdatabank.org/id/endowmentlevel/medium,Low,https://data.cooperationdatabank.org/vocab/prop/endowmentLevel,Endowment level,https://data.cooperationdatabank.org/id/endowmentlevel/low,Medium,https://data.cooperationdatabank.org/vocab/prop/publicationStatus,Published,https://data.cooperationdatabank.org/id/publicationstatus/1,Published Article,https://data.cooperationdatabank.org/id/dependentvariable/contributions,negative,test,2.0,positive,higher,0.0,0.32608695652173914,0.0,0.6739130434782609,0.6739130434782609,"When comparing studies where endowment level is low and studies where endowment level is medium, cooperation is significantly higher when published is published article."
11179,https://data.cooperationdatabank.org/vocab/prop/Public_Goods_GameVariable,https://data.cooperationdatabank.org/vocab/prop/endowmentLevel,Endowment level,https://data.cooperationdatabank.org/id/endowmentlevel/medium,Low,https://data.cooperationdatabank.org/vocab/prop/endowmentLevel,Endowment level,https://data.cooperationdatabank.org/id/endowmentlevel/low,Medium,https://data.cooperationdatabank.org/vocab/prop/studyRealPartner,Real partner,https://data.cooperationdatabank.org/id/studyrealpartner/1,Real,https://data.cooperationdatabank.org/id/dependentvariable/contributions,negative,test,2.0,positive,higher,0.0,0.32608695652173914,0.0,0.6739130434782609,0.6739130434782609,"When comparing studies where endowment level is low and studies where endowment level is medium, cooperation is significantly higher when real partner is real."
2653,https://data.cooperationdatabank.org/vocab/prop/Public_Goods_GameVariable,https://data.cooperationdatabank.org/vocab/prop/endowmentLevel,Endowment level,https://data.cooperationdatabank.org/id/endowmentlevel/medium,Medium,https://data.cooperationdatabank.org/vocab/prop/endowmentLevel,Endowment level,https://data.cooperationdatabank.org/id/endowmentlevel/low,Low,https://data.cooperationdatabank.org/vocab/prop/publicationStatus,Published,https://data.cooperationdatabank.org/id/publicationstatus/1,Published Article,https://data.cooperationdatabank.org/id/dependentvariable/contributions,negative,test,2.0,positive,higher,0.0,0.32608695652173914,0.0,0.6739130434782609,0.6739130434782609,"When comparing studies where endowment level is medium and studies where endowment level is low, cooperation is significantly higher when published is published article."
2768,https://data.cooperationdatabank.org/vocab/prop/Public_Goods_GameVariable,https://data.cooperationdatabank.org/vocab/prop/endowmentLevel,Endowment level,https://data.cooperationdatabank.org/id/endowmentlevel/medium,Low,https://data.cooperationdatabank.org/vocab/prop/endowmentLevel,Endowment level,https://data.cooperationdatabank.org/id/endowmentlevel/low,Medium,https://data.cooperationdatabank.org/vocab/prop/publicationStatus,Published,https://data.cooperationdatabank.org/id/publicationstatus/1,Published Article,https://data.cooperationdatabank.org/id/dependentvariable/contributions,negative,test,2.0,positive,higher,0.0,0.32608695652173914,0.0,0.6739130434782609,0.6739130434782609,"When comparing studies where endowment level is low and studies where endowment level is medium, cooperation is significantly higher when published is published article."
40649,https://data.cooperationdatabank.org/vocab/prop/Public_Goods_GameVariable,https://data.cooperationdatabank.org/vocab/prop/endowmentLevel,Endowment level,https://data.cooperationdatabank.org/id/endowmentlevel/low,High,https://data.cooperationdatabank.org/vocab/prop/endowmentLevel,Endowment level,https://data.cooperationdatabank.org/id/endowmentlevel/high,Low,https://data.cooperationdatabank.org/vocab/prop/studyMatchingProtocol,Matching,https://data.cooperationdatabank.org/id/studymatchingprotocol/1,Stranger,https://data.cooperationdatabank.org/id/dependentvariable/cooperation,positive,test,2.0,positive,higher,2.0,0.0,0.3333333333333333,0.6666666666666666,0.6666666666666666,"When comparing studies where endowment level is high and studies where endowment level is low, cooperation is significantly higher when matching is stranger."
29855,https://data.cooperationdatabank.org/vocab/prop/Public_Goods_GameVariable,https://data.cooperationdatabank.org/vocab/prop/endowmentLevel,Endowment level,https://data.cooperationdatabank.org/id/endowmentlevel/medium,Low,https://data.cooperationdatabank.org/vocab/prop/endowmentLevel,Endowment level,https://data.cooperationdatabank.org/id/endowmentlevel/low,Medium,https://data.cooperationdatabank.org/vocab/prop/countrySource,Source of country or region,https://data.cooperationdatabank.org/id/countrysource/3,All authors,https://data.cooperationdatabank.org/id/dependentvariable/contributions,positive,test,0.0,negative,lower,2.0,0.6666666666666666,0.3333333333333333,0.0,0.6666666666666666,"When comparing studies where endowment level is low and studies where endowment level is medium, cooperation is significantly lower when source of country or region is all authors."
26416,https://data.cooperationdatabank.org/vocab/prop/Public_Goods_GameVariable,https://data.cooperationdatabank.org/vocab/prop/mPCRlevel,MPCR level,https://data.cooperationdatabank.org/id/mpcrlevel/medium,High,https://data.cooperationdatabank.org/vocab/prop/mPCRlevel,MPCR level,https://data.cooperationdatabank.org/id/mpcrlevel/high,Medium,https://data.cooperationdatabank.org/vocab/prop/discussion,Discussion,https://data.cooperationdatabank.org/id/discussion/0,Absent,https://data.cooperationdatabank.org/id/dependentvariable/cooperation,negative,test,0.0,negative,lower,0.0,0.6666666666666666,0.3333333333333333,0.0,0.6666666666666666,"When comparing studies where mpcr level is high and studies where mpcr level is medium, cooperation is significantly lower when discussion is absent."
40547,https://data.cooperationdatabank.org/vocab/prop/Public_Goods_GameVariable,https://data.cooperationdatabank.org/vocab/prop/endowmentLevel,Endowment level,https://data.cooperationdatabank.org/id/endowmentlevel/low,High,https://data.cooperationdatabank.org/vocab/prop/endowmentLevel,Endowment level,https://data.cooperationdatabank.org/id/endowmentlevel/high,Low,https://data.cooperationdatabank.org/vocab/prop/countrySource,Source of country or region,https://data.cooperationdatabank.org/id/countrysource/1,Specified country,https://data.cooperationdatabank.org/id/dependentvariable/cooperation,positive,test,2.0,positive,higher,2.0,0.0,0.36363636363636365,0.6363636363636364,0.6363636363636364,"When comparing studies where endowment level is high and studies where endowment level is low, cooperation is significantly higher when source of country or region is specified country."
40563,https://data.cooperationdatabank.org/vocab/prop/Public_Goods_GameVariable,https://data.cooperationdatabank.org/vocab/prop/endowmentLevel,Endowment level,https://data.cooperationdatabank.org/id/endowmentlevel/low,High,https://data.cooperationdatabank.org/vocab/prop/endowmentLevel,Endowment level,https://data.cooperationdatabank.org/id/endowmentlevel/high,Low,https://data.cooperationdatabank.org/vocab/prop/studyRealPartner,Real partner,https://data.cooperationdatabank.org/id/studyrealpartner/1,Real,https://data.cooperationdatabank.org/id/dependentvariable/cooperation,positive,test,2.0,positive,higher,2.0,0.0,0.36363636363636365,0.6363636363636364,0.6363636363636364,"When comparing studies where endowment level is high and studies where endowment level is low, cooperation is significantly higher when real partner is real."
2652,https://data.cooperationdatabank.org/vocab/prop/Public_Goods_GameVariable,https://data.cooperationdatabank.org/vocab/prop/endowmentLevel,Endowment level,https://data.cooperationdatabank.org/id/endowmentlevel/medium,Medium,https://data.cooperationdatabank.org/vocab/prop/endowmentLevel,Endowment level,https://data.cooperationdatabank.org/id/endowmentlevel/low,Low,https://data.cooperationdatabank.org/vocab/prop/discussion,Discussion,https://data.cooperationdatabank.org/id/discussion/0,Absent,https://data.cooperationdatabank.org/id/dependentvariable/contributions,negative,test,2.0,positive,higher,0.0,0.38271604938271603,0.0,0.6172839506172839,0.6172839506172839,"When comparing studies where endowment level is medium and studies where endowment level is low, cooperation is significantly higher when discussion is absent."
42560,https://data.cooperationdatabank.org/vocab/prop/Public_Goods_GameVariable,https://data.cooperationdatabank.org/vocab/prop/endowmentLevel,Endowment level,https://data.cooperationdatabank.org/id/endowmentlevel/medium,Low,https://data.cooperationdatabank.org/vocab/prop/endowmentLevel,Endowment level,https://data.cooperationdatabank.org/id/endowmentlevel/low,Medium,https://data.cooperationdatabank.org/vocab/prop/discussion,Discussion,https://data.cooperationdatabank.org/id/discussion/0,Absent,https://data.cooperationdatabank.org/id/dependentvariable/contributions,positive,test,2.0,positive,higher,2.0,0.38271604938271603,0.0,0.6172839506172839,0.6172839506172839,"When comparing studies where endowment level is low and studies where endowment level is medium, cooperation is significantly higher when discussion is absent."
21740,https://data.cooperationdatabank.org/vocab/prop/Public_Goods_GameVariable,https://data.cooperationdatabank.org/vocab/prop/endowmentLevel,Endowment level,https://data.cooperationdatabank.org/id/endowmentlevel/medium,Low,https://data.cooperationdatabank.org/vocab/prop/endowmentLevel,Endowment level,https://data.cooperationdatabank.org/id/endowmentlevel/low,Medium,https://data.cooperationdatabank.org/vocab/prop/studyShowUpFee,Show-up fee,https://data.cooperationdatabank.org/id/studyshowupfee/1,Paid,https://data.cooperationdatabank.org/id/dependentvariable/contributions,positive,test,2.0,positive,higher,2.0,0.38271604938271603,0.0,0.6172839506172839,0.6172839506172839,"When comparing studies where endowment level is low and studies where endowment level is medium, cooperation is significantly higher when show-up fee is paid."
42565,https://data.cooperationdatabank.org/vocab/prop/Public_Goods_GameVariable,https://data.cooperationdatabank.org/vocab/prop/endowmentLevel,Endowment level,https://data.cooperationdatabank.org/id/endowmentlevel/medium,Low,https://data.cooperationdatabank.org/vocab/prop/endowmentLevel,Endowment level,https://data.cooperationdatabank.org/id/endowmentlevel/low,Medium,https://data.cooperationdatabank.org/vocab/prop/studyGameIncentive,Game incentive,https://data.cooperationdatabank.org/id/studygameincentive/1,Monetary,https://data.cooperationdatabank.org/id/dependentvariable/contributions,positive,test,2.0,positive,higher,2.0,0.38271604938271603,0.0,0.6172839506172839,0.6172839506172839,"When comparing studies where endowment level is low and studies where endowment level is medium, cooperation is significantly higher when game incentive is monetary."
21733,https://data.cooperationdatabank.org/vocab/prop/Public_Goods_GameVariable,https://data.cooperationdatabank.org/vocab/prop/endowmentLevel,Endowment level,https://data.cooperationdatabank.org/id/endowmentlevel/medium,Low,https://data.cooperationdatabank.org/vocab/prop/endowmentLevel,Endowment level,https://data.cooperationdatabank.org/id/endowmentlevel/low,Medium,https://data.cooperationdatabank.org/vocab/prop/studyGameIncentive,Game incentive,https://data.cooperationdatabank.org/id/studygameincentive/1,Monetary,https://data.cooperationdatabank.org/id/dependentvariable/contributions,positive,test,2.0,positive,higher,2.0,0.38271604938271603,0.0,0.6172839506172839,0.6172839506172839,"When comparing studies where endowment level is low and studies where endowment level is medium, cooperation is significantly higher when game incentive is monetary."
21728,https://data.cooperationdatabank.org/vocab/prop/Public_Goods_GameVariable,https://data.cooperationdatabank.org/vocab/prop/endowmentLevel,Endowment level,https://data.cooperationdatabank.org/id/endowmentlevel/medium,Low,https://data.cooperationdatabank.org/vocab/prop/endowmentLevel,Endowment level,https://data.cooperationdatabank.org/id/endowmentlevel/low,Medium,https://data.cooperationdatabank.org/vocab/prop/discussion,Discussion,https://data.cooperationdatabank.org/id/discussion/0,Absent,https://data.cooperationdatabank.org/id/dependentvariable/contributions,positive,test,2.0,positive,higher,2.0,0.38271604938271603,0.0,0.6172839506172839,0.6172839506172839,"When comparing studies where endowment level is low and studies where endowment level is medium, cooperation is significantly higher when discussion is absent."
16529,https://data.cooperationdatabank.org/vocab/prop/Public_Goods_GameVariable,https://data.cooperationdatabank.org/vocab/prop/endowmentLevel,Endowment level,https://data.cooperationdatabank.org/id/endowmentlevel/medium,Low,https://data.cooperationdatabank.org/vocab/prop/endowmentLevel,Endowment level,https://data.cooperationdatabank.org/id/endowmentlevel/low,Medium,https://data.cooperationdatabank.org/vocab/prop/studyGameIncentive,Game incentive,https://data.cooperationdatabank.org/id/studygameincentive/1,Monetary,https://data.cooperationdatabank.org/id/dependentvariable/contributions,negative,test,2.0,positive,higher,0.0,0.38271604938271603,0.0,0.6172839506172839,0.6172839506172839,"When comparing studies where endowment level is low and studies where endowment level is medium, cooperation is significantly higher when game incentive is monetary."
16469,https://data.cooperationdatabank.org/vocab/prop/Public_Goods_GameVariable,https://data.cooperationdatabank.org/vocab/prop/endowmentLevel,Endowment level,https://data.cooperationdatabank.org/id/endowmentlevel/medium,Low,https://data.cooperationdatabank.org/vocab/prop/endowmentLevel,Endowment level,https://data.cooperationdatabank.org/id/endowmentlevel/low,Medium,https://data.cooperationdatabank.org/vocab/prop/studyTrialOfCooperation,Trial of cooperation,https://data.cooperationdatabank.org/id/studytrialofcooperation/1,All trials,https://data.cooperationdatabank.org/id/dependentvariable/contributions,positive,test,2.0,positive,higher,2.0,0.38271604938271603,0.0,0.6172839506172839,0.6172839506172839,"When comparing studies where endowment level is low and studies where endowment level is medium, cooperation is significantly higher when trial of cooperation is all trials."
16523,https://data.cooperationdatabank.org/vocab/prop/Public_Goods_GameVariable,https://data.cooperationdatabank.org/vocab/prop/endowmentLevel,Endowment level,https://data.cooperationdatabank.org/id/endowmentlevel/medium,Low,https://data.cooperationdatabank.org/vocab/prop/endowmentLevel,Endowment level,https://data.cooperationdatabank.org/id/endowmentlevel/low,Medium,https://data.cooperationdatabank.org/vocab/prop/discussion,Discussion,https://data.cooperationdatabank.org/id/discussion/0,Absent,https://data.cooperationdatabank.org/id/dependentvariable/contributions,negative,test,2.0,positive,higher,0.0,0.38271604938271603,0.0,0.6172839506172839,0.6172839506172839,"When comparing studies where endowment level is low and studies where endowment level is medium, cooperation is significantly higher when discussion is absent."
16533,https://data.cooperationdatabank.org/vocab/prop/Public_Goods_GameVariable,https://data.cooperationdatabank.org/vocab/prop/endowmentLevel,Endowment level,https://data.cooperationdatabank.org/id/endowmentlevel/medium,Low,https://data.cooperationdatabank.org/vocab/prop/endowmentLevel,Endowment level,https://data.cooperationdatabank.org/id/endowmentlevel/low,Medium,https://data.cooperationdatabank.org/vocab/prop/studyTrialOfCooperation,Trial of cooperation,https://data.cooperationdatabank.org/id/studytrialofcooperation/1,All trials,https://data.cooperationdatabank.org/id/dependentvariable/contributions,negative,test,2.0,positive,higher,0.0,0.38271604938271603,0.0,0.6172839506172839,0.6172839506172839,"When comparing studies where endowment level is low and studies where endowment level is medium, cooperation is significantly higher when trial of cooperation is all trials."
10728,https://data.cooperationdatabank.org/vocab/prop/Public_Goods_GameVariable,https://data.cooperationdatabank.org/vocab/prop/endowmentLevel,Endowment level,https://data.cooperationdatabank.org/id/endowmentlevel/medium,Low,https://data.cooperationdatabank.org/vocab/prop/endowmentLevel,Endowment level,https://data.cooperationdatabank.org/id/endowmentlevel/low,Medium,https://data.cooperationdatabank.org/vocab/prop/studyGameIncentive,Game incentive,https://data.cooperationdatabank.org/id/studygameincentive/1,Monetary,https://data.cooperationdatabank.org/id/dependentvariable/contributions,negative,test,2.0,positive,higher,0.0,0.38271604938271603,0.0,0.6172839506172839,0.6172839506172839,"When comparing studies where endowment level is low and studies where endowment level is medium, cooperation is significantly higher when game incentive is monetary."
10740,https://data.cooperationdatabank.org/vocab/prop/Public_Goods_GameVariable,https://data.cooperationdatabank.org/vocab/prop/endowmentLevel,Endowment level,https://data.cooperationdatabank.org/id/endowmentlevel/medium,Low,https://data.cooperationdatabank.org/vocab/prop/endowmentLevel,Endowment level,https://data.cooperationdatabank.org/id/endowmentlevel/low,Medium,https://data.cooperationdatabank.org/vocab/prop/studyAcquaintance,Acquaintance,https://data.cooperationdatabank.org/id/studyacquaintance/0,Strangers,https://data.cooperationdatabank.org/id/dependentvariable/contributions,negative,test,2.0,positive,higher,0.0,0.38271604938271603,0.0,0.6172839506172839,0.6172839506172839,"When comparing studies where endowment level is low and studies where endowment level is medium, cooperation is significantly higher when acquaintance is strangers."
44547,https://data.cooperationdatabank.org/vocab/prop/Public_Goods_GameVariable,https://data.cooperationdatabank.org/vocab/prop/endowmentLevel,Endowment level,https://data.cooperationdatabank.org/id/endowmentlevel/medium,Medium,https://data.cooperationdatabank.org/vocab/prop/endowmentLevel,Endowment level,https://data.cooperationdatabank.org/id/endowmentlevel/low,Low,https://data.cooperationdatabank.org/vocab/prop/studyAcquaintance,Acquaintance,https://data.cooperationdatabank.org/id/studyacquaintance/0,Strangers,https://data.cooperationdatabank.org/id/dependentvariable/contributions,positive,test,2.0,positive,higher,2.0,0.38271604938271603,0.0,0.6172839506172839,0.6172839506172839,"When comparing studies where endowment level is medium and studies where endowment level is low, cooperation is significantly higher when acquaintance is strangers."
10725,https://data.cooperationdatabank.org/vocab/prop/Public_Goods_GameVariable,https://data.cooperationdatabank.org/vocab/prop/endowmentLevel,Endowment level,https://data.cooperationdatabank.org/id/endowmentlevel/medium,Low,https://data.cooperationdatabank.org/vocab/prop/endowmentLevel,Endowment level,https://data.cooperationdatabank.org/id/endowmentlevel/low,Medium,https://data.cooperationdatabank.org/vocab/prop/studyAcquaintance,Acquaintance,https://data.cooperationdatabank.org/id/studyacquaintance/0,Strangers,https://data.cooperationdatabank.org/id/dependentvariable/contributions,negative,test,2.0,positive,higher,0.0,0.38271604938271603,0.0,0.6172839506172839,0.6172839506172839,"When comparing studies where endowment level is low and studies where endowment level is medium, cooperation is significantly higher when acquaintance is strangers."
11196,https://data.cooperationdatabank.org/vocab/prop/Public_Goods_GameVariable,https://data.cooperationdatabank.org/vocab/prop/endowmentLevel,Endowment level,https://data.cooperationdatabank.org/id/endowmentlevel/medium,Low,https://data.cooperationdatabank.org/vocab/prop/endowmentLevel,Endowment level,https://data.cooperationdatabank.org/id/endowmentlevel/low,Medium,https://data.cooperationdatabank.org/vocab/prop/studyTrialOfCooperation,Trial of cooperation,https://data.cooperationdatabank.org/id/studytrialofcooperation/1,All trials,https://data.cooperationdatabank.org/id/dependentvariable/contributions,positive,test,2.0,positive,higher,2.0,0.38271604938271603,0.0,0.6172839506172839,0.6172839506172839,"When comparing studies where endowment level is low and studies where endowment level is medium, cooperation is significantly higher when trial of cooperation is all trials."
16459,https://data.cooperationdatabank.org/vocab/prop/Public_Goods_GameVariable,https://data.cooperationdatabank.org/vocab/prop/endowmentLevel,Endowment level,https://data.cooperationdatabank.org/id/endowmentlevel/medium,Low,https://data.cooperationdatabank.org/vocab/prop/endowmentLevel,Endowment level,https://data.cooperationdatabank.org/id/endowmentlevel/low,Medium,https://data.cooperationdatabank.org/vocab/prop/discussion,Discussion,https://data.cooperationdatabank.org/id/discussion/0,Absent,https://data.cooperationdatabank.org/id/dependentvariable/contributions,positive,test,2.0,positive,higher,2.0,0.38271604938271603,0.0,0.6172839506172839,0.6172839506172839,"When comparing studies where endowment level is low and studies where endowment level is medium, cooperation is significantly higher when discussion is absent."
34219,https://data.cooperationdatabank.org/vocab/prop/Public_Goods_GameVariable,https://data.cooperationdatabank.org/vocab/prop/endowmentLevel,Endowment level,https://data.cooperationdatabank.org/id/endowmentlevel/medium,Low,https://data.cooperationdatabank.org/vocab/prop/endowmentLevel,Endowment level,https://data.cooperationdatabank.org/id/endowmentlevel/low,Medium,https://data.cooperationdatabank.org/vocab/prop/studyShowUpFee,Show-up fee,https://data.cooperationdatabank.org/id/studyshowupfee/1,Paid,https://data.cooperationdatabank.org/id/dependentvariable/contributions,positive,test,2.0,positive,higher,2.0,0.38271604938271603,0.0,0.6172839506172839,0.6172839506172839,"When comparing studies where endowment level is low and studies where endowment level is medium, cooperation is significantly higher when show-up fee is paid."
44466,https://data.cooperationdatabank.org/vocab/prop/Public_Goods_GameVariable,https://data.cooperationdatabank.org/vocab/prop/endowmentLevel,Endowment level,https://data.cooperationdatabank.org/id/endowmentlevel/low,High,https://data.cooperationdatabank.org/vocab/prop/endowmentLevel,Endowment level,https://data.cooperationdatabank.org/id/endowmentlevel/high,Low,https://data.cooperationdatabank.org/vocab/prop/studyAcademicDiscipline,Academic discipline,https://data.cooperationdatabank.org/id/studyacademicdiscipline/4,Mixed,https://data.cooperationdatabank.org/id/dependentvariable/contributions,negative,test,2.0,positive,higher,0.0,0.2,0.2,0.6,0.6,"When comparing studies where endowment level is high and studies where endowment level is low, cooperation is significantly higher when academic discipline is mixed."
9905,https://data.cooperationdatabank.org/vocab/prop/Public_Goods_GameVariable,https://data.cooperationdatabank.org/vocab/prop/endowmentLevel,Endowment level,https://data.cooperationdatabank.org/id/endowmentlevel/low,High,https://data.cooperationdatabank.org/vocab/prop/endowmentLevel,Endowment level,https://data.cooperationdatabank.org/id/endowmentlevel/high,Low,https://data.cooperationdatabank.org/vocab/prop/studyAcademicDiscipline,Academic discipline,https://data.cooperationdatabank.org/id/studyacademicdiscipline/4,Mixed,https://data.cooperationdatabank.org/id/dependentvariable/contributions,positive,test,2.0,positive,higher,2.0,0.2,0.2,0.6,0.6,"When comparing studies where endowment level is high and studies where endowment level is low, cooperation is significantly higher when academic discipline is mixed."
44541,https://data.cooperationdatabank.org/vocab/prop/Public_Goods_GameVariable,https://data.cooperationdatabank.org/vocab/prop/endowmentLevel,Endowment level,https://data.cooperationdatabank.org/id/endowmentlevel/medium,Medium,https://data.cooperationdatabank.org/vocab/prop/endowmentLevel,Endowment level,https://data.cooperationdatabank.org/id/endowmentlevel/low,Low,https://data.cooperationdatabank.org/vocab/prop/recruitmentMethod,Recruitment method,https://data.cooperationdatabank.org/id/recruitmentmethod/3,Other,https://data.cooperationdatabank.org/id/dependentvariable/contributions,positive,test,0.0,negative,lower,2.0,0.5714285714285714,0.0,0.42857142857142855,0.5714285714285714,"When comparing studies where endowment level is medium and studies where endowment level is low, cooperation is significantly lower when recruitment method is other."
11191,https://data.cooperationdatabank.org/vocab/prop/Public_Goods_GameVariable,https://data.cooperationdatabank.org/vocab/prop/endowmentLevel,Endowment level,https://data.cooperationdatabank.org/id/endowmentlevel/medium,Low,https://data.cooperationdatabank.org/vocab/prop/endowmentLevel,Endowment level,https://data.cooperationdatabank.org/id/endowmentlevel/low,Medium,https://data.cooperationdatabank.org/vocab/prop/studyExperimentalSetting,Experimental setting,https://data.cooperationdatabank.org/id/studyexperimentalsetting/2,Lab,https://data.cooperationdatabank.org/id/dependentvariable/contributions,positive,test,2.0,positive,higher,2.0,0.4318181818181818,0.0,0.5681818181818182,0.5681818181818182,"When comparing studies where endowment level is low and studies where endowment level is medium, cooperation is significantly higher when experimental setting is lab."
16448,https://data.cooperationdatabank.org/vocab/prop/Public_Goods_GameVariable,https://data.cooperationdatabank.org/vocab/prop/endowmentLevel,Endowment level,https://data.cooperationdatabank.org/id/endowmentlevel/medium,Low,https://data.cooperationdatabank.org/vocab/prop/endowmentLevel,Endowment level,https://data.cooperationdatabank.org/id/endowmentlevel/low,Medium,https://data.cooperationdatabank.org/vocab/prop/studyExperimentalSetting,Experimental setting,https://data.cooperationdatabank.org/id/studyexperimentalsetting/2,Lab,https://data.cooperationdatabank.org/id/dependentvariable/contributions,negative,test,2.0,positive,higher,0.0,0.4318181818181818,0.0,0.5681818181818182,0.5681818181818182,"When comparing studies where endowment level is low and studies where endowment level is medium, cooperation is significantly higher when experimental setting is lab."
16461,https://data.cooperationdatabank.org/vocab/prop/Public_Goods_GameVariable,https://data.cooperationdatabank.org/vocab/prop/endowmentLevel,Endowment level,https://data.cooperationdatabank.org/id/endowmentlevel/medium,Low,https://data.cooperationdatabank.org/vocab/prop/endowmentLevel,Endowment level,https://data.cooperationdatabank.org/id/endowmentlevel/low,Medium,https://data.cooperationdatabank.org/vocab/prop/studyAcademicDiscipline,Academic discipline,https://data.cooperationdatabank.org/id/studyacademicdiscipline/1,Economics,https://data.cooperationdatabank.org/id/dependentvariable/contributions,positive,test,2.0,positive,higher,2.0,0.4318181818181818,0.0,0.5681818181818182,0.5681818181818182,"When comparing studies where endowment level is low and studies where endowment level is medium, cooperation is significantly higher when academic discipline is economics."
42571,https://data.cooperationdatabank.org/vocab/prop/Public_Goods_GameVariable,https://data.cooperationdatabank.org/vocab/prop/endowmentLevel,Endowment level,https://data.cooperationdatabank.org/id/endowmentlevel/medium,Low,https://data.cooperationdatabank.org/vocab/prop/endowmentLevel,Endowment level,https://data.cooperationdatabank.org/id/endowmentlevel/low,Medium,https://data.cooperationdatabank.org/vocab/prop/studyContinuousPGG,Continuous vs step-level public goods,https://data.cooperationdatabank.org/id/studycontinuouspgg/1,Continuous,https://data.cooperationdatabank.org/id/dependentvariable/contributions,positive,test,2.0,positive,higher,2.0,0.4318181818181818,0.0,0.5681818181818182,0.5681818181818182,"When comparing studies where endowment level is low and studies where endowment level is medium, cooperation is significantly higher when continuous vs step-level public goods is continuous."
16525,https://data.cooperationdatabank.org/vocab/prop/Public_Goods_GameVariable,https://data.cooperationdatabank.org/vocab/prop/endowmentLevel,Endowment level,https://data.cooperationdatabank.org/id/endowmentlevel/medium,Low,https://data.cooperationdatabank.org/vocab/prop/endowmentLevel,Endowment level,https://data.cooperationdatabank.org/id/endowmentlevel/low,Medium,https://data.cooperationdatabank.org/vocab/prop/studyAcademicDiscipline,Academic discipline,https://data.cooperationdatabank.org/id/studyacademicdiscipline/1,Economics,https://data.cooperationdatabank.org/id/dependentvariable/contributions,negative,test,2.0,positive,higher,0.0,0.4318181818181818,0.0,0.5681818181818182,0.5681818181818182,"When comparing studies where endowment level is low and studies where endowment level is medium, cooperation is significantly higher when academic discipline is economics."
16445,https://data.cooperationdatabank.org/vocab/prop/Public_Goods_GameVariable,https://data.cooperationdatabank.org/vocab/prop/endowmentLevel,Endowment level,https://data.cooperationdatabank.org/id/endowmentlevel/medium,Low,https://data.cooperationdatabank.org/vocab/prop/endowmentLevel,Endowment level,https://data.cooperationdatabank.org/id/endowmentlevel/low,Medium,https://data.cooperationdatabank.org/vocab/prop/studyAcademicDiscipline,Academic discipline,https://data.cooperationdatabank.org/id/studyacademicdiscipline/1,Economics,https://data.cooperationdatabank.org/id/dependentvariable/contributions,negative,test,2.0,positive,higher,0.0,0.4318181818181818,0.0,0.5681818181818182,0.5681818181818182,"When comparing studies where endowment level is low and studies where endowment level is medium, cooperation is significantly higher when academic discipline is economics."
29860,https://data.cooperationdatabank.org/vocab/prop/Public_Goods_GameVariable,https://data.cooperationdatabank.org/vocab/prop/endowmentLevel,Endowment level,https://data.cooperationdatabank.org/id/endowmentlevel/medium,Low,https://data.cooperationdatabank.org/vocab/prop/endowmentLevel,Endowment level,https://data.cooperationdatabank.org/id/endowmentlevel/low,Medium,https://data.cooperationdatabank.org/vocab/prop/studyExperimentalSetting,Experimental setting,https://data.cooperationdatabank.org/id/studyexperimentalsetting/2,Lab,https://data.cooperationdatabank.org/id/dependentvariable/contributions,positive,test,2.0,positive,higher,2.0,0.4318181818181818,0.0,0.5681818181818182,0.5681818181818182,"When comparing studies where endowment level is low and studies where endowment level is medium, cooperation is significantly higher when experimental setting is lab."
16547,https://data.cooperationdatabank.org/vocab/prop/Public_Goods_GameVariable,https://data.cooperationdatabank.org/vocab/prop/endowmentLevel,Endowment level,https://data.cooperationdatabank.org/id/endowmentlevel/medium,Low,https://data.cooperationdatabank.org/vocab/prop/endowmentLevel,Endowment level,https://data.cooperationdatabank.org/id/endowmentlevel/low,Medium,https://data.cooperationdatabank.org/vocab/prop/studyOneShot,One-shot vs repeated,https://data.cooperationdatabank.org/id/studyoneshot/1,One-shot,https://data.cooperationdatabank.org/id/dependentvariable/contributions,negative,test,0.0,negative,lower,0.0,0.5454545454545454,0.0,0.45454545454545453,0.5454545454545454,"When comparing studies where endowment level is low and studies where endowment level is medium, cooperation is significantly lower when one-shot vs repeated is one-shot."
16467,https://data.cooperationdatabank.org/vocab/prop/Public_Goods_GameVariable,https://data.cooperationdatabank.org/vocab/prop/endowmentLevel,Endowment level,https://data.cooperationdatabank.org/id/endowmentlevel/medium,Low,https://data.cooperationdatabank.org/vocab/prop/endowmentLevel,Endowment level,https://data.cooperationdatabank.org/id/endowmentlevel/low,Medium,https://data.cooperationdatabank.org/vocab/prop/studyOneShot,One-shot vs repeated,https://data.cooperationdatabank.org/id/studyoneshot/1,One-shot,https://data.cooperationdatabank.org/id/dependentvariable/contributions,positive,test,0.0,negative,lower,2.0,0.5454545454545454,0.0,0.45454545454545453,0.5454545454545454,"When comparing studies where endowment level is low and studies where endowment level is medium, cooperation is significantly lower when one-shot vs repeated is one-shot."
34217,https://data.cooperationdatabank.org/vocab/prop/Public_Goods_GameVariable,https://data.cooperationdatabank.org/vocab/prop/endowmentLevel,Endowment level,https://data.cooperationdatabank.org/id/endowmentlevel/medium,Low,https://data.cooperationdatabank.org/vocab/prop/endowmentLevel,Endowment level,https://data.cooperationdatabank.org/id/endowmentlevel/low,Medium,https://data.cooperationdatabank.org/vocab/prop/yearSource,Source of year of data collection,https://data.cooperationdatabank.org/id/yearsource/4,Received/Submitted,https://data.cooperationdatabank.org/id/dependentvariable/contributions,positive,test,0.0,negative,lower,2.0,0.5384615384615384,0.0,0.46153846153846156,0.5384615384615384,"When comparing studies where endowment level is low and studies where endowment level is medium, cooperation is significantly lower when source of year of data collection is submitted."
44548,https://data.cooperationdatabank.org/vocab/prop/Public_Goods_GameVariable,https://data.cooperationdatabank.org/vocab/prop/endowmentLevel,Endowment level,https://data.cooperationdatabank.org/id/endowmentlevel/medium,Medium,https://data.cooperationdatabank.org/vocab/prop/endowmentLevel,Endowment level,https://data.cooperationdatabank.org/id/endowmentlevel/low,Low,https://data.cooperationdatabank.org/vocab/prop/studyDilemmaType,Game type,https://data.cooperationdatabank.org/id/studydilemmatype/2,Public Goods Game,https://data.cooperationdatabank.org/id/dependentvariable/contributions,positive,test,2.0,positive,higher,2.0,0.47058823529411764,0.0,0.5294117647058824,0.5294117647058824,"When comparing studies where endowment level is medium and studies where endowment level is low, cooperation is significantly higher when game type is public goods game."
42559,https://data.cooperationdatabank.org/vocab/prop/Public_Goods_GameVariable,https://data.cooperationdatabank.org/vocab/prop/endowmentLevel,Endowment level,https://data.cooperationdatabank.org/id/endowmentlevel/medium,Low,https://data.cooperationdatabank.org/vocab/prop/endowmentLevel,Endowment level,https://data.cooperationdatabank.org/id/endowmentlevel/low,Medium,https://data.cooperationdatabank.org/vocab/prop/countrySource,Source of country or region,https://data.cooperationdatabank.org/id/countrysource/1,Specified country,https://data.cooperationdatabank.org/id/dependentvariable/contributions,positive,test,0.0,negative,lower,2.0,0.5294117647058824,0.0,0.47058823529411764,0.5294117647058824,"When comparing studies where endowment level is low and studies where endowment level is medium, cooperation is significantly lower when source of country or region is specified country."
11174,https://data.cooperationdatabank.org/vocab/prop/Public_Goods_GameVariable,https://data.cooperationdatabank.org/vocab/prop/endowmentLevel,Endowment level,https://data.cooperationdatabank.org/id/endowmentlevel/medium,Low,https://data.cooperationdatabank.org/vocab/prop/endowmentLevel,Endowment level,https://data.cooperationdatabank.org/id/endowmentlevel/low,Medium,https://data.cooperationdatabank.org/vocab/prop/studyDilemmaType,Game type,https://data.cooperationdatabank.org/id/studydilemmatype/2,Public Goods Game,https://data.cooperationdatabank.org/id/dependentvariable/contributions,negative,test,2.0,positive,higher,0.0,0.47058823529411764,0.0,0.5294117647058824,0.5294117647058824,"When comparing studies where endowment level is low and studies where endowment level is medium, cooperation is significantly higher when game type is public goods game."
11249,https://data.cooperationdatabank.org/vocab/prop/Public_Goods_GameVariable,https://data.cooperationdatabank.org/vocab/prop/endowmentLevel,Endowment level,https://data.cooperationdatabank.org/id/endowmentlevel/medium,Low,https://data.cooperationdatabank.org/vocab/prop/endowmentLevel,Endowment level,https://data.cooperationdatabank.org/id/endowmentlevel/low,Medium,https://data.cooperationdatabank.org/vocab/prop/countrySource,Source of country or region,https://data.cooperationdatabank.org/id/countrysource/1,Specified country,https://data.cooperationdatabank.org/id/dependentvariable/contributions,positive,test,0.0,negative,lower,2.0,0.5294117647058824,0.0,0.47058823529411764,0.5294117647058824,"When comparing studies where endowment level is low and studies where endowment level is medium, cooperation is significantly lower when source of country or region is specified country."
11350,https://data.cooperationdatabank.org/vocab/prop/Public_Goods_GameVariable,https://data.cooperationdatabank.org/vocab/prop/endowmentLevel,Endowment level,https://data.cooperationdatabank.org/id/endowmentlevel/medium,Low,https://data.cooperationdatabank.org/vocab/prop/endowmentLevel,Endowment level,https://data.cooperationdatabank.org/id/endowmentlevel/low,Medium,https://data.cooperationdatabank.org/vocab/prop/studyDilemmaType,Game type,https://data.cooperationdatabank.org/id/studydilemmatype/2,Public Goods Game,https://data.cooperationdatabank.org/id/dependentvariable/contributions,positive,test,2.0,positive,higher,2.0,0.47058823529411764,0.0,0.5294117647058824,0.5294117647058824,"When comparing studies where endowment level is low and studies where endowment level is medium, cooperation is significantly higher when game type is public goods game."
36135,https://data.cooperationdatabank.org/vocab/prop/Public_Goods_GameVariable,https://data.cooperationdatabank.org/vocab/prop/endowmentLevel,Endowment level,https://data.cooperationdatabank.org/id/endowmentlevel/medium,Low,https://data.cooperationdatabank.org/vocab/prop/endowmentLevel,Endowment level,https://data.cooperationdatabank.org/id/endowmentlevel/low,Medium,https://data.cooperationdatabank.org/vocab/prop/studyDilemmaType,Game type,https://data.cooperationdatabank.org/id/studydilemmatype/2,Public Goods Game,https://data.cooperationdatabank.org/id/dependentvariable/contributions,positive,test,2.0,positive,higher,2.0,0.47058823529411764,0.0,0.5294117647058824,0.5294117647058824,"When comparing studies where endowment level is low and studies where endowment level is medium, cooperation is significantly higher when game type is public goods game."
26430,https://data.cooperationdatabank.org/vocab/prop/Public_Goods_GameVariable,https://data.cooperationdatabank.org/vocab/prop/mPCRlevel,MPCR level,https://data.cooperationdatabank.org/id/mpcrlevel/medium,High,https://data.cooperationdatabank.org/vocab/prop/mPCRlevel,MPCR level,https://data.cooperationdatabank.org/id/mpcrlevel/high,Medium,https://data.cooperationdatabank.org/vocab/prop/studyMatchingProtocol,Matching,https://data.cooperationdatabank.org/id/studymatchingprotocol/2,Partner,https://data.cooperationdatabank.org/id/dependentvariable/cooperation,negative,test,0.0,negative,lower,0.0,0.5,0.5,0.0,0.5,"When comparing studies where mpcr level is high and studies where mpcr level is medium, cooperation is significantly lower when matching is partner."
26443,https://data.cooperationdatabank.org/vocab/prop/Public_Goods_GameVariable,https://data.cooperationdatabank.org/vocab/prop/endowmentLevel,Endowment level,https://data.cooperationdatabank.org/id/endowmentlevel/medium,Low,https://data.cooperationdatabank.org/vocab/prop/endowmentLevel,Endowment level,https://data.cooperationdatabank.org/id/endowmentlevel/low,Medium,https://data.cooperationdatabank.org/vocab/prop/studyShowUpFee,Show-up fee,https://data.cooperationdatabank.org/id/studyshowupfee/2,Course credit,https://data.cooperationdatabank.org/id/dependentvariable/cooperation,negative,test,0.0,negative,lower,0.0,0.5,0.5,0.0,0.5,"When comparing studies where endowment level is low and studies where endowment level is medium, cooperation is significantly lower when show-up fee is course credit."
11279,https://data.cooperationdatabank.org/vocab/prop/Public_Goods_GameVariable,https://data.cooperationdatabank.org/vocab/prop/endowmentLevel,Endowment level,https://data.cooperationdatabank.org/id/endowmentlevel/medium,Low,https://data.cooperationdatabank.org/vocab/prop/endowmentLevel,Endowment level,https://data.cooperationdatabank.org/id/endowmentlevel/low,Medium,https://data.cooperationdatabank.org/vocab/prop/recruitmentMethod,Recruitment method,https://data.cooperationdatabank.org/id/recruitmentmethod/1,Participant pool,https://data.cooperationdatabank.org/id/dependentvariable/contributions,positive,test,0.0,negative,lower,2.0,0.5,0.0,0.5,0.5,"When comparing studies where endowment level is low and studies where endowment level is medium, cooperation is significantly lower when recruitment method is participant pool."
29868,https://data.cooperationdatabank.org/vocab/prop/Public_Goods_GameVariable,https://data.cooperationdatabank.org/vocab/prop/endowmentLevel,Endowment level,https://data.cooperationdatabank.org/id/endowmentlevel/medium,Low,https://data.cooperationdatabank.org/vocab/prop/endowmentLevel,Endowment level,https://data.cooperationdatabank.org/id/endowmentlevel/low,Medium,https://data.cooperationdatabank.org/vocab/prop/recruitmentMethod,Recruitment method,https://data.cooperationdatabank.org/id/recruitmentmethod/1,Participant pool,https://data.cooperationdatabank.org/id/dependentvariable/contributions,positive,test,0.0,negative,lower,2.0,0.5,0.0,0.5,0.5,"When comparing studies where endowment level is low and studies where endowment level is medium, cooperation is significantly lower when recruitment method is participant pool."
29870,https://data.cooperationdatabank.org/vocab/prop/Public_Goods_GameVariable,https://data.cooperationdatabank.org/vocab/prop/endowmentLevel,Endowment level,https://data.cooperationdatabank.org/id/endowmentlevel/low,Low,https://data.cooperationdatabank.org/vocab/prop/endowmentLevel,Endowment level,https://data.cooperationdatabank.org/id/endowmentlevel/high,High,https://data.cooperationdatabank.org/vocab/prop/countrySource,Source of country or region,https://data.cooperationdatabank.org/id/countrysource/3,All authors,https://data.cooperationdatabank.org/id/dependentvariable/contributions,negative,test,0.0,negative,lower,0.0,0.5,0.0,0.5,0.5,"When comparing studies where endowment level is low and studies where endowment level is high, cooperation is significantly lower when source of country or region is all authors."
36129,https://data.cooperationdatabank.org/vocab/prop/Public_Goods_GameVariable,https://data.cooperationdatabank.org/vocab/prop/endowmentLevel,Endowment level,https://data.cooperationdatabank.org/id/endowmentlevel/medium,Low,https://data.cooperationdatabank.org/vocab/prop/endowmentLevel,Endowment level,https://data.cooperationdatabank.org/id/endowmentlevel/low,Medium,https://data.cooperationdatabank.org/vocab/prop/recruitmentMethod,Recruitment method,https://data.cooperationdatabank.org/id/recruitmentmethod/1,Participant pool,https://data.cooperationdatabank.org/id/dependentvariable/contributions,positive,test,0.0,negative,lower,2.0,0.5,0.0,0.5,0.5,"When comparing studies where endowment level is low and studies where endowment level is medium, cooperation is significantly lower when recruitment method is participant pool."
10736,https://data.cooperationdatabank.org/vocab/prop/Public_Goods_GameVariable,https://data.cooperationdatabank.org/vocab/prop/endowmentLevel,Endowment level,https://data.cooperationdatabank.org/id/endowmentlevel/medium,Low,https://data.cooperationdatabank.org/vocab/prop/endowmentLevel,Endowment level,https://data.cooperationdatabank.org/id/endowmentlevel/low,Medium,https://data.cooperationdatabank.org/vocab/prop/country,has country,https://data.cooperationdatabank.org/id/country/USA,USA,https://data.cooperationdatabank.org/id/dependentvariable/contributions,negative,test,0.0,negative,lower,0.0,0.5,0.0,0.5,0.5,"When comparing studies where endowment level is low and studies where endowment level is medium, cooperation is significantly lower when has country is usa."
11347,https://data.cooperationdatabank.org/vocab/prop/Public_Goods_GameVariable,https://data.cooperationdatabank.org/vocab/prop/endowmentLevel,Endowment level,https://data.cooperationdatabank.org/id/endowmentlevel/medium,Low,https://data.cooperationdatabank.org/vocab/prop/endowmentLevel,Endowment level,https://data.cooperationdatabank.org/id/endowmentlevel/low,Medium,https://data.cooperationdatabank.org/vocab/prop/publicationStatus,Published,https://data.cooperationdatabank.org/id/publicationstatus/4,Working paper,https://data.cooperationdatabank.org/id/dependentvariable/contributions,positive,test,0.0,negative,lower,2.0,0.5,0.0,0.5,0.5,"When comparing studies where endowment level is low and studies where endowment level is medium, cooperation is significantly lower when published is working paper."
39224,https://data.cooperationdatabank.org/vocab/prop/Public_Goods_GameVariable,https://data.cooperationdatabank.org/vocab/prop/mPCRlevel,MPCR level,https://data.cooperationdatabank.org/id/mpcrlevel/medium,Medium,https://data.cooperationdatabank.org/vocab/prop/mPCRlevel,MPCR level,https://data.cooperationdatabank.org/id/mpcrlevel/high,High,https://data.cooperationdatabank.org/vocab/prop/studyMatchingProtocol,Matching,https://data.cooperationdatabank.org/id/studymatchingprotocol/2,Partner,https://data.cooperationdatabank.org/id/dependentvariable/cooperation,negative,test,0.0,negative,lower,0.0,0.5,0.5,0.0,0.5,"When comparing studies where mpcr level is medium and studies where mpcr level is high, cooperation is significantly lower when matching is partner."
10735,https://data.cooperationdatabank.org/vocab/prop/Public_Goods_GameVariable,https://data.cooperationdatabank.org/vocab/prop/endowmentLevel,Endowment level,https://data.cooperationdatabank.org/id/endowmentlevel/medium,Low,https://data.cooperationdatabank.org/vocab/prop/endowmentLevel,Endowment level,https://data.cooperationdatabank.org/id/endowmentlevel/low,Medium,https://data.cooperationdatabank.org/vocab/prop/recruitmentMethod,Recruitment method,https://data.cooperationdatabank.org/id/recruitmentmethod/1,Participant pool,https://data.cooperationdatabank.org/id/dependentvariable/contributions,negative,test,0.0,negative,lower,0.0,0.5,0.0,0.5,0.5,"When comparing studies where endowment level is low and studies where endowment level is medium, cooperation is significantly lower when recruitment method is participant pool."
40615,https://data.cooperationdatabank.org/vocab/prop/Public_Goods_GameVariable,https://data.cooperationdatabank.org/vocab/prop/endowmentLevel,Endowment level,https://data.cooperationdatabank.org/id/endowmentlevel/medium,Medium,https://data.cooperationdatabank.org/vocab/prop/endowmentLevel,Endowment level,https://data.cooperationdatabank.org/id/endowmentlevel/low,Low,https://data.cooperationdatabank.org/vocab/prop/studyExperimentalSetting,Experimental setting,https://data.cooperationdatabank.org/id/studyexperimentalsetting/2,Lab,https://data.cooperationdatabank.org/id/dependentvariable/cooperation,noEffect,test,0.0,negative,lower,1.0,0.5,0.5,0.0,0.5,"When comparing studies where endowment level is medium and studies where endowment level is low, cooperation is significantly lower when experimental setting is lab."
6996,https://data.cooperationdatabank.org/vocab/prop/Public_Goods_GameVariable,https://data.cooperationdatabank.org/vocab/prop/mPCRlevel,MPCR level,https://data.cooperationdatabank.org/id/mpcrlevel/low,Low,https://data.cooperationdatabank.org/vocab/prop/mPCRlevel,MPCR level,https://data.cooperationdatabank.org/id/mpcrlevel/medium,Medium,https://data.cooperationdatabank.org/vocab/prop/studyShowUpFee,Show-up fee,https://data.cooperationdatabank.org/id/studyshowupfee/1,Paid,https://data.cooperationdatabank.org/id/dependentvariable/contributions,negative,test,0.0,negative,lower,0.0,0.5,0.5,0.0,0.5,"When comparing studies where mpcr level is low and studies where mpcr level is medium, cooperation is significantly lower when show-up fee is paid."
40625,https://data.cooperationdatabank.org/vocab/prop/Public_Goods_GameVariable,https://data.cooperationdatabank.org/vocab/prop/endowmentLevel,Endowment level,https://data.cooperationdatabank.org/id/endowmentlevel/medium,Medium,https://data.cooperationdatabank.org/vocab/prop/endowmentLevel,Endowment level,https://data.cooperationdatabank.org/id/endowmentlevel/low,Low,https://data.cooperationdatabank.org/vocab/prop/studyTrialOfCooperation,Trial of cooperation,https://data.cooperationdatabank.org/id/studytrialofcooperation/1,All trials,https://data.cooperationdatabank.org/id/dependentvariable/cooperation,noEffect,test,0.0,negative,lower,1.0,0.5,0.5,0.0,0.5,"When comparing studies where endowment level is medium and studies where endowment level is low, cooperation is significantly lower when trial of cooperation is all trials."
2666,https://data.cooperationdatabank.org/vocab/prop/Public_Goods_GameVariable,https://data.cooperationdatabank.org/vocab/prop/endowmentLevel,Endowment level,https://data.cooperationdatabank.org/id/endowmentlevel/medium,Medium,https://data.cooperationdatabank.org/vocab/prop/endowmentLevel,Endowment level,https://data.cooperationdatabank.org/id/endowmentlevel/high,High,https://data.cooperationdatabank.org/vocab/prop/country,has country,https://data.cooperationdatabank.org/id/country/GBR,GBR,https://data.cooperationdatabank.org/id/dependentvariable/contributions,noEffect,test,0.0,negative,lower,1.0,0.3333333333333333,0.3333333333333333,0.3333333333333333,0.3333333333333333,"When comparing studies where endowment level is medium and studies where endowment level is high, cooperation is significantly lower when has country is gbr."
