,giv_prop,iv,iv_label,cat_t1,cat_t1_label,iv.1,iv_label.1,cat_t2,cat_t2_label,mod,mod_label,mod_val,mod_val_label,dependent,effect,td,pred_num,pred_readable,comparative,pred_true,score_0,score_1,score_2,max_score,hypothesis
17260,https://data.cooperationdatabank.org/vocab/prop/Resource_Dilemma_GameVariable,https://data.cooperationdatabank.org/vocab/prop/replenishmentRateLevel,Replenishment rate level,https://data.cooperationdatabank.org/id/replenishmentratelevel/high,High,https://data.cooperationdatabank.org/vocab/prop/replenishmentRateLevel,Replenishment rate level,https://data.cooperationdatabank.org/id/replenishmentratelevel/low,Low,https://data.cooperationdatabank.org/vocab/prop/country,has country,https://data.cooperationdatabank.org/id/country/DEU,DEU,https://data.cooperationdatabank.org/id/dependentvariable/withdrawals,positive,test,2.0,positive,higher,2.0,0.0,0.0,1.0,1.0,"When comparing studies where replenishment rate level is high and studies where replenishment rate level is low, cooperation is significantly higher when has country is deu."
32900,https://data.cooperationdatabank.org/vocab/prop/Resource_Dilemma_GameVariable,https://data.cooperationdatabank.org/vocab/prop/resourceSizeLevel,Resource size level,https://data.cooperationdatabank.org/id/resourcesizelevel/low,Low,https://data.cooperationdatabank.org/vocab/prop/resourceSizeLevel,Resource size level,https://data.cooperationdatabank.org/id/resourcesizelevel/high,High,https://data.cooperationdatabank.org/vocab/prop/studyDilemmaType,Game type,https://data.cooperationdatabank.org/id/studydilemmatype/3,Resource Dilemma,https://data.cooperationdatabank.org/id/dependentvariable/withdrawals,positive,test,0.0,negative,lower,2.0,1.0,0.0,0.0,1.0,"When comparing studies where resource size level is low and studies where resource size level is high, cooperation is significantly lower when game type is resource dilemma."
32916,https://data.cooperationdatabank.org/vocab/prop/Resource_Dilemma_GameVariable,https://data.cooperationdatabank.org/vocab/prop/resourceSizeLevel,Resource size level,https://data.cooperationdatabank.org/id/resourcesizelevel/medium,Medium,https://data.cooperationdatabank.org/vocab/prop/resourceSizeLevel,Resource size level,https://data.cooperationdatabank.org/id/resourcesizelevel/high,High,https://data.cooperationdatabank.org/vocab/prop/studyExperimentalSetting,Experimental setting,https://data.cooperationdatabank.org/id/studyexperimentalsetting/2,Lab,https://data.cooperationdatabank.org/id/dependentvariable/withdrawals,positive,test,2.0,positive,higher,2.0,0.0,0.0,1.0,1.0,"When comparing studies where resource size level is medium and studies where resource size level is high, cooperation is significantly higher when experimental setting is lab."
37524,https://data.cooperationdatabank.org/vocab/prop/Resource_Dilemma_GameVariable,https://data.cooperationdatabank.org/vocab/prop/resourceSizeLevel,Resource size level,https://data.cooperationdatabank.org/id/resourcesizelevel/low,Low,https://data.cooperationdatabank.org/vocab/prop/resourceSizeLevel,Resource size level,https://data.cooperationdatabank.org/id/resourcesizelevel/high,High,https://data.cooperationdatabank.org/vocab/prop/studyDilemmaType,Game type,https://data.cooperationdatabank.org/id/studydilemmatype/3,Resource Dilemma,https://data.cooperationdatabank.org/id/dependentvariable/withdrawals,noEffect,test,0.0,negative,lower,1.0,1.0,0.0,0.0,1.0,"When comparing studies where resource size level is low and studies where resource size level is high, cooperation is significantly lower when game type is resource dilemma."
37526,https://data.cooperationdatabank.org/vocab/prop/Resource_Dilemma_GameVariable,https://data.cooperationdatabank.org/vocab/prop/resourceSizeLevel,Resource size level,https://data.cooperationdatabank.org/id/resourcesizelevel/low,Low,https://data.cooperationdatabank.org/vocab/prop/resourceSizeLevel,Resource size level,https://data.cooperationdatabank.org/id/resourcesizelevel/high,High,https://data.cooperationdatabank.org/vocab/prop/studyGameIncentive,Game incentive,https://data.cooperationdatabank.org/id/studygameincentive/1,Monetary,https://data.cooperationdatabank.org/id/dependentvariable/withdrawals,noEffect,test,2.0,positive,higher,1.0,0.0,0.0,1.0,1.0,"When comparing studies where resource size level is low and studies where resource size level is high, cooperation is significantly higher when game incentive is monetary."
37530,https://data.cooperationdatabank.org/vocab/prop/Resource_Dilemma_GameVariable,https://data.cooperationdatabank.org/vocab/prop/resourceSizeLevel,Resource size level,https://data.cooperationdatabank.org/id/resourcesizelevel/low,Low,https://data.cooperationdatabank.org/vocab/prop/resourceSizeLevel,Resource size level,https://data.cooperationdatabank.org/id/resourcesizelevel/high,High,https://data.cooperationdatabank.org/vocab/prop/studyTrialOfCooperation,Trial of cooperation,https://data.cooperationdatabank.org/id/studytrialofcooperation/1,All trials,https://data.cooperationdatabank.org/id/dependentvariable/withdrawals,noEffect,test,0.0,negative,lower,1.0,1.0,0.0,0.0,1.0,"When comparing studies where resource size level is low and studies where resource size level is high, cooperation is significantly lower when trial of cooperation is all trials."
37531,https://data.cooperationdatabank.org/vocab/prop/Resource_Dilemma_GameVariable,https://data.cooperationdatabank.org/vocab/prop/resourceSizeLevel,Resource size level,https://data.cooperationdatabank.org/id/resourcesizelevel/low,Low,https://data.cooperationdatabank.org/vocab/prop/resourceSizeLevel,Resource size level,https://data.cooperationdatabank.org/id/resourcesizelevel/high,High,https://data.cooperationdatabank.org/vocab/prop/yearSource,Source of year of data collection,https://data.cooperationdatabank.org/id/yearsource/3,Working paper published,https://data.cooperationdatabank.org/id/dependentvariable/withdrawals,noEffect,test,0.0,negative,lower,1.0,1.0,0.0,0.0,1.0,"When comparing studies where resource size level is low and studies where resource size level is high, cooperation is significantly lower when source of year of data collection is working paper published."
