,giv_prop,iv,iv_label,cat_t1,cat_t1_label,iv.1,iv_label.1,cat_t2,cat_t2_label,mod,mod_label,mod_val,mod_val_label,dependent,effect,td,pred_num,pred_readable,comparative,pred_true,score_0,score_1,score_2,max_score,hypothesis
10833,https://data.cooperationdatabank.org/vocab/prop/RewardVariable,https://data.cooperationdatabank.org/vocab/prop/rewardTreatment,Reward treatment,https://data.cooperationdatabank.org/id/rewardtreatment/1,1,https://data.cooperationdatabank.org/vocab/prop/rewardTreatment,Reward treatment,https://data.cooperationdatabank.org/id/rewardtreatment/-1,-1,https://data.cooperationdatabank.org/vocab/prop/studyAcquaintance,Acquaintance,https://data.cooperationdatabank.org/id/studyacquaintance/0,Strangers,https://data.cooperationdatabank.org/id/dependentvariable/cooperation,positive,test,2.0,positive,higher,2.0,0.0,0.0,1.0,1.0,"When comparing studies where reward treatment is 1 and studies where reward treatment is -1, cooperation is significantly higher when acquaintance is strangers."
10850,https://data.cooperationdatabank.org/vocab/prop/RewardVariable,https://data.cooperationdatabank.org/vocab/prop/rewardTreatment,Reward treatment,https://data.cooperationdatabank.org/id/rewardtreatment/1,1,https://data.cooperationdatabank.org/vocab/prop/rewardTreatment,Reward treatment,https://data.cooperationdatabank.org/id/rewardtreatment/-1,-1,https://data.cooperationdatabank.org/vocab/prop/studyDilemmaType,Game type,https://data.cooperationdatabank.org/id/studydilemmatype/2,Public Goods Game,https://data.cooperationdatabank.org/id/dependentvariable/cooperation,positive,test,2.0,positive,higher,2.0,0.0,0.0,1.0,1.0,"When comparing studies where reward treatment is 1 and studies where reward treatment is -1, cooperation is significantly higher when game type is public goods game."
29035,https://data.cooperationdatabank.org/vocab/prop/RewardVariable,https://data.cooperationdatabank.org/vocab/prop/rewardTreatment,Reward treatment,https://data.cooperationdatabank.org/id/rewardtreatment/-1,-1,https://data.cooperationdatabank.org/vocab/prop/rewardTreatment,Reward treatment,https://data.cooperationdatabank.org/id/rewardtreatment/0,0,https://data.cooperationdatabank.org/vocab/prop/recruitmentMethod,Recruitment method,https://data.cooperationdatabank.org/id/recruitmentmethod/3,Other,https://data.cooperationdatabank.org/id/dependentvariable/cooperation,noEffect,test,0.0,negative,lower,1.0,1.0,0.0,0.0,1.0,"When comparing studies where reward treatment is -1 and studies where reward treatment is 0, cooperation is significantly lower when recruitment method is other."
11408,https://data.cooperationdatabank.org/vocab/prop/RewardVariable,https://data.cooperationdatabank.org/vocab/prop/rewardTreatment,Reward treatment,https://data.cooperationdatabank.org/id/rewardtreatment/1,-1,https://data.cooperationdatabank.org/vocab/prop/rewardTreatment,Reward treatment,https://data.cooperationdatabank.org/id/rewardtreatment/-1,1,https://data.cooperationdatabank.org/vocab/prop/country,has country,https://data.cooperationdatabank.org/id/country/ITA,ITA,https://data.cooperationdatabank.org/id/dependentvariable/contributions,positive,test,2.0,positive,higher,2.0,0.0,0.0,1.0,1.0,"When comparing studies where reward treatment is -1 and studies where reward treatment is 1, cooperation is significantly higher when has country is ita."
22053,https://data.cooperationdatabank.org/vocab/prop/RewardVariable,https://data.cooperationdatabank.org/vocab/prop/rewardTreatment,Reward treatment,https://data.cooperationdatabank.org/id/rewardtreatment/1,1,https://data.cooperationdatabank.org/vocab/prop/rewardTreatment,Reward treatment,https://data.cooperationdatabank.org/id/rewardtreatment/-1,-1,https://data.cooperationdatabank.org/vocab/prop/studyAcquaintance,Acquaintance,https://data.cooperationdatabank.org/id/studyacquaintance/0,Strangers,https://data.cooperationdatabank.org/id/dependentvariable/cooperation,noEffect,test,2.0,positive,higher,1.0,0.0,0.0,1.0,1.0,"When comparing studies where reward treatment is 1 and studies where reward treatment is -1, cooperation is significantly higher when acquaintance is strangers."
4026,https://data.cooperationdatabank.org/vocab/prop/RewardVariable,https://data.cooperationdatabank.org/vocab/prop/rewardTreatment,Reward treatment,https://data.cooperationdatabank.org/id/rewardtreatment/1,-1,https://data.cooperationdatabank.org/vocab/prop/rewardTreatment,Reward treatment,https://data.cooperationdatabank.org/id/rewardtreatment/-1,1,https://data.cooperationdatabank.org/vocab/prop/country,has country,https://data.cooperationdatabank.org/id/country/DEU,DEU,https://data.cooperationdatabank.org/id/dependentvariable/contributions,positive,test,2.0,positive,higher,2.0,0.0,0.0,1.0,1.0,"When comparing studies where reward treatment is -1 and studies where reward treatment is 1, cooperation is significantly higher when has country is deu."
22206,https://data.cooperationdatabank.org/vocab/prop/RewardVariable,https://data.cooperationdatabank.org/vocab/prop/rewardTreatment,Reward treatment,https://data.cooperationdatabank.org/id/rewardtreatment/-1,0,https://data.cooperationdatabank.org/vocab/prop/rewardTreatment,Reward treatment,https://data.cooperationdatabank.org/id/rewardtreatment/0,-1,https://data.cooperationdatabank.org/vocab/prop/studyRealPartner,Real partner,https://data.cooperationdatabank.org/id/studyrealpartner/2,Deception,https://data.cooperationdatabank.org/id/dependentvariable/cooperation,negative,test,0.0,negative,lower,0.0,1.0,0.0,0.0,1.0,"When comparing studies where reward treatment is 0 and studies where reward treatment is -1, cooperation is significantly lower when real partner is deception."
23176,https://data.cooperationdatabank.org/vocab/prop/RewardVariable,https://data.cooperationdatabank.org/vocab/prop/rewardTreatment,Reward treatment,https://data.cooperationdatabank.org/id/rewardtreatment/1,0,https://data.cooperationdatabank.org/vocab/prop/rewardTreatment,Reward treatment,https://data.cooperationdatabank.org/id/rewardtreatment/0,1,https://data.cooperationdatabank.org/vocab/prop/country,has country,https://data.cooperationdatabank.org/id/country/NLD,NLD,https://data.cooperationdatabank.org/id/dependentvariable/contributions,negative,test,0.0,negative,lower,0.0,0.875,0.125,0.0,0.875,"When comparing studies where reward treatment is 0 and studies where reward treatment is 1, cooperation is significantly lower when has country is nld."
22172,https://data.cooperationdatabank.org/vocab/prop/RewardVariable,https://data.cooperationdatabank.org/vocab/prop/rewardTreatment,Reward treatment,https://data.cooperationdatabank.org/id/rewardtreatment/1,1,https://data.cooperationdatabank.org/vocab/prop/rewardTreatment,Reward treatment,https://data.cooperationdatabank.org/id/rewardtreatment/-1,-1,https://data.cooperationdatabank.org/vocab/prop/studyDilemmaType,Game type,https://data.cooperationdatabank.org/id/studydilemmatype/1,Prisoner's Dilemma Game,https://data.cooperationdatabank.org/id/dependentvariable/cooperation,noEffect,test,2.0,positive,higher,1.0,0.0,0.14705882352941177,0.8529411764705882,0.8529411764705882,"When comparing studies where reward treatment is 1 and studies where reward treatment is -1, cooperation is significantly higher when game type is prisoner's dilemma game."
11512,https://data.cooperationdatabank.org/vocab/prop/RewardVariable,https://data.cooperationdatabank.org/vocab/prop/rewardTreatment,Reward treatment,https://data.cooperationdatabank.org/id/rewardtreatment/1,-1,https://data.cooperationdatabank.org/vocab/prop/rewardTreatment,Reward treatment,https://data.cooperationdatabank.org/id/rewardtreatment/-1,1,https://data.cooperationdatabank.org/vocab/prop/studyGameIncentive,Game incentive,https://data.cooperationdatabank.org/id/studygameincentive/1,Monetary,https://data.cooperationdatabank.org/id/dependentvariable/contributions,positive,test,2.0,positive,higher,2.0,0.046511627906976744,0.10465116279069768,0.8488372093023255,0.8488372093023255,"When comparing studies where reward treatment is -1 and studies where reward treatment is 1, cooperation is significantly higher when game incentive is monetary."
23332,https://data.cooperationdatabank.org/vocab/prop/RewardVariable,https://data.cooperationdatabank.org/vocab/prop/rewardTreatment,Reward treatment,https://data.cooperationdatabank.org/id/rewardtreatment/1,1,https://data.cooperationdatabank.org/vocab/prop/rewardTreatment,Reward treatment,https://data.cooperationdatabank.org/id/rewardtreatment/-1,-1,https://data.cooperationdatabank.org/vocab/prop/country,has country,https://data.cooperationdatabank.org/id/country/USA,USA,https://data.cooperationdatabank.org/id/dependentvariable/contributions,noEffect,test,2.0,positive,higher,1.0,0.046511627906976744,0.10465116279069768,0.8488372093023255,0.8488372093023255,"When comparing studies where reward treatment is 1 and studies where reward treatment is -1, cooperation is significantly higher when has country is usa."
11528,https://data.cooperationdatabank.org/vocab/prop/RewardVariable,https://data.cooperationdatabank.org/vocab/prop/rewardTreatment,Reward treatment,https://data.cooperationdatabank.org/id/rewardtreatment/1,-1,https://data.cooperationdatabank.org/vocab/prop/rewardTreatment,Reward treatment,https://data.cooperationdatabank.org/id/rewardtreatment/-1,1,https://data.cooperationdatabank.org/vocab/prop/studyGameIncentive,Game incentive,https://data.cooperationdatabank.org/id/studygameincentive/1,Monetary,https://data.cooperationdatabank.org/id/dependentvariable/contributions,positive,test,2.0,positive,higher,2.0,0.046511627906976744,0.10465116279069768,0.8488372093023255,0.8488372093023255,"When comparing studies where reward treatment is -1 and studies where reward treatment is 1, cooperation is significantly higher when game incentive is monetary."
27311,https://data.cooperationdatabank.org/vocab/prop/RewardVariable,https://data.cooperationdatabank.org/vocab/prop/rewardTreatment,Reward treatment,https://data.cooperationdatabank.org/id/rewardtreatment/1,-1,https://data.cooperationdatabank.org/vocab/prop/rewardTreatment,Reward treatment,https://data.cooperationdatabank.org/id/rewardtreatment/-1,1,https://data.cooperationdatabank.org/vocab/prop/studyGameIncentive,Game incentive,https://data.cooperationdatabank.org/id/studygameincentive/1,Monetary,https://data.cooperationdatabank.org/id/dependentvariable/contributions,positive,test,2.0,positive,higher,2.0,0.046511627906976744,0.10465116279069768,0.8488372093023255,0.8488372093023255,"When comparing studies where reward treatment is -1 and studies where reward treatment is 1, cooperation is significantly higher when game incentive is monetary."
10539,https://data.cooperationdatabank.org/vocab/prop/RewardVariable,https://data.cooperationdatabank.org/vocab/prop/rewardTreatment,Reward treatment,https://data.cooperationdatabank.org/id/rewardtreatment/1,1,https://data.cooperationdatabank.org/vocab/prop/rewardTreatment,Reward treatment,https://data.cooperationdatabank.org/id/rewardtreatment/-1,-1,https://data.cooperationdatabank.org/vocab/prop/country,has country,https://data.cooperationdatabank.org/id/country/USA,USA,https://data.cooperationdatabank.org/id/dependentvariable/contributions,positive,test,2.0,positive,higher,2.0,0.046511627906976744,0.10465116279069768,0.8488372093023255,0.8488372093023255,"When comparing studies where reward treatment is 1 and studies where reward treatment is -1, cooperation is significantly higher when has country is usa."
41357,https://data.cooperationdatabank.org/vocab/prop/RewardVariable,https://data.cooperationdatabank.org/vocab/prop/rewardTreatment,Reward treatment,https://data.cooperationdatabank.org/id/rewardtreatment/1,-1.0,https://data.cooperationdatabank.org/vocab/prop/rewardTreatment,Reward treatment,https://data.cooperationdatabank.org/id/rewardtreatment/-1,1.0,https://data.cooperationdatabank.org/vocab/prop/studyRealPartner,Real partner,https://data.cooperationdatabank.org/id/studyrealpartner/1,Real,https://data.cooperationdatabank.org/id/dependentvariable/contributions,positive,test,2.0,positive,higher,2.0,0.046511627906976744,0.10465116279069768,0.8488372093023255,0.8488372093023255,"When comparing studies where reward treatment is -1.0 and studies where reward treatment is 1.0, cooperation is significantly higher when real partner is real."
14352,https://data.cooperationdatabank.org/vocab/prop/RewardVariable,https://data.cooperationdatabank.org/vocab/prop/rewardTreatment,Reward treatment,https://data.cooperationdatabank.org/id/rewardtreatment/1,-1,https://data.cooperationdatabank.org/vocab/prop/rewardTreatment,Reward treatment,https://data.cooperationdatabank.org/id/rewardtreatment/-1,1,https://data.cooperationdatabank.org/vocab/prop/studyRealPartner,Real partner,https://data.cooperationdatabank.org/id/studyrealpartner/1,Real,https://data.cooperationdatabank.org/id/dependentvariable/contributions,negative,test,2.0,positive,higher,0.0,0.046511627906976744,0.10465116279069768,0.8488372093023255,0.8488372093023255,"When comparing studies where reward treatment is -1 and studies where reward treatment is 1, cooperation is significantly higher when real partner is real."
14346,https://data.cooperationdatabank.org/vocab/prop/RewardVariable,https://data.cooperationdatabank.org/vocab/prop/rewardTreatment,Reward treatment,https://data.cooperationdatabank.org/id/rewardtreatment/1,-1,https://data.cooperationdatabank.org/vocab/prop/rewardTreatment,Reward treatment,https://data.cooperationdatabank.org/id/rewardtreatment/-1,1,https://data.cooperationdatabank.org/vocab/prop/studyGameIncentive,Game incentive,https://data.cooperationdatabank.org/id/studygameincentive/1,Monetary,https://data.cooperationdatabank.org/id/dependentvariable/contributions,negative,test,2.0,positive,higher,0.0,0.046511627906976744,0.10465116279069768,0.8488372093023255,0.8488372093023255,"When comparing studies where reward treatment is -1 and studies where reward treatment is 1, cooperation is significantly higher when game incentive is monetary."
1485,https://data.cooperationdatabank.org/vocab/prop/RewardVariable,https://data.cooperationdatabank.org/vocab/prop/rewardTreatment,Reward treatment,https://data.cooperationdatabank.org/id/rewardtreatment/1,1,https://data.cooperationdatabank.org/vocab/prop/rewardTreatment,Reward treatment,https://data.cooperationdatabank.org/id/rewardtreatment/-1,-1,https://data.cooperationdatabank.org/vocab/prop/recruitmentMethod,Recruitment method,https://data.cooperationdatabank.org/id/recruitmentmethod/3,Other,https://data.cooperationdatabank.org/id/dependentvariable/contributions,noEffect,test,2.0,positive,higher,1.0,0.046511627906976744,0.10465116279069768,0.8488372093023255,0.8488372093023255,"When comparing studies where reward treatment is 1 and studies where reward treatment is -1, cooperation is significantly higher when recruitment method is other."
14172,https://data.cooperationdatabank.org/vocab/prop/RewardVariable,https://data.cooperationdatabank.org/vocab/prop/rewardTreatment,Reward treatment,https://data.cooperationdatabank.org/id/rewardtreatment/1,-1,https://data.cooperationdatabank.org/vocab/prop/rewardTreatment,Reward treatment,https://data.cooperationdatabank.org/id/rewardtreatment/-1,1,https://data.cooperationdatabank.org/vocab/prop/studyRealPartner,Real partner,https://data.cooperationdatabank.org/id/studyrealpartner/1,Real,https://data.cooperationdatabank.org/id/dependentvariable/contributions,negative,test,2.0,positive,higher,0.0,0.046511627906976744,0.10465116279069768,0.8488372093023255,0.8488372093023255,"When comparing studies where reward treatment is -1 and studies where reward treatment is 1, cooperation is significantly higher when real partner is real."
1478,https://data.cooperationdatabank.org/vocab/prop/RewardVariable,https://data.cooperationdatabank.org/vocab/prop/rewardTreatment,Reward treatment,https://data.cooperationdatabank.org/id/rewardtreatment/1,1,https://data.cooperationdatabank.org/vocab/prop/rewardTreatment,Reward treatment,https://data.cooperationdatabank.org/id/rewardtreatment/-1,-1,https://data.cooperationdatabank.org/vocab/prop/studyDilemmaType,Game type,https://data.cooperationdatabank.org/id/studydilemmatype/1,Prisoner's Dilemma Game,https://data.cooperationdatabank.org/id/dependentvariable/contributions,noEffect,test,2.0,positive,higher,1.0,0.07246376811594203,0.10144927536231885,0.8260869565217391,0.8260869565217391,"When comparing studies where reward treatment is 1 and studies where reward treatment is -1, cooperation is significantly higher when game type is prisoner's dilemma game."
13804,https://data.cooperationdatabank.org/vocab/prop/RewardVariable,https://data.cooperationdatabank.org/vocab/prop/rewardTreatment,Reward treatment,https://data.cooperationdatabank.org/id/rewardtreatment/1,-1,https://data.cooperationdatabank.org/vocab/prop/rewardTreatment,Reward treatment,https://data.cooperationdatabank.org/id/rewardtreatment/-1,1,https://data.cooperationdatabank.org/vocab/prop/studyExperimentalSetting,Experimental setting,https://data.cooperationdatabank.org/id/studyexperimentalsetting/2,Lab,https://data.cooperationdatabank.org/id/dependentvariable/contributions,negative,test,2.0,positive,higher,0.0,0.07246376811594203,0.10144927536231885,0.8260869565217391,0.8260869565217391,"When comparing studies where reward treatment is -1 and studies where reward treatment is 1, cooperation is significantly higher when experimental setting is lab."
14268,https://data.cooperationdatabank.org/vocab/prop/RewardVariable,https://data.cooperationdatabank.org/vocab/prop/rewardTreatment,Reward treatment,https://data.cooperationdatabank.org/id/rewardtreatment/1,-1,https://data.cooperationdatabank.org/vocab/prop/rewardTreatment,Reward treatment,https://data.cooperationdatabank.org/id/rewardtreatment/-1,1,https://data.cooperationdatabank.org/vocab/prop/studyContinuousPGG,Continuous vs step-level public goods,https://data.cooperationdatabank.org/id/studycontinuouspgg/1,Continuous,https://data.cooperationdatabank.org/id/dependentvariable/contributions,positive,test,2.0,positive,higher,2.0,0.07246376811594203,0.10144927536231885,0.8260869565217391,0.8260869565217391,"When comparing studies where reward treatment is -1 and studies where reward treatment is 1, cooperation is significantly higher when continuous vs step-level public goods is continuous."
18245,https://data.cooperationdatabank.org/vocab/prop/RewardVariable,https://data.cooperationdatabank.org/vocab/prop/rewardTreatment,Reward treatment,https://data.cooperationdatabank.org/id/rewardtreatment/1,-1,https://data.cooperationdatabank.org/vocab/prop/rewardTreatment,Reward treatment,https://data.cooperationdatabank.org/id/rewardtreatment/-1,1,https://data.cooperationdatabank.org/vocab/prop/studyContinuousPGG,Continuous vs step-level public goods,https://data.cooperationdatabank.org/id/studycontinuouspgg/1,Continuous,https://data.cooperationdatabank.org/id/dependentvariable/contributions,positive,test,2.0,positive,higher,2.0,0.07246376811594203,0.10144927536231885,0.8260869565217391,0.8260869565217391,"When comparing studies where reward treatment is -1 and studies where reward treatment is 1, cooperation is significantly higher when continuous vs step-level public goods is continuous."
45950,https://data.cooperationdatabank.org/vocab/prop/RewardVariable,https://data.cooperationdatabank.org/vocab/prop/rewardTreatment,Reward treatment,https://data.cooperationdatabank.org/id/rewardtreatment/1,-1,https://data.cooperationdatabank.org/vocab/prop/rewardTreatment,Reward treatment,https://data.cooperationdatabank.org/id/rewardtreatment/-1,1,https://data.cooperationdatabank.org/vocab/prop/studyShowUpFee,Show-up fee,https://data.cooperationdatabank.org/id/studyshowupfee/1,Paid,https://data.cooperationdatabank.org/id/dependentvariable/contributions,positive,test,2.0,positive,higher,2.0,0.07246376811594203,0.10144927536231885,0.8260869565217391,0.8260869565217391,"When comparing studies where reward treatment is -1 and studies where reward treatment is 1, cooperation is significantly higher when show-up fee is paid."
10381,https://data.cooperationdatabank.org/vocab/prop/RewardVariable,https://data.cooperationdatabank.org/vocab/prop/rewardTreatment,Reward treatment,https://data.cooperationdatabank.org/id/rewardtreatment/1,1,https://data.cooperationdatabank.org/vocab/prop/rewardTreatment,Reward treatment,https://data.cooperationdatabank.org/id/rewardtreatment/-1,-1,https://data.cooperationdatabank.org/vocab/prop/studyExperimentalSetting,Experimental setting,https://data.cooperationdatabank.org/id/studyexperimentalsetting/2,Lab,https://data.cooperationdatabank.org/id/dependentvariable/contributions,noEffect,test,2.0,positive,higher,1.0,0.07246376811594203,0.10144927536231885,0.8260869565217391,0.8260869565217391,"When comparing studies where reward treatment is 1 and studies where reward treatment is -1, cooperation is significantly higher when experimental setting is lab."
23346,https://data.cooperationdatabank.org/vocab/prop/RewardVariable,https://data.cooperationdatabank.org/vocab/prop/rewardTreatment,Reward treatment,https://data.cooperationdatabank.org/id/rewardtreatment/1,1,https://data.cooperationdatabank.org/vocab/prop/rewardTreatment,Reward treatment,https://data.cooperationdatabank.org/id/rewardtreatment/-1,-1,https://data.cooperationdatabank.org/vocab/prop/studyExperimentalSetting,Experimental setting,https://data.cooperationdatabank.org/id/studyexperimentalsetting/2,Lab,https://data.cooperationdatabank.org/id/dependentvariable/contributions,noEffect,test,2.0,positive,higher,1.0,0.07246376811594203,0.10144927536231885,0.8260869565217391,0.8260869565217391,"When comparing studies where reward treatment is 1 and studies where reward treatment is -1, cooperation is significantly higher when experimental setting is lab."
23360,https://data.cooperationdatabank.org/vocab/prop/RewardVariable,https://data.cooperationdatabank.org/vocab/prop/rewardTreatment,Reward treatment,https://data.cooperationdatabank.org/id/rewardtreatment/1,1,https://data.cooperationdatabank.org/vocab/prop/rewardTreatment,Reward treatment,https://data.cooperationdatabank.org/id/rewardtreatment/-1,-1,https://data.cooperationdatabank.org/vocab/prop/studyContinuousPGG,Continuous vs step-level public goods,https://data.cooperationdatabank.org/id/studycontinuouspgg/1,Continuous,https://data.cooperationdatabank.org/id/dependentvariable/contributions,noEffect,test,2.0,positive,higher,1.0,0.07246376811594203,0.10144927536231885,0.8260869565217391,0.8260869565217391,"When comparing studies where reward treatment is 1 and studies where reward treatment is -1, cooperation is significantly higher when continuous vs step-level public goods is continuous."
18295,https://data.cooperationdatabank.org/vocab/prop/RewardVariable,https://data.cooperationdatabank.org/vocab/prop/rewardTreatment,Reward treatment,https://data.cooperationdatabank.org/id/rewardtreatment/1,-1,https://data.cooperationdatabank.org/vocab/prop/rewardTreatment,Reward treatment,https://data.cooperationdatabank.org/id/rewardtreatment/-1,1,https://data.cooperationdatabank.org/vocab/prop/studyContinuousPGG,Continuous vs step-level public goods,https://data.cooperationdatabank.org/id/studycontinuouspgg/1,Continuous,https://data.cooperationdatabank.org/id/dependentvariable/contributions,positive,test,2.0,positive,higher,2.0,0.07246376811594203,0.10144927536231885,0.8260869565217391,0.8260869565217391,"When comparing studies where reward treatment is -1 and studies where reward treatment is 1, cooperation is significantly higher when continuous vs step-level public goods is continuous."
18274,https://data.cooperationdatabank.org/vocab/prop/RewardVariable,https://data.cooperationdatabank.org/vocab/prop/rewardTreatment,Reward treatment,https://data.cooperationdatabank.org/id/rewardtreatment/1,-1,https://data.cooperationdatabank.org/vocab/prop/rewardTreatment,Reward treatment,https://data.cooperationdatabank.org/id/rewardtreatment/-1,1,https://data.cooperationdatabank.org/vocab/prop/studyExperimentalSetting,Experimental setting,https://data.cooperationdatabank.org/id/studyexperimentalsetting/2,Lab,https://data.cooperationdatabank.org/id/dependentvariable/contributions,positive,test,2.0,positive,higher,2.0,0.07246376811594203,0.10144927536231885,0.8260869565217391,0.8260869565217391,"When comparing studies where reward treatment is -1 and studies where reward treatment is 1, cooperation is significantly higher when experimental setting is lab."
18310,https://data.cooperationdatabank.org/vocab/prop/RewardVariable,https://data.cooperationdatabank.org/vocab/prop/rewardTreatment,Reward treatment,https://data.cooperationdatabank.org/id/rewardtreatment/1,0,https://data.cooperationdatabank.org/vocab/prop/rewardTreatment,Reward treatment,https://data.cooperationdatabank.org/id/rewardtreatment/0,1,https://data.cooperationdatabank.org/vocab/prop/discussion,Discussion,https://data.cooperationdatabank.org/id/discussion/1,Uni-directional,https://data.cooperationdatabank.org/id/dependentvariable/contributions,negative,test,2.0,positive,higher,0.0,0.2,0.0,0.8,0.8,"When comparing studies where reward treatment is 0 and studies where reward treatment is 1, cooperation is significantly higher when discussion is uni-directional."
14006,https://data.cooperationdatabank.org/vocab/prop/RewardVariable,https://data.cooperationdatabank.org/vocab/prop/rewardTreatment,Reward treatment,https://data.cooperationdatabank.org/id/rewardtreatment/1,0,https://data.cooperationdatabank.org/vocab/prop/rewardTreatment,Reward treatment,https://data.cooperationdatabank.org/id/rewardtreatment/0,1,https://data.cooperationdatabank.org/vocab/prop/discussion,Discussion,https://data.cooperationdatabank.org/id/discussion/1,Uni-directional,https://data.cooperationdatabank.org/id/dependentvariable/contributions,negative,test,2.0,positive,higher,0.0,0.2,0.0,0.8,0.8,"When comparing studies where reward treatment is 0 and studies where reward treatment is 1, cooperation is significantly higher when discussion is uni-directional."
45918,https://data.cooperationdatabank.org/vocab/prop/RewardVariable,https://data.cooperationdatabank.org/vocab/prop/rewardTreatment,Reward treatment,https://data.cooperationdatabank.org/id/rewardtreatment/-1,-1,https://data.cooperationdatabank.org/vocab/prop/rewardTreatment,Reward treatment,https://data.cooperationdatabank.org/id/rewardtreatment/0,0,https://data.cooperationdatabank.org/vocab/prop/studyShowUpFee,Show-up fee,https://data.cooperationdatabank.org/id/studyshowupfee/1,Paid,https://data.cooperationdatabank.org/id/dependentvariable/contributions,negative,test,0.0,negative,lower,0.0,0.75,0.10714285714285714,0.14285714285714285,0.75,"When comparing studies where reward treatment is -1 and studies where reward treatment is 0, cooperation is significantly lower when show-up fee is paid."
23208,https://data.cooperationdatabank.org/vocab/prop/RewardVariable,https://data.cooperationdatabank.org/vocab/prop/rewardTreatment,Reward treatment,https://data.cooperationdatabank.org/id/rewardtreatment/-1,0,https://data.cooperationdatabank.org/vocab/prop/rewardTreatment,Reward treatment,https://data.cooperationdatabank.org/id/rewardtreatment/0,-1,https://data.cooperationdatabank.org/vocab/prop/country,has country,https://data.cooperationdatabank.org/id/country/NLD,NLD,https://data.cooperationdatabank.org/id/dependentvariable/contributions,negative,test,0.0,negative,lower,0.0,0.75,0.10714285714285714,0.14285714285714285,0.75,"When comparing studies where reward treatment is 0 and studies where reward treatment is -1, cooperation is significantly lower when has country is nld."
41410,https://data.cooperationdatabank.org/vocab/prop/RewardVariable,https://data.cooperationdatabank.org/vocab/prop/rewardTreatment,Reward treatment,https://data.cooperationdatabank.org/id/rewardtreatment/-1,-1,https://data.cooperationdatabank.org/vocab/prop/rewardTreatment,Reward treatment,https://data.cooperationdatabank.org/id/rewardtreatment/0,0,https://data.cooperationdatabank.org/vocab/prop/country,has country,https://data.cooperationdatabank.org/id/country/DEU,DEU,https://data.cooperationdatabank.org/id/dependentvariable/contributions,noEffect,test,0.0,negative,lower,1.0,0.75,0.10714285714285714,0.14285714285714285,0.75,"When comparing studies where reward treatment is -1 and studies where reward treatment is 0, cooperation is significantly lower when has country is deu."
10516,https://data.cooperationdatabank.org/vocab/prop/RewardVariable,https://data.cooperationdatabank.org/vocab/prop/rewardTreatment,Reward treatment,https://data.cooperationdatabank.org/id/rewardtreatment/-1,0,https://data.cooperationdatabank.org/vocab/prop/rewardTreatment,Reward treatment,https://data.cooperationdatabank.org/id/rewardtreatment/0,-1,https://data.cooperationdatabank.org/vocab/prop/studyShowUpFee,Show-up fee,https://data.cooperationdatabank.org/id/studyshowupfee/2,Course credit,https://data.cooperationdatabank.org/id/dependentvariable/contributions,negative,test,0.0,negative,lower,0.0,0.75,0.10714285714285714,0.14285714285714285,0.75,"When comparing studies where reward treatment is 0 and studies where reward treatment is -1, cooperation is significantly lower when show-up fee is course credit."
41351,https://data.cooperationdatabank.org/vocab/prop/RewardVariable,https://data.cooperationdatabank.org/vocab/prop/rewardTreatment,Reward treatment,https://data.cooperationdatabank.org/id/rewardtreatment/1,-1.0,https://data.cooperationdatabank.org/vocab/prop/rewardTreatment,Reward treatment,https://data.cooperationdatabank.org/id/rewardtreatment/-1,1.0,https://data.cooperationdatabank.org/vocab/prop/studyAcquaintance,Acquaintance,https://data.cooperationdatabank.org/id/studyacquaintance/0,Strangers,https://data.cooperationdatabank.org/id/dependentvariable/contributions,positive,test,2.0,positive,higher,2.0,0.11464968152866242,0.14012738853503184,0.7452229299363057,0.7452229299363057,"When comparing studies where reward treatment is -1.0 and studies where reward treatment is 1.0, cooperation is significantly higher when acquaintance is strangers."
41358,https://data.cooperationdatabank.org/vocab/prop/RewardVariable,https://data.cooperationdatabank.org/vocab/prop/rewardTreatment,Reward treatment,https://data.cooperationdatabank.org/id/rewardtreatment/1,-1.0,https://data.cooperationdatabank.org/vocab/prop/rewardTreatment,Reward treatment,https://data.cooperationdatabank.org/id/rewardtreatment/-1,1.0,https://data.cooperationdatabank.org/vocab/prop/studyTrialOfCooperation,Trial of cooperation,https://data.cooperationdatabank.org/id/studytrialofcooperation/1,All trials,https://data.cooperationdatabank.org/id/dependentvariable/contributions,positive,test,2.0,positive,higher,2.0,0.11464968152866242,0.14012738853503184,0.7452229299363057,0.7452229299363057,"When comparing studies where reward treatment is -1.0 and studies where reward treatment is 1.0, cooperation is significantly higher when trial of cooperation is all trials."
23334,https://data.cooperationdatabank.org/vocab/prop/RewardVariable,https://data.cooperationdatabank.org/vocab/prop/rewardTreatment,Reward treatment,https://data.cooperationdatabank.org/id/rewardtreatment/1,1,https://data.cooperationdatabank.org/vocab/prop/rewardTreatment,Reward treatment,https://data.cooperationdatabank.org/id/rewardtreatment/-1,-1,https://data.cooperationdatabank.org/vocab/prop/countrySource,Source of country or region,https://data.cooperationdatabank.org/id/countrysource/1,Specified country,https://data.cooperationdatabank.org/id/dependentvariable/contributions,noEffect,test,2.0,positive,higher,1.0,0.11464968152866242,0.14012738853503184,0.7452229299363057,0.7452229299363057,"When comparing studies where reward treatment is 1 and studies where reward treatment is -1, cooperation is significantly higher when source of country or region is specified country."
11529,https://data.cooperationdatabank.org/vocab/prop/RewardVariable,https://data.cooperationdatabank.org/vocab/prop/rewardTreatment,Reward treatment,https://data.cooperationdatabank.org/id/rewardtreatment/1,-1,https://data.cooperationdatabank.org/vocab/prop/rewardTreatment,Reward treatment,https://data.cooperationdatabank.org/id/rewardtreatment/-1,1,https://data.cooperationdatabank.org/vocab/prop/studyMatchingProtocol,Matching,https://data.cooperationdatabank.org/id/studymatchingprotocol/1,Stranger,https://data.cooperationdatabank.org/id/dependentvariable/contributions,positive,test,2.0,positive,higher,2.0,0.11464968152866242,0.14012738853503184,0.7452229299363057,0.7452229299363057,"When comparing studies where reward treatment is -1 and studies where reward treatment is 1, cooperation is significantly higher when matching is stranger."
27451,https://data.cooperationdatabank.org/vocab/prop/RewardVariable,https://data.cooperationdatabank.org/vocab/prop/rewardTreatment,Reward treatment,https://data.cooperationdatabank.org/id/rewardtreatment/1,-1,https://data.cooperationdatabank.org/vocab/prop/rewardTreatment,Reward treatment,https://data.cooperationdatabank.org/id/rewardtreatment/-1,1,https://data.cooperationdatabank.org/vocab/prop/studyAcquaintance,Acquaintance,https://data.cooperationdatabank.org/id/studyacquaintance/0,Strangers,https://data.cooperationdatabank.org/id/dependentvariable/contributions,positive,test,2.0,positive,higher,2.0,0.11464968152866242,0.14012738853503184,0.7452229299363057,0.7452229299363057,"When comparing studies where reward treatment is -1 and studies where reward treatment is 1, cooperation is significantly higher when acquaintance is strangers."
27305,https://data.cooperationdatabank.org/vocab/prop/RewardVariable,https://data.cooperationdatabank.org/vocab/prop/rewardTreatment,Reward treatment,https://data.cooperationdatabank.org/id/rewardtreatment/1,-1,https://data.cooperationdatabank.org/vocab/prop/rewardTreatment,Reward treatment,https://data.cooperationdatabank.org/id/rewardtreatment/-1,1,https://data.cooperationdatabank.org/vocab/prop/studyDilemmaType,Game type,https://data.cooperationdatabank.org/id/studydilemmatype/2,Public Goods Game,https://data.cooperationdatabank.org/id/dependentvariable/contributions,positive,test,2.0,positive,higher,2.0,0.11464968152866242,0.14012738853503184,0.7452229299363057,0.7452229299363057,"When comparing studies where reward treatment is -1 and studies where reward treatment is 1, cooperation is significantly higher when game type is public goods game."
1448,https://data.cooperationdatabank.org/vocab/prop/RewardVariable,https://data.cooperationdatabank.org/vocab/prop/rewardTreatment,Reward treatment,https://data.cooperationdatabank.org/id/rewardtreatment/1,1,https://data.cooperationdatabank.org/vocab/prop/rewardTreatment,Reward treatment,https://data.cooperationdatabank.org/id/rewardtreatment/-1,-1,https://data.cooperationdatabank.org/vocab/prop/discussion,Discussion,https://data.cooperationdatabank.org/id/discussion/0,Absent,https://data.cooperationdatabank.org/id/dependentvariable/contributions,noEffect,test,2.0,positive,higher,1.0,0.11464968152866242,0.14012738853503184,0.7452229299363057,0.7452229299363057,"When comparing studies where reward treatment is 1 and studies where reward treatment is -1, cooperation is significantly higher when discussion is absent."
34717,https://data.cooperationdatabank.org/vocab/prop/RewardVariable,https://data.cooperationdatabank.org/vocab/prop/rewardTreatment,Reward treatment,https://data.cooperationdatabank.org/id/rewardtreatment/1,1,https://data.cooperationdatabank.org/vocab/prop/rewardTreatment,Reward treatment,https://data.cooperationdatabank.org/id/rewardtreatment/-1,-1,https://data.cooperationdatabank.org/vocab/prop/countrySource,Source of country or region,https://data.cooperationdatabank.org/id/countrysource/1,Specified country,https://data.cooperationdatabank.org/id/dependentvariable/contributions,positive,test,2.0,positive,higher,2.0,0.11464968152866242,0.14012738853503184,0.7452229299363057,0.7452229299363057,"When comparing studies where reward treatment is 1 and studies where reward treatment is -1, cooperation is significantly higher when source of country or region is specified country."
10379,https://data.cooperationdatabank.org/vocab/prop/RewardVariable,https://data.cooperationdatabank.org/vocab/prop/rewardTreatment,Reward treatment,https://data.cooperationdatabank.org/id/rewardtreatment/1,1,https://data.cooperationdatabank.org/vocab/prop/rewardTreatment,Reward treatment,https://data.cooperationdatabank.org/id/rewardtreatment/-1,-1,https://data.cooperationdatabank.org/vocab/prop/studyDilemmaType,Game type,https://data.cooperationdatabank.org/id/studydilemmatype/2,Public Goods Game,https://data.cooperationdatabank.org/id/dependentvariable/contributions,noEffect,test,2.0,positive,higher,1.0,0.11464968152866242,0.14012738853503184,0.7452229299363057,0.7452229299363057,"When comparing studies where reward treatment is 1 and studies where reward treatment is -1, cooperation is significantly higher when game type is public goods game."
11474,https://data.cooperationdatabank.org/vocab/prop/RewardVariable,https://data.cooperationdatabank.org/vocab/prop/rewardTreatment,Reward treatment,https://data.cooperationdatabank.org/id/rewardtreatment/1,-1,https://data.cooperationdatabank.org/vocab/prop/rewardTreatment,Reward treatment,https://data.cooperationdatabank.org/id/rewardtreatment/-1,1,https://data.cooperationdatabank.org/vocab/prop/discussion,Discussion,https://data.cooperationdatabank.org/id/discussion/0,Absent,https://data.cooperationdatabank.org/id/dependentvariable/contributions,positive,test,2.0,positive,higher,2.0,0.11464968152866242,0.14012738853503184,0.7452229299363057,0.7452229299363057,"When comparing studies where reward treatment is -1 and studies where reward treatment is 1, cooperation is significantly higher when discussion is absent."
11429,https://data.cooperationdatabank.org/vocab/prop/RewardVariable,https://data.cooperationdatabank.org/vocab/prop/rewardTreatment,Reward treatment,https://data.cooperationdatabank.org/id/rewardtreatment/1,-1,https://data.cooperationdatabank.org/vocab/prop/rewardTreatment,Reward treatment,https://data.cooperationdatabank.org/id/rewardtreatment/-1,1,https://data.cooperationdatabank.org/vocab/prop/studyAcquaintance,Acquaintance,https://data.cooperationdatabank.org/id/studyacquaintance/0,Strangers,https://data.cooperationdatabank.org/id/dependentvariable/contributions,positive,test,2.0,positive,higher,2.0,0.11464968152866242,0.14012738853503184,0.7452229299363057,0.7452229299363057,"When comparing studies where reward treatment is -1 and studies where reward treatment is 1, cooperation is significantly higher when acquaintance is strangers."
11462,https://data.cooperationdatabank.org/vocab/prop/RewardVariable,https://data.cooperationdatabank.org/vocab/prop/rewardTreatment,Reward treatment,https://data.cooperationdatabank.org/id/rewardtreatment/1,-1,https://data.cooperationdatabank.org/vocab/prop/rewardTreatment,Reward treatment,https://data.cooperationdatabank.org/id/rewardtreatment/-1,1,https://data.cooperationdatabank.org/vocab/prop/studyDilemmaType,Game type,https://data.cooperationdatabank.org/id/studydilemmatype/2,Public Goods Game,https://data.cooperationdatabank.org/id/dependentvariable/contributions,positive,test,2.0,positive,higher,2.0,0.11464968152866242,0.14012738853503184,0.7452229299363057,0.7452229299363057,"When comparing studies where reward treatment is -1 and studies where reward treatment is 1, cooperation is significantly higher when game type is public goods game."
18271,https://data.cooperationdatabank.org/vocab/prop/RewardVariable,https://data.cooperationdatabank.org/vocab/prop/rewardTreatment,Reward treatment,https://data.cooperationdatabank.org/id/rewardtreatment/1,-1,https://data.cooperationdatabank.org/vocab/prop/rewardTreatment,Reward treatment,https://data.cooperationdatabank.org/id/rewardtreatment/-1,1,https://data.cooperationdatabank.org/vocab/prop/studyDilemmaType,Game type,https://data.cooperationdatabank.org/id/studydilemmatype/2,Public Goods Game,https://data.cooperationdatabank.org/id/dependentvariable/contributions,positive,test,2.0,positive,higher,2.0,0.11464968152866242,0.14012738853503184,0.7452229299363057,0.7452229299363057,"When comparing studies where reward treatment is -1 and studies where reward treatment is 1, cooperation is significantly higher when game type is public goods game."
27449,https://data.cooperationdatabank.org/vocab/prop/RewardVariable,https://data.cooperationdatabank.org/vocab/prop/rewardTreatment,Reward treatment,https://data.cooperationdatabank.org/id/rewardtreatment/1,-1,https://data.cooperationdatabank.org/vocab/prop/rewardTreatment,Reward treatment,https://data.cooperationdatabank.org/id/rewardtreatment/-1,1,https://data.cooperationdatabank.org/vocab/prop/publicationStatus,Published,https://data.cooperationdatabank.org/id/publicationstatus/1,Published Article,https://data.cooperationdatabank.org/id/dependentvariable/contributions,positive,test,2.0,positive,higher,2.0,0.2054794520547945,0.1095890410958904,0.684931506849315,0.684931506849315,"When comparing studies where reward treatment is -1 and studies where reward treatment is 1, cooperation is significantly higher when published is published article."
23348,https://data.cooperationdatabank.org/vocab/prop/RewardVariable,https://data.cooperationdatabank.org/vocab/prop/rewardTreatment,Reward treatment,https://data.cooperationdatabank.org/id/rewardtreatment/1,1,https://data.cooperationdatabank.org/vocab/prop/rewardTreatment,Reward treatment,https://data.cooperationdatabank.org/id/rewardtreatment/-1,-1,https://data.cooperationdatabank.org/vocab/prop/studyGameIncentive,Game incentive,https://data.cooperationdatabank.org/id/studygameincentive/4,Non-monetary lottery,https://data.cooperationdatabank.org/id/dependentvariable/contributions,noEffect,test,2.0,positive,higher,1.0,0.2054794520547945,0.1095890410958904,0.684931506849315,0.684931506849315,"When comparing studies where reward treatment is 1 and studies where reward treatment is -1, cooperation is significantly higher when game incentive is non-monetary lottery."
23352,https://data.cooperationdatabank.org/vocab/prop/RewardVariable,https://data.cooperationdatabank.org/vocab/prop/rewardTreatment,Reward treatment,https://data.cooperationdatabank.org/id/rewardtreatment/1,1,https://data.cooperationdatabank.org/vocab/prop/rewardTreatment,Reward treatment,https://data.cooperationdatabank.org/id/rewardtreatment/-1,-1,https://data.cooperationdatabank.org/vocab/prop/studyOneShot,One-shot vs repeated,https://data.cooperationdatabank.org/id/studyoneshot/0,Repeated,https://data.cooperationdatabank.org/id/dependentvariable/contributions,noEffect,test,2.0,positive,higher,1.0,0.2054794520547945,0.1095890410958904,0.684931506849315,0.684931506849315,"When comparing studies where reward treatment is 1 and studies where reward treatment is -1, cooperation is significantly higher when one-shot vs repeated is repeated."
23338,https://data.cooperationdatabank.org/vocab/prop/RewardVariable,https://data.cooperationdatabank.org/vocab/prop/rewardTreatment,Reward treatment,https://data.cooperationdatabank.org/id/rewardtreatment/1,1,https://data.cooperationdatabank.org/vocab/prop/rewardTreatment,Reward treatment,https://data.cooperationdatabank.org/id/rewardtreatment/-1,-1,https://data.cooperationdatabank.org/vocab/prop/publicationStatus,Published,https://data.cooperationdatabank.org/id/publicationstatus/1,Published Article,https://data.cooperationdatabank.org/id/dependentvariable/contributions,noEffect,test,2.0,positive,higher,1.0,0.2054794520547945,0.1095890410958904,0.684931506849315,0.684931506849315,"When comparing studies where reward treatment is 1 and studies where reward treatment is -1, cooperation is significantly higher when published is published article."
4082,https://data.cooperationdatabank.org/vocab/prop/RewardVariable,https://data.cooperationdatabank.org/vocab/prop/rewardTreatment,Reward treatment,https://data.cooperationdatabank.org/id/rewardtreatment/1,-1,https://data.cooperationdatabank.org/vocab/prop/rewardTreatment,Reward treatment,https://data.cooperationdatabank.org/id/rewardtreatment/-1,1,https://data.cooperationdatabank.org/vocab/prop/yearSource,Source of year of data collection,https://data.cooperationdatabank.org/id/yearsource/4,Received/Submitted,https://data.cooperationdatabank.org/id/dependentvariable/contributions,positive,test,2.0,positive,higher,2.0,0.2054794520547945,0.1095890410958904,0.684931506849315,0.684931506849315,"When comparing studies where reward treatment is -1 and studies where reward treatment is 1, cooperation is significantly higher when source of year of data collection is submitted."
4044,https://data.cooperationdatabank.org/vocab/prop/RewardVariable,https://data.cooperationdatabank.org/vocab/prop/rewardTreatment,Reward treatment,https://data.cooperationdatabank.org/id/rewardtreatment/1,-1,https://data.cooperationdatabank.org/vocab/prop/rewardTreatment,Reward treatment,https://data.cooperationdatabank.org/id/rewardtreatment/-1,1,https://data.cooperationdatabank.org/vocab/prop/studyOneShot,One-shot vs repeated,https://data.cooperationdatabank.org/id/studyoneshot/0,Repeated,https://data.cooperationdatabank.org/id/dependentvariable/contributions,positive,test,2.0,positive,higher,2.0,0.2054794520547945,0.1095890410958904,0.684931506849315,0.684931506849315,"When comparing studies where reward treatment is -1 and studies where reward treatment is 1, cooperation is significantly higher when one-shot vs repeated is repeated."
10630,https://data.cooperationdatabank.org/vocab/prop/RewardVariable,https://data.cooperationdatabank.org/vocab/prop/rewardTreatment,Reward treatment,https://data.cooperationdatabank.org/id/rewardtreatment/1,1,https://data.cooperationdatabank.org/vocab/prop/rewardTreatment,Reward treatment,https://data.cooperationdatabank.org/id/rewardtreatment/-1,-1,https://data.cooperationdatabank.org/vocab/prop/publicationStatus,Published,https://data.cooperationdatabank.org/id/publicationstatus/1,Published Article,https://data.cooperationdatabank.org/id/dependentvariable/contributions,positive,test,2.0,positive,higher,2.0,0.2054794520547945,0.1095890410958904,0.684931506849315,0.684931506849315,"When comparing studies where reward treatment is 1 and studies where reward treatment is -1, cooperation is significantly higher when published is published article."
27283,https://data.cooperationdatabank.org/vocab/prop/RewardVariable,https://data.cooperationdatabank.org/vocab/prop/rewardTreatment,Reward treatment,https://data.cooperationdatabank.org/id/rewardtreatment/1,-1,https://data.cooperationdatabank.org/vocab/prop/rewardTreatment,Reward treatment,https://data.cooperationdatabank.org/id/rewardtreatment/-1,1,https://data.cooperationdatabank.org/vocab/prop/yearSource,Source of year of data collection,https://data.cooperationdatabank.org/id/yearsource/4,Received/Submitted,https://data.cooperationdatabank.org/id/dependentvariable/contributions,positive,test,2.0,positive,higher,2.0,0.2054794520547945,0.1095890410958904,0.684931506849315,0.684931506849315,"When comparing studies where reward treatment is -1 and studies where reward treatment is 1, cooperation is significantly higher when source of year of data collection is submitted."
14068,https://data.cooperationdatabank.org/vocab/prop/RewardVariable,https://data.cooperationdatabank.org/vocab/prop/rewardTreatment,Reward treatment,https://data.cooperationdatabank.org/id/rewardtreatment/1,-1,https://data.cooperationdatabank.org/vocab/prop/rewardTreatment,Reward treatment,https://data.cooperationdatabank.org/id/rewardtreatment/-1,1,https://data.cooperationdatabank.org/vocab/prop/publicationStatus,Published,https://data.cooperationdatabank.org/id/publicationstatus/1,Published Article,https://data.cooperationdatabank.org/id/dependentvariable/contributions,positive,test,2.0,positive,higher,2.0,0.2054794520547945,0.1095890410958904,0.684931506849315,0.684931506849315,"When comparing studies where reward treatment is -1 and studies where reward treatment is 1, cooperation is significantly higher when published is published article."
13976,https://data.cooperationdatabank.org/vocab/prop/RewardVariable,https://data.cooperationdatabank.org/vocab/prop/rewardTreatment,Reward treatment,https://data.cooperationdatabank.org/id/rewardtreatment/1,-1,https://data.cooperationdatabank.org/vocab/prop/rewardTreatment,Reward treatment,https://data.cooperationdatabank.org/id/rewardtreatment/-1,1,https://data.cooperationdatabank.org/vocab/prop/discussion,Discussion,https://data.cooperationdatabank.org/id/discussion/1,Uni-directional,https://data.cooperationdatabank.org/id/dependentvariable/contributions,negative,test,2.0,positive,higher,0.0,0.2054794520547945,0.1095890410958904,0.684931506849315,0.684931506849315,"When comparing studies where reward treatment is -1 and studies where reward treatment is 1, cooperation is significantly higher when discussion is uni-directional."
13990,https://data.cooperationdatabank.org/vocab/prop/RewardVariable,https://data.cooperationdatabank.org/vocab/prop/rewardTreatment,Reward treatment,https://data.cooperationdatabank.org/id/rewardtreatment/1,-1,https://data.cooperationdatabank.org/vocab/prop/rewardTreatment,Reward treatment,https://data.cooperationdatabank.org/id/rewardtreatment/-1,1,https://data.cooperationdatabank.org/vocab/prop/studyOneShot,One-shot vs repeated,https://data.cooperationdatabank.org/id/studyoneshot/0,Repeated,https://data.cooperationdatabank.org/id/dependentvariable/contributions,negative,test,2.0,positive,higher,0.0,0.2054794520547945,0.1095890410958904,0.684931506849315,0.684931506849315,"When comparing studies where reward treatment is -1 and studies where reward treatment is 1, cooperation is significantly higher when one-shot vs repeated is repeated."
13900,https://data.cooperationdatabank.org/vocab/prop/RewardVariable,https://data.cooperationdatabank.org/vocab/prop/rewardTreatment,Reward treatment,https://data.cooperationdatabank.org/id/rewardtreatment/1,-1,https://data.cooperationdatabank.org/vocab/prop/rewardTreatment,Reward treatment,https://data.cooperationdatabank.org/id/rewardtreatment/-1,1,https://data.cooperationdatabank.org/vocab/prop/studyOneShot,One-shot vs repeated,https://data.cooperationdatabank.org/id/studyoneshot/0,Repeated,https://data.cooperationdatabank.org/id/dependentvariable/contributions,positive,test,2.0,positive,higher,2.0,0.2054794520547945,0.1095890410958904,0.684931506849315,0.684931506849315,"When comparing studies where reward treatment is -1 and studies where reward treatment is 1, cooperation is significantly higher when one-shot vs repeated is repeated."
14168,https://data.cooperationdatabank.org/vocab/prop/RewardVariable,https://data.cooperationdatabank.org/vocab/prop/rewardTreatment,Reward treatment,https://data.cooperationdatabank.org/id/rewardtreatment/1,-1,https://data.cooperationdatabank.org/vocab/prop/rewardTreatment,Reward treatment,https://data.cooperationdatabank.org/id/rewardtreatment/-1,1,https://data.cooperationdatabank.org/vocab/prop/studyMatchingProtocol,Matching,https://data.cooperationdatabank.org/id/studymatchingprotocol/2,Partner,https://data.cooperationdatabank.org/id/dependentvariable/contributions,negative,test,2.0,positive,higher,0.0,0.2054794520547945,0.1095890410958904,0.684931506849315,0.684931506849315,"When comparing studies where reward treatment is -1 and studies where reward treatment is 1, cooperation is significantly higher when matching is partner."
20730,https://data.cooperationdatabank.org/vocab/prop/RewardVariable,https://data.cooperationdatabank.org/vocab/prop/rewardTreatment,Reward treatment,https://data.cooperationdatabank.org/id/rewardtreatment/1,-1,https://data.cooperationdatabank.org/vocab/prop/rewardTreatment,Reward treatment,https://data.cooperationdatabank.org/id/rewardtreatment/-1,1,https://data.cooperationdatabank.org/vocab/prop/studyMatchingProtocol,Matching,https://data.cooperationdatabank.org/id/studymatchingprotocol/2,Partner,https://data.cooperationdatabank.org/id/dependentvariable/contributions,positive,test,2.0,positive,higher,2.0,0.2054794520547945,0.1095890410958904,0.684931506849315,0.684931506849315,"When comparing studies where reward treatment is -1 and studies where reward treatment is 1, cooperation is significantly higher when matching is partner."
45926,https://data.cooperationdatabank.org/vocab/prop/RewardVariable,https://data.cooperationdatabank.org/vocab/prop/rewardTreatment,Reward treatment,https://data.cooperationdatabank.org/id/rewardtreatment/1,-1,https://data.cooperationdatabank.org/vocab/prop/rewardTreatment,Reward treatment,https://data.cooperationdatabank.org/id/rewardtreatment/-1,1,https://data.cooperationdatabank.org/vocab/prop/publicationStatus,Published,https://data.cooperationdatabank.org/id/publicationstatus/1,Published Article,https://data.cooperationdatabank.org/id/dependentvariable/contributions,positive,test,2.0,positive,higher,2.0,0.2054794520547945,0.1095890410958904,0.684931506849315,0.684931506849315,"When comparing studies where reward treatment is -1 and studies where reward treatment is 1, cooperation is significantly higher when published is published article."
10838,https://data.cooperationdatabank.org/vocab/prop/RewardVariable,https://data.cooperationdatabank.org/vocab/prop/rewardTreatment,Reward treatment,https://data.cooperationdatabank.org/id/rewardtreatment/1,1,https://data.cooperationdatabank.org/vocab/prop/rewardTreatment,Reward treatment,https://data.cooperationdatabank.org/id/rewardtreatment/-1,-1,https://data.cooperationdatabank.org/vocab/prop/studyOneShot,One-shot vs repeated,https://data.cooperationdatabank.org/id/studyoneshot/0,Repeated,https://data.cooperationdatabank.org/id/dependentvariable/cooperation,positive,test,2.0,positive,higher,2.0,0.0,0.3333333333333333,0.6666666666666666,0.6666666666666666,"When comparing studies where reward treatment is 1 and studies where reward treatment is -1, cooperation is significantly higher when one-shot vs repeated is repeated."
11550,https://data.cooperationdatabank.org/vocab/prop/RewardVariable,https://data.cooperationdatabank.org/vocab/prop/rewardRule,Reward rule,https://data.cooperationdatabank.org/id/rewardrule/contribution-based,Contribution-based,https://data.cooperationdatabank.org/vocab/prop/rewardRule,Reward rule,https://data.cooperationdatabank.org/id/rewardrule/rank-based,Rank-based,https://data.cooperationdatabank.org/vocab/prop/studyContinuousPGG,Continuous vs step-level public goods,https://data.cooperationdatabank.org/id/studycontinuouspgg/1,Continuous,https://data.cooperationdatabank.org/id/dependentvariable/contributions,noEffect,test,0.0,negative,lower,1.0,0.6,0.4,0.0,0.6,"When comparing studies where reward rule is contribution-based and studies where reward rule is rank-based, cooperation is significantly lower when continuous vs step-level public goods is continuous."
11490,https://data.cooperationdatabank.org/vocab/prop/RewardVariable,https://data.cooperationdatabank.org/vocab/prop/rewardRule,Reward rule,https://data.cooperationdatabank.org/id/rewardrule/contribution-based,Contribution-based,https://data.cooperationdatabank.org/vocab/prop/rewardRule,Reward rule,https://data.cooperationdatabank.org/id/rewardrule/rank-based,Rank-based,https://data.cooperationdatabank.org/vocab/prop/discussion,Discussion,https://data.cooperationdatabank.org/id/discussion/0,Absent,https://data.cooperationdatabank.org/id/dependentvariable/contributions,noEffect,test,0.0,negative,lower,1.0,0.6,0.4,0.0,0.6,"When comparing studies where reward rule is contribution-based and studies where reward rule is rank-based, cooperation is significantly lower when discussion is absent."
27352,https://data.cooperationdatabank.org/vocab/prop/RewardVariable,https://data.cooperationdatabank.org/vocab/prop/rewardRule,Reward rule,https://data.cooperationdatabank.org/id/rewardrule/contribution-based,Rank-based,https://data.cooperationdatabank.org/vocab/prop/rewardRule,Reward rule,https://data.cooperationdatabank.org/id/rewardrule/rank-based,Contribution-based,https://data.cooperationdatabank.org/vocab/prop/discussion,Discussion,https://data.cooperationdatabank.org/id/discussion/0,Absent,https://data.cooperationdatabank.org/id/dependentvariable/contributions,negative,test,0.0,negative,lower,0.0,0.6,0.4,0.0,0.6,"When comparing studies where reward rule is rank-based and studies where reward rule is contribution-based, cooperation is significantly lower when discussion is absent."
14330,https://data.cooperationdatabank.org/vocab/prop/RewardVariable,https://data.cooperationdatabank.org/vocab/prop/rewardTreatment,Reward treatment,https://data.cooperationdatabank.org/id/rewardtreatment/1,-1,https://data.cooperationdatabank.org/vocab/prop/rewardTreatment,Reward treatment,https://data.cooperationdatabank.org/id/rewardtreatment/-1,1,https://data.cooperationdatabank.org/vocab/prop/country,has country,https://data.cooperationdatabank.org/id/country/ISR,ISR,https://data.cooperationdatabank.org/id/dependentvariable/contributions,negative,test,2.0,positive,higher,0.0,0.4,0.0,0.6,0.6,"When comparing studies where reward treatment is -1 and studies where reward treatment is 1, cooperation is significantly higher when has country is isr."
27476,https://data.cooperationdatabank.org/vocab/prop/RewardVariable,https://data.cooperationdatabank.org/vocab/prop/rewardRule,Reward rule,https://data.cooperationdatabank.org/id/rewardrule/contribution-based,Rank-based,https://data.cooperationdatabank.org/vocab/prop/rewardRule,Reward rule,https://data.cooperationdatabank.org/id/rewardrule/rank-based,Contribution-based,https://data.cooperationdatabank.org/vocab/prop/studyContinuousPGG,Continuous vs step-level public goods,https://data.cooperationdatabank.org/id/studycontinuouspgg/1,Continuous,https://data.cooperationdatabank.org/id/dependentvariable/contributions,negative,test,0.0,negative,lower,0.0,0.6,0.4,0.0,0.6,"When comparing studies where reward rule is rank-based and studies where reward rule is contribution-based, cooperation is significantly lower when continuous vs step-level public goods is continuous."
18304,https://data.cooperationdatabank.org/vocab/prop/RewardVariable,https://data.cooperationdatabank.org/vocab/prop/rewardTreatment,Reward treatment,https://data.cooperationdatabank.org/id/rewardtreatment/1,0,https://data.cooperationdatabank.org/vocab/prop/rewardTreatment,Reward treatment,https://data.cooperationdatabank.org/id/rewardtreatment/0,1,https://data.cooperationdatabank.org/vocab/prop/countrySource,Source of country or region,https://data.cooperationdatabank.org/id/countrysource/3,All authors,https://data.cooperationdatabank.org/id/dependentvariable/contributions,negative,test,0.0,negative,lower,0.0,0.5,0.0,0.5,0.5,"When comparing studies where reward treatment is 0 and studies where reward treatment is 1, cooperation is significantly lower when source of country or region is all authors."
27362,https://data.cooperationdatabank.org/vocab/prop/RewardVariable,https://data.cooperationdatabank.org/vocab/prop/rewardRule,Reward rule,https://data.cooperationdatabank.org/id/rewardrule/contribution-based,Rank-based,https://data.cooperationdatabank.org/vocab/prop/rewardRule,Reward rule,https://data.cooperationdatabank.org/id/rewardrule/rank-based,Contribution-based,https://data.cooperationdatabank.org/vocab/prop/studyTrialOfCooperation,Trial of cooperation,https://data.cooperationdatabank.org/id/studytrialofcooperation/1,All trials,https://data.cooperationdatabank.org/id/dependentvariable/contributions,negative,test,0.0,negative,lower,0.0,0.5,0.5,0.0,0.5,"When comparing studies where reward rule is rank-based and studies where reward rule is contribution-based, cooperation is significantly lower when trial of cooperation is all trials."
27486,https://data.cooperationdatabank.org/vocab/prop/RewardVariable,https://data.cooperationdatabank.org/vocab/prop/rewardRule,Reward rule,https://data.cooperationdatabank.org/id/rewardrule/contribution-based,Rank-based,https://data.cooperationdatabank.org/vocab/prop/rewardRule,Reward rule,https://data.cooperationdatabank.org/id/rewardrule/rank-based,Contribution-based,https://data.cooperationdatabank.org/vocab/prop/studyGameIncentive,Game incentive,https://data.cooperationdatabank.org/id/studygameincentive/1,Monetary,https://data.cooperationdatabank.org/id/dependentvariable/contributions,negative,test,0.0,negative,lower,0.0,0.5,0.5,0.0,0.5,"When comparing studies where reward rule is rank-based and studies where reward rule is contribution-based, cooperation is significantly lower when game incentive is monetary."
1707,https://data.cooperationdatabank.org/vocab/prop/RewardVariable,https://data.cooperationdatabank.org/vocab/prop/rewardTreatment,Reward treatment,https://data.cooperationdatabank.org/id/rewardtreatment/1,1,https://data.cooperationdatabank.org/vocab/prop/rewardTreatment,Reward treatment,https://data.cooperationdatabank.org/id/rewardtreatment/0,0,https://data.cooperationdatabank.org/vocab/prop/countrySource,Source of country or region,https://data.cooperationdatabank.org/id/countrysource/1,Specified country,https://data.cooperationdatabank.org/id/dependentvariable/contributions,noEffect,test,0.0,negative,lower,1.0,0.382262996941896,0.25382262996941896,0.363914373088685,0.382262996941896,"When comparing studies where reward treatment is 1 and studies where reward treatment is 0, cooperation is significantly lower when source of country or region is specified country."
41527,https://data.cooperationdatabank.org/vocab/prop/RewardVariable,https://data.cooperationdatabank.org/vocab/prop/rewardTreatment,Reward treatment,https://data.cooperationdatabank.org/id/rewardtreatment/1,1.0,https://data.cooperationdatabank.org/vocab/prop/rewardTreatment,Reward treatment,https://data.cooperationdatabank.org/id/rewardtreatment/0,0.0,https://data.cooperationdatabank.org/vocab/prop/studyAcquaintance,Acquaintance,https://data.cooperationdatabank.org/id/studyacquaintance/0,Strangers,https://data.cooperationdatabank.org/id/dependentvariable/contributions,noEffect,test,0.0,negative,lower,1.0,0.382262996941896,0.25382262996941896,0.363914373088685,0.382262996941896,"When comparing studies where reward treatment is 1.0 and studies where reward treatment is 0.0, cooperation is significantly lower when acquaintance is strangers."
41534,https://data.cooperationdatabank.org/vocab/prop/RewardVariable,https://data.cooperationdatabank.org/vocab/prop/rewardTreatment,Reward treatment,https://data.cooperationdatabank.org/id/rewardtreatment/1,1.0,https://data.cooperationdatabank.org/vocab/prop/rewardTreatment,Reward treatment,https://data.cooperationdatabank.org/id/rewardtreatment/0,0.0,https://data.cooperationdatabank.org/vocab/prop/studyTrialOfCooperation,Trial of cooperation,https://data.cooperationdatabank.org/id/studytrialofcooperation/1,All trials,https://data.cooperationdatabank.org/id/dependentvariable/contributions,noEffect,test,0.0,negative,lower,1.0,0.382262996941896,0.25382262996941896,0.363914373088685,0.382262996941896,"When comparing studies where reward treatment is 1.0 and studies where reward treatment is 0.0, cooperation is significantly lower when trial of cooperation is all trials."
41503,https://data.cooperationdatabank.org/vocab/prop/RewardVariable,https://data.cooperationdatabank.org/vocab/prop/rewardTreatment,Reward treatment,https://data.cooperationdatabank.org/id/rewardtreatment/1,1,https://data.cooperationdatabank.org/vocab/prop/rewardTreatment,Reward treatment,https://data.cooperationdatabank.org/id/rewardtreatment/0,0,https://data.cooperationdatabank.org/vocab/prop/studyDilemmaType,Game type,https://data.cooperationdatabank.org/id/studydilemmatype/2,Public Goods Game,https://data.cooperationdatabank.org/id/dependentvariable/contributions,positive,test,0.0,negative,lower,2.0,0.382262996941896,0.25382262996941896,0.363914373088685,0.382262996941896,"When comparing studies where reward treatment is 1 and studies where reward treatment is 0, cooperation is significantly lower when game type is public goods game."
14364,https://data.cooperationdatabank.org/vocab/prop/RewardVariable,https://data.cooperationdatabank.org/vocab/prop/rewardTreatment,Reward treatment,https://data.cooperationdatabank.org/id/rewardtreatment/1,0,https://data.cooperationdatabank.org/vocab/prop/rewardTreatment,Reward treatment,https://data.cooperationdatabank.org/id/rewardtreatment/0,1,https://data.cooperationdatabank.org/vocab/prop/discussion,Discussion,https://data.cooperationdatabank.org/id/discussion/0,Absent,https://data.cooperationdatabank.org/id/dependentvariable/contributions,negative,test,0.0,negative,lower,0.0,0.382262996941896,0.25382262996941896,0.363914373088685,0.382262996941896,"When comparing studies where reward treatment is 0 and studies where reward treatment is 1, cooperation is significantly lower when discussion is absent."
1649,https://data.cooperationdatabank.org/vocab/prop/RewardVariable,https://data.cooperationdatabank.org/vocab/prop/rewardTreatment,Reward treatment,https://data.cooperationdatabank.org/id/rewardtreatment/1,1,https://data.cooperationdatabank.org/vocab/prop/rewardTreatment,Reward treatment,https://data.cooperationdatabank.org/id/rewardtreatment/0,0,https://data.cooperationdatabank.org/vocab/prop/studyTrialOfCooperation,Trial of cooperation,https://data.cooperationdatabank.org/id/studytrialofcooperation/1,All trials,https://data.cooperationdatabank.org/id/dependentvariable/contributions,noEffect,test,0.0,negative,lower,1.0,0.382262996941896,0.25382262996941896,0.363914373088685,0.382262996941896,"When comparing studies where reward treatment is 1 and studies where reward treatment is 0, cooperation is significantly lower when trial of cooperation is all trials."
41505,https://data.cooperationdatabank.org/vocab/prop/RewardVariable,https://data.cooperationdatabank.org/vocab/prop/rewardTreatment,Reward treatment,https://data.cooperationdatabank.org/id/rewardtreatment/1,1,https://data.cooperationdatabank.org/vocab/prop/rewardTreatment,Reward treatment,https://data.cooperationdatabank.org/id/rewardtreatment/0,0,https://data.cooperationdatabank.org/vocab/prop/studyExperimentalSetting,Experimental setting,https://data.cooperationdatabank.org/id/studyexperimentalsetting/2,Lab,https://data.cooperationdatabank.org/id/dependentvariable/contributions,positive,test,0.0,negative,lower,2.0,0.382262996941896,0.25382262996941896,0.363914373088685,0.382262996941896,"When comparing studies where reward treatment is 1 and studies where reward treatment is 0, cooperation is significantly lower when experimental setting is lab."
1727,https://data.cooperationdatabank.org/vocab/prop/RewardVariable,https://data.cooperationdatabank.org/vocab/prop/rewardTreatment,Reward treatment,https://data.cooperationdatabank.org/id/rewardtreatment/1,1,https://data.cooperationdatabank.org/vocab/prop/rewardTreatment,Reward treatment,https://data.cooperationdatabank.org/id/rewardtreatment/0,0,https://data.cooperationdatabank.org/vocab/prop/studyRealPartner,Real partner,https://data.cooperationdatabank.org/id/studyrealpartner/1,Real,https://data.cooperationdatabank.org/id/dependentvariable/contributions,noEffect,test,0.0,negative,lower,1.0,0.382262996941896,0.25382262996941896,0.363914373088685,0.382262996941896,"When comparing studies where reward treatment is 1 and studies where reward treatment is 0, cooperation is significantly lower when real partner is real."
41515,https://data.cooperationdatabank.org/vocab/prop/RewardVariable,https://data.cooperationdatabank.org/vocab/prop/rewardTreatment,Reward treatment,https://data.cooperationdatabank.org/id/rewardtreatment/1,1,https://data.cooperationdatabank.org/vocab/prop/rewardTreatment,Reward treatment,https://data.cooperationdatabank.org/id/rewardtreatment/0,0,https://data.cooperationdatabank.org/vocab/prop/studyTrialOfCooperation,Trial of cooperation,https://data.cooperationdatabank.org/id/studytrialofcooperation/1,All trials,https://data.cooperationdatabank.org/id/dependentvariable/contributions,positive,test,0.0,negative,lower,2.0,0.382262996941896,0.25382262996941896,0.363914373088685,0.382262996941896,"When comparing studies where reward treatment is 1 and studies where reward treatment is 0, cooperation is significantly lower when trial of cooperation is all trials."
1551,https://data.cooperationdatabank.org/vocab/prop/RewardVariable,https://data.cooperationdatabank.org/vocab/prop/rewardTreatment,Reward treatment,https://data.cooperationdatabank.org/id/rewardtreatment/1,1,https://data.cooperationdatabank.org/vocab/prop/rewardTreatment,Reward treatment,https://data.cooperationdatabank.org/id/rewardtreatment/0,0,https://data.cooperationdatabank.org/vocab/prop/studyRealPartner,Real partner,https://data.cooperationdatabank.org/id/studyrealpartner/1,Real,https://data.cooperationdatabank.org/id/dependentvariable/contributions,noEffect,test,0.0,negative,lower,1.0,0.382262996941896,0.25382262996941896,0.363914373088685,0.382262996941896,"When comparing studies where reward treatment is 1 and studies where reward treatment is 0, cooperation is significantly lower when real partner is real."
1543,https://data.cooperationdatabank.org/vocab/prop/RewardVariable,https://data.cooperationdatabank.org/vocab/prop/rewardTreatment,Reward treatment,https://data.cooperationdatabank.org/id/rewardtreatment/1,1,https://data.cooperationdatabank.org/vocab/prop/rewardTreatment,Reward treatment,https://data.cooperationdatabank.org/id/rewardtreatment/0,0,https://data.cooperationdatabank.org/vocab/prop/studyExperimentalSetting,Experimental setting,https://data.cooperationdatabank.org/id/studyexperimentalsetting/2,Lab,https://data.cooperationdatabank.org/id/dependentvariable/contributions,noEffect,test,0.0,negative,lower,1.0,0.382262996941896,0.25382262996941896,0.363914373088685,0.382262996941896,"When comparing studies where reward treatment is 1 and studies where reward treatment is 0, cooperation is significantly lower when experimental setting is lab."
1531,https://data.cooperationdatabank.org/vocab/prop/RewardVariable,https://data.cooperationdatabank.org/vocab/prop/rewardTreatment,Reward treatment,https://data.cooperationdatabank.org/id/rewardtreatment/1,1,https://data.cooperationdatabank.org/vocab/prop/rewardTreatment,Reward treatment,https://data.cooperationdatabank.org/id/rewardtreatment/0,0,https://data.cooperationdatabank.org/vocab/prop/countrySource,Source of country or region,https://data.cooperationdatabank.org/id/countrysource/1,Specified country,https://data.cooperationdatabank.org/id/dependentvariable/contributions,noEffect,test,0.0,negative,lower,1.0,0.382262996941896,0.25382262996941896,0.363914373088685,0.382262996941896,"When comparing studies where reward treatment is 1 and studies where reward treatment is 0, cooperation is significantly lower when source of country or region is specified country."
22273,https://data.cooperationdatabank.org/vocab/prop/RewardVariable,https://data.cooperationdatabank.org/vocab/prop/rewardTreatment,Reward treatment,https://data.cooperationdatabank.org/id/rewardtreatment/1,1,https://data.cooperationdatabank.org/vocab/prop/rewardTreatment,Reward treatment,https://data.cooperationdatabank.org/id/rewardtreatment/0,0,https://data.cooperationdatabank.org/vocab/prop/studyMatchingProtocol,Matching,https://data.cooperationdatabank.org/id/studymatchingprotocol/2,Partner,https://data.cooperationdatabank.org/id/dependentvariable/contributions,positive,test,0.0,negative,lower,2.0,0.382262996941896,0.25382262996941896,0.363914373088685,0.382262996941896,"When comparing studies where reward treatment is 1 and studies where reward treatment is 0, cooperation is significantly lower when matching is partner."
14296,https://data.cooperationdatabank.org/vocab/prop/RewardVariable,https://data.cooperationdatabank.org/vocab/prop/rewardTreatment,Reward treatment,https://data.cooperationdatabank.org/id/rewardtreatment/1,0,https://data.cooperationdatabank.org/vocab/prop/rewardTreatment,Reward treatment,https://data.cooperationdatabank.org/id/rewardtreatment/0,1,https://data.cooperationdatabank.org/vocab/prop/yearSource,Source of year of data collection,https://data.cooperationdatabank.org/id/yearsource/4,Received/Submitted,https://data.cooperationdatabank.org/id/dependentvariable/contributions,positive,test,0.0,negative,lower,2.0,0.382262996941896,0.25382262996941896,0.363914373088685,0.382262996941896,"When comparing studies where reward treatment is 0 and studies where reward treatment is 1, cooperation is significantly lower when source of year of data collection is submitted."
14294,https://data.cooperationdatabank.org/vocab/prop/RewardVariable,https://data.cooperationdatabank.org/vocab/prop/rewardTreatment,Reward treatment,https://data.cooperationdatabank.org/id/rewardtreatment/1,0,https://data.cooperationdatabank.org/vocab/prop/rewardTreatment,Reward treatment,https://data.cooperationdatabank.org/id/rewardtreatment/0,1,https://data.cooperationdatabank.org/vocab/prop/studyTrialOfCooperation,Trial of cooperation,https://data.cooperationdatabank.org/id/studytrialofcooperation/1,All trials,https://data.cooperationdatabank.org/id/dependentvariable/contributions,positive,test,0.0,negative,lower,2.0,0.382262996941896,0.25382262996941896,0.363914373088685,0.382262996941896,"When comparing studies where reward treatment is 0 and studies where reward treatment is 1, cooperation is significantly lower when trial of cooperation is all trials."
14184,https://data.cooperationdatabank.org/vocab/prop/RewardVariable,https://data.cooperationdatabank.org/vocab/prop/rewardTreatment,Reward treatment,https://data.cooperationdatabank.org/id/rewardtreatment/1,0,https://data.cooperationdatabank.org/vocab/prop/rewardTreatment,Reward treatment,https://data.cooperationdatabank.org/id/rewardtreatment/0,1,https://data.cooperationdatabank.org/vocab/prop/discussion,Discussion,https://data.cooperationdatabank.org/id/discussion/0,Absent,https://data.cooperationdatabank.org/id/dependentvariable/contributions,negative,test,0.0,negative,lower,0.0,0.382262996941896,0.25382262996941896,0.363914373088685,0.382262996941896,"When comparing studies where reward treatment is 0 and studies where reward treatment is 1, cooperation is significantly lower when discussion is absent."
14118,https://data.cooperationdatabank.org/vocab/prop/RewardVariable,https://data.cooperationdatabank.org/vocab/prop/rewardTreatment,Reward treatment,https://data.cooperationdatabank.org/id/rewardtreatment/1,0,https://data.cooperationdatabank.org/vocab/prop/rewardTreatment,Reward treatment,https://data.cooperationdatabank.org/id/rewardtreatment/0,1,https://data.cooperationdatabank.org/vocab/prop/studyContinuousPGG,Continuous vs step-level public goods,https://data.cooperationdatabank.org/id/studycontinuouspgg/1,Continuous,https://data.cooperationdatabank.org/id/dependentvariable/contributions,positive,test,0.0,negative,lower,2.0,0.382262996941896,0.25382262996941896,0.363914373088685,0.382262996941896,"When comparing studies where reward treatment is 0 and studies where reward treatment is 1, cooperation is significantly lower when continuous vs step-level public goods is continuous."
22263,https://data.cooperationdatabank.org/vocab/prop/RewardVariable,https://data.cooperationdatabank.org/vocab/prop/rewardTreatment,Reward treatment,https://data.cooperationdatabank.org/id/rewardtreatment/1,1,https://data.cooperationdatabank.org/vocab/prop/rewardTreatment,Reward treatment,https://data.cooperationdatabank.org/id/rewardtreatment/0,0,https://data.cooperationdatabank.org/vocab/prop/publicationStatus,Published,https://data.cooperationdatabank.org/id/publicationstatus/1,Published Article,https://data.cooperationdatabank.org/id/dependentvariable/contributions,positive,test,0.0,negative,lower,2.0,0.382262996941896,0.25382262996941896,0.363914373088685,0.382262996941896,"When comparing studies where reward treatment is 1 and studies where reward treatment is 0, cooperation is significantly lower when published is published article."
18340,https://data.cooperationdatabank.org/vocab/prop/RewardVariable,https://data.cooperationdatabank.org/vocab/prop/rewardTreatment,Reward treatment,https://data.cooperationdatabank.org/id/rewardtreatment/1,0,https://data.cooperationdatabank.org/vocab/prop/rewardTreatment,Reward treatment,https://data.cooperationdatabank.org/id/rewardtreatment/0,1,https://data.cooperationdatabank.org/vocab/prop/studyTrialOfCooperation,Trial of cooperation,https://data.cooperationdatabank.org/id/studytrialofcooperation/1,All trials,https://data.cooperationdatabank.org/id/dependentvariable/contributions,negative,test,0.0,negative,lower,0.0,0.382262996941896,0.25382262996941896,0.363914373088685,0.382262996941896,"When comparing studies where reward treatment is 0 and studies where reward treatment is 1, cooperation is significantly lower when trial of cooperation is all trials."
22283,https://data.cooperationdatabank.org/vocab/prop/RewardVariable,https://data.cooperationdatabank.org/vocab/prop/rewardTreatment,Reward treatment,https://data.cooperationdatabank.org/id/rewardtreatment/1,1,https://data.cooperationdatabank.org/vocab/prop/rewardTreatment,Reward treatment,https://data.cooperationdatabank.org/id/rewardtreatment/0,0,https://data.cooperationdatabank.org/vocab/prop/studyContinuousPGG,Continuous vs step-level public goods,https://data.cooperationdatabank.org/id/studycontinuouspgg/1,Continuous,https://data.cooperationdatabank.org/id/dependentvariable/contributions,positive,test,0.0,negative,lower,2.0,0.382262996941896,0.25382262996941896,0.363914373088685,0.382262996941896,"When comparing studies where reward treatment is 1 and studies where reward treatment is 0, cooperation is significantly lower when continuous vs step-level public goods is continuous."
14024,https://data.cooperationdatabank.org/vocab/prop/RewardVariable,https://data.cooperationdatabank.org/vocab/prop/rewardTreatment,Reward treatment,https://data.cooperationdatabank.org/id/rewardtreatment/1,0,https://data.cooperationdatabank.org/vocab/prop/rewardTreatment,Reward treatment,https://data.cooperationdatabank.org/id/rewardtreatment/0,1,https://data.cooperationdatabank.org/vocab/prop/studyTrialOfCooperation,Trial of cooperation,https://data.cooperationdatabank.org/id/studytrialofcooperation/1,All trials,https://data.cooperationdatabank.org/id/dependentvariable/contributions,negative,test,0.0,negative,lower,0.0,0.382262996941896,0.25382262996941896,0.363914373088685,0.382262996941896,"When comparing studies where reward treatment is 0 and studies where reward treatment is 1, cooperation is significantly lower when trial of cooperation is all trials."
14012,https://data.cooperationdatabank.org/vocab/prop/RewardVariable,https://data.cooperationdatabank.org/vocab/prop/rewardTreatment,Reward treatment,https://data.cooperationdatabank.org/id/rewardtreatment/1,0,https://data.cooperationdatabank.org/vocab/prop/rewardTreatment,Reward treatment,https://data.cooperationdatabank.org/id/rewardtreatment/0,1,https://data.cooperationdatabank.org/vocab/prop/studyDilemmaType,Game type,https://data.cooperationdatabank.org/id/studydilemmatype/2,Public Goods Game,https://data.cooperationdatabank.org/id/dependentvariable/contributions,negative,test,0.0,negative,lower,0.0,0.382262996941896,0.25382262996941896,0.363914373088685,0.382262996941896,"When comparing studies where reward treatment is 0 and studies where reward treatment is 1, cooperation is significantly lower when game type is public goods game."
14002,https://data.cooperationdatabank.org/vocab/prop/RewardVariable,https://data.cooperationdatabank.org/vocab/prop/rewardTreatment,Reward treatment,https://data.cooperationdatabank.org/id/rewardtreatment/1,0,https://data.cooperationdatabank.org/vocab/prop/rewardTreatment,Reward treatment,https://data.cooperationdatabank.org/id/rewardtreatment/0,1,https://data.cooperationdatabank.org/vocab/prop/countrySource,Source of country or region,https://data.cooperationdatabank.org/id/countrysource/1,Specified country,https://data.cooperationdatabank.org/id/dependentvariable/contributions,negative,test,0.0,negative,lower,0.0,0.382262996941896,0.25382262996941896,0.363914373088685,0.382262996941896,"When comparing studies where reward treatment is 0 and studies where reward treatment is 1, cooperation is significantly lower when source of country or region is specified country."
13936,https://data.cooperationdatabank.org/vocab/prop/RewardVariable,https://data.cooperationdatabank.org/vocab/prop/rewardTreatment,Reward treatment,https://data.cooperationdatabank.org/id/rewardtreatment/1,0,https://data.cooperationdatabank.org/vocab/prop/rewardTreatment,Reward treatment,https://data.cooperationdatabank.org/id/rewardtreatment/0,1,https://data.cooperationdatabank.org/vocab/prop/yearSource,Source of year of data collection,https://data.cooperationdatabank.org/id/yearsource/4,Received/Submitted,https://data.cooperationdatabank.org/id/dependentvariable/contributions,positive,test,0.0,negative,lower,2.0,0.382262996941896,0.25382262996941896,0.363914373088685,0.382262996941896,"When comparing studies where reward treatment is 0 and studies where reward treatment is 1, cooperation is significantly lower when source of year of data collection is submitted."
13934,https://data.cooperationdatabank.org/vocab/prop/RewardVariable,https://data.cooperationdatabank.org/vocab/prop/rewardTreatment,Reward treatment,https://data.cooperationdatabank.org/id/rewardtreatment/1,0,https://data.cooperationdatabank.org/vocab/prop/rewardTreatment,Reward treatment,https://data.cooperationdatabank.org/id/rewardtreatment/0,1,https://data.cooperationdatabank.org/vocab/prop/studyTrialOfCooperation,Trial of cooperation,https://data.cooperationdatabank.org/id/studytrialofcooperation/1,All trials,https://data.cooperationdatabank.org/id/dependentvariable/contributions,positive,test,0.0,negative,lower,2.0,0.382262996941896,0.25382262996941896,0.363914373088685,0.382262996941896,"When comparing studies where reward treatment is 0 and studies where reward treatment is 1, cooperation is significantly lower when trial of cooperation is all trials."
13830,https://data.cooperationdatabank.org/vocab/prop/RewardVariable,https://data.cooperationdatabank.org/vocab/prop/rewardTreatment,Reward treatment,https://data.cooperationdatabank.org/id/rewardtreatment/1,0,https://data.cooperationdatabank.org/vocab/prop/rewardTreatment,Reward treatment,https://data.cooperationdatabank.org/id/rewardtreatment/0,1,https://data.cooperationdatabank.org/vocab/prop/studyAcquaintance,Acquaintance,https://data.cooperationdatabank.org/id/studyacquaintance/0,Strangers,https://data.cooperationdatabank.org/id/dependentvariable/contributions,positive,test,0.0,negative,lower,2.0,0.382262996941896,0.25382262996941896,0.363914373088685,0.382262996941896,"When comparing studies where reward treatment is 0 and studies where reward treatment is 1, cooperation is significantly lower when acquaintance is strangers."
23284,https://data.cooperationdatabank.org/vocab/prop/RewardVariable,https://data.cooperationdatabank.org/vocab/prop/rewardTreatment,Reward treatment,https://data.cooperationdatabank.org/id/rewardtreatment/1,0,https://data.cooperationdatabank.org/vocab/prop/rewardTreatment,Reward treatment,https://data.cooperationdatabank.org/id/rewardtreatment/0,1,https://data.cooperationdatabank.org/vocab/prop/studyDilemmaType,Game type,https://data.cooperationdatabank.org/id/studydilemmatype/2,Public Goods Game,https://data.cooperationdatabank.org/id/dependentvariable/contributions,negative,test,0.0,negative,lower,0.0,0.382262996941896,0.25382262996941896,0.363914373088685,0.382262996941896,"When comparing studies where reward treatment is 0 and studies where reward treatment is 1, cooperation is significantly lower when game type is public goods game."
23196,https://data.cooperationdatabank.org/vocab/prop/RewardVariable,https://data.cooperationdatabank.org/vocab/prop/rewardTreatment,Reward treatment,https://data.cooperationdatabank.org/id/rewardtreatment/1,0,https://data.cooperationdatabank.org/vocab/prop/rewardTreatment,Reward treatment,https://data.cooperationdatabank.org/id/rewardtreatment/0,1,https://data.cooperationdatabank.org/vocab/prop/studyOneShot,One-shot vs repeated,https://data.cooperationdatabank.org/id/studyoneshot/0,Repeated,https://data.cooperationdatabank.org/id/dependentvariable/contributions,negative,test,0.0,negative,lower,0.0,0.382262996941896,0.25382262996941896,0.363914373088685,0.382262996941896,"When comparing studies where reward treatment is 0 and studies where reward treatment is 1, cooperation is significantly lower when one-shot vs repeated is repeated."
11132,https://data.cooperationdatabank.org/vocab/prop/RewardVariable,https://data.cooperationdatabank.org/vocab/prop/rewardTreatment,Reward treatment,https://data.cooperationdatabank.org/id/rewardtreatment/1,0,https://data.cooperationdatabank.org/vocab/prop/rewardTreatment,Reward treatment,https://data.cooperationdatabank.org/id/rewardtreatment/0,1,https://data.cooperationdatabank.org/vocab/prop/studyDilemmaType,Game type,https://data.cooperationdatabank.org/id/studydilemmatype/2,Public Goods Game,https://data.cooperationdatabank.org/id/dependentvariable/contributions,negative,test,0.0,negative,lower,0.0,0.382262996941896,0.25382262996941896,0.363914373088685,0.382262996941896,"When comparing studies where reward treatment is 0 and studies where reward treatment is 1, cooperation is significantly lower when game type is public goods game."
11148,https://data.cooperationdatabank.org/vocab/prop/RewardVariable,https://data.cooperationdatabank.org/vocab/prop/rewardTreatment,Reward treatment,https://data.cooperationdatabank.org/id/rewardtreatment/1,0,https://data.cooperationdatabank.org/vocab/prop/rewardTreatment,Reward treatment,https://data.cooperationdatabank.org/id/rewardtreatment/0,1,https://data.cooperationdatabank.org/vocab/prop/studyContinuousPGG,Continuous vs step-level public goods,https://data.cooperationdatabank.org/id/studycontinuouspgg/1,Continuous,https://data.cooperationdatabank.org/id/dependentvariable/contributions,negative,test,0.0,negative,lower,0.0,0.382262996941896,0.25382262996941896,0.363914373088685,0.382262996941896,"When comparing studies where reward treatment is 0 and studies where reward treatment is 1, cooperation is significantly lower when continuous vs step-level public goods is continuous."
34691,https://data.cooperationdatabank.org/vocab/prop/RewardVariable,https://data.cooperationdatabank.org/vocab/prop/rewardTreatment,Reward treatment,https://data.cooperationdatabank.org/id/rewardtreatment/1,1,https://data.cooperationdatabank.org/vocab/prop/rewardTreatment,Reward treatment,https://data.cooperationdatabank.org/id/rewardtreatment/0,0,https://data.cooperationdatabank.org/vocab/prop/studyDilemmaType,Game type,https://data.cooperationdatabank.org/id/studydilemmatype/2,Public Goods Game,https://data.cooperationdatabank.org/id/dependentvariable/contributions,noEffect,test,0.0,negative,lower,1.0,0.382262996941896,0.25382262996941896,0.363914373088685,0.382262996941896,"When comparing studies where reward treatment is 1 and studies where reward treatment is 0, cooperation is significantly lower when game type is public goods game."
10459,https://data.cooperationdatabank.org/vocab/prop/RewardVariable,https://data.cooperationdatabank.org/vocab/prop/rewardTreatment,Reward treatment,https://data.cooperationdatabank.org/id/rewardtreatment/1,0,https://data.cooperationdatabank.org/vocab/prop/rewardTreatment,Reward treatment,https://data.cooperationdatabank.org/id/rewardtreatment/0,1,https://data.cooperationdatabank.org/vocab/prop/studyTrialOfCooperation,Trial of cooperation,https://data.cooperationdatabank.org/id/studytrialofcooperation/1,All trials,https://data.cooperationdatabank.org/id/dependentvariable/contributions,positive,test,0.0,negative,lower,2.0,0.382262996941896,0.25382262996941896,0.363914373088685,0.382262996941896,"When comparing studies where reward treatment is 0 and studies where reward treatment is 1, cooperation is significantly lower when trial of cooperation is all trials."
10461,https://data.cooperationdatabank.org/vocab/prop/RewardVariable,https://data.cooperationdatabank.org/vocab/prop/rewardTreatment,Reward treatment,https://data.cooperationdatabank.org/id/rewardtreatment/1,0,https://data.cooperationdatabank.org/vocab/prop/rewardTreatment,Reward treatment,https://data.cooperationdatabank.org/id/rewardtreatment/0,1,https://data.cooperationdatabank.org/vocab/prop/yearSource,Source of year of data collection,https://data.cooperationdatabank.org/id/yearsource/4,Received/Submitted,https://data.cooperationdatabank.org/id/dependentvariable/contributions,positive,test,0.0,negative,lower,2.0,0.382262996941896,0.25382262996941896,0.363914373088685,0.382262996941896,"When comparing studies where reward treatment is 0 and studies where reward treatment is 1, cooperation is significantly lower when source of year of data collection is submitted."
10524,https://data.cooperationdatabank.org/vocab/prop/RewardVariable,https://data.cooperationdatabank.org/vocab/prop/rewardTreatment,Reward treatment,https://data.cooperationdatabank.org/id/rewardtreatment/1,1,https://data.cooperationdatabank.org/vocab/prop/rewardTreatment,Reward treatment,https://data.cooperationdatabank.org/id/rewardtreatment/0,0,https://data.cooperationdatabank.org/vocab/prop/publicationStatus,Published,https://data.cooperationdatabank.org/id/publicationstatus/1,Published Article,https://data.cooperationdatabank.org/id/dependentvariable/contributions,noEffect,test,0.0,negative,lower,1.0,0.382262996941896,0.25382262996941896,0.363914373088685,0.382262996941896,"When comparing studies where reward treatment is 1 and studies where reward treatment is 0, cooperation is significantly lower when published is published article."
10529,https://data.cooperationdatabank.org/vocab/prop/RewardVariable,https://data.cooperationdatabank.org/vocab/prop/rewardTreatment,Reward treatment,https://data.cooperationdatabank.org/id/rewardtreatment/1,1,https://data.cooperationdatabank.org/vocab/prop/rewardTreatment,Reward treatment,https://data.cooperationdatabank.org/id/rewardtreatment/0,0,https://data.cooperationdatabank.org/vocab/prop/studyMatchingProtocol,Matching,https://data.cooperationdatabank.org/id/studymatchingprotocol/2,Partner,https://data.cooperationdatabank.org/id/dependentvariable/contributions,noEffect,test,0.0,negative,lower,1.0,0.382262996941896,0.25382262996941896,0.363914373088685,0.382262996941896,"When comparing studies where reward treatment is 1 and studies where reward treatment is 0, cooperation is significantly lower when matching is partner."
4112,https://data.cooperationdatabank.org/vocab/prop/RewardVariable,https://data.cooperationdatabank.org/vocab/prop/rewardTreatment,Reward treatment,https://data.cooperationdatabank.org/id/rewardtreatment/1,0,https://data.cooperationdatabank.org/vocab/prop/rewardTreatment,Reward treatment,https://data.cooperationdatabank.org/id/rewardtreatment/0,1,https://data.cooperationdatabank.org/vocab/prop/studyTrialOfCooperation,Trial of cooperation,https://data.cooperationdatabank.org/id/studytrialofcooperation/1,All trials,https://data.cooperationdatabank.org/id/dependentvariable/contributions,negative,test,0.0,negative,lower,0.0,0.382262996941896,0.25382262996941896,0.363914373088685,0.382262996941896,"When comparing studies where reward treatment is 0 and studies where reward treatment is 1, cooperation is significantly lower when trial of cooperation is all trials."
4150,https://data.cooperationdatabank.org/vocab/prop/RewardVariable,https://data.cooperationdatabank.org/vocab/prop/rewardTreatment,Reward treatment,https://data.cooperationdatabank.org/id/rewardtreatment/1,0,https://data.cooperationdatabank.org/vocab/prop/rewardTreatment,Reward treatment,https://data.cooperationdatabank.org/id/rewardtreatment/0,1,https://data.cooperationdatabank.org/vocab/prop/studyShowUpFee,Show-up fee,https://data.cooperationdatabank.org/id/studyshowupfee/0,Absent,https://data.cooperationdatabank.org/id/dependentvariable/contributions,positive,test,0.0,negative,lower,2.0,0.382262996941896,0.25382262996941896,0.363914373088685,0.382262996941896,"When comparing studies where reward treatment is 0 and studies where reward treatment is 1, cooperation is significantly lower when show-up fee is absent."
10360,https://data.cooperationdatabank.org/vocab/prop/RewardVariable,https://data.cooperationdatabank.org/vocab/prop/rewardTreatment,Reward treatment,https://data.cooperationdatabank.org/id/rewardtreatment/1,1,https://data.cooperationdatabank.org/vocab/prop/rewardTreatment,Reward treatment,https://data.cooperationdatabank.org/id/rewardtreatment/0,0,https://data.cooperationdatabank.org/vocab/prop/studyOneShot,One-shot vs repeated,https://data.cooperationdatabank.org/id/studyoneshot/0,Repeated,https://data.cooperationdatabank.org/id/dependentvariable/contributions,noEffect,test,0.0,negative,lower,1.0,0.382262996941896,0.25382262996941896,0.363914373088685,0.382262996941896,"When comparing studies where reward treatment is 1 and studies where reward treatment is 0, cooperation is significantly lower when one-shot vs repeated is repeated."
10445,https://data.cooperationdatabank.org/vocab/prop/RewardVariable,https://data.cooperationdatabank.org/vocab/prop/rewardTreatment,Reward treatment,https://data.cooperationdatabank.org/id/rewardtreatment/1,0,https://data.cooperationdatabank.org/vocab/prop/rewardTreatment,Reward treatment,https://data.cooperationdatabank.org/id/rewardtreatment/0,1,https://data.cooperationdatabank.org/vocab/prop/studyAcquaintance,Acquaintance,https://data.cooperationdatabank.org/id/studyacquaintance/0,Strangers,https://data.cooperationdatabank.org/id/dependentvariable/contributions,positive,test,0.0,negative,lower,2.0,0.382262996941896,0.25382262996941896,0.363914373088685,0.382262996941896,"When comparing studies where reward treatment is 0 and studies where reward treatment is 1, cooperation is significantly lower when acquaintance is strangers."
34705,https://data.cooperationdatabank.org/vocab/prop/RewardVariable,https://data.cooperationdatabank.org/vocab/prop/rewardTreatment,Reward treatment,https://data.cooperationdatabank.org/id/rewardtreatment/1,1,https://data.cooperationdatabank.org/vocab/prop/rewardTreatment,Reward treatment,https://data.cooperationdatabank.org/id/rewardtreatment/0,0,https://data.cooperationdatabank.org/vocab/prop/studyTrialOfCooperation,Trial of cooperation,https://data.cooperationdatabank.org/id/studytrialofcooperation/1,All trials,https://data.cooperationdatabank.org/id/dependentvariable/contributions,noEffect,test,0.0,negative,lower,1.0,0.382262996941896,0.25382262996941896,0.363914373088685,0.382262996941896,"When comparing studies where reward treatment is 1 and studies where reward treatment is 0, cooperation is significantly lower when trial of cooperation is all trials."
41427,https://data.cooperationdatabank.org/vocab/prop/RewardVariable,https://data.cooperationdatabank.org/vocab/prop/rewardTreatment,Reward treatment,https://data.cooperationdatabank.org/id/rewardtreatment/1,1,https://data.cooperationdatabank.org/vocab/prop/rewardTreatment,Reward treatment,https://data.cooperationdatabank.org/id/rewardtreatment/0,0,https://data.cooperationdatabank.org/vocab/prop/countrySource,Source of country or region,https://data.cooperationdatabank.org/id/countrysource/1,Specified country,https://data.cooperationdatabank.org/id/dependentvariable/contributions,negative,test,0.0,negative,lower,0.0,0.382262996941896,0.25382262996941896,0.363914373088685,0.382262996941896,"When comparing studies where reward treatment is 1 and studies where reward treatment is 0, cooperation is significantly lower when source of country or region is specified country."
41489,https://data.cooperationdatabank.org/vocab/prop/RewardVariable,https://data.cooperationdatabank.org/vocab/prop/rewardTreatment,Reward treatment,https://data.cooperationdatabank.org/id/rewardtreatment/1,1,https://data.cooperationdatabank.org/vocab/prop/rewardTreatment,Reward treatment,https://data.cooperationdatabank.org/id/rewardtreatment/0,0,https://data.cooperationdatabank.org/vocab/prop/studyShowUpFee,Show-up fee,https://data.cooperationdatabank.org/id/studyshowupfee/1,Paid,https://data.cooperationdatabank.org/id/dependentvariable/contributions,noEffect,test,0.0,negative,lower,1.0,0.382262996941896,0.25382262996941896,0.363914373088685,0.382262996941896,"When comparing studies where reward treatment is 1 and studies where reward treatment is 0, cooperation is significantly lower when show-up fee is paid."
46012,https://data.cooperationdatabank.org/vocab/prop/RewardVariable,https://data.cooperationdatabank.org/vocab/prop/rewardTreatment,Reward treatment,https://data.cooperationdatabank.org/id/rewardtreatment/1,0,https://data.cooperationdatabank.org/vocab/prop/rewardTreatment,Reward treatment,https://data.cooperationdatabank.org/id/rewardtreatment/0,1,https://data.cooperationdatabank.org/vocab/prop/studyContinuousPGG,Continuous vs step-level public goods,https://data.cooperationdatabank.org/id/studycontinuouspgg/1,Continuous,https://data.cooperationdatabank.org/id/dependentvariable/contributions,negative,test,0.0,negative,lower,0.0,0.382262996941896,0.25382262996941896,0.363914373088685,0.382262996941896,"When comparing studies where reward treatment is 0 and studies where reward treatment is 1, cooperation is significantly lower when continuous vs step-level public goods is continuous."
46029,https://data.cooperationdatabank.org/vocab/prop/RewardVariable,https://data.cooperationdatabank.org/vocab/prop/rewardTreatment,Reward treatment,https://data.cooperationdatabank.org/id/rewardtreatment/1,0,https://data.cooperationdatabank.org/vocab/prop/rewardTreatment,Reward treatment,https://data.cooperationdatabank.org/id/rewardtreatment/0,1,https://data.cooperationdatabank.org/vocab/prop/studyContinuousPGG,Continuous vs step-level public goods,https://data.cooperationdatabank.org/id/studycontinuouspgg/1,Continuous,https://data.cooperationdatabank.org/id/dependentvariable/contributions,positive,test,0.0,negative,lower,2.0,0.382262996941896,0.25382262996941896,0.363914373088685,0.382262996941896,"When comparing studies where reward treatment is 0 and studies where reward treatment is 1, cooperation is significantly lower when continuous vs step-level public goods is continuous."
