,giv_prop,iv,iv_label,cat_t1,cat_t1_label,iv.1,iv_label.1,cat_t2,cat_t2_label,mod,mod_label,mod_val,mod_val_label,dependent,effect,td,pred_num,pred_readable,comparative,pred_true,score_0,score_1,score_2,max_score,hypothesis
39117,https://data.cooperationdatabank.org/vocab/prop/SequentialityVariable,https://data.cooperationdatabank.org/vocab/prop/sequentiality,Sequentiality,https://data.cooperationdatabank.org/id/sequentiality/sequential_leadership-by-example,Sequential leadership-by-example,https://data.cooperationdatabank.org/vocab/prop/sequentiality,Sequentiality,https://data.cooperationdatabank.org/id/sequentiality/simultaneous,Simultaneous,https://data.cooperationdatabank.org/vocab/prop/yearSource,Source of year of data collection,https://data.cooperationdatabank.org/id/yearsource/1,Conducted,https://data.cooperationdatabank.org/id/dependentvariable/cooperation,positive,test,2.0,positive,higher,2.0,0.0,0.0,1.0,1.0,"When comparing studies where sequentiality is sequential leadership-by-example and studies where sequentiality is simultaneous, cooperation is significantly higher when source of year of data collection is conducted."
39121,https://data.cooperationdatabank.org/vocab/prop/SequentialityVariable,https://data.cooperationdatabank.org/vocab/prop/sequentiality,Sequentiality,https://data.cooperationdatabank.org/id/sequentiality/sequential_leadership-by-example,Sequential leadership-by-example,https://data.cooperationdatabank.org/vocab/prop/sequentiality,Sequentiality,https://data.cooperationdatabank.org/id/sequentiality/simultaneous,Simultaneous,https://data.cooperationdatabank.org/vocab/prop/countrySource,Source of country or region,https://data.cooperationdatabank.org/id/countrysource/1,Specified country,https://data.cooperationdatabank.org/id/dependentvariable/cooperation,positive,test,2.0,positive,higher,2.0,0.0,0.0,1.0,1.0,"When comparing studies where sequentiality is sequential leadership-by-example and studies where sequentiality is simultaneous, cooperation is significantly higher when source of country or region is specified country."
39123,https://data.cooperationdatabank.org/vocab/prop/SequentialityVariable,https://data.cooperationdatabank.org/vocab/prop/sequentiality,Sequentiality,https://data.cooperationdatabank.org/id/sequentiality/sequential_leadership-by-example,Sequential leadership-by-example,https://data.cooperationdatabank.org/vocab/prop/sequentiality,Sequentiality,https://data.cooperationdatabank.org/id/sequentiality/simultaneous,Simultaneous,https://data.cooperationdatabank.org/vocab/prop/discussion,Discussion,https://data.cooperationdatabank.org/id/discussion/2,Bi-directional,https://data.cooperationdatabank.org/id/dependentvariable/cooperation,positive,test,2.0,positive,higher,2.0,0.0,0.0,1.0,1.0,"When comparing studies where sequentiality is sequential leadership-by-example and studies where sequentiality is simultaneous, cooperation is significantly higher when discussion is bi-directional."
39145,https://data.cooperationdatabank.org/vocab/prop/SequentialityVariable,https://data.cooperationdatabank.org/vocab/prop/sequentiality,Sequentiality,https://data.cooperationdatabank.org/id/sequentiality/sequential_leadership-by-example,Sequential leadership-by-example,https://data.cooperationdatabank.org/vocab/prop/sequentiality,Sequentiality,https://data.cooperationdatabank.org/id/sequentiality/simultaneous,Simultaneous,https://data.cooperationdatabank.org/vocab/prop/studyMatchingProtocol,Matching,https://data.cooperationdatabank.org/id/studymatchingprotocol/1,Stranger,https://data.cooperationdatabank.org/id/dependentvariable/cooperation,positive,test,2.0,positive,higher,2.0,0.0,0.0,1.0,1.0,"When comparing studies where sequentiality is sequential leadership-by-example and studies where sequentiality is simultaneous, cooperation is significantly higher when matching is stranger."
39147,https://data.cooperationdatabank.org/vocab/prop/SequentialityVariable,https://data.cooperationdatabank.org/vocab/prop/sequentiality,Sequentiality,https://data.cooperationdatabank.org/id/sequentiality/sequential_leadership-by-example,Sequential leadership-by-example,https://data.cooperationdatabank.org/vocab/prop/sequentiality,Sequentiality,https://data.cooperationdatabank.org/id/sequentiality/simultaneous,Simultaneous,https://data.cooperationdatabank.org/vocab/prop/studyRealPartner,Real partner,https://data.cooperationdatabank.org/id/studyrealpartner/1,Real,https://data.cooperationdatabank.org/id/dependentvariable/cooperation,positive,test,2.0,positive,higher,2.0,0.0,0.0,1.0,1.0,"When comparing studies where sequentiality is sequential leadership-by-example and studies where sequentiality is simultaneous, cooperation is significantly higher when real partner is real."
39148,https://data.cooperationdatabank.org/vocab/prop/SequentialityVariable,https://data.cooperationdatabank.org/vocab/prop/sequentiality,Sequentiality,https://data.cooperationdatabank.org/id/sequentiality/sequential_leadership-by-example,Sequential leadership-by-example,https://data.cooperationdatabank.org/vocab/prop/sequentiality,Sequentiality,https://data.cooperationdatabank.org/id/sequentiality/simultaneous,Simultaneous,https://data.cooperationdatabank.org/vocab/prop/studyTrialOfCooperation,Trial of cooperation,https://data.cooperationdatabank.org/id/studytrialofcooperation/5,Other trials,https://data.cooperationdatabank.org/id/dependentvariable/cooperation,positive,test,2.0,positive,higher,2.0,0.0,0.0,1.0,1.0,"When comparing studies where sequentiality is sequential leadership-by-example and studies where sequentiality is simultaneous, cooperation is significantly higher when trial of cooperation is other trials."
39149,https://data.cooperationdatabank.org/vocab/prop/SequentialityVariable,https://data.cooperationdatabank.org/vocab/prop/sequentiality,Sequentiality,https://data.cooperationdatabank.org/id/sequentiality/sequential_leadership-by-example,Sequential leadership-by-example,https://data.cooperationdatabank.org/vocab/prop/sequentiality,Sequentiality,https://data.cooperationdatabank.org/id/sequentiality/simultaneous,Simultaneous,https://data.cooperationdatabank.org/vocab/prop/yearSource,Source of year of data collection,https://data.cooperationdatabank.org/id/yearsource/1,Conducted,https://data.cooperationdatabank.org/id/dependentvariable/cooperation,positive,test,2.0,positive,higher,2.0,0.0,0.0,1.0,1.0,"When comparing studies where sequentiality is sequential leadership-by-example and studies where sequentiality is simultaneous, cooperation is significantly higher when source of year of data collection is conducted."
