,giv_prop,iv,iv_label,cat_t1,cat_t1_label,iv.1,iv_label.1,cat_t2,cat_t2_label,mod,mod_label,mod_val,mod_val_label,dependent,effect,td,pred_num,pred_readable,comparative,pred_true,score_0,score_1,score_2,max_score,hypothesis
2696,https://data.cooperationdatabank.org/vocab/prop/Step-level_Public_Goods_GameVariable,https://data.cooperationdatabank.org/vocab/prop/thresholdLevel,Threshold level,https://data.cooperationdatabank.org/id/thresholdlevel/medium,Medium,https://data.cooperationdatabank.org/vocab/prop/thresholdLevel,Threshold level,https://data.cooperationdatabank.org/id/thresholdlevel/high,High,https://data.cooperationdatabank.org/vocab/prop/studyShowUpFee,Show-up fee,https://data.cooperationdatabank.org/id/studyshowupfee/1,Paid,https://data.cooperationdatabank.org/id/dependentvariable/contributions,negative,test,0.0,negative,lower,0.0,1.0,0.0,0.0,1.0,"When comparing studies where threshold level is medium and studies where threshold level is high, cooperation is significantly lower when show-up fee is paid."
2759,https://data.cooperationdatabank.org/vocab/prop/Step-level_Public_Goods_GameVariable,https://data.cooperationdatabank.org/vocab/prop/thresholdLevel,Threshold level,https://data.cooperationdatabank.org/id/thresholdlevel/medium,Medium,https://data.cooperationdatabank.org/vocab/prop/thresholdLevel,Threshold level,https://data.cooperationdatabank.org/id/thresholdlevel/high,High,https://data.cooperationdatabank.org/vocab/prop/studyShowUpFee,Show-up fee,https://data.cooperationdatabank.org/id/studyshowupfee/1,Paid,https://data.cooperationdatabank.org/id/dependentvariable/contributions,noEffect,test,0.0,negative,lower,1.0,1.0,0.0,0.0,1.0,"When comparing studies where threshold level is medium and studies where threshold level is high, cooperation is significantly lower when show-up fee is paid."
2849,https://data.cooperationdatabank.org/vocab/prop/Step-level_Public_Goods_GameVariable,https://data.cooperationdatabank.org/vocab/prop/thresholdLevel,Threshold level,https://data.cooperationdatabank.org/id/thresholdlevel/medium,Medium,https://data.cooperationdatabank.org/vocab/prop/thresholdLevel,Threshold level,https://data.cooperationdatabank.org/id/thresholdlevel/low,Low,https://data.cooperationdatabank.org/vocab/prop/studyTrialOfCooperation,Trial of cooperation,https://data.cooperationdatabank.org/id/studytrialofcooperation/1,All trials,https://data.cooperationdatabank.org/id/dependentvariable/contributions,noEffect,test,2.0,positive,higher,1.0,0.0,0.0,1.0,1.0,"When comparing studies where threshold level is medium and studies where threshold level is low, cooperation is significantly higher when trial of cooperation is all trials."
2870,https://data.cooperationdatabank.org/vocab/prop/Step-level_Public_Goods_GameVariable,https://data.cooperationdatabank.org/vocab/prop/thresholdLevel,Threshold level,https://data.cooperationdatabank.org/id/thresholdlevel/high,High,https://data.cooperationdatabank.org/vocab/prop/thresholdLevel,Threshold level,https://data.cooperationdatabank.org/id/thresholdlevel/low,Low,https://data.cooperationdatabank.org/vocab/prop/yearSource,Source of year of data collection,https://data.cooperationdatabank.org/id/yearsource/4,Received/Submitted,https://data.cooperationdatabank.org/id/dependentvariable/contributions,positive,test,2.0,positive,higher,2.0,0.0,0.0,1.0,1.0,"When comparing studies where threshold level is high and studies where threshold level is low, cooperation is significantly higher when source of year of data collection is submitted."
4277,https://data.cooperationdatabank.org/vocab/prop/Step-level_Public_Goods_GameVariable,https://data.cooperationdatabank.org/vocab/prop/thresholdLevel,Threshold level,https://data.cooperationdatabank.org/id/thresholdlevel/high,Low,https://data.cooperationdatabank.org/vocab/prop/thresholdLevel,Threshold level,https://data.cooperationdatabank.org/id/thresholdlevel/low,High,https://data.cooperationdatabank.org/vocab/prop/recruitmentMethod,Recruitment method,https://data.cooperationdatabank.org/id/recruitmentmethod/1,Participant pool,https://data.cooperationdatabank.org/id/dependentvariable/contributions,positive,test,2.0,positive,higher,2.0,0.0,0.0,1.0,1.0,"When comparing studies where threshold level is low and studies where threshold level is high, cooperation is significantly higher when recruitment method is participant pool."
9144,https://data.cooperationdatabank.org/vocab/prop/Step-level_Public_Goods_GameVariable,https://data.cooperationdatabank.org/vocab/prop/thresholdLevel,Threshold level,https://data.cooperationdatabank.org/id/thresholdlevel/high,Low,https://data.cooperationdatabank.org/vocab/prop/thresholdLevel,Threshold level,https://data.cooperationdatabank.org/id/thresholdlevel/low,High,https://data.cooperationdatabank.org/vocab/prop/yearSource,Source of year of data collection,https://data.cooperationdatabank.org/id/yearsource/6,Accepted,https://data.cooperationdatabank.org/id/dependentvariable/contributions,negative,test,2.0,positive,higher,0.0,0.0,0.0,1.0,1.0,"When comparing studies where threshold level is low and studies where threshold level is high, cooperation is significantly higher when source of year of data collection is accepted."
23431,https://data.cooperationdatabank.org/vocab/prop/Step-level_Public_Goods_GameVariable,https://data.cooperationdatabank.org/vocab/prop/thresholdLevel,Threshold level,https://data.cooperationdatabank.org/id/thresholdlevel/medium,Low,https://data.cooperationdatabank.org/vocab/prop/thresholdLevel,Threshold level,https://data.cooperationdatabank.org/id/thresholdlevel/low,Medium,https://data.cooperationdatabank.org/vocab/prop/studyExperimentalSetting,Experimental setting,https://data.cooperationdatabank.org/id/studyexperimentalsetting/2,Lab,https://data.cooperationdatabank.org/id/dependentvariable/cooperation,positive,test,2.0,positive,higher,2.0,0.0,0.0,1.0,1.0,"When comparing studies where threshold level is low and studies where threshold level is medium, cooperation is significantly higher when experimental setting is lab."
12446,https://data.cooperationdatabank.org/vocab/prop/Step-level_Public_Goods_GameVariable,https://data.cooperationdatabank.org/vocab/prop/thresholdLevel,Threshold level,https://data.cooperationdatabank.org/id/thresholdlevel/high,Low,https://data.cooperationdatabank.org/vocab/prop/thresholdLevel,Threshold level,https://data.cooperationdatabank.org/id/thresholdlevel/low,High,https://data.cooperationdatabank.org/vocab/prop/yearSource,Source of year of data collection,https://data.cooperationdatabank.org/id/yearsource/7,Available online,https://data.cooperationdatabank.org/id/dependentvariable/contributions,positive,test,2.0,positive,higher,2.0,0.0,0.0,1.0,1.0,"When comparing studies where threshold level is low and studies where threshold level is high, cooperation is significantly higher when source of year of data collection is available online."
36249,https://data.cooperationdatabank.org/vocab/prop/Step-level_Public_Goods_GameVariable,https://data.cooperationdatabank.org/vocab/prop/thresholdLevel,Threshold level,https://data.cooperationdatabank.org/id/thresholdlevel/high,Low,https://data.cooperationdatabank.org/vocab/prop/thresholdLevel,Threshold level,https://data.cooperationdatabank.org/id/thresholdlevel/low,High,https://data.cooperationdatabank.org/vocab/prop/recruitmentMethod,Recruitment method,https://data.cooperationdatabank.org/id/recruitmentmethod/1,Participant pool,https://data.cooperationdatabank.org/id/dependentvariable/contributions,positive,test,2.0,positive,higher,2.0,0.0,0.0,1.0,1.0,"When comparing studies where threshold level is low and studies where threshold level is high, cooperation is significantly higher when recruitment method is participant pool."
36248,https://data.cooperationdatabank.org/vocab/prop/Step-level_Public_Goods_GameVariable,https://data.cooperationdatabank.org/vocab/prop/thresholdLevel,Threshold level,https://data.cooperationdatabank.org/id/thresholdlevel/high,Low,https://data.cooperationdatabank.org/vocab/prop/thresholdLevel,Threshold level,https://data.cooperationdatabank.org/id/thresholdlevel/low,High,https://data.cooperationdatabank.org/vocab/prop/studyContinuousPGG,Continuous vs step-level public goods,https://data.cooperationdatabank.org/id/studycontinuouspgg/2,Step-level,https://data.cooperationdatabank.org/id/dependentvariable/contributions,positive,test,2.0,positive,higher,2.0,0.0,0.0,1.0,1.0,"When comparing studies where threshold level is low and studies where threshold level is high, cooperation is significantly higher when continuous vs step-level public goods is step-level."
37131,https://data.cooperationdatabank.org/vocab/prop/Step-level_Public_Goods_GameVariable,https://data.cooperationdatabank.org/vocab/prop/stepReturnLevel,Step return level,https://data.cooperationdatabank.org/id/stepreturnlevel/medium,Medium,https://data.cooperationdatabank.org/vocab/prop/stepReturnLevel,Step return level,https://data.cooperationdatabank.org/id/stepreturnlevel/high,High,https://data.cooperationdatabank.org/vocab/prop/studyDilemmaType,Game type,https://data.cooperationdatabank.org/id/studydilemmatype/2,Public Goods Game,https://data.cooperationdatabank.org/id/dependentvariable/cooperation,noEffect,test,0.0,negative,lower,1.0,1.0,0.0,0.0,1.0,"When comparing studies where step return level is medium and studies where step return level is high, cooperation is significantly lower when game type is public goods game."
37101,https://data.cooperationdatabank.org/vocab/prop/Step-level_Public_Goods_GameVariable,https://data.cooperationdatabank.org/vocab/prop/stepReturnLevel,Step return level,https://data.cooperationdatabank.org/id/stepreturnlevel/low,Low,https://data.cooperationdatabank.org/vocab/prop/stepReturnLevel,Step return level,https://data.cooperationdatabank.org/id/stepreturnlevel/high,High,https://data.cooperationdatabank.org/vocab/prop/studyOneShot,One-shot vs repeated,https://data.cooperationdatabank.org/id/studyoneshot/1,One-shot,https://data.cooperationdatabank.org/id/dependentvariable/cooperation,negative,test,0.0,negative,lower,0.0,1.0,0.0,0.0,1.0,"When comparing studies where step return level is low and studies where step return level is high, cooperation is significantly lower when one-shot vs repeated is one-shot."
23440,https://data.cooperationdatabank.org/vocab/prop/Step-level_Public_Goods_GameVariable,https://data.cooperationdatabank.org/vocab/prop/thresholdLevel,Threshold level,https://data.cooperationdatabank.org/id/thresholdlevel/high,Low,https://data.cooperationdatabank.org/vocab/prop/thresholdLevel,Threshold level,https://data.cooperationdatabank.org/id/thresholdlevel/low,High,https://data.cooperationdatabank.org/vocab/prop/country,has country,https://data.cooperationdatabank.org/id/country/ESP,ESP,https://data.cooperationdatabank.org/id/dependentvariable/cooperation,positive,test,2.0,positive,higher,2.0,0.0,0.0,1.0,1.0,"When comparing studies where threshold level is low and studies where threshold level is high, cooperation is significantly higher when has country is esp."
23427,https://data.cooperationdatabank.org/vocab/prop/Step-level_Public_Goods_GameVariable,https://data.cooperationdatabank.org/vocab/prop/thresholdLevel,Threshold level,https://data.cooperationdatabank.org/id/thresholdlevel/medium,Low,https://data.cooperationdatabank.org/vocab/prop/thresholdLevel,Threshold level,https://data.cooperationdatabank.org/id/thresholdlevel/low,Medium,https://data.cooperationdatabank.org/vocab/prop/discussion,Discussion,https://data.cooperationdatabank.org/id/discussion/0,Absent,https://data.cooperationdatabank.org/id/dependentvariable/cooperation,positive,test,2.0,positive,higher,2.0,0.0,0.0,1.0,1.0,"When comparing studies where threshold level is low and studies where threshold level is medium, cooperation is significantly higher when discussion is absent."
12419,https://data.cooperationdatabank.org/vocab/prop/Step-level_Public_Goods_GameVariable,https://data.cooperationdatabank.org/vocab/prop/thresholdLevel,Threshold level,https://data.cooperationdatabank.org/id/thresholdlevel/high,Low,https://data.cooperationdatabank.org/vocab/prop/thresholdLevel,Threshold level,https://data.cooperationdatabank.org/id/thresholdlevel/low,High,https://data.cooperationdatabank.org/vocab/prop/country,has country,https://data.cooperationdatabank.org/id/country/NLD,NLD,https://data.cooperationdatabank.org/id/dependentvariable/contributions,positive,test,2.0,positive,higher,2.0,0.0,0.0,1.0,1.0,"When comparing studies where threshold level is low and studies where threshold level is high, cooperation is significantly higher when has country is nld."
36239,https://data.cooperationdatabank.org/vocab/prop/Step-level_Public_Goods_GameVariable,https://data.cooperationdatabank.org/vocab/prop/thresholdLevel,Threshold level,https://data.cooperationdatabank.org/id/thresholdlevel/high,Low,https://data.cooperationdatabank.org/vocab/prop/thresholdLevel,Threshold level,https://data.cooperationdatabank.org/id/thresholdlevel/low,High,https://data.cooperationdatabank.org/vocab/prop/studyAcquaintance,Acquaintance,https://data.cooperationdatabank.org/id/studyacquaintance/0,Strangers,https://data.cooperationdatabank.org/id/dependentvariable/contributions,positive,test,2.0,positive,higher,2.0,0.14285714285714285,0.0,0.8571428571428571,0.8571428571428571,"When comparing studies where threshold level is low and studies where threshold level is high, cooperation is significantly higher when acquaintance is strangers."
9203,https://data.cooperationdatabank.org/vocab/prop/Step-level_Public_Goods_GameVariable,https://data.cooperationdatabank.org/vocab/prop/thresholdLevel,Threshold level,https://data.cooperationdatabank.org/id/thresholdlevel/high,Low,https://data.cooperationdatabank.org/vocab/prop/thresholdLevel,Threshold level,https://data.cooperationdatabank.org/id/thresholdlevel/low,High,https://data.cooperationdatabank.org/vocab/prop/studyAcquaintance,Acquaintance,https://data.cooperationdatabank.org/id/studyacquaintance/0,Strangers,https://data.cooperationdatabank.org/id/dependentvariable/contributions,negative,test,2.0,positive,higher,0.0,0.14285714285714285,0.0,0.8571428571428571,0.8571428571428571,"When comparing studies where threshold level is low and studies where threshold level is high, cooperation is significantly higher when acquaintance is strangers."
2708,https://data.cooperationdatabank.org/vocab/prop/Step-level_Public_Goods_GameVariable,https://data.cooperationdatabank.org/vocab/prop/thresholdLevel,Threshold level,https://data.cooperationdatabank.org/id/thresholdlevel/medium,Medium,https://data.cooperationdatabank.org/vocab/prop/thresholdLevel,Threshold level,https://data.cooperationdatabank.org/id/thresholdlevel/low,Low,https://data.cooperationdatabank.org/vocab/prop/studyRealPartner,Real partner,https://data.cooperationdatabank.org/id/studyrealpartner/1,Real,https://data.cooperationdatabank.org/id/dependentvariable/contributions,positive,test,2.0,positive,higher,2.0,0.0,0.25,0.75,0.75,"When comparing studies where threshold level is medium and studies where threshold level is low, cooperation is significantly higher when real partner is real."
2793,https://data.cooperationdatabank.org/vocab/prop/Step-level_Public_Goods_GameVariable,https://data.cooperationdatabank.org/vocab/prop/thresholdLevel,Threshold level,https://data.cooperationdatabank.org/id/thresholdlevel/medium,Medium,https://data.cooperationdatabank.org/vocab/prop/thresholdLevel,Threshold level,https://data.cooperationdatabank.org/id/thresholdlevel/low,Low,https://data.cooperationdatabank.org/vocab/prop/recruitmentMethod,Recruitment method,https://data.cooperationdatabank.org/id/recruitmentmethod/1,Participant pool,https://data.cooperationdatabank.org/id/dependentvariable/contributions,positive,test,2.0,positive,higher,2.0,0.0,0.25,0.75,0.75,"When comparing studies where threshold level is medium and studies where threshold level is low, cooperation is significantly higher when recruitment method is participant pool."
36224,https://data.cooperationdatabank.org/vocab/prop/Step-level_Public_Goods_GameVariable,https://data.cooperationdatabank.org/vocab/prop/thresholdLevel,Threshold level,https://data.cooperationdatabank.org/id/thresholdlevel/medium,Low,https://data.cooperationdatabank.org/vocab/prop/thresholdLevel,Threshold level,https://data.cooperationdatabank.org/id/thresholdlevel/low,Medium,https://data.cooperationdatabank.org/vocab/prop/studyAcquaintance,Acquaintance,https://data.cooperationdatabank.org/id/studyacquaintance/0,Strangers,https://data.cooperationdatabank.org/id/dependentvariable/contributions,positive,test,2.0,positive,higher,2.0,0.0,0.25,0.75,0.75,"When comparing studies where threshold level is low and studies where threshold level is medium, cooperation is significantly higher when acquaintance is strangers."
36234,https://data.cooperationdatabank.org/vocab/prop/Step-level_Public_Goods_GameVariable,https://data.cooperationdatabank.org/vocab/prop/thresholdLevel,Threshold level,https://data.cooperationdatabank.org/id/thresholdlevel/medium,Low,https://data.cooperationdatabank.org/vocab/prop/thresholdLevel,Threshold level,https://data.cooperationdatabank.org/id/thresholdlevel/low,Medium,https://data.cooperationdatabank.org/vocab/prop/recruitmentMethod,Recruitment method,https://data.cooperationdatabank.org/id/recruitmentmethod/1,Participant pool,https://data.cooperationdatabank.org/id/dependentvariable/contributions,positive,test,2.0,positive,higher,2.0,0.0,0.25,0.75,0.75,"When comparing studies where threshold level is low and studies where threshold level is medium, cooperation is significantly higher when recruitment method is participant pool."
36232,https://data.cooperationdatabank.org/vocab/prop/Step-level_Public_Goods_GameVariable,https://data.cooperationdatabank.org/vocab/prop/thresholdLevel,Threshold level,https://data.cooperationdatabank.org/id/thresholdlevel/medium,Low,https://data.cooperationdatabank.org/vocab/prop/thresholdLevel,Threshold level,https://data.cooperationdatabank.org/id/thresholdlevel/low,Medium,https://data.cooperationdatabank.org/vocab/prop/yearSource,Source of year of data collection,https://data.cooperationdatabank.org/id/yearsource/4,Received/Submitted,https://data.cooperationdatabank.org/id/dependentvariable/contributions,positive,test,2.0,positive,higher,2.0,0.0,0.25,0.75,0.75,"When comparing studies where threshold level is low and studies where threshold level is medium, cooperation is significantly higher when source of year of data collection is submitted."
4247,https://data.cooperationdatabank.org/vocab/prop/Step-level_Public_Goods_GameVariable,https://data.cooperationdatabank.org/vocab/prop/thresholdLevel,Threshold level,https://data.cooperationdatabank.org/id/thresholdlevel/medium,Low,https://data.cooperationdatabank.org/vocab/prop/thresholdLevel,Threshold level,https://data.cooperationdatabank.org/id/thresholdlevel/low,Medium,https://data.cooperationdatabank.org/vocab/prop/publicationStatus,Published,https://data.cooperationdatabank.org/id/publicationstatus/1,Published Article,https://data.cooperationdatabank.org/id/dependentvariable/contributions,positive,test,2.0,positive,higher,2.0,0.0,0.25,0.75,0.75,"When comparing studies where threshold level is low and studies where threshold level is medium, cooperation is significantly higher when published is published article."
4255,https://data.cooperationdatabank.org/vocab/prop/Step-level_Public_Goods_GameVariable,https://data.cooperationdatabank.org/vocab/prop/thresholdLevel,Threshold level,https://data.cooperationdatabank.org/id/thresholdlevel/medium,Low,https://data.cooperationdatabank.org/vocab/prop/thresholdLevel,Threshold level,https://data.cooperationdatabank.org/id/thresholdlevel/low,Medium,https://data.cooperationdatabank.org/vocab/prop/studyRealPartner,Real partner,https://data.cooperationdatabank.org/id/studyrealpartner/1,Real,https://data.cooperationdatabank.org/id/dependentvariable/contributions,positive,test,2.0,positive,higher,2.0,0.0,0.25,0.75,0.75,"When comparing studies where threshold level is low and studies where threshold level is medium, cooperation is significantly higher when real partner is real."
12421,https://data.cooperationdatabank.org/vocab/prop/Step-level_Public_Goods_GameVariable,https://data.cooperationdatabank.org/vocab/prop/thresholdLevel,Threshold level,https://data.cooperationdatabank.org/id/thresholdlevel/high,Low,https://data.cooperationdatabank.org/vocab/prop/thresholdLevel,Threshold level,https://data.cooperationdatabank.org/id/thresholdlevel/low,High,https://data.cooperationdatabank.org/vocab/prop/discussion,Discussion,https://data.cooperationdatabank.org/id/discussion/0,Absent,https://data.cooperationdatabank.org/id/dependentvariable/contributions,positive,test,2.0,positive,higher,2.0,0.2857142857142857,0.0,0.7142857142857143,0.7142857142857143,"When comparing studies where threshold level is low and studies where threshold level is high, cooperation is significantly higher when discussion is absent."
4271,https://data.cooperationdatabank.org/vocab/prop/Step-level_Public_Goods_GameVariable,https://data.cooperationdatabank.org/vocab/prop/thresholdLevel,Threshold level,https://data.cooperationdatabank.org/id/thresholdlevel/high,Low,https://data.cooperationdatabank.org/vocab/prop/thresholdLevel,Threshold level,https://data.cooperationdatabank.org/id/thresholdlevel/low,High,https://data.cooperationdatabank.org/vocab/prop/studyOneShot,One-shot vs repeated,https://data.cooperationdatabank.org/id/studyoneshot/0,Repeated,https://data.cooperationdatabank.org/id/dependentvariable/contributions,positive,test,2.0,positive,higher,2.0,0.3137254901960784,0.0,0.6862745098039216,0.6862745098039216,"When comparing studies where threshold level is low and studies where threshold level is high, cooperation is significantly higher when one-shot vs repeated is repeated."
4265,https://data.cooperationdatabank.org/vocab/prop/Step-level_Public_Goods_GameVariable,https://data.cooperationdatabank.org/vocab/prop/thresholdLevel,Threshold level,https://data.cooperationdatabank.org/id/thresholdlevel/high,Low,https://data.cooperationdatabank.org/vocab/prop/thresholdLevel,Threshold level,https://data.cooperationdatabank.org/id/thresholdlevel/low,High,https://data.cooperationdatabank.org/vocab/prop/studyAcademicDiscipline,Academic discipline,https://data.cooperationdatabank.org/id/studyacademicdiscipline/4,Mixed,https://data.cooperationdatabank.org/id/dependentvariable/contributions,positive,test,2.0,positive,higher,2.0,0.3333333333333333,0.0,0.6666666666666666,0.6666666666666666,"When comparing studies where threshold level is low and studies where threshold level is high, cooperation is significantly higher when academic discipline is mixed."
4270,https://data.cooperationdatabank.org/vocab/prop/Step-level_Public_Goods_GameVariable,https://data.cooperationdatabank.org/vocab/prop/thresholdLevel,Threshold level,https://data.cooperationdatabank.org/id/thresholdlevel/high,Low,https://data.cooperationdatabank.org/vocab/prop/thresholdLevel,Threshold level,https://data.cooperationdatabank.org/id/thresholdlevel/low,High,https://data.cooperationdatabank.org/vocab/prop/studyMatchingProtocol,Matching,https://data.cooperationdatabank.org/id/studymatchingprotocol/2,Partner,https://data.cooperationdatabank.org/id/dependentvariable/contributions,positive,test,2.0,positive,higher,2.0,0.3333333333333333,0.0,0.6666666666666666,0.6666666666666666,"When comparing studies where threshold level is low and studies where threshold level is high, cooperation is significantly higher when matching is partner."
4267,https://data.cooperationdatabank.org/vocab/prop/Step-level_Public_Goods_GameVariable,https://data.cooperationdatabank.org/vocab/prop/thresholdLevel,Threshold level,https://data.cooperationdatabank.org/id/thresholdlevel/high,Low,https://data.cooperationdatabank.org/vocab/prop/thresholdLevel,Threshold level,https://data.cooperationdatabank.org/id/thresholdlevel/low,High,https://data.cooperationdatabank.org/vocab/prop/studyDilemmaType,Game type,https://data.cooperationdatabank.org/id/studydilemmatype/2,Public Goods Game,https://data.cooperationdatabank.org/id/dependentvariable/contributions,positive,test,2.0,positive,higher,2.0,0.3333333333333333,0.0,0.6666666666666666,0.6666666666666666,"When comparing studies where threshold level is low and studies where threshold level is high, cooperation is significantly higher when game type is public goods game."
12440,https://data.cooperationdatabank.org/vocab/prop/Step-level_Public_Goods_GameVariable,https://data.cooperationdatabank.org/vocab/prop/thresholdLevel,Threshold level,https://data.cooperationdatabank.org/id/thresholdlevel/high,Low,https://data.cooperationdatabank.org/vocab/prop/thresholdLevel,Threshold level,https://data.cooperationdatabank.org/id/thresholdlevel/low,High,https://data.cooperationdatabank.org/vocab/prop/studyExperimentalSetting,Experimental setting,https://data.cooperationdatabank.org/id/studyexperimentalsetting/2,Lab,https://data.cooperationdatabank.org/id/dependentvariable/contributions,positive,test,2.0,positive,higher,2.0,0.42857142857142855,0.0,0.5714285714285714,0.5714285714285714,"When comparing studies where threshold level is low and studies where threshold level is high, cooperation is significantly higher when experimental setting is lab."
9167,https://data.cooperationdatabank.org/vocab/prop/Step-level_Public_Goods_GameVariable,https://data.cooperationdatabank.org/vocab/prop/thresholdLevel,Threshold level,https://data.cooperationdatabank.org/id/thresholdlevel/high,Low,https://data.cooperationdatabank.org/vocab/prop/thresholdLevel,Threshold level,https://data.cooperationdatabank.org/id/thresholdlevel/low,High,https://data.cooperationdatabank.org/vocab/prop/studyExperimentalSetting,Experimental setting,https://data.cooperationdatabank.org/id/studyexperimentalsetting/2,Lab,https://data.cooperationdatabank.org/id/dependentvariable/contributions,positive,test,2.0,positive,higher,2.0,0.42857142857142855,0.0,0.5714285714285714,0.5714285714285714,"When comparing studies where threshold level is low and studies where threshold level is high, cooperation is significantly higher when experimental setting is lab."
4287,https://data.cooperationdatabank.org/vocab/prop/Step-level_Public_Goods_GameVariable,https://data.cooperationdatabank.org/vocab/prop/thresholdLevel,Threshold level,https://data.cooperationdatabank.org/id/thresholdlevel/medium,Medium,https://data.cooperationdatabank.org/vocab/prop/thresholdLevel,Threshold level,https://data.cooperationdatabank.org/id/thresholdlevel/high,High,https://data.cooperationdatabank.org/vocab/prop/studyMatchingProtocol,Matching,https://data.cooperationdatabank.org/id/studymatchingprotocol/2,Partner,https://data.cooperationdatabank.org/id/dependentvariable/contributions,noEffect,test,0.0,negative,lower,1.0,0.5,0.5,0.0,0.5,"When comparing studies where threshold level is medium and studies where threshold level is high, cooperation is significantly lower when matching is partner."
36260,https://data.cooperationdatabank.org/vocab/prop/Step-level_Public_Goods_GameVariable,https://data.cooperationdatabank.org/vocab/prop/thresholdLevel,Threshold level,https://data.cooperationdatabank.org/id/thresholdlevel/medium,Medium,https://data.cooperationdatabank.org/vocab/prop/thresholdLevel,Threshold level,https://data.cooperationdatabank.org/id/thresholdlevel/high,High,https://data.cooperationdatabank.org/vocab/prop/studyRealPartner,Real partner,https://data.cooperationdatabank.org/id/studyrealpartner/1,Real,https://data.cooperationdatabank.org/id/dependentvariable/contributions,noEffect,test,0.0,negative,lower,1.0,0.5,0.5,0.0,0.5,"When comparing studies where threshold level is medium and studies where threshold level is high, cooperation is significantly lower when real partner is real."
