,giv_prop,iv,iv_label,cat_t1,cat_t1_label,iv.1,iv_label.1,cat_t2,cat_t2_label,mod,mod_label,mod_val,mod_val_label,dependent,effect,td,pred_num,pred_readable,comparative,pred_true,score_0,score_1,score_2,max_score,hypothesis
12020,https://data.cooperationdatabank.org/vocab/prop/TaxationVariable,https://data.cooperationdatabank.org/vocab/prop/minimumContributionLevel,Minimum contribution level,https://data.cooperationdatabank.org/id/minimumcontributionlevel/low,Low,https://data.cooperationdatabank.org/vocab/prop/minimumContributionLevel,Minimum contribution level,https://data.cooperationdatabank.org/id/minimumcontributionlevel/high,High,https://data.cooperationdatabank.org/vocab/prop/discussion,Discussion,https://data.cooperationdatabank.org/id/discussion/0,Absent,https://data.cooperationdatabank.org/id/dependentvariable/contributions,positive,test,0.0,negative,lower,2.0,1.0,0.0,0.0,1.0,"When comparing studies where minimum contribution level is low and studies where minimum contribution level is high, cooperation is significantly lower when discussion is absent."
12029,https://data.cooperationdatabank.org/vocab/prop/TaxationVariable,https://data.cooperationdatabank.org/vocab/prop/minimumContributionLevel,Minimum contribution level,https://data.cooperationdatabank.org/id/minimumcontributionlevel/low,Low,https://data.cooperationdatabank.org/vocab/prop/minimumContributionLevel,Minimum contribution level,https://data.cooperationdatabank.org/id/minimumcontributionlevel/high,High,https://data.cooperationdatabank.org/vocab/prop/studyRealPartner,Real partner,https://data.cooperationdatabank.org/id/studyrealpartner/1,Real,https://data.cooperationdatabank.org/id/dependentvariable/contributions,positive,test,0.0,negative,lower,2.0,1.0,0.0,0.0,1.0,"When comparing studies where minimum contribution level is low and studies where minimum contribution level is high, cooperation is significantly lower when real partner is real."
12031,https://data.cooperationdatabank.org/vocab/prop/TaxationVariable,https://data.cooperationdatabank.org/vocab/prop/minimumContributionLevel,Minimum contribution level,https://data.cooperationdatabank.org/id/minimumcontributionlevel/low,Low,https://data.cooperationdatabank.org/vocab/prop/minimumContributionLevel,Minimum contribution level,https://data.cooperationdatabank.org/id/minimumcontributionlevel/high,High,https://data.cooperationdatabank.org/vocab/prop/yearSource,Source of year of data collection,https://data.cooperationdatabank.org/id/yearsource/5,Published,https://data.cooperationdatabank.org/id/dependentvariable/contributions,positive,test,0.0,negative,lower,2.0,1.0,0.0,0.0,1.0,"When comparing studies where minimum contribution level is low and studies where minimum contribution level is high, cooperation is significantly lower when source of year of data collection is published."
26101,https://data.cooperationdatabank.org/vocab/prop/TaxationVariable,https://data.cooperationdatabank.org/vocab/prop/minimumContributionLevel,Minimum contribution level,https://data.cooperationdatabank.org/id/minimumcontributionlevel/low,Low,https://data.cooperationdatabank.org/vocab/prop/minimumContributionLevel,Minimum contribution level,https://data.cooperationdatabank.org/id/minimumcontributionlevel/high,High,https://data.cooperationdatabank.org/vocab/prop/studyRealPartner,Real partner,https://data.cooperationdatabank.org/id/studyrealpartner/1,Real,https://data.cooperationdatabank.org/id/dependentvariable/contributions,negative,test,0.0,negative,lower,0.0,1.0,0.0,0.0,1.0,"When comparing studies where minimum contribution level is low and studies where minimum contribution level is high, cooperation is significantly lower when real partner is real."
26115,https://data.cooperationdatabank.org/vocab/prop/TaxationVariable,https://data.cooperationdatabank.org/vocab/prop/minimumContributionLevel,Minimum contribution level,https://data.cooperationdatabank.org/id/minimumcontributionlevel/low,Low,https://data.cooperationdatabank.org/vocab/prop/minimumContributionLevel,Minimum contribution level,https://data.cooperationdatabank.org/id/minimumcontributionlevel/high,High,https://data.cooperationdatabank.org/vocab/prop/studyRealPartner,Real partner,https://data.cooperationdatabank.org/id/studyrealpartner/1,Real,https://data.cooperationdatabank.org/id/dependentvariable/contributions,negative,test,0.0,negative,lower,0.0,1.0,0.0,0.0,1.0,"When comparing studies where minimum contribution level is low and studies where minimum contribution level is high, cooperation is significantly lower when real partner is real."
39483,https://data.cooperationdatabank.org/vocab/prop/TaxationVariable,https://data.cooperationdatabank.org/vocab/prop/minimumContributionLevel,Minimum contribution level,https://data.cooperationdatabank.org/id/minimumcontributionlevel/low,Low,https://data.cooperationdatabank.org/vocab/prop/minimumContributionLevel,Minimum contribution level,https://data.cooperationdatabank.org/id/minimumcontributionlevel/high,High,https://data.cooperationdatabank.org/vocab/prop/discussion,Discussion,https://data.cooperationdatabank.org/id/discussion/0,Absent,https://data.cooperationdatabank.org/id/dependentvariable/contributions,negative,test,0.0,negative,lower,0.0,1.0,0.0,0.0,1.0,"When comparing studies where minimum contribution level is low and studies where minimum contribution level is high, cooperation is significantly lower when discussion is absent."
39499,https://data.cooperationdatabank.org/vocab/prop/TaxationVariable,https://data.cooperationdatabank.org/vocab/prop/minimumContributionLevel,Minimum contribution level,https://data.cooperationdatabank.org/id/minimumcontributionlevel/low,Low,https://data.cooperationdatabank.org/vocab/prop/minimumContributionLevel,Minimum contribution level,https://data.cooperationdatabank.org/id/minimumcontributionlevel/high,High,https://data.cooperationdatabank.org/vocab/prop/studyRealPartner,Real partner,https://data.cooperationdatabank.org/id/studyrealpartner/1,Real,https://data.cooperationdatabank.org/id/dependentvariable/contributions,negative,test,0.0,negative,lower,0.0,1.0,0.0,0.0,1.0,"When comparing studies where minimum contribution level is low and studies where minimum contribution level is high, cooperation is significantly lower when real partner is real."
39537,https://data.cooperationdatabank.org/vocab/prop/TaxationVariable,https://data.cooperationdatabank.org/vocab/prop/minimumContributionLevel,Minimum contribution level,https://data.cooperationdatabank.org/id/minimumcontributionlevel/low,Low,https://data.cooperationdatabank.org/vocab/prop/minimumContributionLevel,Minimum contribution level,https://data.cooperationdatabank.org/id/minimumcontributionlevel/high,High,https://data.cooperationdatabank.org/vocab/prop/studyOneShot,One-shot vs repeated,https://data.cooperationdatabank.org/id/studyoneshot/1,One-shot,https://data.cooperationdatabank.org/id/dependentvariable/contributions,negative,test,0.0,negative,lower,0.0,1.0,0.0,0.0,1.0,"When comparing studies where minimum contribution level is low and studies where minimum contribution level is high, cooperation is significantly lower when one-shot vs repeated is one-shot."
39651,https://data.cooperationdatabank.org/vocab/prop/TaxationVariable,https://data.cooperationdatabank.org/vocab/prop/minimumContributionLevel,Minimum contribution level,https://data.cooperationdatabank.org/id/minimumcontributionlevel/low,Low,https://data.cooperationdatabank.org/vocab/prop/minimumContributionLevel,Minimum contribution level,https://data.cooperationdatabank.org/id/minimumcontributionlevel/high,High,https://data.cooperationdatabank.org/vocab/prop/discussion,Discussion,https://data.cooperationdatabank.org/id/discussion/0,Absent,https://data.cooperationdatabank.org/id/dependentvariable/contributions,negative,test,0.0,negative,lower,0.0,1.0,0.0,0.0,1.0,"When comparing studies where minimum contribution level is low and studies where minimum contribution level is high, cooperation is significantly lower when discussion is absent."
39555,https://data.cooperationdatabank.org/vocab/prop/TaxationVariable,https://data.cooperationdatabank.org/vocab/prop/minimumContributionLevel,Minimum contribution level,https://data.cooperationdatabank.org/id/minimumcontributionlevel/low,Low,https://data.cooperationdatabank.org/vocab/prop/minimumContributionLevel,Minimum contribution level,https://data.cooperationdatabank.org/id/minimumcontributionlevel/high,High,https://data.cooperationdatabank.org/vocab/prop/country,has country,https://data.cooperationdatabank.org/id/country/USA,USA,https://data.cooperationdatabank.org/id/dependentvariable/contributions,negative,test,0.0,negative,lower,0.0,1.0,0.0,0.0,1.0,"When comparing studies where minimum contribution level is low and studies where minimum contribution level is high, cooperation is significantly lower when has country is usa."
39546,https://data.cooperationdatabank.org/vocab/prop/TaxationVariable,https://data.cooperationdatabank.org/vocab/prop/minimumContributionLevel,Minimum contribution level,https://data.cooperationdatabank.org/id/minimumcontributionlevel/low,Low,https://data.cooperationdatabank.org/vocab/prop/minimumContributionLevel,Minimum contribution level,https://data.cooperationdatabank.org/id/minimumcontributionlevel/high,High,https://data.cooperationdatabank.org/vocab/prop/yearSource,Source of year of data collection,https://data.cooperationdatabank.org/id/yearsource/1,Conducted,https://data.cooperationdatabank.org/id/dependentvariable/contributions,negative,test,0.0,negative,lower,0.0,1.0,0.0,0.0,1.0,"When comparing studies where minimum contribution level is low and studies where minimum contribution level is high, cooperation is significantly lower when source of year of data collection is conducted."
39723,https://data.cooperationdatabank.org/vocab/prop/TaxationVariable,https://data.cooperationdatabank.org/vocab/prop/minimumContributionLevel,Minimum contribution level,https://data.cooperationdatabank.org/id/minimumcontributionlevel/low,Low,https://data.cooperationdatabank.org/vocab/prop/minimumContributionLevel,Minimum contribution level,https://data.cooperationdatabank.org/id/minimumcontributionlevel/high,High,https://data.cooperationdatabank.org/vocab/prop/studyTrialOfCooperation,Trial of cooperation,https://data.cooperationdatabank.org/id/studytrialofcooperation/1,All trials,https://data.cooperationdatabank.org/id/dependentvariable/contributions,negative,test,0.0,negative,lower,0.0,0.9090909090909091,0.0,0.09090909090909091,0.9090909090909091,"When comparing studies where minimum contribution level is low and studies where minimum contribution level is high, cooperation is significantly lower when trial of cooperation is all trials."
39822,https://data.cooperationdatabank.org/vocab/prop/TaxationVariable,https://data.cooperationdatabank.org/vocab/prop/minimumContributionLevel,Minimum contribution level,https://data.cooperationdatabank.org/id/minimumcontributionlevel/low,Low,https://data.cooperationdatabank.org/vocab/prop/minimumContributionLevel,Minimum contribution level,https://data.cooperationdatabank.org/id/minimumcontributionlevel/high,High,https://data.cooperationdatabank.org/vocab/prop/studyShowUpFee,Show-up fee,https://data.cooperationdatabank.org/id/studyshowupfee/1,Paid,https://data.cooperationdatabank.org/id/dependentvariable/contributions,negative,test,0.0,negative,lower,0.0,0.8888888888888888,0.0,0.1111111111111111,0.8888888888888888,"When comparing studies where minimum contribution level is low and studies where minimum contribution level is high, cooperation is significantly lower when show-up fee is paid."
26109,https://data.cooperationdatabank.org/vocab/prop/TaxationVariable,https://data.cooperationdatabank.org/vocab/prop/minimumContributionLevel,Minimum contribution level,https://data.cooperationdatabank.org/id/minimumcontributionlevel/low,Low,https://data.cooperationdatabank.org/vocab/prop/minimumContributionLevel,Minimum contribution level,https://data.cooperationdatabank.org/id/minimumcontributionlevel/high,High,https://data.cooperationdatabank.org/vocab/prop/studyAcquaintance,Acquaintance,https://data.cooperationdatabank.org/id/studyacquaintance/0,Strangers,https://data.cooperationdatabank.org/id/dependentvariable/contributions,negative,test,0.0,negative,lower,0.0,0.8888888888888888,0.0,0.1111111111111111,0.8888888888888888,"When comparing studies where minimum contribution level is low and studies where minimum contribution level is high, cooperation is significantly lower when acquaintance is strangers."
39612,https://data.cooperationdatabank.org/vocab/prop/TaxationVariable,https://data.cooperationdatabank.org/vocab/prop/minimumContributionLevel,Minimum contribution level,https://data.cooperationdatabank.org/id/minimumcontributionlevel/low,Low,https://data.cooperationdatabank.org/vocab/prop/minimumContributionLevel,Minimum contribution level,https://data.cooperationdatabank.org/id/minimumcontributionlevel/high,High,https://data.cooperationdatabank.org/vocab/prop/studyAcquaintance,Acquaintance,https://data.cooperationdatabank.org/id/studyacquaintance/0,Strangers,https://data.cooperationdatabank.org/id/dependentvariable/contributions,negative,test,0.0,negative,lower,0.0,0.8888888888888888,0.0,0.1111111111111111,0.8888888888888888,"When comparing studies where minimum contribution level is low and studies where minimum contribution level is high, cooperation is significantly lower when acquaintance is strangers."
39525,https://data.cooperationdatabank.org/vocab/prop/TaxationVariable,https://data.cooperationdatabank.org/vocab/prop/minimumContributionLevel,Minimum contribution level,https://data.cooperationdatabank.org/id/minimumcontributionlevel/low,Low,https://data.cooperationdatabank.org/vocab/prop/minimumContributionLevel,Minimum contribution level,https://data.cooperationdatabank.org/id/minimumcontributionlevel/high,High,https://data.cooperationdatabank.org/vocab/prop/studyDilemmaType,Game type,https://data.cooperationdatabank.org/id/studydilemmatype/2,Public Goods Game,https://data.cooperationdatabank.org/id/dependentvariable/contributions,negative,test,0.0,negative,lower,0.0,0.875,0.0,0.125,0.875,"When comparing studies where minimum contribution level is low and studies where minimum contribution level is high, cooperation is significantly lower when game type is public goods game."
39505,https://data.cooperationdatabank.org/vocab/prop/TaxationVariable,https://data.cooperationdatabank.org/vocab/prop/minimumContributionLevel,Minimum contribution level,https://data.cooperationdatabank.org/id/minimumcontributionlevel/low,Low,https://data.cooperationdatabank.org/vocab/prop/minimumContributionLevel,Minimum contribution level,https://data.cooperationdatabank.org/id/minimumcontributionlevel/high,High,https://data.cooperationdatabank.org/vocab/prop/studyContinuousPGG,Continuous vs step-level public goods,https://data.cooperationdatabank.org/id/studycontinuouspgg/1,Continuous,https://data.cooperationdatabank.org/id/dependentvariable/contributions,negative,test,0.0,negative,lower,0.0,0.875,0.0,0.125,0.875,"When comparing studies where minimum contribution level is low and studies where minimum contribution level is high, cooperation is significantly lower when continuous vs step-level public goods is continuous."
39570,https://data.cooperationdatabank.org/vocab/prop/TaxationVariable,https://data.cooperationdatabank.org/vocab/prop/minimumContributionLevel,Minimum contribution level,https://data.cooperationdatabank.org/id/minimumcontributionlevel/low,Low,https://data.cooperationdatabank.org/vocab/prop/minimumContributionLevel,Minimum contribution level,https://data.cooperationdatabank.org/id/minimumcontributionlevel/high,High,https://data.cooperationdatabank.org/vocab/prop/studyDilemmaType,Game type,https://data.cooperationdatabank.org/id/studydilemmatype/2,Public Goods Game,https://data.cooperationdatabank.org/id/dependentvariable/contributions,negative,test,0.0,negative,lower,0.0,0.875,0.0,0.125,0.875,"When comparing studies where minimum contribution level is low and studies where minimum contribution level is high, cooperation is significantly lower when game type is public goods game."
39660,https://data.cooperationdatabank.org/vocab/prop/TaxationVariable,https://data.cooperationdatabank.org/vocab/prop/minimumContributionLevel,Minimum contribution level,https://data.cooperationdatabank.org/id/minimumcontributionlevel/low,Low,https://data.cooperationdatabank.org/vocab/prop/minimumContributionLevel,Minimum contribution level,https://data.cooperationdatabank.org/id/minimumcontributionlevel/high,High,https://data.cooperationdatabank.org/vocab/prop/studyDilemmaType,Game type,https://data.cooperationdatabank.org/id/studydilemmatype/2,Public Goods Game,https://data.cooperationdatabank.org/id/dependentvariable/contributions,negative,test,0.0,negative,lower,0.0,0.875,0.0,0.125,0.875,"When comparing studies where minimum contribution level is low and studies where minimum contribution level is high, cooperation is significantly lower when game type is public goods game."
