,giv_prop,iv,iv_label,cat_t1,cat_t1_label,iv.1,iv_label.1,cat_t2,cat_t2_label,mod,mod_label,mod_val,mod_val_label,dependent,effect,td,pred_num,pred_readable,comparative,pred_true,score_0,score_1,score_2,max_score,hypothesis
47327,https://data.cooperationdatabank.org/vocab/prop/UncertaintyVariable,https://data.cooperationdatabank.org/vocab/prop/uncertaintyLevel,Uncertainty level,https://data.cooperationdatabank.org/id/uncertaintylevel/low,High,https://data.cooperationdatabank.org/vocab/prop/uncertaintyLevel,Uncertainty level,https://data.cooperationdatabank.org/id/uncertaintylevel/high,Low,https://data.cooperationdatabank.org/vocab/prop/country,has country,https://data.cooperationdatabank.org/id/country/CAN,CAN,https://data.cooperationdatabank.org/id/dependentvariable/withdrawals,positive,test,2.0,positive,higher,2.0,0.0,0.0,1.0,1.0,"When comparing studies where uncertainty level is high and studies where uncertainty level is low, cooperation is significantly higher when has country is can."
3992,https://data.cooperationdatabank.org/vocab/prop/UncertaintyVariable,https://data.cooperationdatabank.org/vocab/prop/uncertaintyTarget,Uncertainty target,https://data.cooperationdatabank.org/id/uncertaintytarget/threshold,Threshold,https://data.cooperationdatabank.org/vocab/prop/uncertaintyTarget,Uncertainty target,https://data.cooperationdatabank.org/id/uncertaintytarget/loss,Loss,https://data.cooperationdatabank.org/vocab/prop/recruitmentMethod,Recruitment method,https://data.cooperationdatabank.org/id/recruitmentmethod/3,Other,https://data.cooperationdatabank.org/id/dependentvariable/contributions,noEffect,test,0.0,negative,lower,1.0,1.0,0.0,0.0,1.0,"When comparing studies where uncertainty target is threshold and studies where uncertainty target is loss, cooperation is significantly lower when recruitment method is other."
47328,https://data.cooperationdatabank.org/vocab/prop/UncertaintyVariable,https://data.cooperationdatabank.org/vocab/prop/uncertaintyLevel,Uncertainty level,https://data.cooperationdatabank.org/id/uncertaintylevel/low,High,https://data.cooperationdatabank.org/vocab/prop/uncertaintyLevel,Uncertainty level,https://data.cooperationdatabank.org/id/uncertaintylevel/high,Low,https://data.cooperationdatabank.org/vocab/prop/countrySource,Source of country or region,https://data.cooperationdatabank.org/id/countrysource/3,All authors,https://data.cooperationdatabank.org/id/dependentvariable/withdrawals,positive,test,2.0,positive,higher,2.0,0.0,0.0,1.0,1.0,"When comparing studies where uncertainty level is high and studies where uncertainty level is low, cooperation is significantly higher when source of country or region is all authors."
3990,https://data.cooperationdatabank.org/vocab/prop/UncertaintyVariable,https://data.cooperationdatabank.org/vocab/prop/uncertaintyTarget,Uncertainty target,https://data.cooperationdatabank.org/id/uncertaintytarget/threshold,Threshold,https://data.cooperationdatabank.org/vocab/prop/uncertaintyTarget,Uncertainty target,https://data.cooperationdatabank.org/id/uncertaintytarget/loss,Loss,https://data.cooperationdatabank.org/vocab/prop/studyContinuousPGG,Continuous vs step-level public goods,https://data.cooperationdatabank.org/id/studycontinuouspgg/2,Step-level,https://data.cooperationdatabank.org/id/dependentvariable/contributions,noEffect,test,0.0,negative,lower,1.0,1.0,0.0,0.0,1.0,"When comparing studies where uncertainty target is threshold and studies where uncertainty target is loss, cooperation is significantly lower when continuous vs step-level public goods is step-level."
3976,https://data.cooperationdatabank.org/vocab/prop/UncertaintyVariable,https://data.cooperationdatabank.org/vocab/prop/uncertaintyTarget,Uncertainty target,https://data.cooperationdatabank.org/id/uncertaintytarget/threshold,Loss,https://data.cooperationdatabank.org/vocab/prop/uncertaintyTarget,Uncertainty target,https://data.cooperationdatabank.org/id/uncertaintytarget/loss,Threshold,https://data.cooperationdatabank.org/vocab/prop/recruitmentMethod,Recruitment method,https://data.cooperationdatabank.org/id/recruitmentmethod/3,Other,https://data.cooperationdatabank.org/id/dependentvariable/contributions,negative,test,0.0,negative,lower,0.0,1.0,0.0,0.0,1.0,"When comparing studies where uncertainty target is loss and studies where uncertainty target is threshold, cooperation is significantly lower when recruitment method is other."
3937,https://data.cooperationdatabank.org/vocab/prop/UncertaintyVariable,https://data.cooperationdatabank.org/vocab/prop/uncertaintyTarget,Uncertainty target,https://data.cooperationdatabank.org/id/uncertaintytarget/threshold,Threshold,https://data.cooperationdatabank.org/vocab/prop/uncertaintyTarget,Uncertainty target,https://data.cooperationdatabank.org/id/uncertaintytarget/loss,Loss,https://data.cooperationdatabank.org/vocab/prop/studyContinuousPGG,Continuous vs step-level public goods,https://data.cooperationdatabank.org/id/studycontinuouspgg/2,Step-level,https://data.cooperationdatabank.org/id/dependentvariable/contributions,positive,test,0.0,negative,lower,2.0,1.0,0.0,0.0,1.0,"When comparing studies where uncertainty target is threshold and studies where uncertainty target is loss, cooperation is significantly lower when continuous vs step-level public goods is step-level."
38223,https://data.cooperationdatabank.org/vocab/prop/UncertaintyVariable,https://data.cooperationdatabank.org/vocab/prop/uncertaintyLevel,Uncertainty level,https://data.cooperationdatabank.org/id/uncertaintylevel/low,Low,https://data.cooperationdatabank.org/vocab/prop/uncertaintyLevel,Uncertainty level,https://data.cooperationdatabank.org/id/uncertaintylevel/high,High,https://data.cooperationdatabank.org/vocab/prop/studyShowUpFee,Show-up fee,https://data.cooperationdatabank.org/id/studyshowupfee/2,Course credit,https://data.cooperationdatabank.org/id/dependentvariable/withdrawals,noEffect,test,2.0,positive,higher,1.0,0.0,0.0,1.0,1.0,"When comparing studies where uncertainty level is low and studies where uncertainty level is high, cooperation is significantly higher when show-up fee is course credit."
3986,https://data.cooperationdatabank.org/vocab/prop/UncertaintyVariable,https://data.cooperationdatabank.org/vocab/prop/uncertaintyTarget,Uncertainty target,https://data.cooperationdatabank.org/id/uncertaintytarget/threshold,Threshold,https://data.cooperationdatabank.org/vocab/prop/uncertaintyTarget,Uncertainty target,https://data.cooperationdatabank.org/id/uncertaintytarget/loss,Loss,https://data.cooperationdatabank.org/vocab/prop/studyOneShot,One-shot vs repeated,https://data.cooperationdatabank.org/id/studyoneshot/1,One-shot,https://data.cooperationdatabank.org/id/dependentvariable/contributions,noEffect,test,0.0,negative,lower,1.0,0.8,0.0,0.2,0.8,"When comparing studies where uncertainty target is threshold and studies where uncertainty target is loss, cooperation is significantly lower when one-shot vs repeated is one-shot."
3894,https://data.cooperationdatabank.org/vocab/prop/UncertaintyVariable,https://data.cooperationdatabank.org/vocab/prop/uncertaintyTarget,Uncertainty target,https://data.cooperationdatabank.org/id/uncertaintytarget/threshold,Loss,https://data.cooperationdatabank.org/vocab/prop/uncertaintyTarget,Uncertainty target,https://data.cooperationdatabank.org/id/uncertaintytarget/loss,Threshold,https://data.cooperationdatabank.org/vocab/prop/studyShowUpFee,Show-up fee,https://data.cooperationdatabank.org/id/studyshowupfee/0,Absent,https://data.cooperationdatabank.org/id/dependentvariable/contributions,negative,test,0.0,negative,lower,0.0,0.75,0.25,0.0,0.75,"When comparing studies where uncertainty target is loss and studies where uncertainty target is threshold, cooperation is significantly lower when show-up fee is absent."
3940,https://data.cooperationdatabank.org/vocab/prop/UncertaintyVariable,https://data.cooperationdatabank.org/vocab/prop/uncertaintyTarget,Uncertainty target,https://data.cooperationdatabank.org/id/uncertaintytarget/threshold,Threshold,https://data.cooperationdatabank.org/vocab/prop/uncertaintyTarget,Uncertainty target,https://data.cooperationdatabank.org/id/uncertaintytarget/loss,Loss,https://data.cooperationdatabank.org/vocab/prop/studyShowUpFee,Show-up fee,https://data.cooperationdatabank.org/id/studyshowupfee/0,Absent,https://data.cooperationdatabank.org/id/dependentvariable/contributions,positive,test,0.0,negative,lower,2.0,0.75,0.25,0.0,0.75,"When comparing studies where uncertainty target is threshold and studies where uncertainty target is loss, cooperation is significantly lower when show-up fee is absent."
3920,https://data.cooperationdatabank.org/vocab/prop/UncertaintyVariable,https://data.cooperationdatabank.org/vocab/prop/uncertaintyTarget,Uncertainty target,https://data.cooperationdatabank.org/id/uncertaintytarget/threshold,Loss,https://data.cooperationdatabank.org/vocab/prop/uncertaintyTarget,Uncertainty target,https://data.cooperationdatabank.org/id/uncertaintytarget/loss,Threshold,https://data.cooperationdatabank.org/vocab/prop/studyGameIncentive,Game incentive,https://data.cooperationdatabank.org/id/studygameincentive/1,Monetary,https://data.cooperationdatabank.org/id/dependentvariable/contributions,negative,test,0.0,negative,lower,0.0,0.75,0.25,0.0,0.75,"When comparing studies where uncertainty target is loss and studies where uncertainty target is threshold, cooperation is significantly lower when game incentive is monetary."
3919,https://data.cooperationdatabank.org/vocab/prop/UncertaintyVariable,https://data.cooperationdatabank.org/vocab/prop/uncertaintyTarget,Uncertainty target,https://data.cooperationdatabank.org/id/uncertaintytarget/threshold,Threshold,https://data.cooperationdatabank.org/vocab/prop/uncertaintyTarget,Uncertainty target,https://data.cooperationdatabank.org/id/uncertaintytarget/loss,Loss,https://data.cooperationdatabank.org/vocab/prop/studyGameIncentive,Game incentive,https://data.cooperationdatabank.org/id/studygameincentive/1,Monetary,https://data.cooperationdatabank.org/id/dependentvariable/contributions,positive,test,0.0,negative,lower,2.0,0.75,0.25,0.0,0.75,"When comparing studies where uncertainty target is threshold and studies where uncertainty target is loss, cooperation is significantly lower when game incentive is monetary."
3968,https://data.cooperationdatabank.org/vocab/prop/UncertaintyVariable,https://data.cooperationdatabank.org/vocab/prop/uncertaintyTarget,Uncertainty target,https://data.cooperationdatabank.org/id/uncertaintytarget/threshold,Loss,https://data.cooperationdatabank.org/vocab/prop/uncertaintyTarget,Uncertainty target,https://data.cooperationdatabank.org/id/uncertaintytarget/loss,Threshold,https://data.cooperationdatabank.org/vocab/prop/studyGameIncentive,Game incentive,https://data.cooperationdatabank.org/id/studygameincentive/1,Monetary,https://data.cooperationdatabank.org/id/dependentvariable/contributions,negative,test,0.0,negative,lower,0.0,0.75,0.25,0.0,0.75,"When comparing studies where uncertainty target is loss and studies where uncertainty target is threshold, cooperation is significantly lower when game incentive is monetary."
3955,https://data.cooperationdatabank.org/vocab/prop/UncertaintyVariable,https://data.cooperationdatabank.org/vocab/prop/uncertaintyTarget,Uncertainty target,https://data.cooperationdatabank.org/id/uncertaintytarget/threshold,Loss,https://data.cooperationdatabank.org/vocab/prop/uncertaintyTarget,Uncertainty target,https://data.cooperationdatabank.org/id/uncertaintytarget/loss,Threshold,https://data.cooperationdatabank.org/vocab/prop/studyRealPartner,Real partner,https://data.cooperationdatabank.org/id/studyrealpartner/1,Real,https://data.cooperationdatabank.org/id/dependentvariable/contributions,negative,test,0.0,negative,lower,0.0,0.6666666666666666,0.16666666666666666,0.16666666666666666,0.6666666666666666,"When comparing studies where uncertainty target is loss and studies where uncertainty target is threshold, cooperation is significantly lower when real partner is real."
3966,https://data.cooperationdatabank.org/vocab/prop/UncertaintyVariable,https://data.cooperationdatabank.org/vocab/prop/uncertaintyTarget,Uncertainty target,https://data.cooperationdatabank.org/id/uncertaintytarget/threshold,Loss,https://data.cooperationdatabank.org/vocab/prop/uncertaintyTarget,Uncertainty target,https://data.cooperationdatabank.org/id/uncertaintytarget/loss,Threshold,https://data.cooperationdatabank.org/vocab/prop/studyDilemmaType,Game type,https://data.cooperationdatabank.org/id/studydilemmatype/2,Public Goods Game,https://data.cooperationdatabank.org/id/dependentvariable/contributions,negative,test,0.0,negative,lower,0.0,0.6,0.2,0.2,0.6,"When comparing studies where uncertainty target is loss and studies where uncertainty target is threshold, cooperation is significantly lower when game type is public goods game."
25169,https://data.cooperationdatabank.org/vocab/prop/UncertaintyVariable,https://data.cooperationdatabank.org/vocab/prop/uncertaintyLevel,Uncertainty level,https://data.cooperationdatabank.org/id/uncertaintylevel/low,High,https://data.cooperationdatabank.org/vocab/prop/uncertaintyLevel,Uncertainty level,https://data.cooperationdatabank.org/id/uncertaintylevel/high,Low,https://data.cooperationdatabank.org/vocab/prop/studyContinuousPGG,Continuous vs step-level public goods,https://data.cooperationdatabank.org/id/studycontinuouspgg/1,Continuous,https://data.cooperationdatabank.org/id/dependentvariable/contributions,positive,test,2.0,positive,higher,2.0,0.08545034642032333,0.3648960739030023,0.5496535796766744,0.5496535796766744,"When comparing studies where uncertainty level is high and studies where uncertainty level is low, cooperation is significantly higher when continuous vs step-level public goods is continuous."
27857,https://data.cooperationdatabank.org/vocab/prop/UncertaintyVariable,https://data.cooperationdatabank.org/vocab/prop/uncertaintyLevel,Uncertainty level,https://data.cooperationdatabank.org/id/uncertaintylevel/low,Low,https://data.cooperationdatabank.org/vocab/prop/uncertaintyLevel,Uncertainty level,https://data.cooperationdatabank.org/id/uncertaintylevel/high,High,https://data.cooperationdatabank.org/vocab/prop/studyAcademicDiscipline,Academic discipline,https://data.cooperationdatabank.org/id/studyacademicdiscipline/4,Mixed,https://data.cooperationdatabank.org/id/dependentvariable/contributions,positive,test,2.0,positive,higher,2.0,0.08545034642032333,0.3648960739030023,0.5496535796766744,0.5496535796766744,"When comparing studies where uncertainty level is low and studies where uncertainty level is high, cooperation is significantly higher when academic discipline is mixed."
45580,https://data.cooperationdatabank.org/vocab/prop/UncertaintyVariable,https://data.cooperationdatabank.org/vocab/prop/uncertaintyLevel,Uncertainty level,https://data.cooperationdatabank.org/id/uncertaintylevel/low,Low,https://data.cooperationdatabank.org/vocab/prop/uncertaintyLevel,Uncertainty level,https://data.cooperationdatabank.org/id/uncertaintylevel/high,High,https://data.cooperationdatabank.org/vocab/prop/studyDilemmaType,Game type,https://data.cooperationdatabank.org/id/studydilemmatype/2,Public Goods Game,https://data.cooperationdatabank.org/id/dependentvariable/contributions,positive,test,2.0,positive,higher,2.0,0.08545034642032333,0.3648960739030023,0.5496535796766744,0.5496535796766744,"When comparing studies where uncertainty level is low and studies where uncertainty level is high, cooperation is significantly higher when game type is public goods game."
45589,https://data.cooperationdatabank.org/vocab/prop/UncertaintyVariable,https://data.cooperationdatabank.org/vocab/prop/uncertaintyLevel,Uncertainty level,https://data.cooperationdatabank.org/id/uncertaintylevel/low,Low,https://data.cooperationdatabank.org/vocab/prop/uncertaintyLevel,Uncertainty level,https://data.cooperationdatabank.org/id/uncertaintylevel/high,High,https://data.cooperationdatabank.org/vocab/prop/studyShowUpFee,Show-up fee,https://data.cooperationdatabank.org/id/studyshowupfee/1,Paid,https://data.cooperationdatabank.org/id/dependentvariable/contributions,positive,test,2.0,positive,higher,2.0,0.08545034642032333,0.3648960739030023,0.5496535796766744,0.5496535796766744,"When comparing studies where uncertainty level is low and studies where uncertainty level is high, cooperation is significantly higher when show-up fee is paid."
3668,https://data.cooperationdatabank.org/vocab/prop/UncertaintyVariable,https://data.cooperationdatabank.org/vocab/prop/uncertaintyLevel,Uncertainty level,https://data.cooperationdatabank.org/id/uncertaintylevel/low,Low,https://data.cooperationdatabank.org/vocab/prop/uncertaintyLevel,Uncertainty level,https://data.cooperationdatabank.org/id/uncertaintylevel/high,High,https://data.cooperationdatabank.org/vocab/prop/studyDilemmaType,Game type,https://data.cooperationdatabank.org/id/studydilemmatype/2,Public Goods Game,https://data.cooperationdatabank.org/id/dependentvariable/contributions,noEffect,test,2.0,positive,higher,1.0,0.08545034642032333,0.3648960739030023,0.5496535796766744,0.5496535796766744,"When comparing studies where uncertainty level is low and studies where uncertainty level is high, cooperation is significantly higher when game type is public goods game."
3669,https://data.cooperationdatabank.org/vocab/prop/UncertaintyVariable,https://data.cooperationdatabank.org/vocab/prop/uncertaintyLevel,Uncertainty level,https://data.cooperationdatabank.org/id/uncertaintylevel/low,Low,https://data.cooperationdatabank.org/vocab/prop/uncertaintyLevel,Uncertainty level,https://data.cooperationdatabank.org/id/uncertaintylevel/high,High,https://data.cooperationdatabank.org/vocab/prop/studyExperimentalSetting,Experimental setting,https://data.cooperationdatabank.org/id/studyexperimentalsetting/2,Lab,https://data.cooperationdatabank.org/id/dependentvariable/contributions,noEffect,test,2.0,positive,higher,1.0,0.08545034642032333,0.3648960739030023,0.5496535796766744,0.5496535796766744,"When comparing studies where uncertainty level is low and studies where uncertainty level is high, cooperation is significantly higher when experimental setting is lab."
3671,https://data.cooperationdatabank.org/vocab/prop/UncertaintyVariable,https://data.cooperationdatabank.org/vocab/prop/uncertaintyLevel,Uncertainty level,https://data.cooperationdatabank.org/id/uncertaintylevel/low,Low,https://data.cooperationdatabank.org/vocab/prop/uncertaintyLevel,Uncertainty level,https://data.cooperationdatabank.org/id/uncertaintylevel/high,High,https://data.cooperationdatabank.org/vocab/prop/studyMatchingProtocol,Matching,https://data.cooperationdatabank.org/id/studymatchingprotocol/1,Stranger,https://data.cooperationdatabank.org/id/dependentvariable/contributions,noEffect,test,2.0,positive,higher,1.0,0.08545034642032333,0.3648960739030023,0.5496535796766744,0.5496535796766744,"When comparing studies where uncertainty level is low and studies where uncertainty level is high, cooperation is significantly higher when matching is stranger."
3867,https://data.cooperationdatabank.org/vocab/prop/UncertaintyVariable,https://data.cooperationdatabank.org/vocab/prop/uncertaintyLevel,Uncertainty level,https://data.cooperationdatabank.org/id/uncertaintylevel/low,Low,https://data.cooperationdatabank.org/vocab/prop/uncertaintyLevel,Uncertainty level,https://data.cooperationdatabank.org/id/uncertaintylevel/high,High,https://data.cooperationdatabank.org/vocab/prop/countrySource,Source of country or region,https://data.cooperationdatabank.org/id/countrysource/1,Specified country,https://data.cooperationdatabank.org/id/dependentvariable/contributions,positive,test,2.0,positive,higher,2.0,0.08545034642032333,0.3648960739030023,0.5496535796766744,0.5496535796766744,"When comparing studies where uncertainty level is low and studies where uncertainty level is high, cooperation is significantly higher when source of country or region is specified country."
25227,https://data.cooperationdatabank.org/vocab/prop/UncertaintyVariable,https://data.cooperationdatabank.org/vocab/prop/uncertaintyLevel,Uncertainty level,https://data.cooperationdatabank.org/id/uncertaintylevel/low,Low,https://data.cooperationdatabank.org/vocab/prop/uncertaintyLevel,Uncertainty level,https://data.cooperationdatabank.org/id/uncertaintylevel/high,High,https://data.cooperationdatabank.org/vocab/prop/country,has country,https://data.cooperationdatabank.org/id/country/CAN,CAN,https://data.cooperationdatabank.org/id/dependentvariable/contributions,noEffect,test,2.0,positive,higher,1.0,0.08545034642032333,0.3648960739030023,0.5496535796766744,0.5496535796766744,"When comparing studies where uncertainty level is low and studies where uncertainty level is high, cooperation is significantly higher when has country is can."
27049,https://data.cooperationdatabank.org/vocab/prop/UncertaintyVariable,https://data.cooperationdatabank.org/vocab/prop/uncertaintyLevel,Uncertainty level,https://data.cooperationdatabank.org/id/uncertaintylevel/low,Low,https://data.cooperationdatabank.org/vocab/prop/uncertaintyLevel,Uncertainty level,https://data.cooperationdatabank.org/id/uncertaintylevel/high,High,https://data.cooperationdatabank.org/vocab/prop/studyAcademicDiscipline,Academic discipline,https://data.cooperationdatabank.org/id/studyacademicdiscipline/4,Mixed,https://data.cooperationdatabank.org/id/dependentvariable/cooperation,positive,test,2.0,positive,higher,2.0,0.08545034642032333,0.3648960739030023,0.5496535796766744,0.5496535796766744,"When comparing studies where uncertainty level is low and studies where uncertainty level is high, cooperation is significantly higher when academic discipline is mixed."
27051,https://data.cooperationdatabank.org/vocab/prop/UncertaintyVariable,https://data.cooperationdatabank.org/vocab/prop/uncertaintyLevel,Uncertainty level,https://data.cooperationdatabank.org/id/uncertaintylevel/low,Low,https://data.cooperationdatabank.org/vocab/prop/uncertaintyLevel,Uncertainty level,https://data.cooperationdatabank.org/id/uncertaintylevel/high,High,https://data.cooperationdatabank.org/vocab/prop/studyDilemmaType,Game type,https://data.cooperationdatabank.org/id/studydilemmatype/1,Prisoner's Dilemma Game,https://data.cooperationdatabank.org/id/dependentvariable/cooperation,positive,test,2.0,positive,higher,2.0,0.08545034642032333,0.3648960739030023,0.5496535796766744,0.5496535796766744,"When comparing studies where uncertainty level is low and studies where uncertainty level is high, cooperation is significantly higher when game type is prisoner's dilemma game."
6771,https://data.cooperationdatabank.org/vocab/prop/UncertaintyVariable,https://data.cooperationdatabank.org/vocab/prop/uncertaintyLevel,Uncertainty level,https://data.cooperationdatabank.org/id/uncertaintylevel/low,High,https://data.cooperationdatabank.org/vocab/prop/uncertaintyLevel,Uncertainty level,https://data.cooperationdatabank.org/id/uncertaintylevel/high,Low,https://data.cooperationdatabank.org/vocab/prop/studyDilemmaType,Game type,https://data.cooperationdatabank.org/id/studydilemmatype/2,Public Goods Game,https://data.cooperationdatabank.org/id/dependentvariable/contributions,positive,test,2.0,positive,higher,2.0,0.08545034642032333,0.3648960739030023,0.5496535796766744,0.5496535796766744,"When comparing studies where uncertainty level is high and studies where uncertainty level is low, cooperation is significantly higher when game type is public goods game."
6775,https://data.cooperationdatabank.org/vocab/prop/UncertaintyVariable,https://data.cooperationdatabank.org/vocab/prop/uncertaintyLevel,Uncertainty level,https://data.cooperationdatabank.org/id/uncertaintylevel/low,High,https://data.cooperationdatabank.org/vocab/prop/uncertaintyLevel,Uncertainty level,https://data.cooperationdatabank.org/id/uncertaintylevel/high,Low,https://data.cooperationdatabank.org/vocab/prop/studyOneShot,One-shot vs repeated,https://data.cooperationdatabank.org/id/studyoneshot/0,Repeated,https://data.cooperationdatabank.org/id/dependentvariable/contributions,positive,test,2.0,positive,higher,2.0,0.08545034642032333,0.3648960739030023,0.5496535796766744,0.5496535796766744,"When comparing studies where uncertainty level is high and studies where uncertainty level is low, cooperation is significantly higher when one-shot vs repeated is repeated."
6777,https://data.cooperationdatabank.org/vocab/prop/UncertaintyVariable,https://data.cooperationdatabank.org/vocab/prop/uncertaintyLevel,Uncertainty level,https://data.cooperationdatabank.org/id/uncertaintylevel/low,High,https://data.cooperationdatabank.org/vocab/prop/uncertaintyLevel,Uncertainty level,https://data.cooperationdatabank.org/id/uncertaintylevel/high,Low,https://data.cooperationdatabank.org/vocab/prop/studyTrialOfCooperation,Trial of cooperation,https://data.cooperationdatabank.org/id/studytrialofcooperation/1,All trials,https://data.cooperationdatabank.org/id/dependentvariable/contributions,positive,test,2.0,positive,higher,2.0,0.08545034642032333,0.3648960739030023,0.5496535796766744,0.5496535796766744,"When comparing studies where uncertainty level is high and studies where uncertainty level is low, cooperation is significantly higher when trial of cooperation is all trials."
6780,https://data.cooperationdatabank.org/vocab/prop/UncertaintyVariable,https://data.cooperationdatabank.org/vocab/prop/uncertaintyLevel,Uncertainty level,https://data.cooperationdatabank.org/id/uncertaintylevel/low,High,https://data.cooperationdatabank.org/vocab/prop/uncertaintyLevel,Uncertainty level,https://data.cooperationdatabank.org/id/uncertaintylevel/high,Low,https://data.cooperationdatabank.org/vocab/prop/studyShowUpFee,Show-up fee,https://data.cooperationdatabank.org/id/studyshowupfee/1,Paid,https://data.cooperationdatabank.org/id/dependentvariable/contributions,positive,test,2.0,positive,higher,2.0,0.08545034642032333,0.3648960739030023,0.5496535796766744,0.5496535796766744,"When comparing studies where uncertainty level is high and studies where uncertainty level is low, cooperation is significantly higher when show-up fee is paid."
6781,https://data.cooperationdatabank.org/vocab/prop/UncertaintyVariable,https://data.cooperationdatabank.org/vocab/prop/uncertaintyLevel,Uncertainty level,https://data.cooperationdatabank.org/id/uncertaintylevel/low,High,https://data.cooperationdatabank.org/vocab/prop/uncertaintyLevel,Uncertainty level,https://data.cooperationdatabank.org/id/uncertaintylevel/high,Low,https://data.cooperationdatabank.org/vocab/prop/recruitmentMethod,Recruitment method,https://data.cooperationdatabank.org/id/recruitmentmethod/1,Participant pool,https://data.cooperationdatabank.org/id/dependentvariable/contributions,positive,test,2.0,positive,higher,2.0,0.08545034642032333,0.3648960739030023,0.5496535796766744,0.5496535796766744,"When comparing studies where uncertainty level is high and studies where uncertainty level is low, cooperation is significantly higher when recruitment method is participant pool."
27867,https://data.cooperationdatabank.org/vocab/prop/UncertaintyVariable,https://data.cooperationdatabank.org/vocab/prop/uncertaintyLevel,Uncertainty level,https://data.cooperationdatabank.org/id/uncertaintylevel/low,Low,https://data.cooperationdatabank.org/vocab/prop/uncertaintyLevel,Uncertainty level,https://data.cooperationdatabank.org/id/uncertaintylevel/high,High,https://data.cooperationdatabank.org/vocab/prop/studyContinuousPGG,Continuous vs step-level public goods,https://data.cooperationdatabank.org/id/studycontinuouspgg/1,Continuous,https://data.cooperationdatabank.org/id/dependentvariable/contributions,positive,test,2.0,positive,higher,2.0,0.08545034642032333,0.3648960739030023,0.5496535796766744,0.5496535796766744,"When comparing studies where uncertainty level is low and studies where uncertainty level is high, cooperation is significantly higher when continuous vs step-level public goods is continuous."
44065,https://data.cooperationdatabank.org/vocab/prop/UncertaintyVariable,https://data.cooperationdatabank.org/vocab/prop/uncertaintyLevel,Uncertainty level,https://data.cooperationdatabank.org/id/uncertaintylevel/low,Low,https://data.cooperationdatabank.org/vocab/prop/uncertaintyLevel,Uncertainty level,https://data.cooperationdatabank.org/id/uncertaintylevel/high,High,https://data.cooperationdatabank.org/vocab/prop/studyGameIncentive,Game incentive,https://data.cooperationdatabank.org/id/studygameincentive/0,Hypothetical,https://data.cooperationdatabank.org/id/dependentvariable/contributions,negative,test,2.0,positive,higher,0.0,0.08545034642032333,0.3648960739030023,0.5496535796766744,0.5496535796766744,"When comparing studies where uncertainty level is low and studies where uncertainty level is high, cooperation is significantly higher when game incentive is hypothetical."
12066,https://data.cooperationdatabank.org/vocab/prop/UncertaintyVariable,https://data.cooperationdatabank.org/vocab/prop/uncertaintyLevel,Uncertainty level,https://data.cooperationdatabank.org/id/uncertaintylevel/low,Low,https://data.cooperationdatabank.org/vocab/prop/uncertaintyLevel,Uncertainty level,https://data.cooperationdatabank.org/id/uncertaintylevel/high,High,https://data.cooperationdatabank.org/vocab/prop/recruitmentMethod,Recruitment method,https://data.cooperationdatabank.org/id/recruitmentmethod/1,Participant pool,https://data.cooperationdatabank.org/id/dependentvariable/contributions,positive,test,2.0,positive,higher,2.0,0.08545034642032333,0.3648960739030023,0.5496535796766744,0.5496535796766744,"When comparing studies where uncertainty level is low and studies where uncertainty level is high, cooperation is significantly higher when recruitment method is participant pool."
12062,https://data.cooperationdatabank.org/vocab/prop/UncertaintyVariable,https://data.cooperationdatabank.org/vocab/prop/uncertaintyLevel,Uncertainty level,https://data.cooperationdatabank.org/id/uncertaintylevel/low,Low,https://data.cooperationdatabank.org/vocab/prop/uncertaintyLevel,Uncertainty level,https://data.cooperationdatabank.org/id/uncertaintylevel/high,High,https://data.cooperationdatabank.org/vocab/prop/studyTrialOfCooperation,Trial of cooperation,https://data.cooperationdatabank.org/id/studytrialofcooperation/1,All trials,https://data.cooperationdatabank.org/id/dependentvariable/contributions,positive,test,2.0,positive,higher,2.0,0.08545034642032333,0.3648960739030023,0.5496535796766744,0.5496535796766744,"When comparing studies where uncertainty level is low and studies where uncertainty level is high, cooperation is significantly higher when trial of cooperation is all trials."
14876,https://data.cooperationdatabank.org/vocab/prop/UncertaintyVariable,https://data.cooperationdatabank.org/vocab/prop/uncertaintyLevel,Uncertainty level,https://data.cooperationdatabank.org/id/uncertaintylevel/low,Low,https://data.cooperationdatabank.org/vocab/prop/uncertaintyLevel,Uncertainty level,https://data.cooperationdatabank.org/id/uncertaintylevel/high,High,https://data.cooperationdatabank.org/vocab/prop/countrySource,Source of country or region,https://data.cooperationdatabank.org/id/countrysource/1,Specified country,https://data.cooperationdatabank.org/id/dependentvariable/cooperation,noEffect,test,2.0,positive,higher,1.0,0.08545034642032333,0.3648960739030023,0.5496535796766744,0.5496535796766744,"When comparing studies where uncertainty level is low and studies where uncertainty level is high, cooperation is significantly higher when source of country or region is specified country."
14878,https://data.cooperationdatabank.org/vocab/prop/UncertaintyVariable,https://data.cooperationdatabank.org/vocab/prop/uncertaintyLevel,Uncertainty level,https://data.cooperationdatabank.org/id/uncertaintylevel/low,Low,https://data.cooperationdatabank.org/vocab/prop/uncertaintyLevel,Uncertainty level,https://data.cooperationdatabank.org/id/uncertaintylevel/high,High,https://data.cooperationdatabank.org/vocab/prop/publicationStatus,Published,https://data.cooperationdatabank.org/id/publicationstatus/1,Published Article,https://data.cooperationdatabank.org/id/dependentvariable/cooperation,noEffect,test,2.0,positive,higher,1.0,0.08545034642032333,0.3648960739030023,0.5496535796766744,0.5496535796766744,"When comparing studies where uncertainty level is low and studies where uncertainty level is high, cooperation is significantly higher when published is published article."
14934,https://data.cooperationdatabank.org/vocab/prop/UncertaintyVariable,https://data.cooperationdatabank.org/vocab/prop/uncertaintyLevel,Uncertainty level,https://data.cooperationdatabank.org/id/uncertaintylevel/low,Low,https://data.cooperationdatabank.org/vocab/prop/uncertaintyLevel,Uncertainty level,https://data.cooperationdatabank.org/id/uncertaintylevel/high,High,https://data.cooperationdatabank.org/vocab/prop/studyMatchingProtocol,Matching,https://data.cooperationdatabank.org/id/studymatchingprotocol/1,Stranger,https://data.cooperationdatabank.org/id/dependentvariable/cooperation,noEffect,test,2.0,positive,higher,1.0,0.08545034642032333,0.3648960739030023,0.5496535796766744,0.5496535796766744,"When comparing studies where uncertainty level is low and studies where uncertainty level is high, cooperation is significantly higher when matching is stranger."
14937,https://data.cooperationdatabank.org/vocab/prop/UncertaintyVariable,https://data.cooperationdatabank.org/vocab/prop/uncertaintyLevel,Uncertainty level,https://data.cooperationdatabank.org/id/uncertaintylevel/low,Low,https://data.cooperationdatabank.org/vocab/prop/uncertaintyLevel,Uncertainty level,https://data.cooperationdatabank.org/id/uncertaintylevel/high,High,https://data.cooperationdatabank.org/vocab/prop/studyTrialOfCooperation,Trial of cooperation,https://data.cooperationdatabank.org/id/studytrialofcooperation/1,All trials,https://data.cooperationdatabank.org/id/dependentvariable/cooperation,noEffect,test,2.0,positive,higher,1.0,0.08545034642032333,0.3648960739030023,0.5496535796766744,0.5496535796766744,"When comparing studies where uncertainty level is low and studies where uncertainty level is high, cooperation is significantly higher when trial of cooperation is all trials."
14887,https://data.cooperationdatabank.org/vocab/prop/UncertaintyVariable,https://data.cooperationdatabank.org/vocab/prop/uncertaintyLevel,Uncertainty level,https://data.cooperationdatabank.org/id/uncertaintylevel/low,Low,https://data.cooperationdatabank.org/vocab/prop/uncertaintyLevel,Uncertainty level,https://data.cooperationdatabank.org/id/uncertaintylevel/high,High,https://data.cooperationdatabank.org/vocab/prop/studyTrialOfCooperation,Trial of cooperation,https://data.cooperationdatabank.org/id/studytrialofcooperation/1,All trials,https://data.cooperationdatabank.org/id/dependentvariable/cooperation,noEffect,test,2.0,positive,higher,1.0,0.08545034642032333,0.3648960739030023,0.5496535796766744,0.5496535796766744,"When comparing studies where uncertainty level is low and studies where uncertainty level is high, cooperation is significantly higher when trial of cooperation is all trials."
14928,https://data.cooperationdatabank.org/vocab/prop/UncertaintyVariable,https://data.cooperationdatabank.org/vocab/prop/uncertaintyLevel,Uncertainty level,https://data.cooperationdatabank.org/id/uncertaintylevel/low,Low,https://data.cooperationdatabank.org/vocab/prop/uncertaintyLevel,Uncertainty level,https://data.cooperationdatabank.org/id/uncertaintylevel/high,High,https://data.cooperationdatabank.org/vocab/prop/discussion,Discussion,https://data.cooperationdatabank.org/id/discussion/0,Absent,https://data.cooperationdatabank.org/id/dependentvariable/cooperation,noEffect,test,2.0,positive,higher,1.0,0.08545034642032333,0.3648960739030023,0.5496535796766744,0.5496535796766744,"When comparing studies where uncertainty level is low and studies where uncertainty level is high, cooperation is significantly higher when discussion is absent."
14971,https://data.cooperationdatabank.org/vocab/prop/UncertaintyVariable,https://data.cooperationdatabank.org/vocab/prop/uncertaintyLevel,Uncertainty level,https://data.cooperationdatabank.org/id/uncertaintylevel/low,Low,https://data.cooperationdatabank.org/vocab/prop/uncertaintyLevel,Uncertainty level,https://data.cooperationdatabank.org/id/uncertaintylevel/high,High,https://data.cooperationdatabank.org/vocab/prop/studyContinuousPGG,Continuous vs step-level public goods,https://data.cooperationdatabank.org/id/studycontinuouspgg/2,Step-level,https://data.cooperationdatabank.org/id/dependentvariable/cooperation,noEffect,test,2.0,positive,higher,1.0,0.08545034642032333,0.3648960739030023,0.5496535796766744,0.5496535796766744,"When comparing studies where uncertainty level is low and studies where uncertainty level is high, cooperation is significantly higher when continuous vs step-level public goods is step-level."
19715,https://data.cooperationdatabank.org/vocab/prop/UncertaintyVariable,https://data.cooperationdatabank.org/vocab/prop/uncertaintyLevel,Uncertainty level,https://data.cooperationdatabank.org/id/uncertaintylevel/low,High,https://data.cooperationdatabank.org/vocab/prop/uncertaintyLevel,Uncertainty level,https://data.cooperationdatabank.org/id/uncertaintylevel/high,Low,https://data.cooperationdatabank.org/vocab/prop/countrySource,Source of country or region,https://data.cooperationdatabank.org/id/countrysource/1,Specified country,https://data.cooperationdatabank.org/id/dependentvariable/cooperation,positive,test,2.0,positive,higher,2.0,0.08545034642032333,0.3648960739030023,0.5496535796766744,0.5496535796766744,"When comparing studies where uncertainty level is high and studies where uncertainty level is low, cooperation is significantly higher when source of country or region is specified country."
19717,https://data.cooperationdatabank.org/vocab/prop/UncertaintyVariable,https://data.cooperationdatabank.org/vocab/prop/uncertaintyLevel,Uncertainty level,https://data.cooperationdatabank.org/id/uncertaintylevel/low,High,https://data.cooperationdatabank.org/vocab/prop/uncertaintyLevel,Uncertainty level,https://data.cooperationdatabank.org/id/uncertaintylevel/high,Low,https://data.cooperationdatabank.org/vocab/prop/publicationStatus,Published,https://data.cooperationdatabank.org/id/publicationstatus/3,Doctoral Dissertation,https://data.cooperationdatabank.org/id/dependentvariable/cooperation,positive,test,2.0,positive,higher,2.0,0.08545034642032333,0.3648960739030023,0.5496535796766744,0.5496535796766744,"When comparing studies where uncertainty level is high and studies where uncertainty level is low, cooperation is significantly higher when published is doctoral dissertation."
20844,https://data.cooperationdatabank.org/vocab/prop/UncertaintyVariable,https://data.cooperationdatabank.org/vocab/prop/uncertaintyLevel,Uncertainty level,https://data.cooperationdatabank.org/id/uncertaintylevel/low,High,https://data.cooperationdatabank.org/vocab/prop/uncertaintyLevel,Uncertainty level,https://data.cooperationdatabank.org/id/uncertaintylevel/high,Low,https://data.cooperationdatabank.org/vocab/prop/studyOneShot,One-shot vs repeated,https://data.cooperationdatabank.org/id/studyoneshot/0,Repeated,https://data.cooperationdatabank.org/id/dependentvariable/contributions,positive,test,2.0,positive,higher,2.0,0.08545034642032333,0.3648960739030023,0.5496535796766744,0.5496535796766744,"When comparing studies where uncertainty level is high and studies where uncertainty level is low, cooperation is significantly higher when one-shot vs repeated is repeated."
20857,https://data.cooperationdatabank.org/vocab/prop/UncertaintyVariable,https://data.cooperationdatabank.org/vocab/prop/uncertaintyLevel,Uncertainty level,https://data.cooperationdatabank.org/id/uncertaintylevel/low,Low,https://data.cooperationdatabank.org/vocab/prop/uncertaintyLevel,Uncertainty level,https://data.cooperationdatabank.org/id/uncertaintylevel/high,High,https://data.cooperationdatabank.org/vocab/prop/studyGameIncentive,Game incentive,https://data.cooperationdatabank.org/id/studygameincentive/1,Monetary,https://data.cooperationdatabank.org/id/dependentvariable/contributions,noEffect,test,2.0,positive,higher,1.0,0.08545034642032333,0.3648960739030023,0.5496535796766744,0.5496535796766744,"When comparing studies where uncertainty level is low and studies where uncertainty level is high, cooperation is significantly higher when game incentive is monetary."
23396,https://data.cooperationdatabank.org/vocab/prop/UncertaintyVariable,https://data.cooperationdatabank.org/vocab/prop/uncertaintyLevel,Uncertainty level,https://data.cooperationdatabank.org/id/uncertaintylevel/low,High,https://data.cooperationdatabank.org/vocab/prop/uncertaintyLevel,Uncertainty level,https://data.cooperationdatabank.org/id/uncertaintylevel/high,Low,https://data.cooperationdatabank.org/vocab/prop/publicationStatus,Published,https://data.cooperationdatabank.org/id/publicationstatus/1,Published Article,https://data.cooperationdatabank.org/id/dependentvariable/contributions,positive,test,2.0,positive,higher,2.0,0.08545034642032333,0.3648960739030023,0.5496535796766744,0.5496535796766744,"When comparing studies where uncertainty level is high and studies where uncertainty level is low, cooperation is significantly higher when published is published article."
14938,https://data.cooperationdatabank.org/vocab/prop/UncertaintyVariable,https://data.cooperationdatabank.org/vocab/prop/uncertaintyLevel,Uncertainty level,https://data.cooperationdatabank.org/id/uncertaintylevel/low,Low,https://data.cooperationdatabank.org/vocab/prop/uncertaintyLevel,Uncertainty level,https://data.cooperationdatabank.org/id/uncertaintylevel/high,High,https://data.cooperationdatabank.org/vocab/prop/yearSource,Source of year of data collection,https://data.cooperationdatabank.org/id/yearsource/1,Conducted,https://data.cooperationdatabank.org/id/dependentvariable/cooperation,noEffect,test,2.0,positive,higher,1.0,0.08545034642032333,0.3648960739030023,0.5496535796766744,0.5496535796766744,"When comparing studies where uncertainty level is low and studies where uncertainty level is high, cooperation is significantly higher when source of year of data collection is conducted."
14961,https://data.cooperationdatabank.org/vocab/prop/UncertaintyVariable,https://data.cooperationdatabank.org/vocab/prop/uncertaintyLevel,Uncertainty level,https://data.cooperationdatabank.org/id/uncertaintylevel/low,Low,https://data.cooperationdatabank.org/vocab/prop/uncertaintyLevel,Uncertainty level,https://data.cooperationdatabank.org/id/uncertaintylevel/high,High,https://data.cooperationdatabank.org/vocab/prop/publicationStatus,Published,https://data.cooperationdatabank.org/id/publicationstatus/1,Published Article,https://data.cooperationdatabank.org/id/dependentvariable/cooperation,noEffect,test,2.0,positive,higher,1.0,0.08545034642032333,0.3648960739030023,0.5496535796766744,0.5496535796766744,"When comparing studies where uncertainty level is low and studies where uncertainty level is high, cooperation is significantly higher when published is published article."
24846,https://data.cooperationdatabank.org/vocab/prop/UncertaintyVariable,https://data.cooperationdatabank.org/vocab/prop/uncertaintyLevel,Uncertainty level,https://data.cooperationdatabank.org/id/uncertaintylevel/low,High,https://data.cooperationdatabank.org/vocab/prop/uncertaintyLevel,Uncertainty level,https://data.cooperationdatabank.org/id/uncertaintylevel/high,Low,https://data.cooperationdatabank.org/vocab/prop/studyTrialOfCooperation,Trial of cooperation,https://data.cooperationdatabank.org/id/studytrialofcooperation/1,All trials,https://data.cooperationdatabank.org/id/dependentvariable/contributions,positive,test,2.0,positive,higher,2.0,0.08545034642032333,0.3648960739030023,0.5496535796766744,0.5496535796766744,"When comparing studies where uncertainty level is high and studies where uncertainty level is low, cooperation is significantly higher when trial of cooperation is all trials."
24844,https://data.cooperationdatabank.org/vocab/prop/UncertaintyVariable,https://data.cooperationdatabank.org/vocab/prop/uncertaintyLevel,Uncertainty level,https://data.cooperationdatabank.org/id/uncertaintylevel/low,High,https://data.cooperationdatabank.org/vocab/prop/uncertaintyLevel,Uncertainty level,https://data.cooperationdatabank.org/id/uncertaintylevel/high,Low,https://data.cooperationdatabank.org/vocab/prop/studyOneShot,One-shot vs repeated,https://data.cooperationdatabank.org/id/studyoneshot/1,One-shot,https://data.cooperationdatabank.org/id/dependentvariable/contributions,positive,test,2.0,positive,higher,2.0,0.08545034642032333,0.3648960739030023,0.5496535796766744,0.5496535796766744,"When comparing studies where uncertainty level is high and studies where uncertainty level is low, cooperation is significantly higher when one-shot vs repeated is one-shot."
25076,https://data.cooperationdatabank.org/vocab/prop/UncertaintyVariable,https://data.cooperationdatabank.org/vocab/prop/uncertaintyLevel,Uncertainty level,https://data.cooperationdatabank.org/id/uncertaintylevel/low,Low,https://data.cooperationdatabank.org/vocab/prop/uncertaintyLevel,Uncertainty level,https://data.cooperationdatabank.org/id/uncertaintylevel/high,High,https://data.cooperationdatabank.org/vocab/prop/publicationStatus,Published,https://data.cooperationdatabank.org/id/publicationstatus/1,Published Article,https://data.cooperationdatabank.org/id/dependentvariable/contributions,noEffect,test,2.0,positive,higher,1.0,0.08545034642032333,0.3648960739030023,0.5496535796766744,0.5496535796766744,"When comparing studies where uncertainty level is low and studies where uncertainty level is high, cooperation is significantly higher when published is published article."
25115,https://data.cooperationdatabank.org/vocab/prop/UncertaintyVariable,https://data.cooperationdatabank.org/vocab/prop/uncertaintyLevel,Uncertainty level,https://data.cooperationdatabank.org/id/uncertaintylevel/low,Low,https://data.cooperationdatabank.org/vocab/prop/uncertaintyLevel,Uncertainty level,https://data.cooperationdatabank.org/id/uncertaintylevel/high,High,https://data.cooperationdatabank.org/vocab/prop/studyGameIncentive,Game incentive,https://data.cooperationdatabank.org/id/studygameincentive/1,Monetary,https://data.cooperationdatabank.org/id/dependentvariable/contributions,noEffect,test,2.0,positive,higher,1.0,0.08545034642032333,0.3648960739030023,0.5496535796766744,0.5496535796766744,"When comparing studies where uncertainty level is low and studies where uncertainty level is high, cooperation is significantly higher when game incentive is monetary."
27773,https://data.cooperationdatabank.org/vocab/prop/UncertaintyVariable,https://data.cooperationdatabank.org/vocab/prop/uncertaintyLevel,Uncertainty level,https://data.cooperationdatabank.org/id/uncertaintylevel/low,Low,https://data.cooperationdatabank.org/vocab/prop/uncertaintyLevel,Uncertainty level,https://data.cooperationdatabank.org/id/uncertaintylevel/high,High,https://data.cooperationdatabank.org/vocab/prop/country,has country,https://data.cooperationdatabank.org/id/country/DEU,DEU,https://data.cooperationdatabank.org/id/dependentvariable/contributions,positive,test,2.0,positive,higher,2.0,0.08545034642032333,0.3648960739030023,0.5496535796766744,0.5496535796766744,"When comparing studies where uncertainty level is low and studies where uncertainty level is high, cooperation is significantly higher when has country is deu."
27785,https://data.cooperationdatabank.org/vocab/prop/UncertaintyVariable,https://data.cooperationdatabank.org/vocab/prop/uncertaintyLevel,Uncertainty level,https://data.cooperationdatabank.org/id/uncertaintylevel/low,Low,https://data.cooperationdatabank.org/vocab/prop/uncertaintyLevel,Uncertainty level,https://data.cooperationdatabank.org/id/uncertaintylevel/high,High,https://data.cooperationdatabank.org/vocab/prop/studyTrialOfCooperation,Trial of cooperation,https://data.cooperationdatabank.org/id/studytrialofcooperation/1,All trials,https://data.cooperationdatabank.org/id/dependentvariable/contributions,positive,test,2.0,positive,higher,2.0,0.08545034642032333,0.3648960739030023,0.5496535796766744,0.5496535796766744,"When comparing studies where uncertainty level is low and studies where uncertainty level is high, cooperation is significantly higher when trial of cooperation is all trials."
25119,https://data.cooperationdatabank.org/vocab/prop/UncertaintyVariable,https://data.cooperationdatabank.org/vocab/prop/uncertaintyLevel,Uncertainty level,https://data.cooperationdatabank.org/id/uncertaintylevel/low,Low,https://data.cooperationdatabank.org/vocab/prop/uncertaintyLevel,Uncertainty level,https://data.cooperationdatabank.org/id/uncertaintylevel/high,High,https://data.cooperationdatabank.org/vocab/prop/studyOneShot,One-shot vs repeated,https://data.cooperationdatabank.org/id/studyoneshot/0,Repeated,https://data.cooperationdatabank.org/id/dependentvariable/contributions,noEffect,test,2.0,positive,higher,1.0,0.08545034642032333,0.3648960739030023,0.5496535796766744,0.5496535796766744,"When comparing studies where uncertainty level is low and studies where uncertainty level is high, cooperation is significantly higher when one-shot vs repeated is repeated."
25134,https://data.cooperationdatabank.org/vocab/prop/UncertaintyVariable,https://data.cooperationdatabank.org/vocab/prop/uncertaintyLevel,Uncertainty level,https://data.cooperationdatabank.org/id/uncertaintylevel/low,High,https://data.cooperationdatabank.org/vocab/prop/uncertaintyLevel,Uncertainty level,https://data.cooperationdatabank.org/id/uncertaintylevel/high,Low,https://data.cooperationdatabank.org/vocab/prop/studyDilemmaType,Game type,https://data.cooperationdatabank.org/id/studydilemmatype/2,Public Goods Game,https://data.cooperationdatabank.org/id/dependentvariable/contributions,positive,test,2.0,positive,higher,2.0,0.08545034642032333,0.3648960739030023,0.5496535796766744,0.5496535796766744,"When comparing studies where uncertainty level is high and studies where uncertainty level is low, cooperation is significantly higher when game type is public goods game."
27841,https://data.cooperationdatabank.org/vocab/prop/UncertaintyVariable,https://data.cooperationdatabank.org/vocab/prop/uncertaintyLevel,Uncertainty level,https://data.cooperationdatabank.org/id/uncertaintylevel/low,Low,https://data.cooperationdatabank.org/vocab/prop/uncertaintyLevel,Uncertainty level,https://data.cooperationdatabank.org/id/uncertaintylevel/high,High,https://data.cooperationdatabank.org/vocab/prop/studyAcademicDiscipline,Academic discipline,https://data.cooperationdatabank.org/id/studyacademicdiscipline/4,Mixed,https://data.cooperationdatabank.org/id/dependentvariable/contributions,positive,test,2.0,positive,higher,2.0,0.08545034642032333,0.3648960739030023,0.5496535796766744,0.5496535796766744,"When comparing studies where uncertainty level is low and studies where uncertainty level is high, cooperation is significantly higher when academic discipline is mixed."
27839,https://data.cooperationdatabank.org/vocab/prop/UncertaintyVariable,https://data.cooperationdatabank.org/vocab/prop/uncertaintyLevel,Uncertainty level,https://data.cooperationdatabank.org/id/uncertaintylevel/low,Low,https://data.cooperationdatabank.org/vocab/prop/uncertaintyLevel,Uncertainty level,https://data.cooperationdatabank.org/id/uncertaintylevel/high,High,https://data.cooperationdatabank.org/vocab/prop/discussion,Discussion,https://data.cooperationdatabank.org/id/discussion/0,Absent,https://data.cooperationdatabank.org/id/dependentvariable/contributions,positive,test,2.0,positive,higher,2.0,0.08545034642032333,0.3648960739030023,0.5496535796766744,0.5496535796766744,"When comparing studies where uncertainty level is low and studies where uncertainty level is high, cooperation is significantly higher when discussion is absent."
25161,https://data.cooperationdatabank.org/vocab/prop/UncertaintyVariable,https://data.cooperationdatabank.org/vocab/prop/uncertaintyLevel,Uncertainty level,https://data.cooperationdatabank.org/id/uncertaintylevel/low,High,https://data.cooperationdatabank.org/vocab/prop/uncertaintyLevel,Uncertainty level,https://data.cooperationdatabank.org/id/uncertaintylevel/high,Low,https://data.cooperationdatabank.org/vocab/prop/studyOneShot,One-shot vs repeated,https://data.cooperationdatabank.org/id/studyoneshot/0,Repeated,https://data.cooperationdatabank.org/id/dependentvariable/contributions,positive,test,2.0,positive,higher,2.0,0.08545034642032333,0.3648960739030023,0.5496535796766744,0.5496535796766744,"When comparing studies where uncertainty level is high and studies where uncertainty level is low, cooperation is significantly higher when one-shot vs repeated is repeated."
3885,https://data.cooperationdatabank.org/vocab/prop/UncertaintyVariable,https://data.cooperationdatabank.org/vocab/prop/uncertaintyLevel,Uncertainty level,https://data.cooperationdatabank.org/id/uncertaintylevel/low,Low,https://data.cooperationdatabank.org/vocab/prop/uncertaintyLevel,Uncertainty level,https://data.cooperationdatabank.org/id/uncertaintylevel/high,High,https://data.cooperationdatabank.org/vocab/prop/studyRealPartner,Real partner,https://data.cooperationdatabank.org/id/studyrealpartner/1,Real,https://data.cooperationdatabank.org/id/dependentvariable/contributions,positive,test,2.0,positive,higher,2.0,0.08545034642032333,0.3648960739030023,0.5496535796766744,0.5496535796766744,"When comparing studies where uncertainty level is low and studies where uncertainty level is high, cooperation is significantly higher when real partner is real."
3897,https://data.cooperationdatabank.org/vocab/prop/UncertaintyVariable,https://data.cooperationdatabank.org/vocab/prop/uncertaintyLevel,Uncertainty level,https://data.cooperationdatabank.org/id/uncertaintylevel/low,Low,https://data.cooperationdatabank.org/vocab/prop/uncertaintyLevel,Uncertainty level,https://data.cooperationdatabank.org/id/uncertaintylevel/high,High,https://data.cooperationdatabank.org/vocab/prop/country,has country,https://data.cooperationdatabank.org/id/country/DEU,DEU,https://data.cooperationdatabank.org/id/dependentvariable/contributions,positive,test,2.0,positive,higher,2.0,0.08545034642032333,0.3648960739030023,0.5496535796766744,0.5496535796766744,"When comparing studies where uncertainty level is low and studies where uncertainty level is high, cooperation is significantly higher when has country is deu."
3900,https://data.cooperationdatabank.org/vocab/prop/UncertaintyVariable,https://data.cooperationdatabank.org/vocab/prop/uncertaintyLevel,Uncertainty level,https://data.cooperationdatabank.org/id/uncertaintylevel/low,Low,https://data.cooperationdatabank.org/vocab/prop/uncertaintyLevel,Uncertainty level,https://data.cooperationdatabank.org/id/uncertaintylevel/high,High,https://data.cooperationdatabank.org/vocab/prop/countrySource,Source of country or region,https://data.cooperationdatabank.org/id/countrysource/1,Specified country,https://data.cooperationdatabank.org/id/dependentvariable/contributions,positive,test,2.0,positive,higher,2.0,0.08545034642032333,0.3648960739030023,0.5496535796766744,0.5496535796766744,"When comparing studies where uncertainty level is low and studies where uncertainty level is high, cooperation is significantly higher when source of country or region is specified country."
3924,https://data.cooperationdatabank.org/vocab/prop/UncertaintyVariable,https://data.cooperationdatabank.org/vocab/prop/uncertaintyLevel,Uncertainty level,https://data.cooperationdatabank.org/id/uncertaintylevel/low,Low,https://data.cooperationdatabank.org/vocab/prop/uncertaintyLevel,Uncertainty level,https://data.cooperationdatabank.org/id/uncertaintylevel/high,High,https://data.cooperationdatabank.org/vocab/prop/studyOneShot,One-shot vs repeated,https://data.cooperationdatabank.org/id/studyoneshot/1,One-shot,https://data.cooperationdatabank.org/id/dependentvariable/contributions,positive,test,2.0,positive,higher,2.0,0.08545034642032333,0.3648960739030023,0.5496535796766744,0.5496535796766744,"When comparing studies where uncertainty level is low and studies where uncertainty level is high, cooperation is significantly higher when one-shot vs repeated is one-shot."
27053,https://data.cooperationdatabank.org/vocab/prop/UncertaintyVariable,https://data.cooperationdatabank.org/vocab/prop/uncertaintyLevel,Uncertainty level,https://data.cooperationdatabank.org/id/uncertaintylevel/low,Low,https://data.cooperationdatabank.org/vocab/prop/uncertaintyLevel,Uncertainty level,https://data.cooperationdatabank.org/id/uncertaintylevel/high,High,https://data.cooperationdatabank.org/vocab/prop/studyGameIncentive,Game incentive,https://data.cooperationdatabank.org/id/studygameincentive/1,Monetary,https://data.cooperationdatabank.org/id/dependentvariable/cooperation,positive,test,2.0,positive,higher,2.0,0.08545034642032333,0.3648960739030023,0.5496535796766744,0.5496535796766744,"When comparing studies where uncertainty level is low and studies where uncertainty level is high, cooperation is significantly higher when game incentive is monetary."
12079,https://data.cooperationdatabank.org/vocab/prop/UncertaintyVariable,https://data.cooperationdatabank.org/vocab/prop/uncertaintyLevel,Uncertainty level,https://data.cooperationdatabank.org/id/uncertaintylevel/medium,Medium,https://data.cooperationdatabank.org/vocab/prop/uncertaintyLevel,Uncertainty level,https://data.cooperationdatabank.org/id/uncertaintylevel/high,High,https://data.cooperationdatabank.org/vocab/prop/yearSource,Source of year of data collection,https://data.cooperationdatabank.org/id/yearsource/5,Published,https://data.cooperationdatabank.org/id/dependentvariable/contributions,positive,test,2.0,positive,higher,2.0,0.13043478260869565,0.34782608695652173,0.5217391304347826,0.5217391304347826,"When comparing studies where uncertainty level is medium and studies where uncertainty level is high, cooperation is significantly higher when source of year of data collection is published."
3905,https://data.cooperationdatabank.org/vocab/prop/UncertaintyVariable,https://data.cooperationdatabank.org/vocab/prop/uncertaintyTarget,Uncertainty target,https://data.cooperationdatabank.org/id/uncertaintytarget/threshold,Loss,https://data.cooperationdatabank.org/vocab/prop/uncertaintyTarget,Uncertainty target,https://data.cooperationdatabank.org/id/uncertaintytarget/loss,Threshold,https://data.cooperationdatabank.org/vocab/prop/discussion,Discussion,https://data.cooperationdatabank.org/id/discussion/2,Bi-directional,https://data.cooperationdatabank.org/id/dependentvariable/contributions,negative,test,0.0,negative,lower,0.0,0.5,0.25,0.25,0.5,"When comparing studies where uncertainty target is loss and studies where uncertainty target is threshold, cooperation is significantly lower when discussion is bi-directional."
3947,https://data.cooperationdatabank.org/vocab/prop/UncertaintyVariable,https://data.cooperationdatabank.org/vocab/prop/uncertaintyTarget,Uncertainty target,https://data.cooperationdatabank.org/id/uncertaintytarget/threshold,Loss,https://data.cooperationdatabank.org/vocab/prop/uncertaintyTarget,Uncertainty target,https://data.cooperationdatabank.org/id/uncertaintytarget/loss,Threshold,https://data.cooperationdatabank.org/vocab/prop/discussion,Discussion,https://data.cooperationdatabank.org/id/discussion/2,Bi-directional,https://data.cooperationdatabank.org/id/dependentvariable/contributions,negative,test,0.0,negative,lower,0.0,0.5,0.25,0.25,0.5,"When comparing studies where uncertainty target is loss and studies where uncertainty target is threshold, cooperation is significantly lower when discussion is bi-directional."
3963,https://data.cooperationdatabank.org/vocab/prop/UncertaintyVariable,https://data.cooperationdatabank.org/vocab/prop/uncertaintyTarget,Uncertainty target,https://data.cooperationdatabank.org/id/uncertaintytarget/threshold,Loss,https://data.cooperationdatabank.org/vocab/prop/uncertaintyTarget,Uncertainty target,https://data.cooperationdatabank.org/id/uncertaintytarget/loss,Threshold,https://data.cooperationdatabank.org/vocab/prop/discussion,Discussion,https://data.cooperationdatabank.org/id/discussion/2,Bi-directional,https://data.cooperationdatabank.org/id/dependentvariable/contributions,negative,test,0.0,negative,lower,0.0,0.5,0.25,0.25,0.5,"When comparing studies where uncertainty target is loss and studies where uncertainty target is threshold, cooperation is significantly lower when discussion is bi-directional."
