,giv_prop,iv,iv_label,cat_t1,cat_t1_label,iv.1,iv_label.1,cat_t2,cat_t2_label,mod,mod_label,mod_t1,mod_t1_label,mod_t2,mod_t2_label,dependent,effect,td,pred_num,pred_readable,comparative,pred_true,score_0,score_1,score_2,max_score,hypothesis
69,https://data.cooperationdatabank.org/vocab/prop/Degree_of_conflicting_interestsVariable,https://data.cooperationdatabank.org/vocab/prop/conflictIndex,Conflict index,https://data.cooperationdatabank.org/id/conflictindex/k_index,K index,https://data.cooperationdatabank.org/vocab/prop/conflictIndex,Conflict index,https://data.cooperationdatabank.org/id/conflictindex/g_index,g index,https://data.cooperationdatabank.org/vocab/prop/conflictIndexLevel,Conflict level,https://data.cooperationdatabank.org/id/conflictindexlevel/high,Medium,https://data.cooperationdatabank.org/id/conflictindexlevel/medium,High,https://data.cooperationdatabank.org/id/dependentvariable/cooperation,negative,test,2.0,positive,higher,0.0,0.3125,0.125,0.5625,0.5625,"When comparing studies where conflict index is k index and studies where conflict index is g index, effect sizes from studies involving medium as conflict level are significantly higher than effect sizes based on high as conflict level."
92,https://data.cooperationdatabank.org/vocab/prop/Degree_of_conflicting_interestsVariable,https://data.cooperationdatabank.org/vocab/prop/conflictIndex,Conflict index,https://data.cooperationdatabank.org/id/conflictindex/k_index,K index,https://data.cooperationdatabank.org/vocab/prop/conflictIndex,Conflict index,https://data.cooperationdatabank.org/id/conflictindex/g_index,g index,https://data.cooperationdatabank.org/vocab/prop/conflictIndexLevel,Conflict level,https://data.cooperationdatabank.org/id/conflictindexlevel/high,Medium,https://data.cooperationdatabank.org/id/conflictindexlevel/medium,High,https://data.cooperationdatabank.org/id/dependentvariable/cooperation,noEffect,test,2.0,positive,higher,1.0,0.3125,0.125,0.5625,0.5625,"When comparing studies where conflict index is k index and studies where conflict index is g index, effect sizes from studies involving medium as conflict level are significantly higher than effect sizes based on high as conflict level."
116,https://data.cooperationdatabank.org/vocab/prop/Degree_of_conflicting_interestsVariable,https://data.cooperationdatabank.org/vocab/prop/conflictIndex,Conflict index,https://data.cooperationdatabank.org/id/conflictindex/k_index,K index,https://data.cooperationdatabank.org/vocab/prop/conflictIndex,Conflict index,https://data.cooperationdatabank.org/id/conflictindex/g_index,g index,https://data.cooperationdatabank.org/vocab/prop/conflictIndexLevel,Conflict level,https://data.cooperationdatabank.org/id/conflictindexlevel/high,High,https://data.cooperationdatabank.org/id/conflictindexlevel/medium,Medium,https://data.cooperationdatabank.org/id/dependentvariable/cooperation,noEffect,test,2.0,positive,higher,1.0,0.3125,0.125,0.5625,0.5625,"When comparing studies where conflict index is k index and studies where conflict index is g index, effect sizes from studies involving high as conflict level are significantly higher than effect sizes based on medium as conflict level."
76,https://data.cooperationdatabank.org/vocab/prop/Degree_of_conflicting_interestsVariable,https://data.cooperationdatabank.org/vocab/prop/conflictIndex,Conflict index,https://data.cooperationdatabank.org/id/conflictindex/k_index,K index,https://data.cooperationdatabank.org/vocab/prop/conflictIndex,Conflict index,https://data.cooperationdatabank.org/id/conflictindex/g_index,g index,https://data.cooperationdatabank.org/vocab/prop/conflictIndexLevel,Conflict level,https://data.cooperationdatabank.org/id/conflictindexlevel/high,High,https://data.cooperationdatabank.org/id/conflictindexlevel/medium,Medium,https://data.cooperationdatabank.org/id/dependentvariable/cooperation,negative,test,2.0,positive,higher,0.0,0.3125,0.125,0.5625,0.5625,"When comparing studies where conflict index is k index and studies where conflict index is g index, effect sizes from studies involving high as conflict level are significantly higher than effect sizes based on medium as conflict level."
17,https://data.cooperationdatabank.org/vocab/prop/Degree_of_conflicting_interestsVariable,https://data.cooperationdatabank.org/vocab/prop/conflictIndex,Conflict index,https://data.cooperationdatabank.org/id/conflictindex/k_index,g index,https://data.cooperationdatabank.org/vocab/prop/conflictIndex,Conflict index,https://data.cooperationdatabank.org/id/conflictindex/g_index,K index,https://data.cooperationdatabank.org/vocab/prop/conflictIndexLevel,Conflict level,https://data.cooperationdatabank.org/id/conflictindexlevel/medium,Medium,https://data.cooperationdatabank.org/id/conflictindexlevel/low,Low,https://data.cooperationdatabank.org/id/dependentvariable/cooperation,negative,test,2.0,positive,higher,0.0,0.2,0.3,0.5,0.5,"When comparing studies where conflict index is g index and studies where conflict index is k index, effect sizes from studies involving medium as conflict level are significantly higher than effect sizes based on low as conflict level."
108,https://data.cooperationdatabank.org/vocab/prop/Degree_of_conflicting_interestsVariable,https://data.cooperationdatabank.org/vocab/prop/conflictIndex,Conflict index,https://data.cooperationdatabank.org/id/conflictindex/k_index,K index,https://data.cooperationdatabank.org/vocab/prop/conflictIndex,Conflict index,https://data.cooperationdatabank.org/id/conflictindex/g_index,g index,https://data.cooperationdatabank.org/vocab/prop/conflictIndexLevel,Conflict level,https://data.cooperationdatabank.org/id/conflictindexlevel/medium,Medium,https://data.cooperationdatabank.org/id/conflictindexlevel/low,Low,https://data.cooperationdatabank.org/id/dependentvariable/cooperation,negative,test,2.0,positive,higher,0.0,0.2,0.3,0.5,0.5,"When comparing studies where conflict index is k index and studies where conflict index is g index, effect sizes from studies involving medium as conflict level are significantly higher than effect sizes based on low as conflict level."
58,https://data.cooperationdatabank.org/vocab/prop/Degree_of_conflicting_interestsVariable,https://data.cooperationdatabank.org/vocab/prop/conflictIndex,Conflict index,https://data.cooperationdatabank.org/id/conflictindex/k_index,K index,https://data.cooperationdatabank.org/vocab/prop/conflictIndex,Conflict index,https://data.cooperationdatabank.org/id/conflictindex/g_index,g index,https://data.cooperationdatabank.org/vocab/prop/conflictIndexLevel,Conflict level,https://data.cooperationdatabank.org/id/conflictindexlevel/medium,Medium,https://data.cooperationdatabank.org/id/conflictindexlevel/low,Low,https://data.cooperationdatabank.org/id/dependentvariable/cooperation,negative,test,2.0,positive,higher,0.0,0.2,0.3,0.5,0.5,"When comparing studies where conflict index is k index and studies where conflict index is g index, effect sizes from studies involving medium as conflict level are significantly higher than effect sizes based on low as conflict level."
130,https://data.cooperationdatabank.org/vocab/prop/Degree_of_conflicting_interestsVariable,https://data.cooperationdatabank.org/vocab/prop/conflictIndexLevel,Conflict level,https://data.cooperationdatabank.org/id/conflictindexlevel/medium,Medium,https://data.cooperationdatabank.org/vocab/prop/conflictIndexLevel,Conflict level,https://data.cooperationdatabank.org/id/conflictindexlevel/low,Low,https://data.cooperationdatabank.org/vocab/prop/conflictIndex,Conflict index,https://data.cooperationdatabank.org/id/conflictindex/k_index,K index,https://data.cooperationdatabank.org/id/conflictindex/g_index,g index,https://data.cooperationdatabank.org/id/dependentvariable/cooperation,noEffect,test,0.0,negative,lower,1.0,0.47619047619047616,0.3333333333333333,0.19047619047619047,0.47619047619047616,"When comparing studies where conflict level is medium and studies where conflict level is low, effect sizes from studies involving k index as conflict index are significantly lower than effect sizes based on g index as conflict index."
32,https://data.cooperationdatabank.org/vocab/prop/Degree_of_conflicting_interestsVariable,https://data.cooperationdatabank.org/vocab/prop/conflictIndex,Conflict index,https://data.cooperationdatabank.org/id/conflictindex/k_index,K index,https://data.cooperationdatabank.org/vocab/prop/conflictIndex,Conflict index,https://data.cooperationdatabank.org/id/conflictindex/g_index,g index,https://data.cooperationdatabank.org/vocab/prop/conflictIndexLevel,Conflict level,https://data.cooperationdatabank.org/id/conflictindexlevel/high,High,https://data.cooperationdatabank.org/id/conflictindexlevel/low,Low,https://data.cooperationdatabank.org/id/dependentvariable/cooperation,negative,test,2.0,positive,higher,0.0,0.23076923076923078,0.3076923076923077,0.46153846153846156,0.46153846153846156,"When comparing studies where conflict index is k index and studies where conflict index is g index, effect sizes from studies involving high as conflict level are significantly higher than effect sizes based on low as conflict level."
13,https://data.cooperationdatabank.org/vocab/prop/Degree_of_conflicting_interestsVariable,https://data.cooperationdatabank.org/vocab/prop/conflictIndex,Conflict index,https://data.cooperationdatabank.org/id/conflictindex/k_index,g index,https://data.cooperationdatabank.org/vocab/prop/conflictIndex,Conflict index,https://data.cooperationdatabank.org/id/conflictindex/g_index,K index,https://data.cooperationdatabank.org/vocab/prop/conflictIndexLevel,Conflict level,https://data.cooperationdatabank.org/id/conflictindexlevel/high,High,https://data.cooperationdatabank.org/id/conflictindexlevel/low,Low,https://data.cooperationdatabank.org/id/dependentvariable/cooperation,positive,test,2.0,positive,higher,2.0,0.23076923076923078,0.3076923076923077,0.46153846153846156,0.46153846153846156,"When comparing studies where conflict index is g index and studies where conflict index is k index, effect sizes from studies involving high as conflict level are significantly higher than effect sizes based on low as conflict level."
11,https://data.cooperationdatabank.org/vocab/prop/Degree_of_conflicting_interestsVariable,https://data.cooperationdatabank.org/vocab/prop/conflictIndexLevel,Conflict level,https://data.cooperationdatabank.org/id/conflictindexlevel/high,High,https://data.cooperationdatabank.org/vocab/prop/conflictIndexLevel,Conflict level,https://data.cooperationdatabank.org/id/conflictindexlevel/medium,Medium,https://data.cooperationdatabank.org/vocab/prop/conflictIndex,Conflict index,https://data.cooperationdatabank.org/id/conflictindex/k_index,g index,https://data.cooperationdatabank.org/id/conflictindex/g_index,K index,https://data.cooperationdatabank.org/id/dependentvariable/cooperation,noEffect,test,0.0,negative,lower,1.0,0.4444444444444444,0.2222222222222222,0.3333333333333333,0.4444444444444444,"When comparing studies where conflict level is high and studies where conflict level is medium, effect sizes from studies involving g index as conflict index are significantly lower than effect sizes based on k index as conflict index."
52,https://data.cooperationdatabank.org/vocab/prop/Degree_of_conflicting_interestsVariable,https://data.cooperationdatabank.org/vocab/prop/conflictIndexLevel,Conflict level,https://data.cooperationdatabank.org/id/conflictindexlevel/high,Medium,https://data.cooperationdatabank.org/vocab/prop/conflictIndexLevel,Conflict level,https://data.cooperationdatabank.org/id/conflictindexlevel/medium,High,https://data.cooperationdatabank.org/vocab/prop/conflictIndex,Conflict index,https://data.cooperationdatabank.org/id/conflictindex/k_index,g index,https://data.cooperationdatabank.org/id/conflictindex/g_index,K index,https://data.cooperationdatabank.org/id/dependentvariable/cooperation,positive,test,0.0,negative,lower,2.0,0.4444444444444444,0.2222222222222222,0.3333333333333333,0.4444444444444444,"When comparing studies where conflict level is medium and studies where conflict level is high, effect sizes from studies involving g index as conflict index are significantly lower than effect sizes based on k index as conflict index."
86,https://data.cooperationdatabank.org/vocab/prop/Degree_of_conflicting_interestsVariable,https://data.cooperationdatabank.org/vocab/prop/conflictIndexLevel,Conflict level,https://data.cooperationdatabank.org/id/conflictindexlevel/high,High,https://data.cooperationdatabank.org/vocab/prop/conflictIndexLevel,Conflict level,https://data.cooperationdatabank.org/id/conflictindexlevel/medium,Medium,https://data.cooperationdatabank.org/vocab/prop/conflictIndex,Conflict index,https://data.cooperationdatabank.org/id/conflictindex/k_index,K index,https://data.cooperationdatabank.org/id/conflictindex/g_index,g index,https://data.cooperationdatabank.org/id/dependentvariable/cooperation,negative,test,0.0,negative,lower,0.0,0.4444444444444444,0.2222222222222222,0.3333333333333333,0.4444444444444444,"When comparing studies where conflict level is high and studies where conflict level is medium, effect sizes from studies involving k index as conflict index are significantly lower than effect sizes based on g index as conflict index."
