,giv_prop,iv,iv_label,cat_t1,cat_t1_label,iv.1,iv_label.1,cat_t2,cat_t2_label,dependent,effect,td,pred_num,pred_readable,comparative,pred_true,score_0,score_1,score_2,max_score,hypothesis
3082,https://data.cooperationdatabank.org/vocab/prop/FeedbackVariable,https://data.cooperationdatabank.org/vocab/prop/feedbackTarget,Feedback target,https://data.cooperationdatabank.org/id/feedbacktarget/individual,Other,https://data.cooperationdatabank.org/vocab/prop/feedbackTarget,Feedback target,https://data.cooperationdatabank.org/id/feedbacktarget/other,Individual,https://data.cooperationdatabank.org/id/dependentvariable/cooperation,positive,test,0.0,negative,lower,2.0,0.8,0.0,0.2,0.8,Cooperation is significantly lower when feedback target is other compared to when feedback target is individual.
2814,https://data.cooperationdatabank.org/vocab/prop/FeedbackVariable,https://data.cooperationdatabank.org/vocab/prop/feedbackTarget,Feedback target,https://data.cooperationdatabank.org/id/feedbacktarget/individual,Absent,https://data.cooperationdatabank.org/vocab/prop/feedbackTarget,Feedback target,https://data.cooperationdatabank.org/id/feedbacktarget/absent,Individual,https://data.cooperationdatabank.org/id/dependentvariable/withdrawals,negative,test,0.0,negative,lower,0.0,0.6,0.0,0.4,0.6,Withdrawal is significantly lower when feedback target is absent compared to when feedback target is individual.
3078,https://data.cooperationdatabank.org/vocab/prop/FeedbackVariable,https://data.cooperationdatabank.org/vocab/prop/feedbackTarget,Feedback target,https://data.cooperationdatabank.org/id/feedbacktarget/other,Absent,https://data.cooperationdatabank.org/vocab/prop/feedbackTarget,Feedback target,https://data.cooperationdatabank.org/id/feedbacktarget/absent,Other,https://data.cooperationdatabank.org/id/dependentvariable/cooperation,negative,test,0.0,negative,lower,0.0,0.5555555555555556,0.3333333333333333,0.1111111111111111,0.5555555555555556,Cooperation is significantly lower when feedback target is absent compared to when feedback target is other.
1828,https://data.cooperationdatabank.org/vocab/prop/FeedbackVariable,https://data.cooperationdatabank.org/vocab/prop/feedbackContent,Feedback content,https://data.cooperationdatabank.org/id/feedbackcontent/choice,Choice,https://data.cooperationdatabank.org/vocab/prop/feedbackContent,Feedback content,https://data.cooperationdatabank.org/id/feedbackcontent/others,Others,https://data.cooperationdatabank.org/id/dependentvariable/contributions,noEffect,test,0.0,negative,lower,1.0,0.5454545454545454,0.2727272727272727,0.18181818181818182,0.5454545454545454,Contribution is significantly lower when feedback content is choice compared to when feedback content is others.
1852,https://data.cooperationdatabank.org/vocab/prop/FeedbackVariable,https://data.cooperationdatabank.org/vocab/prop/feedbackContent,Feedback content,https://data.cooperationdatabank.org/id/feedbackcontent/choice,Choice,https://data.cooperationdatabank.org/vocab/prop/feedbackContent,Feedback content,https://data.cooperationdatabank.org/id/feedbackcontent/others,Others,https://data.cooperationdatabank.org/id/dependentvariable/contributions,negative,test,0.0,negative,lower,0.0,0.5454545454545454,0.2727272727272727,0.18181818181818182,0.5454545454545454,Contribution is significantly lower when feedback content is choice compared to when feedback content is others.
429,https://data.cooperationdatabank.org/vocab/prop/FeedbackVariable,https://data.cooperationdatabank.org/vocab/prop/feedbackTarget,Feedback target,https://data.cooperationdatabank.org/id/feedbacktarget/individual,Group,https://data.cooperationdatabank.org/vocab/prop/feedbackTarget,Feedback target,https://data.cooperationdatabank.org/id/feedbacktarget/group,Individual,https://data.cooperationdatabank.org/id/dependentvariable/contributions,negative,test,2.0,positive,higher,0.0,0.26666666666666666,0.26666666666666666,0.4666666666666667,0.4666666666666667,Contribution is significantly higher when feedback target is group compared to when feedback target is individual.
416,https://data.cooperationdatabank.org/vocab/prop/FeedbackVariable,https://data.cooperationdatabank.org/vocab/prop/feedbackTarget,Feedback target,https://data.cooperationdatabank.org/id/feedbacktarget/individual,Group,https://data.cooperationdatabank.org/vocab/prop/feedbackTarget,Feedback target,https://data.cooperationdatabank.org/id/feedbacktarget/group,Individual,https://data.cooperationdatabank.org/id/dependentvariable/contributions,positive,test,2.0,positive,higher,2.0,0.26666666666666666,0.26666666666666666,0.4666666666666667,0.4666666666666667,Contribution is significantly higher when feedback target is group compared to when feedback target is individual.
418,https://data.cooperationdatabank.org/vocab/prop/FeedbackVariable,https://data.cooperationdatabank.org/vocab/prop/feedbackTarget,Feedback target,https://data.cooperationdatabank.org/id/feedbacktarget/individual,Group,https://data.cooperationdatabank.org/vocab/prop/feedbackTarget,Feedback target,https://data.cooperationdatabank.org/id/feedbacktarget/group,Individual,https://data.cooperationdatabank.org/id/dependentvariable/contributions,negative,test,2.0,positive,higher,0.0,0.26666666666666666,0.26666666666666666,0.4666666666666667,0.4666666666666667,Contribution is significantly higher when feedback target is group compared to when feedback target is individual.
2220,https://data.cooperationdatabank.org/vocab/prop/FeedbackVariable,https://data.cooperationdatabank.org/vocab/prop/feedbackTarget,Feedback target,https://data.cooperationdatabank.org/id/feedbacktarget/individual,Individual,https://data.cooperationdatabank.org/vocab/prop/feedbackTarget,Feedback target,https://data.cooperationdatabank.org/id/feedbacktarget/group,Group,https://data.cooperationdatabank.org/id/dependentvariable/contributions,noEffect,test,2.0,positive,higher,1.0,0.26666666666666666,0.26666666666666666,0.4666666666666667,0.4666666666666667,Contribution is significantly higher when feedback target is individual compared to when feedback target is group.
423,https://data.cooperationdatabank.org/vocab/prop/FeedbackVariable,https://data.cooperationdatabank.org/vocab/prop/feedbackContent,Feedback content,https://data.cooperationdatabank.org/id/feedbackcontent/choice,Choice,https://data.cooperationdatabank.org/vocab/prop/feedbackContent,Feedback content,https://data.cooperationdatabank.org/id/feedbackcontent/earnings,Earnings,https://data.cooperationdatabank.org/id/dependentvariable/contributions,noEffect,test,2.0,positive,higher,1.0,0.3076923076923077,0.23076923076923078,0.46153846153846156,0.46153846153846156,Contribution is significantly higher when feedback content is choice compared to when feedback content is earnings.
427,https://data.cooperationdatabank.org/vocab/prop/FeedbackVariable,https://data.cooperationdatabank.org/vocab/prop/feedbackContent,Feedback content,https://data.cooperationdatabank.org/id/feedbackcontent/choice,Choice,https://data.cooperationdatabank.org/vocab/prop/feedbackContent,Feedback content,https://data.cooperationdatabank.org/id/feedbackcontent/earnings,Earnings,https://data.cooperationdatabank.org/id/dependentvariable/contributions,noEffect,test,2.0,positive,higher,1.0,0.3076923076923077,0.23076923076923078,0.46153846153846156,0.46153846153846156,Contribution is significantly higher when feedback content is choice compared to when feedback content is earnings.
790,https://data.cooperationdatabank.org/vocab/prop/FeedbackVariable,https://data.cooperationdatabank.org/vocab/prop/feedbackTarget,Feedback target,https://data.cooperationdatabank.org/id/feedbacktarget/individual,Individual,https://data.cooperationdatabank.org/vocab/prop/feedbackTarget,Feedback target,https://data.cooperationdatabank.org/id/feedbacktarget/absent,Absent,https://data.cooperationdatabank.org/id/dependentvariable/cooperation,noEffect,test,0.0,negative,lower,1.0,0.4117647058823529,0.23529411764705882,0.35294117647058826,0.4117647058823529,Cooperation is significantly lower when feedback target is individual compared to when feedback target is absent.
2224,https://data.cooperationdatabank.org/vocab/prop/FeedbackVariable,https://data.cooperationdatabank.org/vocab/prop/feedbackTarget,Feedback target,https://data.cooperationdatabank.org/id/feedbacktarget/individual,Absent,https://data.cooperationdatabank.org/vocab/prop/feedbackTarget,Feedback target,https://data.cooperationdatabank.org/id/feedbacktarget/absent,Individual,https://data.cooperationdatabank.org/id/dependentvariable/cooperation,positive,test,0.0,negative,lower,2.0,0.4117647058823529,0.23529411764705882,0.35294117647058826,0.4117647058823529,Cooperation is significantly lower when feedback target is absent compared to when feedback target is individual.
2222,https://data.cooperationdatabank.org/vocab/prop/FeedbackVariable,https://data.cooperationdatabank.org/vocab/prop/feedbackTarget,Feedback target,https://data.cooperationdatabank.org/id/feedbacktarget/individual,Absent,https://data.cooperationdatabank.org/vocab/prop/feedbackTarget,Feedback target,https://data.cooperationdatabank.org/id/feedbacktarget/absent,Individual,https://data.cooperationdatabank.org/id/dependentvariable/cooperation,positive,test,0.0,negative,lower,2.0,0.4117647058823529,0.23529411764705882,0.35294117647058826,0.4117647058823529,Cooperation is significantly lower when feedback target is absent compared to when feedback target is individual.
1868,https://data.cooperationdatabank.org/vocab/prop/FeedbackVariable,https://data.cooperationdatabank.org/vocab/prop/feedbackTarget,Feedback target,https://data.cooperationdatabank.org/id/feedbacktarget/individual,Absent,https://data.cooperationdatabank.org/vocab/prop/feedbackTarget,Feedback target,https://data.cooperationdatabank.org/id/feedbacktarget/absent,Individual,https://data.cooperationdatabank.org/id/dependentvariable/cooperation,positive,test,0.0,negative,lower,2.0,0.4117647058823529,0.23529411764705882,0.35294117647058826,0.4117647058823529,Cooperation is significantly lower when feedback target is absent compared to when feedback target is individual.
2225,https://data.cooperationdatabank.org/vocab/prop/FeedbackVariable,https://data.cooperationdatabank.org/vocab/prop/feedbackTarget,Feedback target,https://data.cooperationdatabank.org/id/feedbacktarget/individual,Absent,https://data.cooperationdatabank.org/vocab/prop/feedbackTarget,Feedback target,https://data.cooperationdatabank.org/id/feedbacktarget/absent,Individual,https://data.cooperationdatabank.org/id/dependentvariable/cooperation,positive,test,0.0,negative,lower,2.0,0.4117647058823529,0.23529411764705882,0.35294117647058826,0.4117647058823529,Cooperation is significantly lower when feedback target is absent compared to when feedback target is individual.
