,giv_prop,iv,iv_label,cat_t1,cat_t1_label,iv.1,iv_label.1,cat_t2,cat_t2_label,dependent,effect,td,pred_num,pred_readable,comparative,pred_true,score_0,score_1,score_2,max_score,hypothesis
3131,https://data.cooperationdatabank.org/vocab/prop/FramingVariable,https://data.cooperationdatabank.org/vocab/prop/giveTakeFrame,Give-Take frame,https://data.cooperationdatabank.org/id/givetakeframe/give-some,Give-some,https://data.cooperationdatabank.org/vocab/prop/giveTakeFrame,Give-Take frame,https://data.cooperationdatabank.org/id/givetakeframe/take-some,Take-some,https://data.cooperationdatabank.org/id/dependentvariable/contributions,noEffect,test,2.0,positive,higher,1.0,0.125,0.1875,0.6875,0.6875,Contribution is significantly higher when give-take frame is give-some compared to when give-take frame is take-some.
3130,https://data.cooperationdatabank.org/vocab/prop/FramingVariable,https://data.cooperationdatabank.org/vocab/prop/giveTakeFrame,Give-Take frame,https://data.cooperationdatabank.org/id/givetakeframe/give-some,Give-some,https://data.cooperationdatabank.org/vocab/prop/giveTakeFrame,Give-Take frame,https://data.cooperationdatabank.org/id/givetakeframe/take-some,Take-some,https://data.cooperationdatabank.org/id/dependentvariable/contributions,noEffect,test,2.0,positive,higher,1.0,0.125,0.1875,0.6875,0.6875,Contribution is significantly higher when give-take frame is give-some compared to when give-take frame is take-some.
2916,https://data.cooperationdatabank.org/vocab/prop/FramingVariable,https://data.cooperationdatabank.org/vocab/prop/contextFrame,Context frame,https://data.cooperationdatabank.org/id/contextframe/cooperative,Generic,https://data.cooperationdatabank.org/vocab/prop/contextFrame,Context frame,https://data.cooperationdatabank.org/id/contextframe/generic,Cooperative,https://data.cooperationdatabank.org/id/dependentvariable/contributions,positive,test,2.0,positive,higher,2.0,0.1,0.25,0.65,0.65,Contribution is significantly higher when context frame is generic compared to when context frame is cooperative.
2684,https://data.cooperationdatabank.org/vocab/prop/FramingVariable,https://data.cooperationdatabank.org/vocab/prop/contextFrame,Context frame,https://data.cooperationdatabank.org/id/contextframe/cooperative,Generic,https://data.cooperationdatabank.org/vocab/prop/contextFrame,Context frame,https://data.cooperationdatabank.org/id/contextframe/generic,Cooperative,https://data.cooperationdatabank.org/id/dependentvariable/contributions,positive,test,2.0,positive,higher,2.0,0.1,0.25,0.65,0.65,Contribution is significantly higher when context frame is generic compared to when context frame is cooperative.
1148,https://data.cooperationdatabank.org/vocab/prop/FramingVariable,https://data.cooperationdatabank.org/vocab/prop/contextFrame,Context frame,https://data.cooperationdatabank.org/id/contextframe/cooperative,Competitive,https://data.cooperationdatabank.org/vocab/prop/contextFrame,Context frame,https://data.cooperationdatabank.org/id/contextframe/competitive,Cooperative,https://data.cooperationdatabank.org/id/dependentvariable/cooperation,positive,test,2.0,positive,higher,2.0,0.12903225806451613,0.22580645161290322,0.6451612903225806,0.6451612903225806,Cooperation is significantly higher when context frame is competitive compared to when context frame is cooperative.
180,https://data.cooperationdatabank.org/vocab/prop/FramingVariable,https://data.cooperationdatabank.org/vocab/prop/contextFrame,Context frame,https://data.cooperationdatabank.org/id/contextframe/cooperative,Cooperative,https://data.cooperationdatabank.org/vocab/prop/contextFrame,Context frame,https://data.cooperationdatabank.org/id/contextframe/competitive,Competitive,https://data.cooperationdatabank.org/id/dependentvariable/cooperation,positive,test,2.0,positive,higher,2.0,0.12903225806451613,0.22580645161290322,0.6451612903225806,0.6451612903225806,Cooperation is significantly higher when context frame is cooperative compared to when context frame is competitive.
959,https://data.cooperationdatabank.org/vocab/prop/FramingVariable,https://data.cooperationdatabank.org/vocab/prop/contextFrame,Context frame,https://data.cooperationdatabank.org/id/contextframe/cooperative,Cooperative,https://data.cooperationdatabank.org/vocab/prop/contextFrame,Context frame,https://data.cooperationdatabank.org/id/contextframe/competitive,Competitive,https://data.cooperationdatabank.org/id/dependentvariable/cooperation,noEffect,test,2.0,positive,higher,1.0,0.12903225806451613,0.22580645161290322,0.6451612903225806,0.6451612903225806,Cooperation is significantly higher when context frame is cooperative compared to when context frame is competitive.
