,giv_prop,iv,iv_label,cat_t1,cat_t1_label,iv.1,iv_label.1,cat_t2,cat_t2_label,dependent,effect,td,pred_num,pred_readable,comparative,pred_true,score_0,score_1,score_2,max_score,hypothesis
151,https://data.cooperationdatabank.org/vocab/prop/GenderVariable,https://data.cooperationdatabank.org/vocab/prop/gender,Gender,https://data.cooperationdatabank.org/id/gender/female,Male,https://data.cooperationdatabank.org/vocab/prop/gender,Gender,https://data.cooperationdatabank.org/id/gender/male,Female,https://data.cooperationdatabank.org/id/dependentvariable/cooperation,positive,test,0.0,negative,lower,2.0,0.4132231404958678,0.2396694214876033,0.34710743801652894,0.4132231404958678,Cooperation is significantly lower when gender is male compared to when gender is female.
331,https://data.cooperationdatabank.org/vocab/prop/GenderVariable,https://data.cooperationdatabank.org/vocab/prop/gender,Gender,https://data.cooperationdatabank.org/id/gender/female,Female,https://data.cooperationdatabank.org/vocab/prop/gender,Gender,https://data.cooperationdatabank.org/id/gender/male,Male,https://data.cooperationdatabank.org/id/dependentvariable/cooperation,noEffect,test,0.0,negative,lower,1.0,0.4132231404958678,0.2396694214876033,0.34710743801652894,0.4132231404958678,Cooperation is significantly lower when gender is female compared to when gender is male.
575,https://data.cooperationdatabank.org/vocab/prop/GenderVariable,https://data.cooperationdatabank.org/vocab/prop/gender,Gender,https://data.cooperationdatabank.org/id/gender/female,Male,https://data.cooperationdatabank.org/vocab/prop/gender,Gender,https://data.cooperationdatabank.org/id/gender/male,Female,https://data.cooperationdatabank.org/id/dependentvariable/cooperation,negative,test,0.0,negative,lower,0.0,0.4132231404958678,0.2396694214876033,0.34710743801652894,0.4132231404958678,Cooperation is significantly lower when gender is male compared to when gender is female.
756,https://data.cooperationdatabank.org/vocab/prop/GenderVariable,https://data.cooperationdatabank.org/vocab/prop/gender,Gender,https://data.cooperationdatabank.org/id/gender/female,Male,https://data.cooperationdatabank.org/vocab/prop/gender,Gender,https://data.cooperationdatabank.org/id/gender/male,Female,https://data.cooperationdatabank.org/id/dependentvariable/cooperation,positive,test,0.0,negative,lower,2.0,0.4132231404958678,0.2396694214876033,0.34710743801652894,0.4132231404958678,Cooperation is significantly lower when gender is male compared to when gender is female.
663,https://data.cooperationdatabank.org/vocab/prop/GenderVariable,https://data.cooperationdatabank.org/vocab/prop/gender,Gender,https://data.cooperationdatabank.org/id/gender/female,Male,https://data.cooperationdatabank.org/vocab/prop/gender,Gender,https://data.cooperationdatabank.org/id/gender/male,Female,https://data.cooperationdatabank.org/id/dependentvariable/cooperation,positive,test,0.0,negative,lower,2.0,0.4132231404958678,0.2396694214876033,0.34710743801652894,0.4132231404958678,Cooperation is significantly lower when gender is male compared to when gender is female.
800,https://data.cooperationdatabank.org/vocab/prop/GenderVariable,https://data.cooperationdatabank.org/vocab/prop/gender,Gender,https://data.cooperationdatabank.org/id/gender/female,Female,https://data.cooperationdatabank.org/vocab/prop/gender,Gender,https://data.cooperationdatabank.org/id/gender/male,Male,https://data.cooperationdatabank.org/id/dependentvariable/cooperation,noEffect,test,0.0,negative,lower,1.0,0.4132231404958678,0.2396694214876033,0.34710743801652894,0.4132231404958678,Cooperation is significantly lower when gender is female compared to when gender is male.
1374,https://data.cooperationdatabank.org/vocab/prop/GenderVariable,https://data.cooperationdatabank.org/vocab/prop/gender,Gender,https://data.cooperationdatabank.org/id/gender/female,Male,https://data.cooperationdatabank.org/vocab/prop/gender,Gender,https://data.cooperationdatabank.org/id/gender/male,Female,https://data.cooperationdatabank.org/id/dependentvariable/cooperation,negative,test,0.0,negative,lower,0.0,0.4132231404958678,0.2396694214876033,0.34710743801652894,0.4132231404958678,Cooperation is significantly lower when gender is male compared to when gender is female.
2665,https://data.cooperationdatabank.org/vocab/prop/GenderVariable,https://data.cooperationdatabank.org/vocab/prop/gender,Gender,https://data.cooperationdatabank.org/id/gender/female,Male,https://data.cooperationdatabank.org/vocab/prop/gender,Gender,https://data.cooperationdatabank.org/id/gender/male,Female,https://data.cooperationdatabank.org/id/dependentvariable/cooperation,negative,test,0.0,negative,lower,0.0,0.4132231404958678,0.2396694214876033,0.34710743801652894,0.4132231404958678,Cooperation is significantly lower when gender is male compared to when gender is female.
1859,https://data.cooperationdatabank.org/vocab/prop/GenderVariable,https://data.cooperationdatabank.org/vocab/prop/gender,Gender,https://data.cooperationdatabank.org/id/gender/female,Male,https://data.cooperationdatabank.org/vocab/prop/gender,Gender,https://data.cooperationdatabank.org/id/gender/male,Female,https://data.cooperationdatabank.org/id/dependentvariable/cooperation,negative,test,0.0,negative,lower,0.0,0.4132231404958678,0.2396694214876033,0.34710743801652894,0.4132231404958678,Cooperation is significantly lower when gender is male compared to when gender is female.
1983,https://data.cooperationdatabank.org/vocab/prop/GenderVariable,https://data.cooperationdatabank.org/vocab/prop/gender,Gender,https://data.cooperationdatabank.org/id/gender/female,Male,https://data.cooperationdatabank.org/vocab/prop/gender,Gender,https://data.cooperationdatabank.org/id/gender/male,Female,https://data.cooperationdatabank.org/id/dependentvariable/cooperation,negative,test,0.0,negative,lower,0.0,0.4132231404958678,0.2396694214876033,0.34710743801652894,0.4132231404958678,Cooperation is significantly lower when gender is male compared to when gender is female.
2125,https://data.cooperationdatabank.org/vocab/prop/GenderVariable,https://data.cooperationdatabank.org/vocab/prop/gender,Gender,https://data.cooperationdatabank.org/id/gender/female,Male,https://data.cooperationdatabank.org/vocab/prop/gender,Gender,https://data.cooperationdatabank.org/id/gender/male,Female,https://data.cooperationdatabank.org/id/dependentvariable/cooperation,positive,test,0.0,negative,lower,2.0,0.4132231404958678,0.2396694214876033,0.34710743801652894,0.4132231404958678,Cooperation is significantly lower when gender is male compared to when gender is female.
2134,https://data.cooperationdatabank.org/vocab/prop/GenderVariable,https://data.cooperationdatabank.org/vocab/prop/gender,Gender,https://data.cooperationdatabank.org/id/gender/female,Male,https://data.cooperationdatabank.org/vocab/prop/gender,Gender,https://data.cooperationdatabank.org/id/gender/male,Female,https://data.cooperationdatabank.org/id/dependentvariable/cooperation,positive,test,0.0,negative,lower,2.0,0.4132231404958678,0.2396694214876033,0.34710743801652894,0.4132231404958678,Cooperation is significantly lower when gender is male compared to when gender is female.
2245,https://data.cooperationdatabank.org/vocab/prop/GenderVariable,https://data.cooperationdatabank.org/vocab/prop/gender,Gender,https://data.cooperationdatabank.org/id/gender/female,Male,https://data.cooperationdatabank.org/vocab/prop/gender,Gender,https://data.cooperationdatabank.org/id/gender/male,Female,https://data.cooperationdatabank.org/id/dependentvariable/cooperation,positive,test,0.0,negative,lower,2.0,0.4132231404958678,0.2396694214876033,0.34710743801652894,0.4132231404958678,Cooperation is significantly lower when gender is male compared to when gender is female.
2439,https://data.cooperationdatabank.org/vocab/prop/GenderVariable,https://data.cooperationdatabank.org/vocab/prop/gender,Gender,https://data.cooperationdatabank.org/id/gender/female,Male,https://data.cooperationdatabank.org/vocab/prop/gender,Gender,https://data.cooperationdatabank.org/id/gender/male,Female,https://data.cooperationdatabank.org/id/dependentvariable/cooperation,positive,test,0.0,negative,lower,2.0,0.4132231404958678,0.2396694214876033,0.34710743801652894,0.4132231404958678,Cooperation is significantly lower when gender is male compared to when gender is female.
2617,https://data.cooperationdatabank.org/vocab/prop/GenderVariable,https://data.cooperationdatabank.org/vocab/prop/gender,Gender,https://data.cooperationdatabank.org/id/gender/female,Male,https://data.cooperationdatabank.org/vocab/prop/gender,Gender,https://data.cooperationdatabank.org/id/gender/male,Female,https://data.cooperationdatabank.org/id/dependentvariable/cooperation,negative,test,0.0,negative,lower,0.0,0.4132231404958678,0.2396694214876033,0.34710743801652894,0.4132231404958678,Cooperation is significantly lower when gender is male compared to when gender is female.
3554,https://data.cooperationdatabank.org/vocab/prop/GenderVariable,https://data.cooperationdatabank.org/vocab/prop/gender,Gender,https://data.cooperationdatabank.org/id/gender/female,Male,https://data.cooperationdatabank.org/vocab/prop/gender,Gender,https://data.cooperationdatabank.org/id/gender/male,Female,https://data.cooperationdatabank.org/id/dependentvariable/cooperation,negative,test,0.0,negative,lower,0.0,0.4132231404958678,0.2396694214876033,0.34710743801652894,0.4132231404958678,Cooperation is significantly lower when gender is male compared to when gender is female.
2713,https://data.cooperationdatabank.org/vocab/prop/GenderVariable,https://data.cooperationdatabank.org/vocab/prop/gender,Gender,https://data.cooperationdatabank.org/id/gender/female,Male,https://data.cooperationdatabank.org/vocab/prop/gender,Gender,https://data.cooperationdatabank.org/id/gender/male,Female,https://data.cooperationdatabank.org/id/dependentvariable/cooperation,negative,test,0.0,negative,lower,0.0,0.4132231404958678,0.2396694214876033,0.34710743801652894,0.4132231404958678,Cooperation is significantly lower when gender is male compared to when gender is female.
2723,https://data.cooperationdatabank.org/vocab/prop/GenderVariable,https://data.cooperationdatabank.org/vocab/prop/gender,Gender,https://data.cooperationdatabank.org/id/gender/female,Male,https://data.cooperationdatabank.org/vocab/prop/gender,Gender,https://data.cooperationdatabank.org/id/gender/male,Female,https://data.cooperationdatabank.org/id/dependentvariable/cooperation,positive,test,0.0,negative,lower,2.0,0.4132231404958678,0.2396694214876033,0.34710743801652894,0.4132231404958678,Cooperation is significantly lower when gender is male compared to when gender is female.
3559,https://data.cooperationdatabank.org/vocab/prop/GenderVariable,https://data.cooperationdatabank.org/vocab/prop/gender,Gender,https://data.cooperationdatabank.org/id/gender/female,Male,https://data.cooperationdatabank.org/vocab/prop/gender,Gender,https://data.cooperationdatabank.org/id/gender/male,Female,https://data.cooperationdatabank.org/id/dependentvariable/cooperation,negative,test,0.0,negative,lower,0.0,0.4132231404958678,0.2396694214876033,0.34710743801652894,0.4132231404958678,Cooperation is significantly lower when gender is male compared to when gender is female.
253,https://data.cooperationdatabank.org/vocab/prop/GenderVariable,https://data.cooperationdatabank.org/vocab/prop/gender,Gender,https://data.cooperationdatabank.org/id/gender/female,Female,https://data.cooperationdatabank.org/vocab/prop/gender,Gender,https://data.cooperationdatabank.org/id/gender/male,Male,https://data.cooperationdatabank.org/id/dependentvariable/contributions,positive,test,0.0,negative,lower,2.0,0.39655172413793105,0.29310344827586204,0.3103448275862069,0.39655172413793105,Contribution is significantly lower when gender is female compared to when gender is male.
2637,https://data.cooperationdatabank.org/vocab/prop/GenderVariable,https://data.cooperationdatabank.org/vocab/prop/gender,Gender,https://data.cooperationdatabank.org/id/gender/female,Male,https://data.cooperationdatabank.org/vocab/prop/gender,Gender,https://data.cooperationdatabank.org/id/gender/male,Female,https://data.cooperationdatabank.org/id/dependentvariable/contributions,positive,test,0.0,negative,lower,2.0,0.39655172413793105,0.29310344827586204,0.3103448275862069,0.39655172413793105,Contribution is significantly lower when gender is male compared to when gender is female.
3205,https://data.cooperationdatabank.org/vocab/prop/GenderVariable,https://data.cooperationdatabank.org/vocab/prop/gender,Gender,https://data.cooperationdatabank.org/id/gender/female,Male,https://data.cooperationdatabank.org/vocab/prop/gender,Gender,https://data.cooperationdatabank.org/id/gender/male,Female,https://data.cooperationdatabank.org/id/dependentvariable/contributions,positive,test,0.0,negative,lower,2.0,0.39655172413793105,0.29310344827586204,0.3103448275862069,0.39655172413793105,Contribution is significantly lower when gender is male compared to when gender is female.
2833,https://data.cooperationdatabank.org/vocab/prop/GenderVariable,https://data.cooperationdatabank.org/vocab/prop/gender,Gender,https://data.cooperationdatabank.org/id/gender/female,Male,https://data.cooperationdatabank.org/vocab/prop/gender,Gender,https://data.cooperationdatabank.org/id/gender/male,Female,https://data.cooperationdatabank.org/id/dependentvariable/contributions,positive,test,0.0,negative,lower,2.0,0.39655172413793105,0.29310344827586204,0.3103448275862069,0.39655172413793105,Contribution is significantly lower when gender is male compared to when gender is female.
