,giv_prop,iv,iv_label,cat_t1,cat_t1_label,iv.1,iv_label.1,cat_t2,cat_t2_label,dependent,effect,td,pred_num,pred_readable,comparative,pred_true,score_0,score_1,score_2,max_score,hypothesis
1751,https://data.cooperationdatabank.org/vocab/prop/Group_SizeVariable,https://data.cooperationdatabank.org/vocab/prop/decisionMaker,Decision maker,https://data.cooperationdatabank.org/id/decisionmaker/group,individual,https://data.cooperationdatabank.org/vocab/prop/decisionMaker,Decision maker,https://data.cooperationdatabank.org/id/decisionmaker/individual,group,https://data.cooperationdatabank.org/id/dependentvariable/cooperation,negative,test,0.0,negative,lower,0.0,0.8709677419354839,0.06451612903225806,0.06451612903225806,0.8709677419354839,Cooperation is significantly lower when decision maker is individual compared to when decision maker is group.
2793,https://data.cooperationdatabank.org/vocab/prop/Group_SizeVariable,https://data.cooperationdatabank.org/vocab/prop/decisionMaker,Decision maker,https://data.cooperationdatabank.org/id/decisionmaker/group,individual,https://data.cooperationdatabank.org/vocab/prop/decisionMaker,Decision maker,https://data.cooperationdatabank.org/id/decisionmaker/individual,group,https://data.cooperationdatabank.org/id/dependentvariable/cooperation,negative,test,0.0,negative,lower,0.0,0.8709677419354839,0.06451612903225806,0.06451612903225806,0.8709677419354839,Cooperation is significantly lower when decision maker is individual compared to when decision maker is group.
2803,https://data.cooperationdatabank.org/vocab/prop/Group_SizeVariable,https://data.cooperationdatabank.org/vocab/prop/decisionMaker,Decision maker,https://data.cooperationdatabank.org/id/decisionmaker/group,individual,https://data.cooperationdatabank.org/vocab/prop/decisionMaker,Decision maker,https://data.cooperationdatabank.org/id/decisionmaker/individual,group,https://data.cooperationdatabank.org/id/dependentvariable/cooperation,negative,test,0.0,negative,lower,0.0,0.8709677419354839,0.06451612903225806,0.06451612903225806,0.8709677419354839,Cooperation is significantly lower when decision maker is individual compared to when decision maker is group.
686,https://data.cooperationdatabank.org/vocab/prop/Group_SizeVariable,https://data.cooperationdatabank.org/vocab/prop/groupSizeLevel,Group size level,https://data.cooperationdatabank.org/id/groupsizelevel/low,Low,https://data.cooperationdatabank.org/vocab/prop/groupSizeLevel,Group size level,https://data.cooperationdatabank.org/id/groupsizelevel/high,High,https://data.cooperationdatabank.org/id/dependentvariable/contributions,positive,test,0.0,negative,lower,2.0,0.3939393939393939,0.36363636363636365,0.24242424242424243,0.3939393939393939,Contribution is significantly lower when group size level is low compared to when group size level is high.
2027,https://data.cooperationdatabank.org/vocab/prop/Group_SizeVariable,https://data.cooperationdatabank.org/vocab/prop/groupSizeLevel,Group size level,https://data.cooperationdatabank.org/id/groupsizelevel/low,Low,https://data.cooperationdatabank.org/vocab/prop/groupSizeLevel,Group size level,https://data.cooperationdatabank.org/id/groupsizelevel/high,High,https://data.cooperationdatabank.org/id/dependentvariable/contributions,noEffect,test,0.0,negative,lower,1.0,0.3939393939393939,0.36363636363636365,0.24242424242424243,0.3939393939393939,Contribution is significantly lower when group size level is low compared to when group size level is high.
1621,https://data.cooperationdatabank.org/vocab/prop/Group_SizeVariable,https://data.cooperationdatabank.org/vocab/prop/groupSizeLevel,Group size level,https://data.cooperationdatabank.org/id/groupsizelevel/low,High,https://data.cooperationdatabank.org/vocab/prop/groupSizeLevel,Group size level,https://data.cooperationdatabank.org/id/groupsizelevel/high,Low,https://data.cooperationdatabank.org/id/dependentvariable/contributions,positive,test,0.0,negative,lower,2.0,0.3939393939393939,0.36363636363636365,0.24242424242424243,0.3939393939393939,Contribution is significantly lower when group size level is high compared to when group size level is low.
3663,https://data.cooperationdatabank.org/vocab/prop/Group_SizeVariable,https://data.cooperationdatabank.org/vocab/prop/groupSizeLevel,Group size level,https://data.cooperationdatabank.org/id/groupsizelevel/low,Low,https://data.cooperationdatabank.org/vocab/prop/groupSizeLevel,Group size level,https://data.cooperationdatabank.org/id/groupsizelevel/high,High,https://data.cooperationdatabank.org/id/dependentvariable/contributions,positive,test,0.0,negative,lower,2.0,0.3939393939393939,0.36363636363636365,0.24242424242424243,0.3939393939393939,Contribution is significantly lower when group size level is low compared to when group size level is high.
3664,https://data.cooperationdatabank.org/vocab/prop/Group_SizeVariable,https://data.cooperationdatabank.org/vocab/prop/groupSizeLevel,Group size level,https://data.cooperationdatabank.org/id/groupsizelevel/low,Low,https://data.cooperationdatabank.org/vocab/prop/groupSizeLevel,Group size level,https://data.cooperationdatabank.org/id/groupsizelevel/high,High,https://data.cooperationdatabank.org/id/dependentvariable/contributions,noEffect,test,0.0,negative,lower,1.0,0.3939393939393939,0.36363636363636365,0.24242424242424243,0.3939393939393939,Contribution is significantly lower when group size level is low compared to when group size level is high.
