,giv_prop,iv,iv_label,cat_t1,cat_t1_label,iv.1,iv_label.1,cat_t2,cat_t2_label,dependent,effect,td,pred_num,pred_readable,comparative,pred_true,score_0,score_1,score_2,max_score,hypothesis
261,https://data.cooperationdatabank.org/vocab/prop/IdentificationVariable,https://data.cooperationdatabank.org/vocab/prop/targetMembership,Partner's group membership,https://data.cooperationdatabank.org/id/targetmembership/stranger,Stranger,https://data.cooperationdatabank.org/vocab/prop/targetMembership,Partner's group membership,https://data.cooperationdatabank.org/id/targetmembership/ingroup,Ingroup,https://data.cooperationdatabank.org/id/dependentvariable/cooperation,negative,test,0.0,negative,lower,0.0,0.6486486486486487,0.21621621621621623,0.13513513513513514,0.6486486486486487,Cooperation is significantly lower when partner's group membership is stranger compared to when partner's group membership is ingroup.
3186,https://data.cooperationdatabank.org/vocab/prop/IdentificationVariable,https://data.cooperationdatabank.org/vocab/prop/targetMembership,Partner's group membership,https://data.cooperationdatabank.org/id/targetmembership/stranger,Stranger,https://data.cooperationdatabank.org/vocab/prop/targetMembership,Partner's group membership,https://data.cooperationdatabank.org/id/targetmembership/ingroup,Ingroup,https://data.cooperationdatabank.org/id/dependentvariable/cooperation,noEffect,test,0.0,negative,lower,1.0,0.6486486486486487,0.21621621621621623,0.13513513513513514,0.6486486486486487,Cooperation is significantly lower when partner's group membership is stranger compared to when partner's group membership is ingroup.
3483,https://data.cooperationdatabank.org/vocab/prop/IdentificationVariable,https://data.cooperationdatabank.org/vocab/prop/targetMembership,Partner's group membership,https://data.cooperationdatabank.org/id/targetmembership/stranger,Ingroup,https://data.cooperationdatabank.org/vocab/prop/targetMembership,Partner's group membership,https://data.cooperationdatabank.org/id/targetmembership/ingroup,Stranger,https://data.cooperationdatabank.org/id/dependentvariable/cooperation,negative,test,0.0,negative,lower,0.0,0.6486486486486487,0.21621621621621623,0.13513513513513514,0.6486486486486487,Cooperation is significantly lower when partner's group membership is ingroup compared to when partner's group membership is stranger.
3493,https://data.cooperationdatabank.org/vocab/prop/IdentificationVariable,https://data.cooperationdatabank.org/vocab/prop/targetMembership,Partner's group membership,https://data.cooperationdatabank.org/id/targetmembership/stranger,Stranger,https://data.cooperationdatabank.org/vocab/prop/targetMembership,Partner's group membership,https://data.cooperationdatabank.org/id/targetmembership/ingroup,Ingroup,https://data.cooperationdatabank.org/id/dependentvariable/cooperation,noEffect,test,0.0,negative,lower,1.0,0.6486486486486487,0.21621621621621623,0.13513513513513514,0.6486486486486487,Cooperation is significantly lower when partner's group membership is stranger compared to when partner's group membership is ingroup.
3444,https://data.cooperationdatabank.org/vocab/prop/IdentificationVariable,https://data.cooperationdatabank.org/vocab/prop/targetMembership,Partner's group membership,https://data.cooperationdatabank.org/id/targetmembership/stranger,Stranger,https://data.cooperationdatabank.org/vocab/prop/targetMembership,Partner's group membership,https://data.cooperationdatabank.org/id/targetmembership/ingroup,Ingroup,https://data.cooperationdatabank.org/id/dependentvariable/cooperation,noEffect,test,0.0,negative,lower,1.0,0.6486486486486487,0.21621621621621623,0.13513513513513514,0.6486486486486487,Cooperation is significantly lower when partner's group membership is stranger compared to when partner's group membership is ingroup.
3456,https://data.cooperationdatabank.org/vocab/prop/IdentificationVariable,https://data.cooperationdatabank.org/vocab/prop/targetMembership,Partner's group membership,https://data.cooperationdatabank.org/id/targetmembership/stranger,Stranger,https://data.cooperationdatabank.org/vocab/prop/targetMembership,Partner's group membership,https://data.cooperationdatabank.org/id/targetmembership/ingroup,Ingroup,https://data.cooperationdatabank.org/id/dependentvariable/cooperation,noEffect,test,0.0,negative,lower,1.0,0.6486486486486487,0.21621621621621623,0.13513513513513514,0.6486486486486487,Cooperation is significantly lower when partner's group membership is stranger compared to when partner's group membership is ingroup.
3339,https://data.cooperationdatabank.org/vocab/prop/IdentificationVariable,https://data.cooperationdatabank.org/vocab/prop/targetMembership,Partner's group membership,https://data.cooperationdatabank.org/id/targetmembership/stranger,Ingroup,https://data.cooperationdatabank.org/vocab/prop/targetMembership,Partner's group membership,https://data.cooperationdatabank.org/id/targetmembership/ingroup,Stranger,https://data.cooperationdatabank.org/id/dependentvariable/cooperation,negative,test,0.0,negative,lower,0.0,0.6486486486486487,0.21621621621621623,0.13513513513513514,0.6486486486486487,Cooperation is significantly lower when partner's group membership is ingroup compared to when partner's group membership is stranger.
1560,https://data.cooperationdatabank.org/vocab/prop/IdentificationVariable,https://data.cooperationdatabank.org/vocab/prop/targetMembership,Partner's group membership,https://data.cooperationdatabank.org/id/targetmembership/stranger,Stranger,https://data.cooperationdatabank.org/vocab/prop/targetMembership,Partner's group membership,https://data.cooperationdatabank.org/id/targetmembership/ingroup,Ingroup,https://data.cooperationdatabank.org/id/dependentvariable/contributions,noEffect,test,0.0,negative,lower,1.0,0.5555555555555556,0.3333333333333333,0.1111111111111111,0.5555555555555556,Contribution is significantly lower when partner's group membership is stranger compared to when partner's group membership is ingroup.
1119,https://data.cooperationdatabank.org/vocab/prop/IdentificationVariable,https://data.cooperationdatabank.org/vocab/prop/targetMembership,Partner's group membership,https://data.cooperationdatabank.org/id/targetmembership/stranger,Stranger,https://data.cooperationdatabank.org/vocab/prop/targetMembership,Partner's group membership,https://data.cooperationdatabank.org/id/targetmembership/ingroup,Ingroup,https://data.cooperationdatabank.org/id/dependentvariable/contributions,negative,test,0.0,negative,lower,0.0,0.5555555555555556,0.3333333333333333,0.1111111111111111,0.5555555555555556,Contribution is significantly lower when partner's group membership is stranger compared to when partner's group membership is ingroup.
3151,https://data.cooperationdatabank.org/vocab/prop/IdentificationVariable,https://data.cooperationdatabank.org/vocab/prop/targetMembership,Partner's group membership,https://data.cooperationdatabank.org/id/targetmembership/stranger,Ingroup,https://data.cooperationdatabank.org/vocab/prop/targetMembership,Partner's group membership,https://data.cooperationdatabank.org/id/targetmembership/ingroup,Stranger,https://data.cooperationdatabank.org/id/dependentvariable/contributions,negative,test,0.0,negative,lower,0.0,0.5555555555555556,0.3333333333333333,0.1111111111111111,0.5555555555555556,Contribution is significantly lower when partner's group membership is ingroup compared to when partner's group membership is stranger.
2219,https://data.cooperationdatabank.org/vocab/prop/IdentificationVariable,https://data.cooperationdatabank.org/vocab/prop/targetMembership,Partner's group membership,https://data.cooperationdatabank.org/id/targetmembership/stranger,Ingroup,https://data.cooperationdatabank.org/vocab/prop/targetMembership,Partner's group membership,https://data.cooperationdatabank.org/id/targetmembership/ingroup,Stranger,https://data.cooperationdatabank.org/id/dependentvariable/contributions,negative,test,0.0,negative,lower,0.0,0.5555555555555556,0.3333333333333333,0.1111111111111111,0.5555555555555556,Contribution is significantly lower when partner's group membership is ingroup compared to when partner's group membership is stranger.
2727,https://data.cooperationdatabank.org/vocab/prop/IdentificationVariable,https://data.cooperationdatabank.org/vocab/prop/targetMembership,Partner's group membership,https://data.cooperationdatabank.org/id/targetmembership/stranger,Ingroup,https://data.cooperationdatabank.org/vocab/prop/targetMembership,Partner's group membership,https://data.cooperationdatabank.org/id/targetmembership/ingroup,Stranger,https://data.cooperationdatabank.org/id/dependentvariable/contributions,negative,test,0.0,negative,lower,0.0,0.5555555555555556,0.3333333333333333,0.1111111111111111,0.5555555555555556,Contribution is significantly lower when partner's group membership is ingroup compared to when partner's group membership is stranger.
3195,https://data.cooperationdatabank.org/vocab/prop/IdentificationVariable,https://data.cooperationdatabank.org/vocab/prop/targetMembership,Partner's group membership,https://data.cooperationdatabank.org/id/targetmembership/stranger,Stranger,https://data.cooperationdatabank.org/vocab/prop/targetMembership,Partner's group membership,https://data.cooperationdatabank.org/id/targetmembership/ingroup,Ingroup,https://data.cooperationdatabank.org/id/dependentvariable/contributions,negative,test,0.0,negative,lower,0.0,0.5555555555555556,0.3333333333333333,0.1111111111111111,0.5555555555555556,Contribution is significantly lower when partner's group membership is stranger compared to when partner's group membership is ingroup.
3405,https://data.cooperationdatabank.org/vocab/prop/IdentificationVariable,https://data.cooperationdatabank.org/vocab/prop/targetMembership,Partner's group membership,https://data.cooperationdatabank.org/id/targetmembership/stranger,Stranger,https://data.cooperationdatabank.org/vocab/prop/targetMembership,Partner's group membership,https://data.cooperationdatabank.org/id/targetmembership/ingroup,Ingroup,https://data.cooperationdatabank.org/id/dependentvariable/contributions,negative,test,0.0,negative,lower,0.0,0.5555555555555556,0.3333333333333333,0.1111111111111111,0.5555555555555556,Contribution is significantly lower when partner's group membership is stranger compared to when partner's group membership is ingroup.
3202,https://data.cooperationdatabank.org/vocab/prop/IdentificationVariable,https://data.cooperationdatabank.org/vocab/prop/targetMembership,Partner's group membership,https://data.cooperationdatabank.org/id/targetmembership/stranger,Stranger,https://data.cooperationdatabank.org/vocab/prop/targetMembership,Partner's group membership,https://data.cooperationdatabank.org/id/targetmembership/ingroup,Ingroup,https://data.cooperationdatabank.org/id/dependentvariable/contributions,negative,test,0.0,negative,lower,0.0,0.5555555555555556,0.3333333333333333,0.1111111111111111,0.5555555555555556,Contribution is significantly lower when partner's group membership is stranger compared to when partner's group membership is ingroup.
1546,https://data.cooperationdatabank.org/vocab/prop/IdentificationVariable,https://data.cooperationdatabank.org/vocab/prop/knowledgeOfMembership,Knowledge of group membership,https://data.cooperationdatabank.org/id/knowledgeofmembership/common,Common,https://data.cooperationdatabank.org/vocab/prop/knowledgeOfMembership,Knowledge of group membership,https://data.cooperationdatabank.org/id/knowledgeofmembership/unilateral,Unilateral,https://data.cooperationdatabank.org/id/dependentvariable/contributions,noEffect,test,0.0,negative,lower,1.0,0.4,0.4,0.2,0.4,Contribution is significantly lower when knowledge of group membership is common compared to when knowledge of group membership is unilateral.
