,giv_prop,iv,iv_label,cat_t1,cat_t1_label,iv.1,iv_label.1,cat_t2,cat_t2_label,dependent,effect,td,pred_num,pred_readable,comparative,pred_true,score_0,score_1,score_2,max_score,hypothesis
872,https://data.cooperationdatabank.org/vocab/prop/Institutional_ChoiceVariable,https://data.cooperationdatabank.org/vocab/prop/institutionalChoice,Institutional choice,https://data.cooperationdatabank.org/id/institutionalchoice/endogenous,Exogenous,https://data.cooperationdatabank.org/vocab/prop/institutionalChoice,Institutional choice,https://data.cooperationdatabank.org/id/institutionalchoice/exogenous,Endogenous,https://data.cooperationdatabank.org/id/dependentvariable/cooperation,positive,test,2.0,positive,higher,2.0,0.14285714285714285,0.14285714285714285,0.7142857142857143,0.7142857142857143,Cooperation is significantly higher when institutional choice is exogenous compared to when institutional choice is endogenous.
1366,https://data.cooperationdatabank.org/vocab/prop/Institutional_ChoiceVariable,https://data.cooperationdatabank.org/vocab/prop/institutionalChoice,Institutional choice,https://data.cooperationdatabank.org/id/institutionalchoice/endogenous,Exogenous,https://data.cooperationdatabank.org/vocab/prop/institutionalChoice,Institutional choice,https://data.cooperationdatabank.org/id/institutionalchoice/exogenous,Endogenous,https://data.cooperationdatabank.org/id/dependentvariable/contributions,positive,test,2.0,positive,higher,2.0,0.2857142857142857,0.0,0.7142857142857143,0.7142857142857143,Contribution is significantly higher when institutional choice is exogenous compared to when institutional choice is endogenous.
1594,https://data.cooperationdatabank.org/vocab/prop/Institutional_ChoiceVariable,https://data.cooperationdatabank.org/vocab/prop/institutionalChoice,Institutional choice,https://data.cooperationdatabank.org/id/institutionalchoice/endogenous,Exogenous,https://data.cooperationdatabank.org/vocab/prop/institutionalChoice,Institutional choice,https://data.cooperationdatabank.org/id/institutionalchoice/exogenous,Endogenous,https://data.cooperationdatabank.org/id/dependentvariable/contributions,positive,test,2.0,positive,higher,2.0,0.2857142857142857,0.0,0.7142857142857143,0.7142857142857143,Contribution is significantly higher when institutional choice is exogenous compared to when institutional choice is endogenous.
2015,https://data.cooperationdatabank.org/vocab/prop/Institutional_ChoiceVariable,https://data.cooperationdatabank.org/vocab/prop/institutionalChoice,Institutional choice,https://data.cooperationdatabank.org/id/institutionalchoice/endogenous,Endogenous,https://data.cooperationdatabank.org/vocab/prop/institutionalChoice,Institutional choice,https://data.cooperationdatabank.org/id/institutionalchoice/exogenous,Exogenous,https://data.cooperationdatabank.org/id/dependentvariable/cooperation,positive,test,2.0,positive,higher,2.0,0.14285714285714285,0.14285714285714285,0.7142857142857143,0.7142857142857143,Cooperation is significantly higher when institutional choice is endogenous compared to when institutional choice is exogenous.
