,giv_prop,iv,iv_label,cat_t1,cat_t1_label,iv.1,iv_label.1,cat_t2,cat_t2_label,dependent,effect,td,pred_num,pred_readable,comparative,pred_true,score_0,score_1,score_2,max_score,hypothesis
2754,https://data.cooperationdatabank.org/vocab/prop/Intergroup_Competition_Variable,https://data.cooperationdatabank.org/vocab/prop/intergroupComp,Intergroup competition,https://data.cooperationdatabank.org/id/intergroupcomp/intergroup_comparison,Individual group,https://data.cooperationdatabank.org/vocab/prop/intergroupComp,Intergroup competition,https://data.cooperationdatabank.org/id/intergroupcomp/individual_group,intergroup comparison,https://data.cooperationdatabank.org/id/dependentvariable/withdrawals,negative,test,0.0,negative,lower,0.0,1.0,0.0,0.0,1.0,Withdrawal is significantly lower when intergroup competition is individual group compared to when intergroup competition is intergroup comparison.
1574,https://data.cooperationdatabank.org/vocab/prop/Intergroup_Competition_Variable,https://data.cooperationdatabank.org/vocab/prop/intergroupComp,Intergroup competition,https://data.cooperationdatabank.org/id/intergroupcomp/individual_group,Individual group,https://data.cooperationdatabank.org/vocab/prop/intergroupComp,Intergroup competition,https://data.cooperationdatabank.org/id/intergroupcomp/intergroup_competition,intergroup competition,https://data.cooperationdatabank.org/id/dependentvariable/contributions,negative,test,0.0,negative,lower,0.0,0.75,0.25,0.0,0.75,Contribution is significantly lower when intergroup competition is individual group compared to when intergroup competition is intergroup competition.
1573,https://data.cooperationdatabank.org/vocab/prop/Intergroup_Competition_Variable,https://data.cooperationdatabank.org/vocab/prop/intergroupComp,Intergroup competition,https://data.cooperationdatabank.org/id/intergroupcomp/individual_group,Individual group,https://data.cooperationdatabank.org/vocab/prop/intergroupComp,Intergroup competition,https://data.cooperationdatabank.org/id/intergroupcomp/intergroup_competition,intergroup competition,https://data.cooperationdatabank.org/id/dependentvariable/contributions,noEffect,test,0.0,negative,lower,1.0,0.75,0.25,0.0,0.75,Contribution is significantly lower when intergroup competition is individual group compared to when intergroup competition is intergroup competition.
1580,https://data.cooperationdatabank.org/vocab/prop/Intergroup_Competition_Variable,https://data.cooperationdatabank.org/vocab/prop/intergroupComp,Intergroup competition,https://data.cooperationdatabank.org/id/intergroupcomp/individual_group,Individual group,https://data.cooperationdatabank.org/vocab/prop/intergroupComp,Intergroup competition,https://data.cooperationdatabank.org/id/intergroupcomp/intergroup_competition,intergroup competition,https://data.cooperationdatabank.org/id/dependentvariable/contributions,noEffect,test,0.0,negative,lower,1.0,0.75,0.25,0.0,0.75,Contribution is significantly lower when intergroup competition is individual group compared to when intergroup competition is intergroup competition.
3152,https://data.cooperationdatabank.org/vocab/prop/Intergroup_Competition_Variable,https://data.cooperationdatabank.org/vocab/prop/intergroupComp,Intergroup competition,https://data.cooperationdatabank.org/id/intergroupcomp/intergroup_comparison,intergroup comparison,https://data.cooperationdatabank.org/vocab/prop/intergroupComp,Intergroup competition,https://data.cooperationdatabank.org/id/intergroupcomp/individual_group,Individual group,https://data.cooperationdatabank.org/id/dependentvariable/contributions,positive,test,2.0,positive,higher,2.0,0.23076923076923078,0.15384615384615385,0.6153846153846154,0.6153846153846154,Contribution is significantly higher when intergroup competition is intergroup comparison compared to when intergroup competition is individual group.
3199,https://data.cooperationdatabank.org/vocab/prop/Intergroup_Competition_Variable,https://data.cooperationdatabank.org/vocab/prop/intergroupComp,Intergroup competition,https://data.cooperationdatabank.org/id/intergroupcomp/intergroup_comparison,Individual group,https://data.cooperationdatabank.org/vocab/prop/intergroupComp,Intergroup competition,https://data.cooperationdatabank.org/id/intergroupcomp/individual_group,intergroup comparison,https://data.cooperationdatabank.org/id/dependentvariable/contributions,positive,test,2.0,positive,higher,2.0,0.23076923076923078,0.15384615384615385,0.6153846153846154,0.6153846153846154,Contribution is significantly higher when intergroup competition is individual group compared to when intergroup competition is intergroup comparison.
3185,https://data.cooperationdatabank.org/vocab/prop/Intergroup_Competition_Variable,https://data.cooperationdatabank.org/vocab/prop/intergroupComp,Intergroup competition,https://data.cooperationdatabank.org/id/intergroupcomp/intergroup_comparison,Individual group,https://data.cooperationdatabank.org/vocab/prop/intergroupComp,Intergroup competition,https://data.cooperationdatabank.org/id/intergroupcomp/individual_group,intergroup comparison,https://data.cooperationdatabank.org/id/dependentvariable/cooperation,negative,test,0.0,negative,lower,0.0,0.5,0.0,0.5,0.5,Cooperation is significantly lower when intergroup competition is individual group compared to when intergroup competition is intergroup comparison.
