,giv_prop,iv,iv_label,cat_t1,cat_t1_label,iv.1,iv_label.1,cat_t2,cat_t2_label,dependent,effect,td,pred_num,pred_readable,comparative,pred_true,score_0,score_1,score_2,max_score,hypothesis
9,https://data.cooperationdatabank.org/vocab/prop/LeadershipVariable,https://data.cooperationdatabank.org/vocab/prop/leaderCharacteristic,Leader's characteristic,https://data.cooperationdatabank.org/id/leadercharacteristic/outgroup,Outgroup,https://data.cooperationdatabank.org/vocab/prop/leaderCharacteristic,Leader's characteristic,https://data.cooperationdatabank.org/id/leadercharacteristic/ingroup,Ingroup,https://data.cooperationdatabank.org/id/dependentvariable/withdrawals,positive,test,0.0,negative,lower,2.0,1.0,0.0,0.0,1.0,Withdrawal is significantly lower when leader's characteristic is outgroup compared to when leader's characteristic is ingroup.
31,https://data.cooperationdatabank.org/vocab/prop/LeadershipVariable,https://data.cooperationdatabank.org/vocab/prop/leaderCharacteristic,Leader's characteristic,https://data.cooperationdatabank.org/id/leadercharacteristic/positive_emotion,Positive emotion,https://data.cooperationdatabank.org/vocab/prop/leaderCharacteristic,Leader's characteristic,https://data.cooperationdatabank.org/id/leadercharacteristic/negative_emotion,Negative emotion,https://data.cooperationdatabank.org/id/dependentvariable/contributions,negative,test,0.0,negative,lower,0.0,1.0,0.0,0.0,1.0,Contribution is significantly lower when leader's characteristic is positive emotion compared to when leader's characteristic is negative emotion.
904,https://data.cooperationdatabank.org/vocab/prop/LeadershipVariable,https://data.cooperationdatabank.org/vocab/prop/leadershipRole,Leadership role,https://data.cooperationdatabank.org/id/leadershiprole/leader,Leader ,https://data.cooperationdatabank.org/vocab/prop/leadershipRole,Leadership role,https://data.cooperationdatabank.org/id/leadershiprole/follower,Follower,https://data.cooperationdatabank.org/id/dependentvariable/withdrawals,negative,test,2.0,positive,higher,0.0,0.0,0.0,1.0,1.0,Withdrawal is significantly higher when leadership role is leader  compared to when leadership role is follower.
1605,https://data.cooperationdatabank.org/vocab/prop/LeadershipVariable,https://data.cooperationdatabank.org/vocab/prop/leadershipAssignmentRule,Leadership assignment rule,https://data.cooperationdatabank.org/id/leadershipassignmentrule/fixed,Fixed ,https://data.cooperationdatabank.org/vocab/prop/leadershipAssignmentRule,Leadership assignment rule,https://data.cooperationdatabank.org/id/leadershipassignmentrule/random_appointment,Random Appointment,https://data.cooperationdatabank.org/id/dependentvariable/contributions,noEffect,test,2.0,positive,higher,1.0,0.0,0.0,1.0,1.0,Contribution is significantly higher when leadership assignment rule is fixed  compared to when leadership assignment rule is random appointment.
44,https://data.cooperationdatabank.org/vocab/prop/LeadershipVariable,https://data.cooperationdatabank.org/vocab/prop/leaderBehavior,Leader's behavior,https://data.cooperationdatabank.org/id/leaderbehavior/cooperative,Cooperative,https://data.cooperationdatabank.org/vocab/prop/leaderBehavior,Leader's behavior,https://data.cooperationdatabank.org/id/leaderbehavior/noncooperative,Noncooperative,https://data.cooperationdatabank.org/id/dependentvariable/contributions,negative,test,2.0,positive,higher,0.0,0.2,0.2,0.6,0.6,Contribution is significantly higher when leader's behavior is cooperative compared to when leader's behavior is noncooperative.
