,giv_prop,iv,iv_label,cat_t1,cat_t1_label,iv.1,iv_label.1,cat_t2,cat_t2_label,dependent,effect,td,pred_num,pred_readable,comparative,pred_true,score_0,score_1,score_2,max_score,hypothesis
150,https://data.cooperationdatabank.org/vocab/prop/PeriodVariable,https://data.cooperationdatabank.org/vocab/prop/trialOfCooperationOrdinal,Trial of cooperation (ordinal),https://data.cooperationdatabank.org/id/trialofcooperationordinal/first,first,https://data.cooperationdatabank.org/vocab/prop/trialOfCooperationOrdinal,Trial of cooperation (ordinal),https://data.cooperationdatabank.org/id/trialofcooperationordinal/last,last,https://data.cooperationdatabank.org/id/dependentvariable/contributions,noEffect,test,2.0,positive,higher,1.0,0.043478260869565216,0.30434782608695654,0.6521739130434783,0.6521739130434783,Contribution is significantly higher when trial of cooperation (ordinal) is first compared to when trial of cooperation (ordinal) is last.
1324,https://data.cooperationdatabank.org/vocab/prop/PeriodVariable,https://data.cooperationdatabank.org/vocab/prop/trialOfCooperationOrdinal,Trial of cooperation (ordinal),https://data.cooperationdatabank.org/id/trialofcooperationordinal/first,first,https://data.cooperationdatabank.org/vocab/prop/trialOfCooperationOrdinal,Trial of cooperation (ordinal),https://data.cooperationdatabank.org/id/trialofcooperationordinal/last,last,https://data.cooperationdatabank.org/id/dependentvariable/contributions,positive,test,2.0,positive,higher,2.0,0.043478260869565216,0.30434782608695654,0.6521739130434783,0.6521739130434783,Contribution is significantly higher when trial of cooperation (ordinal) is first compared to when trial of cooperation (ordinal) is last.
2086,https://data.cooperationdatabank.org/vocab/prop/PeriodVariable,https://data.cooperationdatabank.org/vocab/prop/trialOfCooperationOrdinal,Trial of cooperation (ordinal),https://data.cooperationdatabank.org/id/trialofcooperationordinal/first,first,https://data.cooperationdatabank.org/vocab/prop/trialOfCooperationOrdinal,Trial of cooperation (ordinal),https://data.cooperationdatabank.org/id/trialofcooperationordinal/last,last,https://data.cooperationdatabank.org/id/dependentvariable/contributions,positive,test,2.0,positive,higher,2.0,0.043478260869565216,0.30434782608695654,0.6521739130434783,0.6521739130434783,Contribution is significantly higher when trial of cooperation (ordinal) is first compared to when trial of cooperation (ordinal) is last.
2435,https://data.cooperationdatabank.org/vocab/prop/PeriodVariable,https://data.cooperationdatabank.org/vocab/prop/trialOfCooperationOrdinal,Trial of cooperation (ordinal),https://data.cooperationdatabank.org/id/trialofcooperationordinal/first,first,https://data.cooperationdatabank.org/vocab/prop/trialOfCooperationOrdinal,Trial of cooperation (ordinal),https://data.cooperationdatabank.org/id/trialofcooperationordinal/last,last,https://data.cooperationdatabank.org/id/dependentvariable/contributions,noEffect,test,2.0,positive,higher,1.0,0.043478260869565216,0.30434782608695654,0.6521739130434783,0.6521739130434783,Contribution is significantly higher when trial of cooperation (ordinal) is first compared to when trial of cooperation (ordinal) is last.
