,giv_prop,iv,iv_label,cat_t1,cat_t1_label,iv.1,iv_label.1,cat_t2,cat_t2_label,dependent,effect,td,pred_num,pred_readable,comparative,pred_true,score_0,score_1,score_2,max_score,hypothesis
1462,https://data.cooperationdatabank.org/vocab/prop/Public_Goods_GameVariable,https://data.cooperationdatabank.org/vocab/prop/privateAccountReturnLevel,Private account return level,https://data.cooperationdatabank.org/id/privateaccountreturnlevel/high,High,https://data.cooperationdatabank.org/vocab/prop/privateAccountReturnLevel,Private account return level,https://data.cooperationdatabank.org/id/privateaccountreturnlevel/low,Low,https://data.cooperationdatabank.org/id/dependentvariable/contributions,positive,test,2.0,positive,higher,2.0,0.0,0.2727272727272727,0.7272727272727273,0.7272727272727273,Contribution is significantly higher when private account return level is high compared to when private account return level is low.
1412,https://data.cooperationdatabank.org/vocab/prop/Public_Goods_GameVariable,https://data.cooperationdatabank.org/vocab/prop/privateAccountReturnLevel,Private account return level,https://data.cooperationdatabank.org/id/privateaccountreturnlevel/high,High,https://data.cooperationdatabank.org/vocab/prop/privateAccountReturnLevel,Private account return level,https://data.cooperationdatabank.org/id/privateaccountreturnlevel/low,Low,https://data.cooperationdatabank.org/id/dependentvariable/contributions,positive,test,2.0,positive,higher,2.0,0.0,0.2727272727272727,0.7272727272727273,0.7272727272727273,Contribution is significantly higher when private account return level is high compared to when private account return level is low.
460,https://data.cooperationdatabank.org/vocab/prop/Public_Goods_GameVariable,https://data.cooperationdatabank.org/vocab/prop/mPCRlevel,MPCR level,https://data.cooperationdatabank.org/id/mpcrlevel/low,High,https://data.cooperationdatabank.org/vocab/prop/mPCRlevel,MPCR level,https://data.cooperationdatabank.org/id/mpcrlevel/high,Low,https://data.cooperationdatabank.org/id/dependentvariable/contributions,negative,test,0.0,negative,lower,0.0,0.6086956521739131,0.13043478260869565,0.2608695652173913,0.6086956521739131,Contribution is significantly lower when mpcr level is high compared to when mpcr level is low.
466,https://data.cooperationdatabank.org/vocab/prop/Public_Goods_GameVariable,https://data.cooperationdatabank.org/vocab/prop/mPCRlevel,MPCR level,https://data.cooperationdatabank.org/id/mpcrlevel/low,High,https://data.cooperationdatabank.org/vocab/prop/mPCRlevel,MPCR level,https://data.cooperationdatabank.org/id/mpcrlevel/high,Low,https://data.cooperationdatabank.org/id/dependentvariable/contributions,negative,test,0.0,negative,lower,0.0,0.6086956521739131,0.13043478260869565,0.2608695652173913,0.6086956521739131,Contribution is significantly lower when mpcr level is high compared to when mpcr level is low.
516,https://data.cooperationdatabank.org/vocab/prop/Public_Goods_GameVariable,https://data.cooperationdatabank.org/vocab/prop/mPCRlevel,MPCR level,https://data.cooperationdatabank.org/id/mpcrlevel/low,Low,https://data.cooperationdatabank.org/vocab/prop/mPCRlevel,MPCR level,https://data.cooperationdatabank.org/id/mpcrlevel/high,High,https://data.cooperationdatabank.org/id/dependentvariable/contributions,negative,test,0.0,negative,lower,0.0,0.6086956521739131,0.13043478260869565,0.2608695652173913,0.6086956521739131,Contribution is significantly lower when mpcr level is low compared to when mpcr level is high.
1411,https://data.cooperationdatabank.org/vocab/prop/Public_Goods_GameVariable,https://data.cooperationdatabank.org/vocab/prop/mPCRlevel,MPCR level,https://data.cooperationdatabank.org/id/mpcrlevel/low,Low,https://data.cooperationdatabank.org/vocab/prop/mPCRlevel,MPCR level,https://data.cooperationdatabank.org/id/mpcrlevel/high,High,https://data.cooperationdatabank.org/id/dependentvariable/contributions,positive,test,0.0,negative,lower,2.0,0.6086956521739131,0.13043478260869565,0.2608695652173913,0.6086956521739131,Contribution is significantly lower when mpcr level is low compared to when mpcr level is high.
1468,https://data.cooperationdatabank.org/vocab/prop/Public_Goods_GameVariable,https://data.cooperationdatabank.org/vocab/prop/mPCRlevel,MPCR level,https://data.cooperationdatabank.org/id/mpcrlevel/low,High,https://data.cooperationdatabank.org/vocab/prop/mPCRlevel,MPCR level,https://data.cooperationdatabank.org/id/mpcrlevel/high,Low,https://data.cooperationdatabank.org/id/dependentvariable/contributions,positive,test,0.0,negative,lower,2.0,0.6086956521739131,0.13043478260869565,0.2608695652173913,0.6086956521739131,Contribution is significantly lower when mpcr level is high compared to when mpcr level is low.
523,https://data.cooperationdatabank.org/vocab/prop/Public_Goods_GameVariable,https://data.cooperationdatabank.org/vocab/prop/mPCRlevel,MPCR level,https://data.cooperationdatabank.org/id/mpcrlevel/medium,Medium,https://data.cooperationdatabank.org/vocab/prop/mPCRlevel,MPCR level,https://data.cooperationdatabank.org/id/mpcrlevel/high,High,https://data.cooperationdatabank.org/id/dependentvariable/contributions,noEffect,test,0.0,negative,lower,1.0,0.5714285714285714,0.42857142857142855,0.0,0.5714285714285714,Contribution is significantly lower when mpcr level is medium compared to when mpcr level is high.
464,https://data.cooperationdatabank.org/vocab/prop/Public_Goods_GameVariable,https://data.cooperationdatabank.org/vocab/prop/mPCRlevel,MPCR level,https://data.cooperationdatabank.org/id/mpcrlevel/medium,High,https://data.cooperationdatabank.org/vocab/prop/mPCRlevel,MPCR level,https://data.cooperationdatabank.org/id/mpcrlevel/high,Medium,https://data.cooperationdatabank.org/id/dependentvariable/contributions,negative,test,0.0,negative,lower,0.0,0.5714285714285714,0.42857142857142855,0.0,0.5714285714285714,Contribution is significantly lower when mpcr level is high compared to when mpcr level is medium.
