,giv_prop,iv,iv_label,cat_t1,cat_t1_label,iv.1,iv_label.1,cat_t2,cat_t2_label,dependent,effect,td,pred_num,pred_readable,comparative,pred_true,score_0,score_1,score_2,max_score,hypothesis
2707,https://data.cooperationdatabank.org/vocab/prop/PunishmentVariable,https://data.cooperationdatabank.org/vocab/prop/punishmentTreatment,Punishment treatment,https://data.cooperationdatabank.org/id/punishmenttreatment/1,-1,https://data.cooperationdatabank.org/vocab/prop/punishmentTreatment,Punishment treatment,https://data.cooperationdatabank.org/id/punishmenttreatment/-1,1,https://data.cooperationdatabank.org/id/dependentvariable/withdrawals,positive,test,2.0,positive,higher,2.0,0.0,0.0,1.0,1.0,Withdrawal is significantly higher when punishment treatment is -1 compared to when punishment treatment is 1.
67,https://data.cooperationdatabank.org/vocab/prop/PunishmentVariable,https://data.cooperationdatabank.org/vocab/prop/punishmentTreatment,Punishment treatment,https://data.cooperationdatabank.org/id/punishmenttreatment/1,1,https://data.cooperationdatabank.org/vocab/prop/punishmentTreatment,Punishment treatment,https://data.cooperationdatabank.org/id/punishmenttreatment/-1,-1,https://data.cooperationdatabank.org/id/dependentvariable/contributions,noEffect,test,2.0,positive,higher,1.0,0.09090909090909091,0.09848484848484848,0.8106060606060606,0.8106060606060606,Contribution is significantly higher when punishment treatment is 1 compared to when punishment treatment is -1.
12,https://data.cooperationdatabank.org/vocab/prop/PunishmentVariable,https://data.cooperationdatabank.org/vocab/prop/punishmentTreatment,Punishment treatment,https://data.cooperationdatabank.org/id/punishmenttreatment/1,-1,https://data.cooperationdatabank.org/vocab/prop/punishmentTreatment,Punishment treatment,https://data.cooperationdatabank.org/id/punishmenttreatment/-1,1,https://data.cooperationdatabank.org/id/dependentvariable/contributions,positive,test,2.0,positive,higher,2.0,0.09090909090909091,0.09848484848484848,0.8106060606060606,0.8106060606060606,Contribution is significantly higher when punishment treatment is -1 compared to when punishment treatment is 1.
702,https://data.cooperationdatabank.org/vocab/prop/PunishmentVariable,https://data.cooperationdatabank.org/vocab/prop/punishmentTreatment,Punishment treatment,https://data.cooperationdatabank.org/id/punishmenttreatment/1,1,https://data.cooperationdatabank.org/vocab/prop/punishmentTreatment,Punishment treatment,https://data.cooperationdatabank.org/id/punishmenttreatment/-1,-1,https://data.cooperationdatabank.org/id/dependentvariable/contributions,noEffect,test,2.0,positive,higher,1.0,0.09090909090909091,0.09848484848484848,0.8106060606060606,0.8106060606060606,Contribution is significantly higher when punishment treatment is 1 compared to when punishment treatment is -1.
993,https://data.cooperationdatabank.org/vocab/prop/PunishmentVariable,https://data.cooperationdatabank.org/vocab/prop/punishmentTreatment,Punishment treatment,https://data.cooperationdatabank.org/id/punishmenttreatment/1,-1,https://data.cooperationdatabank.org/vocab/prop/punishmentTreatment,Punishment treatment,https://data.cooperationdatabank.org/id/punishmenttreatment/-1,1,https://data.cooperationdatabank.org/id/dependentvariable/contributions,negative,test,2.0,positive,higher,0.0,0.09090909090909091,0.09848484848484848,0.8106060606060606,0.8106060606060606,Contribution is significantly higher when punishment treatment is -1 compared to when punishment treatment is 1.
780,https://data.cooperationdatabank.org/vocab/prop/PunishmentVariable,https://data.cooperationdatabank.org/vocab/prop/punishmentTreatment,Punishment treatment,https://data.cooperationdatabank.org/id/punishmenttreatment/1,-1,https://data.cooperationdatabank.org/vocab/prop/punishmentTreatment,Punishment treatment,https://data.cooperationdatabank.org/id/punishmenttreatment/-1,1,https://data.cooperationdatabank.org/id/dependentvariable/contributions,negative,test,2.0,positive,higher,0.0,0.09090909090909091,0.09848484848484848,0.8106060606060606,0.8106060606060606,Contribution is significantly higher when punishment treatment is -1 compared to when punishment treatment is 1.
665,https://data.cooperationdatabank.org/vocab/prop/PunishmentVariable,https://data.cooperationdatabank.org/vocab/prop/punishmentTreatment,Punishment treatment,https://data.cooperationdatabank.org/id/punishmenttreatment/1,-1,https://data.cooperationdatabank.org/vocab/prop/punishmentTreatment,Punishment treatment,https://data.cooperationdatabank.org/id/punishmenttreatment/-1,1,https://data.cooperationdatabank.org/id/dependentvariable/contributions,positive,test,2.0,positive,higher,2.0,0.09090909090909091,0.09848484848484848,0.8106060606060606,0.8106060606060606,Contribution is significantly higher when punishment treatment is -1 compared to when punishment treatment is 1.
1176,https://data.cooperationdatabank.org/vocab/prop/PunishmentVariable,https://data.cooperationdatabank.org/vocab/prop/punishmentTreatment,Punishment treatment,https://data.cooperationdatabank.org/id/punishmenttreatment/1,1,https://data.cooperationdatabank.org/vocab/prop/punishmentTreatment,Punishment treatment,https://data.cooperationdatabank.org/id/punishmenttreatment/-1,-1,https://data.cooperationdatabank.org/id/dependentvariable/contributions,negative,test,2.0,positive,higher,0.0,0.09090909090909091,0.09848484848484848,0.8106060606060606,0.8106060606060606,Contribution is significantly higher when punishment treatment is 1 compared to when punishment treatment is -1.
1158,https://data.cooperationdatabank.org/vocab/prop/PunishmentVariable,https://data.cooperationdatabank.org/vocab/prop/punishmentTreatment,Punishment treatment,https://data.cooperationdatabank.org/id/punishmenttreatment/1,-1,https://data.cooperationdatabank.org/vocab/prop/punishmentTreatment,Punishment treatment,https://data.cooperationdatabank.org/id/punishmenttreatment/-1,1,https://data.cooperationdatabank.org/id/dependentvariable/contributions,positive,test,2.0,positive,higher,2.0,0.09090909090909091,0.09848484848484848,0.8106060606060606,0.8106060606060606,Contribution is significantly higher when punishment treatment is -1 compared to when punishment treatment is 1.
1190,https://data.cooperationdatabank.org/vocab/prop/PunishmentVariable,https://data.cooperationdatabank.org/vocab/prop/punishmentTreatment,Punishment treatment,https://data.cooperationdatabank.org/id/punishmenttreatment/1,-1,https://data.cooperationdatabank.org/vocab/prop/punishmentTreatment,Punishment treatment,https://data.cooperationdatabank.org/id/punishmenttreatment/-1,1,https://data.cooperationdatabank.org/id/dependentvariable/contributions,positive,test,2.0,positive,higher,2.0,0.09090909090909091,0.09848484848484848,0.8106060606060606,0.8106060606060606,Contribution is significantly higher when punishment treatment is -1 compared to when punishment treatment is 1.
1139,https://data.cooperationdatabank.org/vocab/prop/PunishmentVariable,https://data.cooperationdatabank.org/vocab/prop/punishmentTreatment,Punishment treatment,https://data.cooperationdatabank.org/id/punishmenttreatment/1,-1,https://data.cooperationdatabank.org/vocab/prop/punishmentTreatment,Punishment treatment,https://data.cooperationdatabank.org/id/punishmenttreatment/-1,1,https://data.cooperationdatabank.org/id/dependentvariable/contributions,positive,test,2.0,positive,higher,2.0,0.09090909090909091,0.09848484848484848,0.8106060606060606,0.8106060606060606,Contribution is significantly higher when punishment treatment is -1 compared to when punishment treatment is 1.
2180,https://data.cooperationdatabank.org/vocab/prop/PunishmentVariable,https://data.cooperationdatabank.org/vocab/prop/punishmentTreatment,Punishment treatment,https://data.cooperationdatabank.org/id/punishmenttreatment/1,-1,https://data.cooperationdatabank.org/vocab/prop/punishmentTreatment,Punishment treatment,https://data.cooperationdatabank.org/id/punishmenttreatment/-1,1,https://data.cooperationdatabank.org/id/dependentvariable/contributions,positive,test,2.0,positive,higher,2.0,0.09090909090909091,0.09848484848484848,0.8106060606060606,0.8106060606060606,Contribution is significantly higher when punishment treatment is -1 compared to when punishment treatment is 1.
2336,https://data.cooperationdatabank.org/vocab/prop/PunishmentVariable,https://data.cooperationdatabank.org/vocab/prop/punishmentTreatment,Punishment treatment,https://data.cooperationdatabank.org/id/punishmenttreatment/1,-1,https://data.cooperationdatabank.org/vocab/prop/punishmentTreatment,Punishment treatment,https://data.cooperationdatabank.org/id/punishmenttreatment/-1,1,https://data.cooperationdatabank.org/id/dependentvariable/contributions,negative,test,2.0,positive,higher,0.0,0.09090909090909091,0.09848484848484848,0.8106060606060606,0.8106060606060606,Contribution is significantly higher when punishment treatment is -1 compared to when punishment treatment is 1.
1777,https://data.cooperationdatabank.org/vocab/prop/PunishmentVariable,https://data.cooperationdatabank.org/vocab/prop/punishmentTreatment,Punishment treatment,https://data.cooperationdatabank.org/id/punishmenttreatment/1,1,https://data.cooperationdatabank.org/vocab/prop/punishmentTreatment,Punishment treatment,https://data.cooperationdatabank.org/id/punishmenttreatment/-1,-1,https://data.cooperationdatabank.org/id/dependentvariable/contributions,positive,test,2.0,positive,higher,2.0,0.09090909090909091,0.09848484848484848,0.8106060606060606,0.8106060606060606,Contribution is significantly higher when punishment treatment is 1 compared to when punishment treatment is -1.
778,https://data.cooperationdatabank.org/vocab/prop/PunishmentVariable,https://data.cooperationdatabank.org/vocab/prop/punishmentTreatment,Punishment treatment,https://data.cooperationdatabank.org/id/punishmenttreatment/1,1,https://data.cooperationdatabank.org/vocab/prop/punishmentTreatment,Punishment treatment,https://data.cooperationdatabank.org/id/punishmenttreatment/-1,-1,https://data.cooperationdatabank.org/id/dependentvariable/contributions,positive,test,2.0,positive,higher,2.0,0.09090909090909091,0.09848484848484848,0.8106060606060606,0.8106060606060606,Contribution is significantly higher when punishment treatment is 1 compared to when punishment treatment is -1.
3366,https://data.cooperationdatabank.org/vocab/prop/PunishmentVariable,https://data.cooperationdatabank.org/vocab/prop/punishmentTreatment,Punishment treatment,https://data.cooperationdatabank.org/id/punishmenttreatment/1,-1,https://data.cooperationdatabank.org/vocab/prop/punishmentTreatment,Punishment treatment,https://data.cooperationdatabank.org/id/punishmenttreatment/-1,1,https://data.cooperationdatabank.org/id/dependentvariable/contributions,positive,test,2.0,positive,higher,2.0,0.09090909090909091,0.09848484848484848,0.8106060606060606,0.8106060606060606,Contribution is significantly higher when punishment treatment is -1 compared to when punishment treatment is 1.
3380,https://data.cooperationdatabank.org/vocab/prop/PunishmentVariable,https://data.cooperationdatabank.org/vocab/prop/punishmentTreatment,Punishment treatment,https://data.cooperationdatabank.org/id/punishmenttreatment/1,-1,https://data.cooperationdatabank.org/vocab/prop/punishmentTreatment,Punishment treatment,https://data.cooperationdatabank.org/id/punishmenttreatment/-1,1,https://data.cooperationdatabank.org/id/dependentvariable/contributions,positive,test,2.0,positive,higher,2.0,0.09090909090909091,0.09848484848484848,0.8106060606060606,0.8106060606060606,Contribution is significantly higher when punishment treatment is -1 compared to when punishment treatment is 1.
3281,https://data.cooperationdatabank.org/vocab/prop/PunishmentVariable,https://data.cooperationdatabank.org/vocab/prop/punishmentTreatment,Punishment treatment,https://data.cooperationdatabank.org/id/punishmenttreatment/1,-1.0,https://data.cooperationdatabank.org/vocab/prop/punishmentTreatment,Punishment treatment,https://data.cooperationdatabank.org/id/punishmenttreatment/-1,1.0,https://data.cooperationdatabank.org/id/dependentvariable/contributions,positive,test,2.0,positive,higher,2.0,0.09090909090909091,0.09848484848484848,0.8106060606060606,0.8106060606060606,Contribution is significantly higher when punishment treatment is -1.0 compared to when punishment treatment is 1.0.
3277,https://data.cooperationdatabank.org/vocab/prop/PunishmentVariable,https://data.cooperationdatabank.org/vocab/prop/punishmentTreatment,Punishment treatment,https://data.cooperationdatabank.org/id/punishmenttreatment/1,-1.0,https://data.cooperationdatabank.org/vocab/prop/punishmentTreatment,Punishment treatment,https://data.cooperationdatabank.org/id/punishmenttreatment/-1,1.0,https://data.cooperationdatabank.org/id/dependentvariable/contributions,positive,test,2.0,positive,higher,2.0,0.09090909090909091,0.09848484848484848,0.8106060606060606,0.8106060606060606,Contribution is significantly higher when punishment treatment is -1.0 compared to when punishment treatment is 1.0.
2340,https://data.cooperationdatabank.org/vocab/prop/PunishmentVariable,https://data.cooperationdatabank.org/vocab/prop/punishmentTreatment,Punishment treatment,https://data.cooperationdatabank.org/id/punishmenttreatment/1,-1,https://data.cooperationdatabank.org/vocab/prop/punishmentTreatment,Punishment treatment,https://data.cooperationdatabank.org/id/punishmenttreatment/-1,1,https://data.cooperationdatabank.org/id/dependentvariable/contributions,negative,test,2.0,positive,higher,0.0,0.09090909090909091,0.09848484848484848,0.8106060606060606,0.8106060606060606,Contribution is significantly higher when punishment treatment is -1 compared to when punishment treatment is 1.
2343,https://data.cooperationdatabank.org/vocab/prop/PunishmentVariable,https://data.cooperationdatabank.org/vocab/prop/punishmentTreatment,Punishment treatment,https://data.cooperationdatabank.org/id/punishmenttreatment/1,1,https://data.cooperationdatabank.org/vocab/prop/punishmentTreatment,Punishment treatment,https://data.cooperationdatabank.org/id/punishmenttreatment/-1,-1,https://data.cooperationdatabank.org/id/dependentvariable/contributions,positive,test,2.0,positive,higher,2.0,0.09090909090909091,0.09848484848484848,0.8106060606060606,0.8106060606060606,Contribution is significantly higher when punishment treatment is 1 compared to when punishment treatment is -1.
2927,https://data.cooperationdatabank.org/vocab/prop/PunishmentVariable,https://data.cooperationdatabank.org/vocab/prop/punishmentTreatment,Punishment treatment,https://data.cooperationdatabank.org/id/punishmenttreatment/1,-1,https://data.cooperationdatabank.org/vocab/prop/punishmentTreatment,Punishment treatment,https://data.cooperationdatabank.org/id/punishmenttreatment/-1,1,https://data.cooperationdatabank.org/id/dependentvariable/contributions,positive,test,2.0,positive,higher,2.0,0.09090909090909091,0.09848484848484848,0.8106060606060606,0.8106060606060606,Contribution is significantly higher when punishment treatment is -1 compared to when punishment treatment is 1.
2918,https://data.cooperationdatabank.org/vocab/prop/PunishmentVariable,https://data.cooperationdatabank.org/vocab/prop/punishmentTreatment,Punishment treatment,https://data.cooperationdatabank.org/id/punishmenttreatment/1,-1,https://data.cooperationdatabank.org/vocab/prop/punishmentTreatment,Punishment treatment,https://data.cooperationdatabank.org/id/punishmenttreatment/-1,1,https://data.cooperationdatabank.org/id/dependentvariable/contributions,positive,test,2.0,positive,higher,2.0,0.09090909090909091,0.09848484848484848,0.8106060606060606,0.8106060606060606,Contribution is significantly higher when punishment treatment is -1 compared to when punishment treatment is 1.
1540,https://data.cooperationdatabank.org/vocab/prop/PunishmentVariable,https://data.cooperationdatabank.org/vocab/prop/punishmentTreatment,Punishment treatment,https://data.cooperationdatabank.org/id/punishmenttreatment/1,-1,https://data.cooperationdatabank.org/vocab/prop/punishmentTreatment,Punishment treatment,https://data.cooperationdatabank.org/id/punishmenttreatment/-1,1,https://data.cooperationdatabank.org/id/dependentvariable/cooperation,positive,test,2.0,positive,higher,2.0,0.12903225806451613,0.0967741935483871,0.7741935483870968,0.7741935483870968,Cooperation is significantly higher when punishment treatment is -1 compared to when punishment treatment is 1.
2322,https://data.cooperationdatabank.org/vocab/prop/PunishmentVariable,https://data.cooperationdatabank.org/vocab/prop/punishmentTreatment,Punishment treatment,https://data.cooperationdatabank.org/id/punishmenttreatment/1,-1,https://data.cooperationdatabank.org/vocab/prop/punishmentTreatment,Punishment treatment,https://data.cooperationdatabank.org/id/punishmenttreatment/-1,1,https://data.cooperationdatabank.org/id/dependentvariable/cooperation,positive,test,2.0,positive,higher,2.0,0.12903225806451613,0.0967741935483871,0.7741935483870968,0.7741935483870968,Cooperation is significantly higher when punishment treatment is -1 compared to when punishment treatment is 1.
568,https://data.cooperationdatabank.org/vocab/prop/PunishmentVariable,https://data.cooperationdatabank.org/vocab/prop/punishmentTreatment,Punishment treatment,https://data.cooperationdatabank.org/id/punishmenttreatment/1,-1,https://data.cooperationdatabank.org/vocab/prop/punishmentTreatment,Punishment treatment,https://data.cooperationdatabank.org/id/punishmenttreatment/-1,1,https://data.cooperationdatabank.org/id/dependentvariable/cooperation,positive,test,2.0,positive,higher,2.0,0.12903225806451613,0.0967741935483871,0.7741935483870968,0.7741935483870968,Cooperation is significantly higher when punishment treatment is -1 compared to when punishment treatment is 1.
436,https://data.cooperationdatabank.org/vocab/prop/PunishmentVariable,https://data.cooperationdatabank.org/vocab/prop/punishmentTreatment,Punishment treatment,https://data.cooperationdatabank.org/id/punishmenttreatment/1,1,https://data.cooperationdatabank.org/vocab/prop/punishmentTreatment,Punishment treatment,https://data.cooperationdatabank.org/id/punishmenttreatment/-1,-1,https://data.cooperationdatabank.org/id/dependentvariable/cooperation,noEffect,test,2.0,positive,higher,1.0,0.12903225806451613,0.0967741935483871,0.7741935483870968,0.7741935483870968,Cooperation is significantly higher when punishment treatment is 1 compared to when punishment treatment is -1.
674,https://data.cooperationdatabank.org/vocab/prop/PunishmentVariable,https://data.cooperationdatabank.org/vocab/prop/punishmentAgent,Punishment agent,https://data.cooperationdatabank.org/id/punishmentagent/peer,Peer,https://data.cooperationdatabank.org/vocab/prop/punishmentAgent,Punishment agent,https://data.cooperationdatabank.org/id/punishmentagent/other,Other,https://data.cooperationdatabank.org/id/dependentvariable/contributions,noEffect,test,0.0,negative,lower,1.0,0.6,0.4,0.0,0.6,Contribution is significantly lower when punishment agent is peer compared to when punishment agent is other.
1013,https://data.cooperationdatabank.org/vocab/prop/PunishmentVariable,https://data.cooperationdatabank.org/vocab/prop/punishmentTreatment,Punishment treatment,https://data.cooperationdatabank.org/id/punishmenttreatment/-1,-1,https://data.cooperationdatabank.org/vocab/prop/punishmentTreatment,Punishment treatment,https://data.cooperationdatabank.org/id/punishmenttreatment/0,0,https://data.cooperationdatabank.org/id/dependentvariable/contributions,noEffect,test,0.0,negative,lower,1.0,0.5172413793103449,0.3448275862068966,0.13793103448275862,0.5172413793103449,Contribution is significantly lower when punishment treatment is -1 compared to when punishment treatment is 0.
3242,https://data.cooperationdatabank.org/vocab/prop/PunishmentVariable,https://data.cooperationdatabank.org/vocab/prop/punishmentTreatment,Punishment treatment,https://data.cooperationdatabank.org/id/punishmenttreatment/-1,-1,https://data.cooperationdatabank.org/vocab/prop/punishmentTreatment,Punishment treatment,https://data.cooperationdatabank.org/id/punishmenttreatment/0,0,https://data.cooperationdatabank.org/id/dependentvariable/contributions,noEffect,test,0.0,negative,lower,1.0,0.5172413793103449,0.3448275862068966,0.13793103448275862,0.5172413793103449,Contribution is significantly lower when punishment treatment is -1 compared to when punishment treatment is 0.
2922,https://data.cooperationdatabank.org/vocab/prop/PunishmentVariable,https://data.cooperationdatabank.org/vocab/prop/punishmentTreatment,Punishment treatment,https://data.cooperationdatabank.org/id/punishmenttreatment/-1,-1,https://data.cooperationdatabank.org/vocab/prop/punishmentTreatment,Punishment treatment,https://data.cooperationdatabank.org/id/punishmenttreatment/0,0,https://data.cooperationdatabank.org/id/dependentvariable/contributions,noEffect,test,0.0,negative,lower,1.0,0.5172413793103449,0.3448275862068966,0.13793103448275862,0.5172413793103449,Contribution is significantly lower when punishment treatment is -1 compared to when punishment treatment is 0.
