,giv_prop,iv,iv_label,cat_t1,cat_t1_label,iv.1,iv_label.1,cat_t2,cat_t2_label,dependent,effect,td,pred_num,pred_readable,comparative,pred_true,score_0,score_1,score_2,max_score,hypothesis
2762,https://data.cooperationdatabank.org/vocab/prop/ReputationVariable,https://data.cooperationdatabank.org/vocab/prop/anonymityManipul,Anonymity manipulation,https://data.cooperationdatabank.org/id/anonymitymanipul/high,High,https://data.cooperationdatabank.org/vocab/prop/anonymityManipul,Anonymity manipulation,https://data.cooperationdatabank.org/id/anonymitymanipul/medium,Medium,https://data.cooperationdatabank.org/id/dependentvariable/contributions,negative,test,0.0,negative,lower,0.0,0.7142857142857143,0.2857142857142857,0.0,0.7142857142857143,Contribution is significantly lower when anonymity manipulation is high compared to when anonymity manipulation is medium.
1861,https://data.cooperationdatabank.org/vocab/prop/ReputationVariable,https://data.cooperationdatabank.org/vocab/prop/anonymityManipul,Anonymity manipulation,https://data.cooperationdatabank.org/id/anonymitymanipul/high,High,https://data.cooperationdatabank.org/vocab/prop/anonymityManipul,Anonymity manipulation,https://data.cooperationdatabank.org/id/anonymitymanipul/medium,Medium,https://data.cooperationdatabank.org/id/dependentvariable/cooperation,negative,test,0.0,negative,lower,0.0,0.7142857142857143,0.2857142857142857,0.0,0.7142857142857143,Cooperation is significantly lower when anonymity manipulation is high compared to when anonymity manipulation is medium.
178,https://data.cooperationdatabank.org/vocab/prop/ReputationVariable,https://data.cooperationdatabank.org/vocab/prop/gossip,Gossip,https://data.cooperationdatabank.org/id/gossip/absent,Absent,https://data.cooperationdatabank.org/vocab/prop/gossip,Gossip,https://data.cooperationdatabank.org/id/gossip/present,Present,https://data.cooperationdatabank.org/id/dependentvariable/cooperation,noEffect,test,0.0,negative,lower,1.0,0.6666666666666666,0.3333333333333333,0.0,0.6666666666666666,Cooperation is significantly lower when gossip is absent compared to when gossip is present.
207,https://data.cooperationdatabank.org/vocab/prop/ReputationVariable,https://data.cooperationdatabank.org/vocab/prop/anonymityManipul,Anonymity manipulation,https://data.cooperationdatabank.org/id/anonymitymanipul/high,High,https://data.cooperationdatabank.org/vocab/prop/anonymityManipul,Anonymity manipulation,https://data.cooperationdatabank.org/id/anonymitymanipul/low,Low,https://data.cooperationdatabank.org/id/dependentvariable/contributions,noEffect,test,0.0,negative,lower,1.0,0.6086956521739131,0.21739130434782608,0.17391304347826086,0.6086956521739131,Contribution is significantly lower when anonymity manipulation is high compared to when anonymity manipulation is low.
2729,https://data.cooperationdatabank.org/vocab/prop/ReputationVariable,https://data.cooperationdatabank.org/vocab/prop/anonymityManipul,Anonymity manipulation,https://data.cooperationdatabank.org/id/anonymitymanipul/high,High,https://data.cooperationdatabank.org/vocab/prop/anonymityManipul,Anonymity manipulation,https://data.cooperationdatabank.org/id/anonymitymanipul/low,Low,https://data.cooperationdatabank.org/id/dependentvariable/contributions,negative,test,0.0,negative,lower,0.0,0.6086956521739131,0.21739130434782608,0.17391304347826086,0.6086956521739131,Contribution is significantly lower when anonymity manipulation is high compared to when anonymity manipulation is low.
1653,https://data.cooperationdatabank.org/vocab/prop/ReputationVariable,https://data.cooperationdatabank.org/vocab/prop/anonymityManipul,Anonymity manipulation,https://data.cooperationdatabank.org/id/anonymitymanipul/high,Low,https://data.cooperationdatabank.org/vocab/prop/anonymityManipul,Anonymity manipulation,https://data.cooperationdatabank.org/id/anonymitymanipul/low,High,https://data.cooperationdatabank.org/id/dependentvariable/contributions,negative,test,0.0,negative,lower,0.0,0.6086956521739131,0.21739130434782608,0.17391304347826086,0.6086956521739131,Contribution is significantly lower when anonymity manipulation is low compared to when anonymity manipulation is high.
3167,https://data.cooperationdatabank.org/vocab/prop/ReputationVariable,https://data.cooperationdatabank.org/vocab/prop/anonymityManipul,Anonymity manipulation,https://data.cooperationdatabank.org/id/anonymitymanipul/high,Low,https://data.cooperationdatabank.org/vocab/prop/anonymityManipul,Anonymity manipulation,https://data.cooperationdatabank.org/id/anonymitymanipul/low,High,https://data.cooperationdatabank.org/id/dependentvariable/contributions,positive,test,0.0,negative,lower,2.0,0.6086956521739131,0.21739130434782608,0.17391304347826086,0.6086956521739131,Contribution is significantly lower when anonymity manipulation is low compared to when anonymity manipulation is high.
553,https://data.cooperationdatabank.org/vocab/prop/ReputationVariable,https://data.cooperationdatabank.org/vocab/prop/partnerSelection,Partner selection,https://data.cooperationdatabank.org/id/partnerselection/present,absent,https://data.cooperationdatabank.org/vocab/prop/partnerSelection,Partner selection,https://data.cooperationdatabank.org/id/partnerselection/absent,present,https://data.cooperationdatabank.org/id/dependentvariable/cooperation,negative,test,0.0,negative,lower,0.0,0.5,0.5,0.0,0.5,Cooperation is significantly lower when partner selection is absent compared to when partner selection is present.
