,giv_prop,iv,iv_label,cat_t1,cat_t1_label,iv.1,iv_label.1,cat_t2,cat_t2_label,dependent,effect,td,pred_num,pred_readable,comparative,pred_true,score_0,score_1,score_2,max_score,hypothesis
306,https://data.cooperationdatabank.org/vocab/prop/RewardVariable,https://data.cooperationdatabank.org/vocab/prop/rewardTreatment,Reward treatment,https://data.cooperationdatabank.org/id/rewardtreatment/1,-1,https://data.cooperationdatabank.org/vocab/prop/rewardTreatment,Reward treatment,https://data.cooperationdatabank.org/id/rewardtreatment/-1,1,https://data.cooperationdatabank.org/id/dependentvariable/contributions,positive,test,2.0,positive,higher,2.0,0.14285714285714285,0.14285714285714285,0.7142857142857143,0.7142857142857143,Contribution is significantly higher when reward treatment is -1 compared to when reward treatment is 1.
1020,https://data.cooperationdatabank.org/vocab/prop/RewardVariable,https://data.cooperationdatabank.org/vocab/prop/rewardTreatment,Reward treatment,https://data.cooperationdatabank.org/id/rewardtreatment/1,-1,https://data.cooperationdatabank.org/vocab/prop/rewardTreatment,Reward treatment,https://data.cooperationdatabank.org/id/rewardtreatment/-1,1,https://data.cooperationdatabank.org/id/dependentvariable/contributions,negative,test,2.0,positive,higher,0.0,0.14285714285714285,0.14285714285714285,0.7142857142857143,0.7142857142857143,Contribution is significantly higher when reward treatment is -1 compared to when reward treatment is 1.
829,https://data.cooperationdatabank.org/vocab/prop/RewardVariable,https://data.cooperationdatabank.org/vocab/prop/rewardTreatment,Reward treatment,https://data.cooperationdatabank.org/id/rewardtreatment/1,-1,https://data.cooperationdatabank.org/vocab/prop/rewardTreatment,Reward treatment,https://data.cooperationdatabank.org/id/rewardtreatment/-1,1,https://data.cooperationdatabank.org/id/dependentvariable/contributions,positive,test,2.0,positive,higher,2.0,0.14285714285714285,0.14285714285714285,0.7142857142857143,0.7142857142857143,Contribution is significantly higher when reward treatment is -1 compared to when reward treatment is 1.
3239,https://data.cooperationdatabank.org/vocab/prop/RewardVariable,https://data.cooperationdatabank.org/vocab/prop/rewardTreatment,Reward treatment,https://data.cooperationdatabank.org/id/rewardtreatment/1,-1,https://data.cooperationdatabank.org/vocab/prop/rewardTreatment,Reward treatment,https://data.cooperationdatabank.org/id/rewardtreatment/-1,1,https://data.cooperationdatabank.org/id/dependentvariable/contributions,negative,test,2.0,positive,higher,0.0,0.14285714285714285,0.14285714285714285,0.7142857142857143,0.7142857142857143,Contribution is significantly higher when reward treatment is -1 compared to when reward treatment is 1.
831,https://data.cooperationdatabank.org/vocab/prop/RewardVariable,https://data.cooperationdatabank.org/vocab/prop/rewardRule,Reward rule,https://data.cooperationdatabank.org/id/rewardrule/contribution-based,Contribution-based,https://data.cooperationdatabank.org/vocab/prop/rewardRule,Reward rule,https://data.cooperationdatabank.org/id/rewardrule/rank-based,Rank-based,https://data.cooperationdatabank.org/id/dependentvariable/contributions,noEffect,test,0.0,negative,lower,1.0,0.6,0.4,0.0,0.6,Contribution is significantly lower when reward rule is contribution-based compared to when reward rule is rank-based.
2068,https://data.cooperationdatabank.org/vocab/prop/RewardVariable,https://data.cooperationdatabank.org/vocab/prop/rewardRule,Reward rule,https://data.cooperationdatabank.org/id/rewardrule/contribution-based,Rank-based,https://data.cooperationdatabank.org/vocab/prop/rewardRule,Reward rule,https://data.cooperationdatabank.org/id/rewardrule/rank-based,Contribution-based,https://data.cooperationdatabank.org/id/dependentvariable/contributions,negative,test,0.0,negative,lower,0.0,0.6,0.4,0.0,0.6,Contribution is significantly lower when reward rule is rank-based compared to when reward rule is contribution-based.
137,https://data.cooperationdatabank.org/vocab/prop/RewardVariable,https://data.cooperationdatabank.org/vocab/prop/rewardTreatment,Reward treatment,https://data.cooperationdatabank.org/id/rewardtreatment/1,1,https://data.cooperationdatabank.org/vocab/prop/rewardTreatment,Reward treatment,https://data.cooperationdatabank.org/id/rewardtreatment/0,0,https://data.cooperationdatabank.org/id/dependentvariable/contributions,noEffect,test,0.0,negative,lower,1.0,0.5483870967741935,0.16129032258064516,0.2903225806451613,0.5483870967741935,Contribution is significantly lower when reward treatment is 1 compared to when reward treatment is 0.
141,https://data.cooperationdatabank.org/vocab/prop/RewardVariable,https://data.cooperationdatabank.org/vocab/prop/rewardTreatment,Reward treatment,https://data.cooperationdatabank.org/id/rewardtreatment/1,1,https://data.cooperationdatabank.org/vocab/prop/rewardTreatment,Reward treatment,https://data.cooperationdatabank.org/id/rewardtreatment/0,0,https://data.cooperationdatabank.org/id/dependentvariable/contributions,noEffect,test,0.0,negative,lower,1.0,0.5483870967741935,0.16129032258064516,0.2903225806451613,0.5483870967741935,Contribution is significantly lower when reward treatment is 1 compared to when reward treatment is 0.
762,https://data.cooperationdatabank.org/vocab/prop/RewardVariable,https://data.cooperationdatabank.org/vocab/prop/rewardTreatment,Reward treatment,https://data.cooperationdatabank.org/id/rewardtreatment/1,1,https://data.cooperationdatabank.org/vocab/prop/rewardTreatment,Reward treatment,https://data.cooperationdatabank.org/id/rewardtreatment/0,0,https://data.cooperationdatabank.org/id/dependentvariable/contributions,noEffect,test,0.0,negative,lower,1.0,0.5483870967741935,0.16129032258064516,0.2903225806451613,0.5483870967741935,Contribution is significantly lower when reward treatment is 1 compared to when reward treatment is 0.
3050,https://data.cooperationdatabank.org/vocab/prop/RewardVariable,https://data.cooperationdatabank.org/vocab/prop/rewardTreatment,Reward treatment,https://data.cooperationdatabank.org/id/rewardtreatment/1,1,https://data.cooperationdatabank.org/vocab/prop/rewardTreatment,Reward treatment,https://data.cooperationdatabank.org/id/rewardtreatment/0,0,https://data.cooperationdatabank.org/id/dependentvariable/contributions,positive,test,0.0,negative,lower,2.0,0.5483870967741935,0.16129032258064516,0.2903225806451613,0.5483870967741935,Contribution is significantly lower when reward treatment is 1 compared to when reward treatment is 0.
3247,https://data.cooperationdatabank.org/vocab/prop/RewardVariable,https://data.cooperationdatabank.org/vocab/prop/rewardTreatment,Reward treatment,https://data.cooperationdatabank.org/id/rewardtreatment/1,1,https://data.cooperationdatabank.org/vocab/prop/rewardTreatment,Reward treatment,https://data.cooperationdatabank.org/id/rewardtreatment/0,0,https://data.cooperationdatabank.org/id/dependentvariable/contributions,noEffect,test,0.0,negative,lower,1.0,0.5483870967741935,0.16129032258064516,0.2903225806451613,0.5483870967741935,Contribution is significantly lower when reward treatment is 1 compared to when reward treatment is 0.
