,giv_prop,iv,iv_label,cat_t1,cat_t1_label,iv.1,iv_label.1,cat_t2,cat_t2_label,dependent,effect,td,pred_num,pred_readable,comparative,pred_true,score_0,score_1,score_2,max_score,hypothesis
1465,https://data.cooperationdatabank.org/vocab/prop/UncertaintyVariable,https://data.cooperationdatabank.org/vocab/prop/uncertaintyLevel,Uncertainty level,https://data.cooperationdatabank.org/id/uncertaintylevel/medium,Medium,https://data.cooperationdatabank.org/vocab/prop/uncertaintyLevel,Uncertainty level,https://data.cooperationdatabank.org/id/uncertaintylevel/high,High,https://data.cooperationdatabank.org/id/dependentvariable/contributions,noEffect,test,2.0,positive,higher,1.0,0.0,0.4,0.6,0.6,Contribution is significantly higher when uncertainty level is medium compared to when uncertainty level is high.
295,https://data.cooperationdatabank.org/vocab/prop/UncertaintyVariable,https://data.cooperationdatabank.org/vocab/prop/uncertaintyLevel,Uncertainty level,https://data.cooperationdatabank.org/id/uncertaintylevel/low,Low,https://data.cooperationdatabank.org/vocab/prop/uncertaintyLevel,Uncertainty level,https://data.cooperationdatabank.org/id/uncertaintylevel/high,High,https://data.cooperationdatabank.org/id/dependentvariable/contributions,positive,test,2.0,positive,higher,2.0,0.05405405405405406,0.43243243243243246,0.5135135135135135,0.5135135135135135,Contribution is significantly higher when uncertainty level is low compared to when uncertainty level is high.
507,https://data.cooperationdatabank.org/vocab/prop/UncertaintyVariable,https://data.cooperationdatabank.org/vocab/prop/uncertaintyLevel,Uncertainty level,https://data.cooperationdatabank.org/id/uncertaintylevel/low,High,https://data.cooperationdatabank.org/vocab/prop/uncertaintyLevel,Uncertainty level,https://data.cooperationdatabank.org/id/uncertaintylevel/high,Low,https://data.cooperationdatabank.org/id/dependentvariable/contributions,positive,test,2.0,positive,higher,2.0,0.05405405405405406,0.43243243243243246,0.5135135135135135,0.5135135135135135,Contribution is significantly higher when uncertainty level is high compared to when uncertainty level is low.
1457,https://data.cooperationdatabank.org/vocab/prop/UncertaintyVariable,https://data.cooperationdatabank.org/vocab/prop/uncertaintyLevel,Uncertainty level,https://data.cooperationdatabank.org/id/uncertaintylevel/low,Medium,https://data.cooperationdatabank.org/vocab/prop/uncertaintyLevel,Uncertainty level,https://data.cooperationdatabank.org/id/uncertaintylevel/medium,Low,https://data.cooperationdatabank.org/id/dependentvariable/contributions,negative,test,2.0,positive,higher,0.0,0.3333333333333333,0.16666666666666666,0.5,0.5,Contribution is significantly higher when uncertainty level is medium compared to when uncertainty level is low.
1394,https://data.cooperationdatabank.org/vocab/prop/UncertaintyVariable,https://data.cooperationdatabank.org/vocab/prop/uncertaintyTarget,Uncertainty target,https://data.cooperationdatabank.org/id/uncertaintytarget/return_from_public_account,Return from public account,https://data.cooperationdatabank.org/vocab/prop/uncertaintyTarget,Uncertainty target,https://data.cooperationdatabank.org/id/uncertaintytarget/return_from_private_account,Return from private account,https://data.cooperationdatabank.org/id/dependentvariable/contributions,negative,test,0.0,negative,lower,0.0,0.4827586206896552,0.13793103448275862,0.3793103448275862,0.4827586206896552,Contribution is significantly lower when uncertainty target is return from public account compared to when uncertainty target is return from private account.
1402,https://data.cooperationdatabank.org/vocab/prop/UncertaintyVariable,https://data.cooperationdatabank.org/vocab/prop/uncertaintyTarget,Uncertainty target,https://data.cooperationdatabank.org/id/uncertaintytarget/return_from_public_account,Return from public account,https://data.cooperationdatabank.org/vocab/prop/uncertaintyTarget,Uncertainty target,https://data.cooperationdatabank.org/id/uncertaintytarget/return_from_private_account,Return from private account,https://data.cooperationdatabank.org/id/dependentvariable/contributions,positive,test,0.0,negative,lower,2.0,0.4827586206896552,0.13793103448275862,0.3793103448275862,0.4827586206896552,Contribution is significantly lower when uncertainty target is return from public account compared to when uncertainty target is return from private account.
1435,https://data.cooperationdatabank.org/vocab/prop/UncertaintyVariable,https://data.cooperationdatabank.org/vocab/prop/uncertaintyTarget,Uncertainty target,https://data.cooperationdatabank.org/id/uncertaintytarget/return_from_public_account,Return from public account,https://data.cooperationdatabank.org/vocab/prop/uncertaintyTarget,Uncertainty target,https://data.cooperationdatabank.org/id/uncertaintytarget/return_from_private_account,Return from private account,https://data.cooperationdatabank.org/id/dependentvariable/contributions,noEffect,test,0.0,negative,lower,1.0,0.4827586206896552,0.13793103448275862,0.3793103448275862,0.4827586206896552,Contribution is significantly lower when uncertainty target is return from public account compared to when uncertainty target is return from private account.
1406,https://data.cooperationdatabank.org/vocab/prop/UncertaintyVariable,https://data.cooperationdatabank.org/vocab/prop/uncertaintyTarget,Uncertainty target,https://data.cooperationdatabank.org/id/uncertaintytarget/return_from_public_account,Return from public account,https://data.cooperationdatabank.org/vocab/prop/uncertaintyTarget,Uncertainty target,https://data.cooperationdatabank.org/id/uncertaintytarget/return_from_private_account,Return from private account,https://data.cooperationdatabank.org/id/dependentvariable/contributions,noEffect,test,0.0,negative,lower,1.0,0.4827586206896552,0.13793103448275862,0.3793103448275862,0.4827586206896552,Contribution is significantly lower when uncertainty target is return from public account compared to when uncertainty target is return from private account.
1454,https://data.cooperationdatabank.org/vocab/prop/UncertaintyVariable,https://data.cooperationdatabank.org/vocab/prop/uncertaintyTarget,Uncertainty target,https://data.cooperationdatabank.org/id/uncertaintytarget/return_from_public_account,Return from public account,https://data.cooperationdatabank.org/vocab/prop/uncertaintyTarget,Uncertainty target,https://data.cooperationdatabank.org/id/uncertaintytarget/return_from_private_account,Return from private account,https://data.cooperationdatabank.org/id/dependentvariable/contributions,positive,test,0.0,negative,lower,2.0,0.4827586206896552,0.13793103448275862,0.3793103448275862,0.4827586206896552,Contribution is significantly lower when uncertainty target is return from public account compared to when uncertainty target is return from private account.
1478,https://data.cooperationdatabank.org/vocab/prop/UncertaintyVariable,https://data.cooperationdatabank.org/vocab/prop/uncertaintyTarget,Uncertainty target,https://data.cooperationdatabank.org/id/uncertaintytarget/return_from_public_account,Return from private account,https://data.cooperationdatabank.org/vocab/prop/uncertaintyTarget,Uncertainty target,https://data.cooperationdatabank.org/id/uncertaintytarget/return_from_private_account,Return from public account,https://data.cooperationdatabank.org/id/dependentvariable/contributions,positive,test,0.0,negative,lower,2.0,0.4827586206896552,0.13793103448275862,0.3793103448275862,0.4827586206896552,Contribution is significantly lower when uncertainty target is return from private account compared to when uncertainty target is return from public account.
