,giv_prop,iv,iv_label,cat_t1,cat_t1_label,iv.1,iv_label.1,cat_t2,cat_t2_label,dependent,effect,td,pred_num,pred_readable,comparative,pred_true,score_0,score_1,score_2,max_score,hypothesis
603,https://data.cooperationdatabank.org/vocab/prop/Degree_of_conflicting_interestsVariable,https://data.cooperationdatabank.org/vocab/prop/conflictIndexLevel,Conflict level,https://data.cooperationdatabank.org/id/conflictindexlevel/high,Low,https://data.cooperationdatabank.org/vocab/prop/conflictIndexLevel,Conflict level,https://data.cooperationdatabank.org/id/conflictindexlevel/low,High,https://data.cooperationdatabank.org/id/dependentvariable/contributions,negative,test,0.0,negative,lower,0.0,0.75,0.25,0.0,0.75,Contribution is significantly lower when conflict level is low compared to when conflict level is high.
359,https://data.cooperationdatabank.org/vocab/prop/Degree_of_conflicting_interestsVariable,https://data.cooperationdatabank.org/vocab/prop/conflictIndexLevel,Conflict level,https://data.cooperationdatabank.org/id/conflictindexlevel/high,Low,https://data.cooperationdatabank.org/vocab/prop/conflictIndexLevel,Conflict level,https://data.cooperationdatabank.org/id/conflictindexlevel/low,High,https://data.cooperationdatabank.org/id/dependentvariable/cooperation,positive,test,0.0,negative,lower,2.0,0.7058823529411765,0.19607843137254902,0.09803921568627451,0.7058823529411765,Cooperation is significantly lower when conflict level is low compared to when conflict level is high.
435,https://data.cooperationdatabank.org/vocab/prop/Degree_of_conflicting_interestsVariable,https://data.cooperationdatabank.org/vocab/prop/conflictIndexLevel,Conflict level,https://data.cooperationdatabank.org/id/conflictindexlevel/high,High,https://data.cooperationdatabank.org/vocab/prop/conflictIndexLevel,Conflict level,https://data.cooperationdatabank.org/id/conflictindexlevel/low,Low,https://data.cooperationdatabank.org/id/dependentvariable/cooperation,noEffect,test,0.0,negative,lower,1.0,0.7058823529411765,0.19607843137254902,0.09803921568627451,0.7058823529411765,Cooperation is significantly lower when conflict level is high compared to when conflict level is low.
658,https://data.cooperationdatabank.org/vocab/prop/Degree_of_conflicting_interestsVariable,https://data.cooperationdatabank.org/vocab/prop/conflictIndexLevel,Conflict level,https://data.cooperationdatabank.org/id/conflictindexlevel/high,Low,https://data.cooperationdatabank.org/vocab/prop/conflictIndexLevel,Conflict level,https://data.cooperationdatabank.org/id/conflictindexlevel/low,High,https://data.cooperationdatabank.org/id/dependentvariable/cooperation,negative,test,0.0,negative,lower,0.0,0.7058823529411765,0.19607843137254902,0.09803921568627451,0.7058823529411765,Cooperation is significantly lower when conflict level is low compared to when conflict level is high.
495,https://data.cooperationdatabank.org/vocab/prop/Degree_of_conflicting_interestsVariable,https://data.cooperationdatabank.org/vocab/prop/conflictIndexLevel,Conflict level,https://data.cooperationdatabank.org/id/conflictindexlevel/high,High,https://data.cooperationdatabank.org/vocab/prop/conflictIndexLevel,Conflict level,https://data.cooperationdatabank.org/id/conflictindexlevel/low,Low,https://data.cooperationdatabank.org/id/dependentvariable/cooperation,noEffect,test,0.0,negative,lower,1.0,0.7058823529411765,0.19607843137254902,0.09803921568627451,0.7058823529411765,Cooperation is significantly lower when conflict level is high compared to when conflict level is low.
2894,https://data.cooperationdatabank.org/vocab/prop/Degree_of_conflicting_interestsVariable,https://data.cooperationdatabank.org/vocab/prop/conflictIndexLevel,Conflict level,https://data.cooperationdatabank.org/id/conflictindexlevel/high,High,https://data.cooperationdatabank.org/vocab/prop/conflictIndexLevel,Conflict level,https://data.cooperationdatabank.org/id/conflictindexlevel/low,Low,https://data.cooperationdatabank.org/id/dependentvariable/cooperation,negative,test,0.0,negative,lower,0.0,0.7058823529411765,0.19607843137254902,0.09803921568627451,0.7058823529411765,Cooperation is significantly lower when conflict level is high compared to when conflict level is low.
2453,https://data.cooperationdatabank.org/vocab/prop/Degree_of_conflicting_interestsVariable,https://data.cooperationdatabank.org/vocab/prop/conflictIndexLevel,Conflict level,https://data.cooperationdatabank.org/id/conflictindexlevel/high,Low,https://data.cooperationdatabank.org/vocab/prop/conflictIndexLevel,Conflict level,https://data.cooperationdatabank.org/id/conflictindexlevel/low,High,https://data.cooperationdatabank.org/id/dependentvariable/cooperation,negative,test,0.0,negative,lower,0.0,0.7058823529411765,0.19607843137254902,0.09803921568627451,0.7058823529411765,Cooperation is significantly lower when conflict level is low compared to when conflict level is high.
3144,https://data.cooperationdatabank.org/vocab/prop/Degree_of_conflicting_interestsVariable,https://data.cooperationdatabank.org/vocab/prop/conflictIndexLevel,Conflict level,https://data.cooperationdatabank.org/id/conflictindexlevel/high,High,https://data.cooperationdatabank.org/vocab/prop/conflictIndexLevel,Conflict level,https://data.cooperationdatabank.org/id/conflictindexlevel/low,Low,https://data.cooperationdatabank.org/id/dependentvariable/cooperation,noEffect,test,0.0,negative,lower,1.0,0.7058823529411765,0.19607843137254902,0.09803921568627451,0.7058823529411765,Cooperation is significantly lower when conflict level is high compared to when conflict level is low.
2893,https://data.cooperationdatabank.org/vocab/prop/Degree_of_conflicting_interestsVariable,https://data.cooperationdatabank.org/vocab/prop/conflictIndexLevel,Conflict level,https://data.cooperationdatabank.org/id/conflictindexlevel/high,High,https://data.cooperationdatabank.org/vocab/prop/conflictIndexLevel,Conflict level,https://data.cooperationdatabank.org/id/conflictindexlevel/low,Low,https://data.cooperationdatabank.org/id/dependentvariable/cooperation,noEffect,test,0.0,negative,lower,1.0,0.7058823529411765,0.19607843137254902,0.09803921568627451,0.7058823529411765,Cooperation is significantly lower when conflict level is high compared to when conflict level is low.
2033,https://data.cooperationdatabank.org/vocab/prop/Degree_of_conflicting_interestsVariable,https://data.cooperationdatabank.org/vocab/prop/conflictIndexLevel,Conflict level,https://data.cooperationdatabank.org/id/conflictindexlevel/high,Medium,https://data.cooperationdatabank.org/vocab/prop/conflictIndexLevel,Conflict level,https://data.cooperationdatabank.org/id/conflictindexlevel/medium,High,https://data.cooperationdatabank.org/id/dependentvariable/cooperation,negative,test,0.0,negative,lower,0.0,0.5434782608695652,0.2608695652173913,0.1956521739130435,0.5434782608695652,Cooperation is significantly lower when conflict level is medium compared to when conflict level is high.
3143,https://data.cooperationdatabank.org/vocab/prop/Degree_of_conflicting_interestsVariable,https://data.cooperationdatabank.org/vocab/prop/conflictIndexLevel,Conflict level,https://data.cooperationdatabank.org/id/conflictindexlevel/high,High,https://data.cooperationdatabank.org/vocab/prop/conflictIndexLevel,Conflict level,https://data.cooperationdatabank.org/id/conflictindexlevel/medium,Medium,https://data.cooperationdatabank.org/id/dependentvariable/cooperation,noEffect,test,0.0,negative,lower,1.0,0.5434782608695652,0.2608695652173913,0.1956521739130435,0.5434782608695652,Cooperation is significantly lower when conflict level is high compared to when conflict level is medium.
653,https://data.cooperationdatabank.org/vocab/prop/Degree_of_conflicting_interestsVariable,https://data.cooperationdatabank.org/vocab/prop/conflictIndexLevel,Conflict level,https://data.cooperationdatabank.org/id/conflictindexlevel/high,High,https://data.cooperationdatabank.org/vocab/prop/conflictIndexLevel,Conflict level,https://data.cooperationdatabank.org/id/conflictindexlevel/medium,Medium,https://data.cooperationdatabank.org/id/dependentvariable/cooperation,negative,test,0.0,negative,lower,0.0,0.5434782608695652,0.2608695652173913,0.1956521739130435,0.5434782608695652,Cooperation is significantly lower when conflict level is high compared to when conflict level is medium.
373,https://data.cooperationdatabank.org/vocab/prop/Degree_of_conflicting_interestsVariable,https://data.cooperationdatabank.org/vocab/prop/conflictIndexLevel,Conflict level,https://data.cooperationdatabank.org/id/conflictindexlevel/high,High,https://data.cooperationdatabank.org/vocab/prop/conflictIndexLevel,Conflict level,https://data.cooperationdatabank.org/id/conflictindexlevel/medium,Medium,https://data.cooperationdatabank.org/id/dependentvariable/cooperation,noEffect,test,0.0,negative,lower,1.0,0.5434782608695652,0.2608695652173913,0.1956521739130435,0.5434782608695652,Cooperation is significantly lower when conflict level is high compared to when conflict level is medium.
370,https://data.cooperationdatabank.org/vocab/prop/Degree_of_conflicting_interestsVariable,https://data.cooperationdatabank.org/vocab/prop/conflictIndexLevel,Conflict level,https://data.cooperationdatabank.org/id/conflictindexlevel/high,High,https://data.cooperationdatabank.org/vocab/prop/conflictIndexLevel,Conflict level,https://data.cooperationdatabank.org/id/conflictindexlevel/medium,Medium,https://data.cooperationdatabank.org/id/dependentvariable/cooperation,noEffect,test,0.0,negative,lower,1.0,0.5434782608695652,0.2608695652173913,0.1956521739130435,0.5434782608695652,Cooperation is significantly lower when conflict level is high compared to when conflict level is medium.
2091,https://data.cooperationdatabank.org/vocab/prop/Degree_of_conflicting_interestsVariable,https://data.cooperationdatabank.org/vocab/prop/conflictIndexLevel,Conflict level,https://data.cooperationdatabank.org/id/conflictindexlevel/high,Medium,https://data.cooperationdatabank.org/vocab/prop/conflictIndexLevel,Conflict level,https://data.cooperationdatabank.org/id/conflictindexlevel/medium,High,https://data.cooperationdatabank.org/id/dependentvariable/cooperation,negative,test,0.0,negative,lower,0.0,0.5434782608695652,0.2608695652173913,0.1956521739130435,0.5434782608695652,Cooperation is significantly lower when conflict level is medium compared to when conflict level is high.
329,https://data.cooperationdatabank.org/vocab/prop/Degree_of_conflicting_interestsVariable,https://data.cooperationdatabank.org/vocab/prop/conflictIndex,Conflict index,https://data.cooperationdatabank.org/id/conflictindex/k_index,K index,https://data.cooperationdatabank.org/vocab/prop/conflictIndex,Conflict index,https://data.cooperationdatabank.org/id/conflictindex/g_index,g index,https://data.cooperationdatabank.org/id/dependentvariable/cooperation,negative,test,2.0,positive,higher,0.0,0.23076923076923078,0.2692307692307692,0.5,0.5,Cooperation is significantly higher when conflict index is k index compared to when conflict index is g index.
334,https://data.cooperationdatabank.org/vocab/prop/Degree_of_conflicting_interestsVariable,https://data.cooperationdatabank.org/vocab/prop/conflictIndex,Conflict index,https://data.cooperationdatabank.org/id/conflictindex/k_index,K index,https://data.cooperationdatabank.org/vocab/prop/conflictIndex,Conflict index,https://data.cooperationdatabank.org/id/conflictindex/g_index,g index,https://data.cooperationdatabank.org/id/dependentvariable/cooperation,noEffect,test,2.0,positive,higher,1.0,0.23076923076923078,0.2692307692307692,0.5,0.5,Cooperation is significantly higher when conflict index is k index compared to when conflict index is g index.
339,https://data.cooperationdatabank.org/vocab/prop/Degree_of_conflicting_interestsVariable,https://data.cooperationdatabank.org/vocab/prop/conflictIndex,Conflict index,https://data.cooperationdatabank.org/id/conflictindex/k_index,K index,https://data.cooperationdatabank.org/vocab/prop/conflictIndex,Conflict index,https://data.cooperationdatabank.org/id/conflictindex/g_index,g index,https://data.cooperationdatabank.org/id/dependentvariable/cooperation,negative,test,2.0,positive,higher,0.0,0.23076923076923078,0.2692307692307692,0.5,0.5,Cooperation is significantly higher when conflict index is k index compared to when conflict index is g index.
345,https://data.cooperationdatabank.org/vocab/prop/Degree_of_conflicting_interestsVariable,https://data.cooperationdatabank.org/vocab/prop/conflictIndex,Conflict index,https://data.cooperationdatabank.org/id/conflictindex/k_index,g index,https://data.cooperationdatabank.org/vocab/prop/conflictIndex,Conflict index,https://data.cooperationdatabank.org/id/conflictindex/g_index,K index,https://data.cooperationdatabank.org/id/dependentvariable/cooperation,positive,test,2.0,positive,higher,2.0,0.23076923076923078,0.2692307692307692,0.5,0.5,Cooperation is significantly higher when conflict index is g index compared to when conflict index is k index.
333,https://data.cooperationdatabank.org/vocab/prop/Degree_of_conflicting_interestsVariable,https://data.cooperationdatabank.org/vocab/prop/conflictIndexLevel,Conflict level,https://data.cooperationdatabank.org/id/conflictindexlevel/medium,Medium,https://data.cooperationdatabank.org/vocab/prop/conflictIndexLevel,Conflict level,https://data.cooperationdatabank.org/id/conflictindexlevel/low,Low,https://data.cooperationdatabank.org/id/dependentvariable/cooperation,negative,test,0.0,negative,lower,0.0,0.4864864864864865,0.4594594594594595,0.05405405405405406,0.4864864864864865,Cooperation is significantly lower when conflict level is medium compared to when conflict level is low.
1179,https://data.cooperationdatabank.org/vocab/prop/Degree_of_conflicting_interestsVariable,https://data.cooperationdatabank.org/vocab/prop/conflictIndexLevel,Conflict level,https://data.cooperationdatabank.org/id/conflictindexlevel/medium,Medium,https://data.cooperationdatabank.org/vocab/prop/conflictIndexLevel,Conflict level,https://data.cooperationdatabank.org/id/conflictindexlevel/low,Low,https://data.cooperationdatabank.org/id/dependentvariable/cooperation,noEffect,test,0.0,negative,lower,1.0,0.4864864864864865,0.4594594594594595,0.05405405405405406,0.4864864864864865,Cooperation is significantly lower when conflict level is medium compared to when conflict level is low.
3145,https://data.cooperationdatabank.org/vocab/prop/Degree_of_conflicting_interestsVariable,https://data.cooperationdatabank.org/vocab/prop/conflictIndexLevel,Conflict level,https://data.cooperationdatabank.org/id/conflictindexlevel/medium,Medium,https://data.cooperationdatabank.org/vocab/prop/conflictIndexLevel,Conflict level,https://data.cooperationdatabank.org/id/conflictindexlevel/low,Low,https://data.cooperationdatabank.org/id/dependentvariable/cooperation,noEffect,test,0.0,negative,lower,1.0,0.4864864864864865,0.4594594594594595,0.05405405405405406,0.4864864864864865,Cooperation is significantly lower when conflict level is medium compared to when conflict level is low.
