,giv_prop,iv,iv_label,cat_t1,cat_t1_label,iv.1,iv_label.1,cat_t2,cat_t2_label,dependent,effect,td,pred_num,pred_readable,comparative,pred_true,score_0,score_1,score_2,max_score,hypothesis
2514,https://data.cooperationdatabank.org/vocab/prop/FeedbackVariable,https://data.cooperationdatabank.org/vocab/prop/feedbackTarget,Feedback target,https://data.cooperationdatabank.org/id/feedbacktarget/individual,Absent,https://data.cooperationdatabank.org/vocab/prop/feedbackTarget,Feedback target,https://data.cooperationdatabank.org/id/feedbacktarget/absent,Individual,https://data.cooperationdatabank.org/id/dependentvariable/withdrawals,positive,test,0.0,negative,lower,2.0,0.8,0.0,0.2,0.8,Withdrawal is significantly lower when feedback target is absent compared to when feedback target is individual.
2761,https://data.cooperationdatabank.org/vocab/prop/FeedbackVariable,https://data.cooperationdatabank.org/vocab/prop/feedbackTarget,Feedback target,https://data.cooperationdatabank.org/id/feedbacktarget/individual,Other,https://data.cooperationdatabank.org/vocab/prop/feedbackTarget,Feedback target,https://data.cooperationdatabank.org/id/feedbacktarget/other,Individual,https://data.cooperationdatabank.org/id/dependentvariable/cooperation,negative,test,0.0,negative,lower,0.0,0.7142857142857143,0.14285714285714285,0.14285714285714285,0.7142857142857143,Cooperation is significantly lower when feedback target is other compared to when feedback target is individual.
2756,https://data.cooperationdatabank.org/vocab/prop/FeedbackVariable,https://data.cooperationdatabank.org/vocab/prop/feedbackTarget,Feedback target,https://data.cooperationdatabank.org/id/feedbacktarget/individual,Other,https://data.cooperationdatabank.org/vocab/prop/feedbackTarget,Feedback target,https://data.cooperationdatabank.org/id/feedbacktarget/other,Individual,https://data.cooperationdatabank.org/id/dependentvariable/cooperation,positive,test,0.0,negative,lower,2.0,0.7142857142857143,0.14285714285714285,0.14285714285714285,0.7142857142857143,Cooperation is significantly lower when feedback target is other compared to when feedback target is individual.
1574,https://data.cooperationdatabank.org/vocab/prop/FeedbackVariable,https://data.cooperationdatabank.org/vocab/prop/feedbackContent,Feedback content,https://data.cooperationdatabank.org/id/feedbackcontent/choice,Choice,https://data.cooperationdatabank.org/vocab/prop/feedbackContent,Feedback content,https://data.cooperationdatabank.org/id/feedbackcontent/others,Others,https://data.cooperationdatabank.org/id/dependentvariable/contributions,noEffect,test,0.0,negative,lower,1.0,0.6363636363636364,0.18181818181818182,0.18181818181818182,0.6363636363636364,Contribution is significantly lower when feedback content is choice compared to when feedback content is others.
36,https://data.cooperationdatabank.org/vocab/prop/FeedbackVariable,https://data.cooperationdatabank.org/vocab/prop/feedbackTarget,Feedback target,https://data.cooperationdatabank.org/id/feedbacktarget/other,Other,https://data.cooperationdatabank.org/vocab/prop/feedbackTarget,Feedback target,https://data.cooperationdatabank.org/id/feedbacktarget/absent,Absent,https://data.cooperationdatabank.org/id/dependentvariable/cooperation,noEffect,test,0.0,negative,lower,1.0,0.5555555555555556,0.2222222222222222,0.2222222222222222,0.5555555555555556,Cooperation is significantly lower when feedback target is other compared to when feedback target is absent.
2754,https://data.cooperationdatabank.org/vocab/prop/FeedbackVariable,https://data.cooperationdatabank.org/vocab/prop/feedbackTarget,Feedback target,https://data.cooperationdatabank.org/id/feedbacktarget/other,Absent,https://data.cooperationdatabank.org/vocab/prop/feedbackTarget,Feedback target,https://data.cooperationdatabank.org/id/feedbacktarget/absent,Other,https://data.cooperationdatabank.org/id/dependentvariable/cooperation,negative,test,0.0,negative,lower,0.0,0.5555555555555556,0.2222222222222222,0.2222222222222222,0.5555555555555556,Cooperation is significantly lower when feedback target is absent compared to when feedback target is other.
2392,https://data.cooperationdatabank.org/vocab/prop/FeedbackVariable,https://data.cooperationdatabank.org/vocab/prop/feedbackTarget,Feedback target,https://data.cooperationdatabank.org/id/feedbacktarget/network,Individual,https://data.cooperationdatabank.org/vocab/prop/feedbackTarget,Feedback target,https://data.cooperationdatabank.org/id/feedbacktarget/individual,Network,https://data.cooperationdatabank.org/id/dependentvariable/cooperation,positive,test,0.0,negative,lower,2.0,0.5,0.25,0.25,0.5,Cooperation is significantly lower when feedback target is individual compared to when feedback target is network.
2760,https://data.cooperationdatabank.org/vocab/prop/FeedbackVariable,https://data.cooperationdatabank.org/vocab/prop/feedbackTarget,Feedback target,https://data.cooperationdatabank.org/id/feedbacktarget/individual,Absent,https://data.cooperationdatabank.org/vocab/prop/feedbackTarget,Feedback target,https://data.cooperationdatabank.org/id/feedbacktarget/absent,Individual,https://data.cooperationdatabank.org/id/dependentvariable/cooperation,negative,test,2.0,positive,higher,0.0,0.2857142857142857,0.23809523809523808,0.47619047619047616,0.47619047619047616,Cooperation is significantly higher when feedback target is absent compared to when feedback target is individual.
1584,https://data.cooperationdatabank.org/vocab/prop/FeedbackVariable,https://data.cooperationdatabank.org/vocab/prop/feedbackContent,Feedback content,https://data.cooperationdatabank.org/id/feedbackcontent/choice,Rank,https://data.cooperationdatabank.org/vocab/prop/feedbackContent,Feedback content,https://data.cooperationdatabank.org/id/feedbackcontent/rank,Choice,https://data.cooperationdatabank.org/id/dependentvariable/contributions,positive,test,0.0,negative,lower,2.0,0.3333333333333333,0.3333333333333333,0.3333333333333333,0.3333333333333333,Contribution is significantly lower when feedback content is rank compared to when feedback content is choice.
