,giv_prop,iv,iv_label,cat_t1,cat_t1_label,iv.1,iv_label.1,cat_t2,cat_t2_label,dependent,effect,td,pred_num,pred_readable,comparative,pred_true,score_0,score_1,score_2,max_score,hypothesis
161,https://data.cooperationdatabank.org/vocab/prop/FramingVariable,https://data.cooperationdatabank.org/vocab/prop/contextFrame,Context frame,https://data.cooperationdatabank.org/id/contextframe/cooperative,Competitive,https://data.cooperationdatabank.org/vocab/prop/contextFrame,Context frame,https://data.cooperationdatabank.org/id/contextframe/competitive,Cooperative,https://data.cooperationdatabank.org/id/dependentvariable/cooperation,positive,test,2.0,positive,higher,2.0,0.10714285714285714,0.17857142857142858,0.7142857142857143,0.7142857142857143,Cooperation is significantly higher when context frame is competitive compared to when context frame is cooperative.
510,https://data.cooperationdatabank.org/vocab/prop/FramingVariable,https://data.cooperationdatabank.org/vocab/prop/giveTakeFrame,Give-Take frame,https://data.cooperationdatabank.org/id/givetakeframe/give-some,Give-some,https://data.cooperationdatabank.org/vocab/prop/giveTakeFrame,Give-Take frame,https://data.cooperationdatabank.org/id/givetakeframe/take-some,Take-some,https://data.cooperationdatabank.org/id/dependentvariable/contributions,noEffect,test,2.0,positive,higher,1.0,0.14285714285714285,0.14285714285714285,0.7142857142857143,0.7142857142857143,Contribution is significantly higher when give-take frame is give-some compared to when give-take frame is take-some.
1025,https://data.cooperationdatabank.org/vocab/prop/FramingVariable,https://data.cooperationdatabank.org/vocab/prop/contextFrame,Context frame,https://data.cooperationdatabank.org/id/contextframe/cooperative,Competitive,https://data.cooperationdatabank.org/vocab/prop/contextFrame,Context frame,https://data.cooperationdatabank.org/id/contextframe/competitive,Cooperative,https://data.cooperationdatabank.org/id/dependentvariable/cooperation,positive,test,2.0,positive,higher,2.0,0.10714285714285714,0.17857142857142858,0.7142857142857143,0.7142857142857143,Cooperation is significantly higher when context frame is competitive compared to when context frame is cooperative.
1029,https://data.cooperationdatabank.org/vocab/prop/FramingVariable,https://data.cooperationdatabank.org/vocab/prop/contextFrame,Context frame,https://data.cooperationdatabank.org/id/contextframe/cooperative,Competitive,https://data.cooperationdatabank.org/vocab/prop/contextFrame,Context frame,https://data.cooperationdatabank.org/id/contextframe/competitive,Cooperative,https://data.cooperationdatabank.org/id/dependentvariable/cooperation,positive,test,2.0,positive,higher,2.0,0.10714285714285714,0.17857142857142858,0.7142857142857143,0.7142857142857143,Cooperation is significantly higher when context frame is competitive compared to when context frame is cooperative.
2607,https://data.cooperationdatabank.org/vocab/prop/FramingVariable,https://data.cooperationdatabank.org/vocab/prop/contextFrame,Context frame,https://data.cooperationdatabank.org/id/contextframe/cooperative,Generic,https://data.cooperationdatabank.org/vocab/prop/contextFrame,Context frame,https://data.cooperationdatabank.org/id/contextframe/generic,Cooperative,https://data.cooperationdatabank.org/id/dependentvariable/contributions,positive,test,2.0,positive,higher,2.0,0.09523809523809523,0.19047619047619047,0.7142857142857143,0.7142857142857143,Contribution is significantly higher when context frame is generic compared to when context frame is cooperative.
1250,https://data.cooperationdatabank.org/vocab/prop/FramingVariable,https://data.cooperationdatabank.org/vocab/prop/contextFrame,Context frame,https://data.cooperationdatabank.org/id/contextframe/cooperative,Cooperative,https://data.cooperationdatabank.org/vocab/prop/contextFrame,Context frame,https://data.cooperationdatabank.org/id/contextframe/competitive,Competitive,https://data.cooperationdatabank.org/id/dependentvariable/cooperation,noEffect,test,2.0,positive,higher,1.0,0.10714285714285714,0.17857142857142858,0.7142857142857143,0.7142857142857143,Cooperation is significantly higher when context frame is cooperative compared to when context frame is competitive.
1476,https://data.cooperationdatabank.org/vocab/prop/FramingVariable,https://data.cooperationdatabank.org/vocab/prop/contextFrame,Context frame,https://data.cooperationdatabank.org/id/contextframe/cooperative,Cooperative,https://data.cooperationdatabank.org/vocab/prop/contextFrame,Context frame,https://data.cooperationdatabank.org/id/contextframe/competitive,Competitive,https://data.cooperationdatabank.org/id/dependentvariable/cooperation,noEffect,test,2.0,positive,higher,1.0,0.10714285714285714,0.17857142857142858,0.7142857142857143,0.7142857142857143,Cooperation is significantly higher when context frame is cooperative compared to when context frame is competitive.
1842,https://data.cooperationdatabank.org/vocab/prop/FramingVariable,https://data.cooperationdatabank.org/vocab/prop/contextFrame,Context frame,https://data.cooperationdatabank.org/id/contextframe/cooperative,Cooperative,https://data.cooperationdatabank.org/vocab/prop/contextFrame,Context frame,https://data.cooperationdatabank.org/id/contextframe/competitive,Competitive,https://data.cooperationdatabank.org/id/dependentvariable/cooperation,noEffect,test,2.0,positive,higher,1.0,0.10714285714285714,0.17857142857142858,0.7142857142857143,0.7142857142857143,Cooperation is significantly higher when context frame is cooperative compared to when context frame is competitive.
2804,https://data.cooperationdatabank.org/vocab/prop/FramingVariable,https://data.cooperationdatabank.org/vocab/prop/giveTakeFrame,Give-Take frame,https://data.cooperationdatabank.org/id/givetakeframe/give-some,Give-some,https://data.cooperationdatabank.org/vocab/prop/giveTakeFrame,Give-Take frame,https://data.cooperationdatabank.org/id/givetakeframe/take-some,Take-some,https://data.cooperationdatabank.org/id/dependentvariable/contributions,noEffect,test,2.0,positive,higher,1.0,0.14285714285714285,0.14285714285714285,0.7142857142857143,0.7142857142857143,Contribution is significantly higher when give-take frame is give-some compared to when give-take frame is take-some.
2803,https://data.cooperationdatabank.org/vocab/prop/FramingVariable,https://data.cooperationdatabank.org/vocab/prop/giveTakeFrame,Give-Take frame,https://data.cooperationdatabank.org/id/givetakeframe/give-some,Give-some,https://data.cooperationdatabank.org/vocab/prop/giveTakeFrame,Give-Take frame,https://data.cooperationdatabank.org/id/givetakeframe/take-some,Take-some,https://data.cooperationdatabank.org/id/dependentvariable/contributions,noEffect,test,2.0,positive,higher,1.0,0.14285714285714285,0.14285714285714285,0.7142857142857143,0.7142857142857143,Contribution is significantly higher when give-take frame is give-some compared to when give-take frame is take-some.
163,https://data.cooperationdatabank.org/vocab/prop/FramingVariable,https://data.cooperationdatabank.org/vocab/prop/contextFrame,Context frame,https://data.cooperationdatabank.org/id/contextframe/competitive,Competitive,https://data.cooperationdatabank.org/vocab/prop/contextFrame,Context frame,https://data.cooperationdatabank.org/id/contextframe/generic,Generic,https://data.cooperationdatabank.org/id/dependentvariable/cooperation,negative,test,2.0,positive,higher,0.0,0.2222222222222222,0.3333333333333333,0.4444444444444444,0.4444444444444444,Cooperation is significantly higher when context frame is competitive compared to when context frame is generic.
2919,https://data.cooperationdatabank.org/vocab/prop/FramingVariable,https://data.cooperationdatabank.org/vocab/prop/contextFrame,Context frame,https://data.cooperationdatabank.org/id/contextframe/competitive,Competitive,https://data.cooperationdatabank.org/vocab/prop/contextFrame,Context frame,https://data.cooperationdatabank.org/id/contextframe/generic,Generic,https://data.cooperationdatabank.org/id/dependentvariable/cooperation,noEffect,test,2.0,positive,higher,1.0,0.2222222222222222,0.3333333333333333,0.4444444444444444,0.4444444444444444,Cooperation is significantly higher when context frame is competitive compared to when context frame is generic.
