,giv_prop,iv,iv_label,cat_t1,cat_t1_label,iv.1,iv_label.1,cat_t2,cat_t2_label,dependent,effect,td,pred_num,pred_readable,comparative,pred_true,score_0,score_1,score_2,max_score,hypothesis
120,https://data.cooperationdatabank.org/vocab/prop/GenderVariable,https://data.cooperationdatabank.org/vocab/prop/gender,Gender,https://data.cooperationdatabank.org/id/gender/female,Male,https://data.cooperationdatabank.org/vocab/prop/gender,Gender,https://data.cooperationdatabank.org/id/gender/male,Female,https://data.cooperationdatabank.org/id/dependentvariable/cooperation,positive,test,0.0,negative,lower,2.0,0.4132231404958678,0.2396694214876033,0.34710743801652894,0.4132231404958678,Cooperation is significantly lower when gender is male compared to when gender is female.
294,https://data.cooperationdatabank.org/vocab/prop/GenderVariable,https://data.cooperationdatabank.org/vocab/prop/gender,Gender,https://data.cooperationdatabank.org/id/gender/female,Female,https://data.cooperationdatabank.org/vocab/prop/gender,Gender,https://data.cooperationdatabank.org/id/gender/male,Male,https://data.cooperationdatabank.org/id/dependentvariable/cooperation,noEffect,test,0.0,negative,lower,1.0,0.4132231404958678,0.2396694214876033,0.34710743801652894,0.4132231404958678,Cooperation is significantly lower when gender is female compared to when gender is male.
514,https://data.cooperationdatabank.org/vocab/prop/GenderVariable,https://data.cooperationdatabank.org/vocab/prop/gender,Gender,https://data.cooperationdatabank.org/id/gender/female,Male,https://data.cooperationdatabank.org/vocab/prop/gender,Gender,https://data.cooperationdatabank.org/id/gender/male,Female,https://data.cooperationdatabank.org/id/dependentvariable/cooperation,negative,test,0.0,negative,lower,0.0,0.4132231404958678,0.2396694214876033,0.34710743801652894,0.4132231404958678,Cooperation is significantly lower when gender is male compared to when gender is female.
670,https://data.cooperationdatabank.org/vocab/prop/GenderVariable,https://data.cooperationdatabank.org/vocab/prop/gender,Gender,https://data.cooperationdatabank.org/id/gender/female,Male,https://data.cooperationdatabank.org/vocab/prop/gender,Gender,https://data.cooperationdatabank.org/id/gender/male,Female,https://data.cooperationdatabank.org/id/dependentvariable/cooperation,positive,test,0.0,negative,lower,2.0,0.4132231404958678,0.2396694214876033,0.34710743801652894,0.4132231404958678,Cooperation is significantly lower when gender is male compared to when gender is female.
582,https://data.cooperationdatabank.org/vocab/prop/GenderVariable,https://data.cooperationdatabank.org/vocab/prop/gender,Gender,https://data.cooperationdatabank.org/id/gender/female,Male,https://data.cooperationdatabank.org/vocab/prop/gender,Gender,https://data.cooperationdatabank.org/id/gender/male,Female,https://data.cooperationdatabank.org/id/dependentvariable/cooperation,positive,test,0.0,negative,lower,2.0,0.4132231404958678,0.2396694214876033,0.34710743801652894,0.4132231404958678,Cooperation is significantly lower when gender is male compared to when gender is female.
713,https://data.cooperationdatabank.org/vocab/prop/GenderVariable,https://data.cooperationdatabank.org/vocab/prop/gender,Gender,https://data.cooperationdatabank.org/id/gender/female,Female,https://data.cooperationdatabank.org/vocab/prop/gender,Gender,https://data.cooperationdatabank.org/id/gender/male,Male,https://data.cooperationdatabank.org/id/dependentvariable/cooperation,noEffect,test,0.0,negative,lower,1.0,0.4132231404958678,0.2396694214876033,0.34710743801652894,0.4132231404958678,Cooperation is significantly lower when gender is female compared to when gender is male.
1235,https://data.cooperationdatabank.org/vocab/prop/GenderVariable,https://data.cooperationdatabank.org/vocab/prop/gender,Gender,https://data.cooperationdatabank.org/id/gender/female,Male,https://data.cooperationdatabank.org/vocab/prop/gender,Gender,https://data.cooperationdatabank.org/id/gender/male,Female,https://data.cooperationdatabank.org/id/dependentvariable/cooperation,negative,test,0.0,negative,lower,0.0,0.4132231404958678,0.2396694214876033,0.34710743801652894,0.4132231404958678,Cooperation is significantly lower when gender is male compared to when gender is female.
2366,https://data.cooperationdatabank.org/vocab/prop/GenderVariable,https://data.cooperationdatabank.org/vocab/prop/gender,Gender,https://data.cooperationdatabank.org/id/gender/female,Male,https://data.cooperationdatabank.org/vocab/prop/gender,Gender,https://data.cooperationdatabank.org/id/gender/male,Female,https://data.cooperationdatabank.org/id/dependentvariable/cooperation,negative,test,0.0,negative,lower,0.0,0.4132231404958678,0.2396694214876033,0.34710743801652894,0.4132231404958678,Cooperation is significantly lower when gender is male compared to when gender is female.
1605,https://data.cooperationdatabank.org/vocab/prop/GenderVariable,https://data.cooperationdatabank.org/vocab/prop/gender,Gender,https://data.cooperationdatabank.org/id/gender/female,Male,https://data.cooperationdatabank.org/vocab/prop/gender,Gender,https://data.cooperationdatabank.org/id/gender/male,Female,https://data.cooperationdatabank.org/id/dependentvariable/cooperation,negative,test,0.0,negative,lower,0.0,0.4132231404958678,0.2396694214876033,0.34710743801652894,0.4132231404958678,Cooperation is significantly lower when gender is male compared to when gender is female.
1718,https://data.cooperationdatabank.org/vocab/prop/GenderVariable,https://data.cooperationdatabank.org/vocab/prop/gender,Gender,https://data.cooperationdatabank.org/id/gender/female,Male,https://data.cooperationdatabank.org/vocab/prop/gender,Gender,https://data.cooperationdatabank.org/id/gender/male,Female,https://data.cooperationdatabank.org/id/dependentvariable/cooperation,negative,test,0.0,negative,lower,0.0,0.4132231404958678,0.2396694214876033,0.34710743801652894,0.4132231404958678,Cooperation is significantly lower when gender is male compared to when gender is female.
1858,https://data.cooperationdatabank.org/vocab/prop/GenderVariable,https://data.cooperationdatabank.org/vocab/prop/gender,Gender,https://data.cooperationdatabank.org/id/gender/female,Male,https://data.cooperationdatabank.org/vocab/prop/gender,Gender,https://data.cooperationdatabank.org/id/gender/male,Female,https://data.cooperationdatabank.org/id/dependentvariable/cooperation,positive,test,0.0,negative,lower,2.0,0.4132231404958678,0.2396694214876033,0.34710743801652894,0.4132231404958678,Cooperation is significantly lower when gender is male compared to when gender is female.
1867,https://data.cooperationdatabank.org/vocab/prop/GenderVariable,https://data.cooperationdatabank.org/vocab/prop/gender,Gender,https://data.cooperationdatabank.org/id/gender/female,Male,https://data.cooperationdatabank.org/vocab/prop/gender,Gender,https://data.cooperationdatabank.org/id/gender/male,Female,https://data.cooperationdatabank.org/id/dependentvariable/cooperation,positive,test,0.0,negative,lower,2.0,0.4132231404958678,0.2396694214876033,0.34710743801652894,0.4132231404958678,Cooperation is significantly lower when gender is male compared to when gender is female.
1969,https://data.cooperationdatabank.org/vocab/prop/GenderVariable,https://data.cooperationdatabank.org/vocab/prop/gender,Gender,https://data.cooperationdatabank.org/id/gender/female,Male,https://data.cooperationdatabank.org/vocab/prop/gender,Gender,https://data.cooperationdatabank.org/id/gender/male,Female,https://data.cooperationdatabank.org/id/dependentvariable/cooperation,positive,test,0.0,negative,lower,2.0,0.4132231404958678,0.2396694214876033,0.34710743801652894,0.4132231404958678,Cooperation is significantly lower when gender is male compared to when gender is female.
2151,https://data.cooperationdatabank.org/vocab/prop/GenderVariable,https://data.cooperationdatabank.org/vocab/prop/gender,Gender,https://data.cooperationdatabank.org/id/gender/female,Male,https://data.cooperationdatabank.org/vocab/prop/gender,Gender,https://data.cooperationdatabank.org/id/gender/male,Female,https://data.cooperationdatabank.org/id/dependentvariable/cooperation,positive,test,0.0,negative,lower,2.0,0.4132231404958678,0.2396694214876033,0.34710743801652894,0.4132231404958678,Cooperation is significantly lower when gender is male compared to when gender is female.
2327,https://data.cooperationdatabank.org/vocab/prop/GenderVariable,https://data.cooperationdatabank.org/vocab/prop/gender,Gender,https://data.cooperationdatabank.org/id/gender/female,Male,https://data.cooperationdatabank.org/vocab/prop/gender,Gender,https://data.cooperationdatabank.org/id/gender/male,Female,https://data.cooperationdatabank.org/id/dependentvariable/cooperation,negative,test,0.0,negative,lower,0.0,0.4132231404958678,0.2396694214876033,0.34710743801652894,0.4132231404958678,Cooperation is significantly lower when gender is male compared to when gender is female.
3065,https://data.cooperationdatabank.org/vocab/prop/GenderVariable,https://data.cooperationdatabank.org/vocab/prop/gender,Gender,https://data.cooperationdatabank.org/id/gender/female,Male,https://data.cooperationdatabank.org/vocab/prop/gender,Gender,https://data.cooperationdatabank.org/id/gender/male,Female,https://data.cooperationdatabank.org/id/dependentvariable/cooperation,negative,test,0.0,negative,lower,0.0,0.4132231404958678,0.2396694214876033,0.34710743801652894,0.4132231404958678,Cooperation is significantly lower when gender is male compared to when gender is female.
2410,https://data.cooperationdatabank.org/vocab/prop/GenderVariable,https://data.cooperationdatabank.org/vocab/prop/gender,Gender,https://data.cooperationdatabank.org/id/gender/female,Male,https://data.cooperationdatabank.org/vocab/prop/gender,Gender,https://data.cooperationdatabank.org/id/gender/male,Female,https://data.cooperationdatabank.org/id/dependentvariable/cooperation,negative,test,0.0,negative,lower,0.0,0.4132231404958678,0.2396694214876033,0.34710743801652894,0.4132231404958678,Cooperation is significantly lower when gender is male compared to when gender is female.
2420,https://data.cooperationdatabank.org/vocab/prop/GenderVariable,https://data.cooperationdatabank.org/vocab/prop/gender,Gender,https://data.cooperationdatabank.org/id/gender/female,Male,https://data.cooperationdatabank.org/vocab/prop/gender,Gender,https://data.cooperationdatabank.org/id/gender/male,Female,https://data.cooperationdatabank.org/id/dependentvariable/cooperation,positive,test,0.0,negative,lower,2.0,0.4132231404958678,0.2396694214876033,0.34710743801652894,0.4132231404958678,Cooperation is significantly lower when gender is male compared to when gender is female.
3070,https://data.cooperationdatabank.org/vocab/prop/GenderVariable,https://data.cooperationdatabank.org/vocab/prop/gender,Gender,https://data.cooperationdatabank.org/id/gender/female,Male,https://data.cooperationdatabank.org/vocab/prop/gender,Gender,https://data.cooperationdatabank.org/id/gender/male,Female,https://data.cooperationdatabank.org/id/dependentvariable/cooperation,negative,test,0.0,negative,lower,0.0,0.4132231404958678,0.2396694214876033,0.34710743801652894,0.4132231404958678,Cooperation is significantly lower when gender is male compared to when gender is female.
220,https://data.cooperationdatabank.org/vocab/prop/GenderVariable,https://data.cooperationdatabank.org/vocab/prop/gender,Gender,https://data.cooperationdatabank.org/id/gender/female,Female,https://data.cooperationdatabank.org/vocab/prop/gender,Gender,https://data.cooperationdatabank.org/id/gender/male,Male,https://data.cooperationdatabank.org/id/dependentvariable/contributions,positive,test,0.0,negative,lower,2.0,0.39655172413793105,0.29310344827586204,0.3103448275862069,0.39655172413793105,Contribution is significantly lower when gender is female compared to when gender is male.
2347,https://data.cooperationdatabank.org/vocab/prop/GenderVariable,https://data.cooperationdatabank.org/vocab/prop/gender,Gender,https://data.cooperationdatabank.org/id/gender/female,Male,https://data.cooperationdatabank.org/vocab/prop/gender,Gender,https://data.cooperationdatabank.org/id/gender/male,Female,https://data.cooperationdatabank.org/id/dependentvariable/contributions,positive,test,0.0,negative,lower,2.0,0.39655172413793105,0.29310344827586204,0.3103448275862069,0.39655172413793105,Contribution is significantly lower when gender is male compared to when gender is female.
2877,https://data.cooperationdatabank.org/vocab/prop/GenderVariable,https://data.cooperationdatabank.org/vocab/prop/gender,Gender,https://data.cooperationdatabank.org/id/gender/female,Male,https://data.cooperationdatabank.org/vocab/prop/gender,Gender,https://data.cooperationdatabank.org/id/gender/male,Female,https://data.cooperationdatabank.org/id/dependentvariable/contributions,positive,test,0.0,negative,lower,2.0,0.39655172413793105,0.29310344827586204,0.3103448275862069,0.39655172413793105,Contribution is significantly lower when gender is male compared to when gender is female.
2527,https://data.cooperationdatabank.org/vocab/prop/GenderVariable,https://data.cooperationdatabank.org/vocab/prop/gender,Gender,https://data.cooperationdatabank.org/id/gender/female,Male,https://data.cooperationdatabank.org/vocab/prop/gender,Gender,https://data.cooperationdatabank.org/id/gender/male,Female,https://data.cooperationdatabank.org/id/dependentvariable/contributions,positive,test,0.0,negative,lower,2.0,0.39655172413793105,0.29310344827586204,0.3103448275862069,0.39655172413793105,Contribution is significantly lower when gender is male compared to when gender is female.
