,giv_prop,iv,iv_label,cat_t1,cat_t1_label,iv.1,iv_label.1,cat_t2,cat_t2_label,dependent,effect,td,pred_num,pred_readable,comparative,pred_true,score_0,score_1,score_2,max_score,hypothesis
2497,https://data.cooperationdatabank.org/vocab/prop/Group_SizeVariable,https://data.cooperationdatabank.org/vocab/prop/decisionMaker,Decision maker,https://data.cooperationdatabank.org/id/decisionmaker/group,individual,https://data.cooperationdatabank.org/vocab/prop/decisionMaker,Decision maker,https://data.cooperationdatabank.org/id/decisionmaker/individual,group,https://data.cooperationdatabank.org/id/dependentvariable/cooperation,negative,test,0.0,negative,lower,0.0,0.9,0.06666666666666667,0.03333333333333333,0.9,Cooperation is significantly lower when decision maker is individual compared to when decision maker is group.
1496,https://data.cooperationdatabank.org/vocab/prop/Group_SizeVariable,https://data.cooperationdatabank.org/vocab/prop/decisionMaker,Decision maker,https://data.cooperationdatabank.org/id/decisionmaker/group,individual,https://data.cooperationdatabank.org/vocab/prop/decisionMaker,Decision maker,https://data.cooperationdatabank.org/id/decisionmaker/individual,group,https://data.cooperationdatabank.org/id/dependentvariable/cooperation,negative,test,0.0,negative,lower,0.0,0.9,0.06666666666666667,0.03333333333333333,0.9,Cooperation is significantly lower when decision maker is individual compared to when decision maker is group.
2953,https://data.cooperationdatabank.org/vocab/prop/Group_SizeVariable,https://data.cooperationdatabank.org/vocab/prop/decisionMaker,Decision maker,https://data.cooperationdatabank.org/id/decisionmaker/group,individual,https://data.cooperationdatabank.org/vocab/prop/decisionMaker,Decision maker,https://data.cooperationdatabank.org/id/decisionmaker/individual,group,https://data.cooperationdatabank.org/id/dependentvariable/cooperation,negative,test,0.0,negative,lower,0.0,0.9,0.06666666666666667,0.03333333333333333,0.9,Cooperation is significantly lower when decision maker is individual compared to when decision maker is group.
601,https://data.cooperationdatabank.org/vocab/prop/Group_SizeVariable,https://data.cooperationdatabank.org/vocab/prop/groupSizeLevel,Group size level,https://data.cooperationdatabank.org/id/groupsizelevel/low,Low,https://data.cooperationdatabank.org/vocab/prop/groupSizeLevel,Group size level,https://data.cooperationdatabank.org/id/groupsizelevel/high,High,https://data.cooperationdatabank.org/id/dependentvariable/contributions,noEffect,test,0.0,negative,lower,1.0,0.42857142857142855,0.3142857142857143,0.2571428571428571,0.42857142857142855,Contribution is significantly lower when group size level is low compared to when group size level is high.
1375,https://data.cooperationdatabank.org/vocab/prop/Group_SizeVariable,https://data.cooperationdatabank.org/vocab/prop/groupSizeLevel,Group size level,https://data.cooperationdatabank.org/id/groupsizelevel/low,Low,https://data.cooperationdatabank.org/vocab/prop/groupSizeLevel,Group size level,https://data.cooperationdatabank.org/id/groupsizelevel/high,High,https://data.cooperationdatabank.org/id/dependentvariable/contributions,noEffect,test,0.0,negative,lower,1.0,0.42857142857142855,0.3142857142857143,0.2571428571428571,0.42857142857142855,Contribution is significantly lower when group size level is low compared to when group size level is high.
1645,https://data.cooperationdatabank.org/vocab/prop/Group_SizeVariable,https://data.cooperationdatabank.org/vocab/prop/groupSizeLevel,Group size level,https://data.cooperationdatabank.org/id/groupsizelevel/low,Low,https://data.cooperationdatabank.org/vocab/prop/groupSizeLevel,Group size level,https://data.cooperationdatabank.org/id/groupsizelevel/high,High,https://data.cooperationdatabank.org/id/dependentvariable/contributions,noEffect,test,0.0,negative,lower,1.0,0.42857142857142855,0.3142857142857143,0.2571428571428571,0.42857142857142855,Contribution is significantly lower when group size level is low compared to when group size level is high.
