,giv_prop,iv,iv_label,cat_t1,cat_t1_label,iv.1,iv_label.1,cat_t2,cat_t2_label,dependent,effect,td,pred_num,pred_readable,comparative,pred_true,score_0,score_1,score_2,max_score,hypothesis
135,https://data.cooperationdatabank.org/vocab/prop/IdentificationVariable,https://data.cooperationdatabank.org/vocab/prop/targetMembership,Partner's group membership,https://data.cooperationdatabank.org/id/targetmembership/stranger,Stranger,https://data.cooperationdatabank.org/vocab/prop/targetMembership,Partner's group membership,https://data.cooperationdatabank.org/id/targetmembership/outgroup,Outgroup,https://data.cooperationdatabank.org/id/dependentvariable/cooperation,noEffect,test,0.0,negative,lower,1.0,1.0,0.0,0.0,1.0,Cooperation is significantly lower when partner's group membership is stranger compared to when partner's group membership is outgroup.
842,https://data.cooperationdatabank.org/vocab/prop/IdentificationVariable,https://data.cooperationdatabank.org/vocab/prop/identificationLevel,Identification level,https://data.cooperationdatabank.org/id/identificationlevel/high,High,https://data.cooperationdatabank.org/vocab/prop/identificationLevel,Identification level,https://data.cooperationdatabank.org/id/identificationlevel/low,Low,https://data.cooperationdatabank.org/id/dependentvariable/contributions,positive,test,2.0,positive,higher,2.0,0.0,0.3333333333333333,0.6666666666666666,0.6666666666666666,Contribution is significantly higher when identification level is high compared to when identification level is low.
838,https://data.cooperationdatabank.org/vocab/prop/IdentificationVariable,https://data.cooperationdatabank.org/vocab/prop/identificationLevel,Identification level,https://data.cooperationdatabank.org/id/identificationlevel/high,High,https://data.cooperationdatabank.org/vocab/prop/identificationLevel,Identification level,https://data.cooperationdatabank.org/id/identificationlevel/low,Low,https://data.cooperationdatabank.org/id/dependentvariable/contributions,positive,test,2.0,positive,higher,2.0,0.0,0.3333333333333333,0.6666666666666666,0.6666666666666666,Contribution is significantly higher when identification level is high compared to when identification level is low.
134,https://data.cooperationdatabank.org/vocab/prop/IdentificationVariable,https://data.cooperationdatabank.org/vocab/prop/targetMembership,Partner's group membership,https://data.cooperationdatabank.org/id/targetmembership/stranger,Stranger,https://data.cooperationdatabank.org/vocab/prop/targetMembership,Partner's group membership,https://data.cooperationdatabank.org/id/targetmembership/ingroup,Ingroup,https://data.cooperationdatabank.org/id/dependentvariable/cooperation,negative,test,0.0,negative,lower,0.0,0.6153846153846154,0.15384615384615385,0.23076923076923078,0.6153846153846154,Cooperation is significantly lower when partner's group membership is stranger compared to when partner's group membership is ingroup.
1192,https://data.cooperationdatabank.org/vocab/prop/IdentificationVariable,https://data.cooperationdatabank.org/vocab/prop/targetMembership,Partner's group membership,https://data.cooperationdatabank.org/id/targetmembership/stranger,Stranger,https://data.cooperationdatabank.org/vocab/prop/targetMembership,Partner's group membership,https://data.cooperationdatabank.org/id/targetmembership/ingroup,Ingroup,https://data.cooperationdatabank.org/id/dependentvariable/contributions,noEffect,test,0.0,negative,lower,1.0,0.5806451612903226,0.3870967741935484,0.03225806451612903,0.5806451612903226,Contribution is significantly lower when partner's group membership is stranger compared to when partner's group membership is ingroup.
2824,https://data.cooperationdatabank.org/vocab/prop/IdentificationVariable,https://data.cooperationdatabank.org/vocab/prop/targetMembership,Partner's group membership,https://data.cooperationdatabank.org/id/targetmembership/stranger,Ingroup,https://data.cooperationdatabank.org/vocab/prop/targetMembership,Partner's group membership,https://data.cooperationdatabank.org/id/targetmembership/ingroup,Stranger,https://data.cooperationdatabank.org/id/dependentvariable/contributions,negative,test,0.0,negative,lower,0.0,0.5806451612903226,0.3870967741935484,0.03225806451612903,0.5806451612903226,Contribution is significantly lower when partner's group membership is ingroup compared to when partner's group membership is stranger.
1317,https://data.cooperationdatabank.org/vocab/prop/IdentificationVariable,https://data.cooperationdatabank.org/vocab/prop/targetMembership,Partner's group membership,https://data.cooperationdatabank.org/id/targetmembership/stranger,Ingroup,https://data.cooperationdatabank.org/vocab/prop/targetMembership,Partner's group membership,https://data.cooperationdatabank.org/id/targetmembership/ingroup,Stranger,https://data.cooperationdatabank.org/id/dependentvariable/contributions,positive,test,0.0,negative,lower,2.0,0.5806451612903226,0.3870967741935484,0.03225806451612903,0.5806451612903226,Contribution is significantly lower when partner's group membership is ingroup compared to when partner's group membership is stranger.
1324,https://data.cooperationdatabank.org/vocab/prop/IdentificationVariable,https://data.cooperationdatabank.org/vocab/prop/targetMembership,Partner's group membership,https://data.cooperationdatabank.org/id/targetmembership/stranger,Ingroup,https://data.cooperationdatabank.org/vocab/prop/targetMembership,Partner's group membership,https://data.cooperationdatabank.org/id/targetmembership/ingroup,Stranger,https://data.cooperationdatabank.org/id/dependentvariable/contributions,positive,test,0.0,negative,lower,2.0,0.5806451612903226,0.3870967741935484,0.03225806451612903,0.5806451612903226,Contribution is significantly lower when partner's group membership is ingroup compared to when partner's group membership is stranger.
1944,https://data.cooperationdatabank.org/vocab/prop/IdentificationVariable,https://data.cooperationdatabank.org/vocab/prop/targetMembership,Partner's group membership,https://data.cooperationdatabank.org/id/targetmembership/stranger,Ingroup,https://data.cooperationdatabank.org/vocab/prop/targetMembership,Partner's group membership,https://data.cooperationdatabank.org/id/targetmembership/ingroup,Stranger,https://data.cooperationdatabank.org/id/dependentvariable/contributions,negative,test,0.0,negative,lower,0.0,0.5806451612903226,0.3870967741935484,0.03225806451612903,0.5806451612903226,Contribution is significantly lower when partner's group membership is ingroup compared to when partner's group membership is stranger.
2867,https://data.cooperationdatabank.org/vocab/prop/IdentificationVariable,https://data.cooperationdatabank.org/vocab/prop/targetMembership,Partner's group membership,https://data.cooperationdatabank.org/id/targetmembership/stranger,Stranger,https://data.cooperationdatabank.org/vocab/prop/targetMembership,Partner's group membership,https://data.cooperationdatabank.org/id/targetmembership/ingroup,Ingroup,https://data.cooperationdatabank.org/id/dependentvariable/contributions,negative,test,0.0,negative,lower,0.0,0.5806451612903226,0.3870967741935484,0.03225806451612903,0.5806451612903226,Contribution is significantly lower when partner's group membership is stranger compared to when partner's group membership is ingroup.
2849,https://data.cooperationdatabank.org/vocab/prop/IdentificationVariable,https://data.cooperationdatabank.org/vocab/prop/targetMembership,Partner's group membership,https://data.cooperationdatabank.org/id/targetmembership/stranger,Ingroup,https://data.cooperationdatabank.org/vocab/prop/targetMembership,Partner's group membership,https://data.cooperationdatabank.org/id/targetmembership/ingroup,Stranger,https://data.cooperationdatabank.org/id/dependentvariable/contributions,positive,test,0.0,negative,lower,2.0,0.5806451612903226,0.3870967741935484,0.03225806451612903,0.5806451612903226,Contribution is significantly lower when partner's group membership is ingroup compared to when partner's group membership is stranger.
279,https://data.cooperationdatabank.org/vocab/prop/IdentificationVariable,https://data.cooperationdatabank.org/vocab/prop/targetMembership,Partner's group membership,https://data.cooperationdatabank.org/id/targetmembership/ingroup,Outgroup,https://data.cooperationdatabank.org/vocab/prop/targetMembership,Partner's group membership,https://data.cooperationdatabank.org/id/targetmembership/outgroup,Ingroup,https://data.cooperationdatabank.org/id/dependentvariable/cooperation,positive,test,2.0,positive,higher,2.0,0.05555555555555555,0.3888888888888889,0.5555555555555556,0.5555555555555556,Cooperation is significantly higher when partner's group membership is outgroup compared to when partner's group membership is ingroup.
2634,https://data.cooperationdatabank.org/vocab/prop/IdentificationVariable,https://data.cooperationdatabank.org/vocab/prop/targetMembership,Partner's group membership,https://data.cooperationdatabank.org/id/targetmembership/ingroup,Ingroup,https://data.cooperationdatabank.org/vocab/prop/targetMembership,Partner's group membership,https://data.cooperationdatabank.org/id/targetmembership/outgroup,Outgroup,https://data.cooperationdatabank.org/id/dependentvariable/cooperation,noEffect,test,2.0,positive,higher,1.0,0.05555555555555555,0.3888888888888889,0.5555555555555556,0.5555555555555556,Cooperation is significantly higher when partner's group membership is ingroup compared to when partner's group membership is outgroup.
