,giv_prop,iv,iv_label,cat_t1,cat_t1_label,iv.1,iv_label.1,cat_t2,cat_t2_label,dependent,effect,td,pred_num,pred_readable,comparative,pred_true,score_0,score_1,score_2,max_score,hypothesis
830,https://data.cooperationdatabank.org/vocab/prop/Intergroup_Competition_Variable,https://data.cooperationdatabank.org/vocab/prop/intergroupComp,Intergroup competition,https://data.cooperationdatabank.org/id/intergroupcomp/intergroup_comparison,intergroup comparison,https://data.cooperationdatabank.org/vocab/prop/intergroupComp,Intergroup competition,https://data.cooperationdatabank.org/id/intergroupcomp/individual_group,Individual group,https://data.cooperationdatabank.org/id/dependentvariable/contributions,positive,test,2.0,positive,higher,2.0,0.15384615384615385,0.15384615384615385,0.6923076923076923,0.6923076923076923,Contribution is significantly higher when intergroup competition is intergroup comparison compared to when intergroup competition is individual group.
2850,https://data.cooperationdatabank.org/vocab/prop/Intergroup_Competition_Variable,https://data.cooperationdatabank.org/vocab/prop/intergroupComp,Intergroup competition,https://data.cooperationdatabank.org/id/intergroupcomp/intergroup_comparison,intergroup comparison,https://data.cooperationdatabank.org/vocab/prop/intergroupComp,Intergroup competition,https://data.cooperationdatabank.org/id/intergroupcomp/individual_group,Individual group,https://data.cooperationdatabank.org/id/dependentvariable/contributions,noEffect,test,2.0,positive,higher,1.0,0.15384615384615385,0.15384615384615385,0.6923076923076923,0.6923076923076923,Contribution is significantly higher when intergroup competition is intergroup comparison compared to when intergroup competition is individual group.
2823,https://data.cooperationdatabank.org/vocab/prop/Intergroup_Competition_Variable,https://data.cooperationdatabank.org/vocab/prop/intergroupComp,Intergroup competition,https://data.cooperationdatabank.org/id/intergroupcomp/intergroup_comparison,intergroup comparison,https://data.cooperationdatabank.org/vocab/prop/intergroupComp,Intergroup competition,https://data.cooperationdatabank.org/id/intergroupcomp/individual_group,Individual group,https://data.cooperationdatabank.org/id/dependentvariable/contributions,noEffect,test,2.0,positive,higher,1.0,0.15384615384615385,0.15384615384615385,0.6923076923076923,0.6923076923076923,Contribution is significantly higher when intergroup competition is intergroup comparison compared to when intergroup competition is individual group.
1018,https://data.cooperationdatabank.org/vocab/prop/Intergroup_Competition_Variable,https://data.cooperationdatabank.org/vocab/prop/intergroupComp,Intergroup competition,https://data.cooperationdatabank.org/id/intergroupcomp/individual_group,Individual group,https://data.cooperationdatabank.org/vocab/prop/intergroupComp,Intergroup competition,https://data.cooperationdatabank.org/id/intergroupcomp/intergroup_competition,intergroup competition,https://data.cooperationdatabank.org/id/dependentvariable/contributions,negative,test,0.0,negative,lower,0.0,0.6363636363636364,0.36363636363636365,0.0,0.6363636363636364,Contribution is significantly lower when intergroup competition is individual group compared to when intergroup competition is intergroup competition.
1348,https://data.cooperationdatabank.org/vocab/prop/Intergroup_Competition_Variable,https://data.cooperationdatabank.org/vocab/prop/intergroupComp,Intergroup competition,https://data.cooperationdatabank.org/id/intergroupcomp/individual_group,Individual group,https://data.cooperationdatabank.org/vocab/prop/intergroupComp,Intergroup competition,https://data.cooperationdatabank.org/id/intergroupcomp/intergroup_competition,intergroup competition,https://data.cooperationdatabank.org/id/dependentvariable/contributions,negative,test,0.0,negative,lower,0.0,0.6363636363636364,0.36363636363636365,0.0,0.6363636363636364,Contribution is significantly lower when intergroup competition is individual group compared to when intergroup competition is intergroup competition.
1342,https://data.cooperationdatabank.org/vocab/prop/Intergroup_Competition_Variable,https://data.cooperationdatabank.org/vocab/prop/intergroupComp,Intergroup competition,https://data.cooperationdatabank.org/id/intergroupcomp/individual_group,Individual group,https://data.cooperationdatabank.org/vocab/prop/intergroupComp,Intergroup competition,https://data.cooperationdatabank.org/id/intergroupcomp/intergroup_competition,intergroup competition,https://data.cooperationdatabank.org/id/dependentvariable/contributions,noEffect,test,0.0,negative,lower,1.0,0.6363636363636364,0.36363636363636365,0.0,0.6363636363636364,Contribution is significantly lower when intergroup competition is individual group compared to when intergroup competition is intergroup competition.
1345,https://data.cooperationdatabank.org/vocab/prop/Intergroup_Competition_Variable,https://data.cooperationdatabank.org/vocab/prop/intergroupComp,Intergroup competition,https://data.cooperationdatabank.org/id/intergroupcomp/individual_group,Individual group,https://data.cooperationdatabank.org/vocab/prop/intergroupComp,Intergroup competition,https://data.cooperationdatabank.org/id/intergroupcomp/intergroup_competition,intergroup competition,https://data.cooperationdatabank.org/id/dependentvariable/contributions,negative,test,0.0,negative,lower,0.0,0.6363636363636364,0.36363636363636365,0.0,0.6363636363636364,Contribution is significantly lower when intergroup competition is individual group compared to when intergroup competition is intergroup competition.
1038,https://data.cooperationdatabank.org/vocab/prop/Intergroup_Competition_Variable,https://data.cooperationdatabank.org/vocab/prop/intergroupComp,Intergroup competition,https://data.cooperationdatabank.org/id/intergroupcomp/individual_group,Individual group,https://data.cooperationdatabank.org/vocab/prop/intergroupComp,Intergroup competition,https://data.cooperationdatabank.org/id/intergroupcomp/intergroup_competition,intergroup competition,https://data.cooperationdatabank.org/id/dependentvariable/cooperation,negative,test,0.0,negative,lower,0.0,0.5,0.3333333333333333,0.16666666666666666,0.5,Cooperation is significantly lower when intergroup competition is individual group compared to when intergroup competition is intergroup competition.
