,giv_prop,iv,iv_label,cat_t1,cat_t1_label,iv.1,iv_label.1,cat_t2,cat_t2_label,dependent,effect,td,pred_num,pred_readable,comparative,pred_true,score_0,score_1,score_2,max_score,hypothesis
1001,https://data.cooperationdatabank.org/vocab/prop/LeadershipVariable,https://data.cooperationdatabank.org/vocab/prop/leadershipRole,Leadership role,https://data.cooperationdatabank.org/id/leadershiprole/leader,Leader ,https://data.cooperationdatabank.org/vocab/prop/leadershipRole,Leadership role,https://data.cooperationdatabank.org/id/leadershiprole/follower,Follower,https://data.cooperationdatabank.org/id/dependentvariable/contributions,positive,test,2.0,positive,higher,2.0,0.0,0.4,0.6,0.6,Contribution is significantly higher when leadership role is leader  compared to when leadership role is follower.
1548,https://data.cooperationdatabank.org/vocab/prop/LeadershipVariable,https://data.cooperationdatabank.org/vocab/prop/leadershipRole,Leadership role,https://data.cooperationdatabank.org/id/leadershiprole/leader,Leader ,https://data.cooperationdatabank.org/vocab/prop/leadershipRole,Leadership role,https://data.cooperationdatabank.org/id/leadershiprole/follower,Follower,https://data.cooperationdatabank.org/id/dependentvariable/contributions,positive,test,2.0,positive,higher,2.0,0.0,0.4,0.6,0.6,Contribution is significantly higher when leadership role is leader  compared to when leadership role is follower.
2853,https://data.cooperationdatabank.org/vocab/prop/LeadershipVariable,https://data.cooperationdatabank.org/vocab/prop/leaderCharacteristic,Leader's characteristic,https://data.cooperationdatabank.org/id/leadercharacteristic/male,Female,https://data.cooperationdatabank.org/vocab/prop/leaderCharacteristic,Leader's characteristic,https://data.cooperationdatabank.org/id/leadercharacteristic/female,Male,https://data.cooperationdatabank.org/id/dependentvariable/contributions,positive,test,0.0,negative,lower,2.0,0.5,0.25,0.25,0.5,Contribution is significantly lower when leader's characteristic is female compared to when leader's characteristic is male.
1827,https://data.cooperationdatabank.org/vocab/prop/LeadershipVariable,https://data.cooperationdatabank.org/vocab/prop/leadershipAssignmentRule,Leadership assignment rule,https://data.cooperationdatabank.org/id/leadershipassignmentrule/random_appointment,Elected,https://data.cooperationdatabank.org/vocab/prop/leadershipAssignmentRule,Leadership assignment rule,https://data.cooperationdatabank.org/id/leadershipassignmentrule/elected,Random Appointment,https://data.cooperationdatabank.org/id/dependentvariable/contributions,positive,test,0.0,negative,lower,2.0,0.5,0.25,0.25,0.5,Contribution is significantly lower when leadership assignment rule is elected compared to when leadership assignment rule is random appointment.
845,https://data.cooperationdatabank.org/vocab/prop/LeadershipVariable,https://data.cooperationdatabank.org/vocab/prop/leadershipEndogenous,Endogenous leadership,https://data.cooperationdatabank.org/id/leadershipendogenous/exogenous,Endogenous,https://data.cooperationdatabank.org/vocab/prop/leadershipEndogenous,Endogenous leadership,https://data.cooperationdatabank.org/id/leadershipendogenous/endogenous,Exogenous,https://data.cooperationdatabank.org/id/dependentvariable/contributions,negative,test,0.0,negative,lower,0.0,0.375,0.25,0.375,0.375,Contribution is significantly lower when endogenous leadership is endogenous compared to when endogenous leadership is exogenous.
2730,https://data.cooperationdatabank.org/vocab/prop/LeadershipVariable,https://data.cooperationdatabank.org/vocab/prop/leadershipEndogenous,Endogenous leadership,https://data.cooperationdatabank.org/id/leadershipendogenous/exogenous,Endogenous,https://data.cooperationdatabank.org/vocab/prop/leadershipEndogenous,Endogenous leadership,https://data.cooperationdatabank.org/id/leadershipendogenous/endogenous,Exogenous,https://data.cooperationdatabank.org/id/dependentvariable/contributions,negative,test,0.0,negative,lower,0.0,0.375,0.25,0.375,0.375,Contribution is significantly lower when endogenous leadership is endogenous compared to when endogenous leadership is exogenous.
