,giv_prop,iv,iv_label,cat_t1,cat_t1_label,iv.1,iv_label.1,cat_t2,cat_t2_label,dependent,effect,td,pred_num,pred_readable,comparative,pred_true,score_0,score_1,score_2,max_score,hypothesis
860,https://data.cooperationdatabank.org/vocab/prop/Motivational_OrientationVariable,https://data.cooperationdatabank.org/vocab/prop/motivationalOrientation,Motivational orientation,https://data.cooperationdatabank.org/id/motivationalorientation/cooperative,Cooperative,https://data.cooperationdatabank.org/vocab/prop/motivationalOrientation,Motivational orientation,https://data.cooperationdatabank.org/id/motivationalorientation/individualistic,Individualistic,https://data.cooperationdatabank.org/id/dependentvariable/cooperation,positive,test,2.0,positive,higher,2.0,0.0,0.0,1.0,1.0,Cooperation is significantly higher when motivational orientation is cooperative compared to when motivational orientation is individualistic.
2482,https://data.cooperationdatabank.org/vocab/prop/Motivational_OrientationVariable,https://data.cooperationdatabank.org/vocab/prop/endogenousMotivationalOrientation,Endogenous motivational orientation,https://data.cooperationdatabank.org/id/endogenousmotivationalorientation/cooperative,Cooperative,https://data.cooperationdatabank.org/vocab/prop/endogenousMotivationalOrientation,Endogenous motivational orientation,https://data.cooperationdatabank.org/id/endogenousmotivationalorientation/competitive,Competitive,https://data.cooperationdatabank.org/id/dependentvariable/cooperation,positive,test,0.0,negative,lower,2.0,1.0,0.0,0.0,1.0,Cooperation is significantly lower when endogenous motivational orientation is cooperative compared to when endogenous motivational orientation is competitive.
175,https://data.cooperationdatabank.org/vocab/prop/Motivational_OrientationVariable,https://data.cooperationdatabank.org/vocab/prop/motivationalOrientation,Motivational orientation,https://data.cooperationdatabank.org/id/motivationalorientation/competitive,Competitive,https://data.cooperationdatabank.org/vocab/prop/motivationalOrientation,Motivational orientation,https://data.cooperationdatabank.org/id/motivationalorientation/individualistic,Individualistic,https://data.cooperationdatabank.org/id/dependentvariable/cooperation,negative,test,0.0,negative,lower,0.0,0.75,0.0,0.25,0.75,Cooperation is significantly lower when motivational orientation is competitive compared to when motivational orientation is individualistic.
944,https://data.cooperationdatabank.org/vocab/prop/Motivational_OrientationVariable,https://data.cooperationdatabank.org/vocab/prop/motivationalOrientation,Motivational orientation,https://data.cooperationdatabank.org/id/motivationalorientation/competitive,Individualistic,https://data.cooperationdatabank.org/vocab/prop/motivationalOrientation,Motivational orientation,https://data.cooperationdatabank.org/id/motivationalorientation/individualistic,Competitive,https://data.cooperationdatabank.org/id/dependentvariable/cooperation,negative,test,0.0,negative,lower,0.0,0.75,0.0,0.25,0.75,Cooperation is significantly lower when motivational orientation is individualistic compared to when motivational orientation is competitive.
