,giv_prop,iv,iv_label,cat_t1,cat_t1_label,iv.1,iv_label.1,cat_t2,cat_t2_label,dependent,effect,td,pred_num,pred_readable,comparative,pred_true,score_0,score_1,score_2,max_score,hypothesis
1141,https://data.cooperationdatabank.org/vocab/prop/Partner(s)'_strategiesVariable,https://data.cooperationdatabank.org/vocab/prop/iteratedPreprogrammedCooperationRateLevel,Iterated pre-programmed cooperation rate level,https://data.cooperationdatabank.org/id/iteratedpreprogrammedcooperationratelevel/medium,Medium,https://data.cooperationdatabank.org/vocab/prop/iteratedPreprogrammedCooperationRateLevel,Iterated pre-programmed cooperation rate level,https://data.cooperationdatabank.org/id/iteratedpreprogrammedcooperationratelevel/low,Low,https://data.cooperationdatabank.org/id/dependentvariable/contributions,positive,test,2.0,positive,higher,2.0,0.0,0.0,1.0,1.0,Contribution is significantly higher when iterated pre-programmed cooperation rate level is medium compared to when iterated pre-programmed cooperation rate level is low.
1814,https://data.cooperationdatabank.org/vocab/prop/Partner(s)'_strategiesVariable,https://data.cooperationdatabank.org/vocab/prop/iteratedStrategy,Iterated strategy,https://data.cooperationdatabank.org/id/iteratedstrategy/predominantly_competitive,Predominantly Competitive,https://data.cooperationdatabank.org/vocab/prop/iteratedStrategy,Iterated strategy,https://data.cooperationdatabank.org/id/iteratedstrategy/predominantly_cooperative,Predominantly Cooperative,https://data.cooperationdatabank.org/id/dependentvariable/contributions,negative,test,0.0,negative,lower,0.0,1.0,0.0,0.0,1.0,Contribution is significantly lower when iterated strategy is predominantly competitive compared to when iterated strategy is predominantly cooperative.
2225,https://data.cooperationdatabank.org/vocab/prop/Partner(s)'_strategiesVariable,https://data.cooperationdatabank.org/vocab/prop/iteratedStrategy,Iterated strategy,https://data.cooperationdatabank.org/id/iteratedstrategy/preprogrammed_cooperation_rate,Real Partner,https://data.cooperationdatabank.org/vocab/prop/iteratedStrategy,Iterated strategy,https://data.cooperationdatabank.org/id/iteratedstrategy/real_partner,Preprogrammed Cooperation Rate,https://data.cooperationdatabank.org/id/dependentvariable/cooperation,negative,test,0.0,negative,lower,0.0,0.6,0.2,0.2,0.6,Cooperation is significantly lower when iterated strategy is real partner compared to when iterated strategy is preprogrammed cooperation rate.
2562,https://data.cooperationdatabank.org/vocab/prop/Partner(s)'_strategiesVariable,https://data.cooperationdatabank.org/vocab/prop/iteratedPreprogrammedCooperationRateLevel,Iterated pre-programmed cooperation rate level,https://data.cooperationdatabank.org/id/iteratedpreprogrammedcooperationratelevel/high,High,https://data.cooperationdatabank.org/vocab/prop/iteratedPreprogrammedCooperationRateLevel,Iterated pre-programmed cooperation rate level,https://data.cooperationdatabank.org/id/iteratedpreprogrammedcooperationratelevel/low,Low,https://data.cooperationdatabank.org/id/dependentvariable/cooperation,noEffect,test,2.0,positive,higher,1.0,0.1111111111111111,0.3333333333333333,0.5555555555555556,0.5555555555555556,Cooperation is significantly higher when iterated pre-programmed cooperation rate level is high compared to when iterated pre-programmed cooperation rate level is low.
2750,https://data.cooperationdatabank.org/vocab/prop/Partner(s)'_strategiesVariable,https://data.cooperationdatabank.org/vocab/prop/iteratedPreprogrammedCooperationRateLevel,Iterated pre-programmed cooperation rate level,https://data.cooperationdatabank.org/id/iteratedpreprogrammedcooperationratelevel/high,Low,https://data.cooperationdatabank.org/vocab/prop/iteratedPreprogrammedCooperationRateLevel,Iterated pre-programmed cooperation rate level,https://data.cooperationdatabank.org/id/iteratedpreprogrammedcooperationratelevel/low,High,https://data.cooperationdatabank.org/id/dependentvariable/cooperation,negative,test,2.0,positive,higher,0.0,0.1111111111111111,0.3333333333333333,0.5555555555555556,0.5555555555555556,Cooperation is significantly higher when iterated pre-programmed cooperation rate level is low compared to when iterated pre-programmed cooperation rate level is high.
2160,https://data.cooperationdatabank.org/vocab/prop/Partner(s)'_strategiesVariable,https://data.cooperationdatabank.org/vocab/prop/iteratedStrategy,Iterated strategy,https://data.cooperationdatabank.org/id/iteratedstrategy/tit-for-tat,Predominantly Cooperative,https://data.cooperationdatabank.org/vocab/prop/iteratedStrategy,Iterated strategy,https://data.cooperationdatabank.org/id/iteratedstrategy/predominantly_cooperative,Tit-for-Tat,https://data.cooperationdatabank.org/id/dependentvariable/cooperation,positive,test,0.0,negative,lower,2.0,0.5,0.3333333333333333,0.16666666666666666,0.5,Cooperation is significantly lower when iterated strategy is predominantly cooperative compared to when iterated strategy is tit-for-tat.
2157,https://data.cooperationdatabank.org/vocab/prop/Partner(s)'_strategiesVariable,https://data.cooperationdatabank.org/vocab/prop/iteratedStrategy,Iterated strategy,https://data.cooperationdatabank.org/id/iteratedstrategy/tit-for-tat,Tit-for-Tat,https://data.cooperationdatabank.org/vocab/prop/iteratedStrategy,Iterated strategy,https://data.cooperationdatabank.org/id/iteratedstrategy/predominantly_cooperative,Predominantly Cooperative,https://data.cooperationdatabank.org/id/dependentvariable/cooperation,noEffect,test,0.0,negative,lower,1.0,0.5,0.3333333333333333,0.16666666666666666,0.5,Cooperation is significantly lower when iterated strategy is tit-for-tat compared to when iterated strategy is predominantly cooperative.
1663,https://data.cooperationdatabank.org/vocab/prop/Partner(s)'_strategiesVariable,https://data.cooperationdatabank.org/vocab/prop/iteratedStrategy,Iterated strategy,https://data.cooperationdatabank.org/id/iteratedstrategy/tit-for-tat,Tit-for-Tat,https://data.cooperationdatabank.org/vocab/prop/iteratedStrategy,Iterated strategy,https://data.cooperationdatabank.org/id/iteratedstrategy/predominantly_cooperative,Predominantly Cooperative,https://data.cooperationdatabank.org/id/dependentvariable/cooperation,negative,test,0.0,negative,lower,0.0,0.5,0.3333333333333333,0.16666666666666666,0.5,Cooperation is significantly lower when iterated strategy is tit-for-tat compared to when iterated strategy is predominantly cooperative.
2162,https://data.cooperationdatabank.org/vocab/prop/Partner(s)'_strategiesVariable,https://data.cooperationdatabank.org/vocab/prop/iteratedStrategy,Iterated strategy,https://data.cooperationdatabank.org/id/iteratedstrategy/tit-for-tat,Tit-for-Tat,https://data.cooperationdatabank.org/vocab/prop/iteratedStrategy,Iterated strategy,https://data.cooperationdatabank.org/id/iteratedstrategy/predominantly_cooperative,Predominantly Cooperative,https://data.cooperationdatabank.org/id/dependentvariable/cooperation,noEffect,test,0.0,negative,lower,1.0,0.5,0.3333333333333333,0.16666666666666666,0.5,Cooperation is significantly lower when iterated strategy is tit-for-tat compared to when iterated strategy is predominantly cooperative.
