,giv_prop,iv,iv_label,cat_t1,cat_t1_label,iv.1,iv_label.1,cat_t2,cat_t2_label,dependent,effect,td,pred_num,pred_readable,comparative,pred_true,score_0,score_1,score_2,max_score,hypothesis
1929,https://data.cooperationdatabank.org/vocab/prop/PersonalityVariable,https://data.cooperationdatabank.org/vocab/prop/sVOType,SVO type,https://data.cooperationdatabank.org/id/svotype/prosocial,Prosocial,https://data.cooperationdatabank.org/vocab/prop/sVOType,SVO type,https://data.cooperationdatabank.org/id/svotype/competitor,Competitor,https://data.cooperationdatabank.org/id/dependentvariable/cooperation,positive,test,2.0,positive,higher,2.0,0.0,0.0,1.0,1.0,Cooperation is significantly higher when svo type is prosocial compared to when svo type is competitor.
1033,https://data.cooperationdatabank.org/vocab/prop/PersonalityVariable,https://data.cooperationdatabank.org/vocab/prop/individualDifferenceLevel,Individual difference level,https://data.cooperationdatabank.org/id/individualdifferencelevel/medium,Medium,https://data.cooperationdatabank.org/vocab/prop/individualDifferenceLevel,Individual difference level,https://data.cooperationdatabank.org/id/individualdifferencelevel/high,High,https://data.cooperationdatabank.org/id/dependentvariable/cooperation,noEffect,test,0.0,negative,lower,1.0,1.0,0.0,0.0,1.0,Cooperation is significantly lower when individual difference level is medium compared to when individual difference level is high.
665,https://data.cooperationdatabank.org/vocab/prop/PersonalityVariable,https://data.cooperationdatabank.org/vocab/prop/sVOType,SVO type,https://data.cooperationdatabank.org/id/svotype/prosocial,Prosocial,https://data.cooperationdatabank.org/vocab/prop/sVOType,SVO type,https://data.cooperationdatabank.org/id/svotype/competitor,Competitor,https://data.cooperationdatabank.org/id/dependentvariable/cooperation,noEffect,test,2.0,positive,higher,1.0,0.0,0.0,1.0,1.0,Cooperation is significantly higher when svo type is prosocial compared to when svo type is competitor.
2695,https://data.cooperationdatabank.org/vocab/prop/PersonalityVariable,https://data.cooperationdatabank.org/vocab/prop/sVOType,SVO type,https://data.cooperationdatabank.org/id/svotype/prosocial,Prosocial,https://data.cooperationdatabank.org/vocab/prop/sVOType,SVO type,https://data.cooperationdatabank.org/id/svotype/competitor,Competitor,https://data.cooperationdatabank.org/id/dependentvariable/cooperation,positive,test,2.0,positive,higher,2.0,0.0,0.0,1.0,1.0,Cooperation is significantly higher when svo type is prosocial compared to when svo type is competitor.
2814,https://data.cooperationdatabank.org/vocab/prop/PersonalityVariable,https://data.cooperationdatabank.org/vocab/prop/sVOType,SVO type,https://data.cooperationdatabank.org/id/svotype/individualist,Prosocial,https://data.cooperationdatabank.org/vocab/prop/sVOType,SVO type,https://data.cooperationdatabank.org/id/svotype/prosocial,Individualist,https://data.cooperationdatabank.org/id/dependentvariable/cooperation,negative,test,0.0,negative,lower,0.0,0.75,0.25,0.0,0.75,Cooperation is significantly lower when svo type is prosocial compared to when svo type is individualist.
1931,https://data.cooperationdatabank.org/vocab/prop/PersonalityVariable,https://data.cooperationdatabank.org/vocab/prop/sVOType,SVO type,https://data.cooperationdatabank.org/id/svotype/individualist,Prosocial,https://data.cooperationdatabank.org/vocab/prop/sVOType,SVO type,https://data.cooperationdatabank.org/id/svotype/prosocial,Individualist,https://data.cooperationdatabank.org/id/dependentvariable/cooperation,negative,test,0.0,negative,lower,0.0,0.75,0.25,0.0,0.75,Cooperation is significantly lower when svo type is prosocial compared to when svo type is individualist.
2010,https://data.cooperationdatabank.org/vocab/prop/PersonalityVariable,https://data.cooperationdatabank.org/vocab/prop/sVOType,SVO type,https://data.cooperationdatabank.org/id/svotype/individualist,Prosocial,https://data.cooperationdatabank.org/vocab/prop/sVOType,SVO type,https://data.cooperationdatabank.org/id/svotype/prosocial,Individualist,https://data.cooperationdatabank.org/id/dependentvariable/cooperation,negative,test,0.0,negative,lower,0.0,0.75,0.25,0.0,0.75,Cooperation is significantly lower when svo type is prosocial compared to when svo type is individualist.
72,https://data.cooperationdatabank.org/vocab/prop/PersonalityVariable,https://data.cooperationdatabank.org/vocab/prop/sVOType,SVO type,https://data.cooperationdatabank.org/id/svotype/prosocial,Prosocial,https://data.cooperationdatabank.org/vocab/prop/sVOType,SVO type,https://data.cooperationdatabank.org/id/svotype/proself,Proself,https://data.cooperationdatabank.org/id/dependentvariable/withdrawals,positive,test,2.0,positive,higher,2.0,0.125,0.25,0.625,0.625,Withdrawal is significantly higher when svo type is prosocial compared to when svo type is proself.
973,https://data.cooperationdatabank.org/vocab/prop/PersonalityVariable,https://data.cooperationdatabank.org/vocab/prop/sVOType,SVO type,https://data.cooperationdatabank.org/id/svotype/prosocial,Prosocial,https://data.cooperationdatabank.org/vocab/prop/sVOType,SVO type,https://data.cooperationdatabank.org/id/svotype/proself,Proself,https://data.cooperationdatabank.org/id/dependentvariable/cooperation,noEffect,test,2.0,positive,higher,1.0,0.0,0.4,0.6,0.6,Cooperation is significantly higher when svo type is prosocial compared to when svo type is proself.
1688,https://data.cooperationdatabank.org/vocab/prop/PersonalityVariable,https://data.cooperationdatabank.org/vocab/prop/sVOType,SVO type,https://data.cooperationdatabank.org/id/svotype/prosocial,Prosocial,https://data.cooperationdatabank.org/vocab/prop/sVOType,SVO type,https://data.cooperationdatabank.org/id/svotype/proself,Proself,https://data.cooperationdatabank.org/id/dependentvariable/contributions,positive,test,2.0,positive,higher,2.0,0.07142857142857142,0.42857142857142855,0.5,0.5,Contribution is significantly higher when svo type is prosocial compared to when svo type is proself.
74,https://data.cooperationdatabank.org/vocab/prop/PersonalityVariable,https://data.cooperationdatabank.org/vocab/prop/sVOType,SVO type,https://data.cooperationdatabank.org/id/svotype/prosocial,Prosocial,https://data.cooperationdatabank.org/vocab/prop/sVOType,SVO type,https://data.cooperationdatabank.org/id/svotype/proself,Proself,https://data.cooperationdatabank.org/id/dependentvariable/contributions,positive,test,2.0,positive,higher,2.0,0.07142857142857142,0.42857142857142855,0.5,0.5,Contribution is significantly higher when svo type is prosocial compared to when svo type is proself.
3028,https://data.cooperationdatabank.org/vocab/prop/PersonalityVariable,https://data.cooperationdatabank.org/vocab/prop/sVOType,SVO type,https://data.cooperationdatabank.org/id/svotype/prosocial,Prosocial,https://data.cooperationdatabank.org/vocab/prop/sVOType,SVO type,https://data.cooperationdatabank.org/id/svotype/proself,Proself,https://data.cooperationdatabank.org/id/dependentvariable/contributions,positive,test,2.0,positive,higher,2.0,0.07142857142857142,0.42857142857142855,0.5,0.5,Contribution is significantly higher when svo type is prosocial compared to when svo type is proself.
1031,https://data.cooperationdatabank.org/vocab/prop/PersonalityVariable,https://data.cooperationdatabank.org/vocab/prop/individualDifferenceLevel,Individual difference level,https://data.cooperationdatabank.org/id/individualdifferencelevel/low,Low,https://data.cooperationdatabank.org/vocab/prop/individualDifferenceLevel,Individual difference level,https://data.cooperationdatabank.org/id/individualdifferencelevel/medium,Medium,https://data.cooperationdatabank.org/id/dependentvariable/cooperation,noEffect,test,2.0,positive,higher,1.0,0.23076923076923078,0.2692307692307692,0.5,0.5,Cooperation is significantly higher when individual difference level is low compared to when individual difference level is medium.
876,https://data.cooperationdatabank.org/vocab/prop/PersonalityVariable,https://data.cooperationdatabank.org/vocab/prop/sVOType,SVO type,https://data.cooperationdatabank.org/id/svotype/prosocial,Prosocial,https://data.cooperationdatabank.org/vocab/prop/sVOType,SVO type,https://data.cooperationdatabank.org/id/svotype/proself,Proself,https://data.cooperationdatabank.org/id/dependentvariable/contributions,positive,test,2.0,positive,higher,2.0,0.07142857142857142,0.42857142857142855,0.5,0.5,Contribution is significantly higher when svo type is prosocial compared to when svo type is proself.
955,https://data.cooperationdatabank.org/vocab/prop/PersonalityVariable,https://data.cooperationdatabank.org/vocab/prop/individualDifferenceLevel,Individual difference level,https://data.cooperationdatabank.org/id/individualdifferencelevel/low,Low,https://data.cooperationdatabank.org/vocab/prop/individualDifferenceLevel,Individual difference level,https://data.cooperationdatabank.org/id/individualdifferencelevel/medium,Medium,https://data.cooperationdatabank.org/id/dependentvariable/cooperation,negative,test,2.0,positive,higher,0.0,0.23076923076923078,0.2692307692307692,0.5,0.5,Cooperation is significantly higher when individual difference level is low compared to when individual difference level is medium.
3094,https://data.cooperationdatabank.org/vocab/prop/PersonalityVariable,https://data.cooperationdatabank.org/vocab/prop/individualDifferenceLevel,Individual difference level,https://data.cooperationdatabank.org/id/individualdifferencelevel/medium,Medium,https://data.cooperationdatabank.org/vocab/prop/individualDifferenceLevel,Individual difference level,https://data.cooperationdatabank.org/id/individualdifferencelevel/high,High,https://data.cooperationdatabank.org/id/dependentvariable/contributions,negative,test,0.0,negative,lower,0.0,0.5,0.0,0.5,0.5,Contribution is significantly lower when individual difference level is medium compared to when individual difference level is high.
3088,https://data.cooperationdatabank.org/vocab/prop/PersonalityVariable,https://data.cooperationdatabank.org/vocab/prop/individualDifferenceLevel,Individual difference level,https://data.cooperationdatabank.org/id/individualdifferencelevel/medium,Medium,https://data.cooperationdatabank.org/vocab/prop/individualDifferenceLevel,Individual difference level,https://data.cooperationdatabank.org/id/individualdifferencelevel/high,High,https://data.cooperationdatabank.org/id/dependentvariable/contributions,negative,test,0.0,negative,lower,0.0,0.5,0.0,0.5,0.5,Contribution is significantly lower when individual difference level is medium compared to when individual difference level is high.
99,https://data.cooperationdatabank.org/vocab/prop/PersonalityVariable,https://data.cooperationdatabank.org/vocab/prop/individualDifferenceLevel,Individual difference level,https://data.cooperationdatabank.org/id/individualdifferencelevel/high,High,https://data.cooperationdatabank.org/vocab/prop/individualDifferenceLevel,Individual difference level,https://data.cooperationdatabank.org/id/individualdifferencelevel/low,Low,https://data.cooperationdatabank.org/id/dependentvariable/contributions,noEffect,test,2.0,positive,higher,1.0,0.3333333333333333,0.2222222222222222,0.4444444444444444,0.4444444444444444,Contribution is significantly higher when individual difference level is high compared to when individual difference level is low.
3093,https://data.cooperationdatabank.org/vocab/prop/PersonalityVariable,https://data.cooperationdatabank.org/vocab/prop/individualDifferenceLevel,Individual difference level,https://data.cooperationdatabank.org/id/individualdifferencelevel/high,Low,https://data.cooperationdatabank.org/vocab/prop/individualDifferenceLevel,Individual difference level,https://data.cooperationdatabank.org/id/individualdifferencelevel/low,High,https://data.cooperationdatabank.org/id/dependentvariable/contributions,positive,test,2.0,positive,higher,2.0,0.3333333333333333,0.2222222222222222,0.4444444444444444,0.4444444444444444,Contribution is significantly higher when individual difference level is low compared to when individual difference level is high.
