,giv_prop,iv,iv_label,cat_t1,cat_t1_label,iv.1,iv_label.1,cat_t2,cat_t2_label,dependent,effect,td,pred_num,pred_readable,comparative,pred_true,score_0,score_1,score_2,max_score,hypothesis
1221,https://data.cooperationdatabank.org/vocab/prop/PowerVariable,https://data.cooperationdatabank.org/vocab/prop/powerLevel,Power level,https://data.cooperationdatabank.org/id/powerlevel/high,High,https://data.cooperationdatabank.org/vocab/prop/powerLevel,Power level,https://data.cooperationdatabank.org/id/powerlevel/control,Control,https://data.cooperationdatabank.org/id/dependentvariable/contributions,noEffect,test,2.0,positive,higher,1.0,0.0,0.0,1.0,1.0,Contribution is significantly higher when power level is high compared to when power level is control.
2706,https://data.cooperationdatabank.org/vocab/prop/PowerVariable,https://data.cooperationdatabank.org/vocab/prop/powerLevel,Power level,https://data.cooperationdatabank.org/id/powerlevel/high,Low,https://data.cooperationdatabank.org/vocab/prop/powerLevel,Power level,https://data.cooperationdatabank.org/id/powerlevel/low,High,https://data.cooperationdatabank.org/id/dependentvariable/contributions,positive,test,2.0,positive,higher,2.0,0.29411764705882354,0.11764705882352941,0.5882352941176471,0.5882352941176471,Contribution is significantly higher when power level is low compared to when power level is high.
2657,https://data.cooperationdatabank.org/vocab/prop/PowerVariable,https://data.cooperationdatabank.org/vocab/prop/powerLevel,Power level,https://data.cooperationdatabank.org/id/powerlevel/high,Control,https://data.cooperationdatabank.org/vocab/prop/powerLevel,Power level,https://data.cooperationdatabank.org/id/powerlevel/control,High,https://data.cooperationdatabank.org/id/dependentvariable/cooperation,negative,test,0.0,negative,lower,0.0,0.5,0.5,0.0,0.5,Cooperation is significantly lower when power level is control compared to when power level is high.
2663,https://data.cooperationdatabank.org/vocab/prop/PowerVariable,https://data.cooperationdatabank.org/vocab/prop/powerLevel,Power level,https://data.cooperationdatabank.org/id/powerlevel/high,Control,https://data.cooperationdatabank.org/vocab/prop/powerLevel,Power level,https://data.cooperationdatabank.org/id/powerlevel/control,High,https://data.cooperationdatabank.org/id/dependentvariable/cooperation,negative,test,0.0,negative,lower,0.0,0.5,0.5,0.0,0.5,Cooperation is significantly lower when power level is control compared to when power level is high.
