,giv_prop,iv,iv_label,cat_t1,cat_t1_label,iv.1,iv_label.1,cat_t2,cat_t2_label,dependent,effect,td,pred_num,pred_readable,comparative,pred_true,score_0,score_1,score_2,max_score,hypothesis
244,https://data.cooperationdatabank.org/vocab/prop/Public_Goods_GameVariable,https://data.cooperationdatabank.org/vocab/prop/mPCRlevel,MPCR level,https://data.cooperationdatabank.org/id/mpcrlevel/low,Low,https://data.cooperationdatabank.org/vocab/prop/mPCRlevel,MPCR level,https://data.cooperationdatabank.org/id/mpcrlevel/medium,Medium,https://data.cooperationdatabank.org/id/dependentvariable/contributions,noEffect,test,0.0,negative,lower,1.0,1.0,0.0,0.0,1.0,Contribution is significantly lower when mpcr level is low compared to when mpcr level is medium.
423,https://data.cooperationdatabank.org/vocab/prop/Public_Goods_GameVariable,https://data.cooperationdatabank.org/vocab/prop/mPCRlevel,MPCR level,https://data.cooperationdatabank.org/id/mpcrlevel/low,High,https://data.cooperationdatabank.org/vocab/prop/mPCRlevel,MPCR level,https://data.cooperationdatabank.org/id/mpcrlevel/high,Low,https://data.cooperationdatabank.org/id/dependentvariable/contributions,negative,test,0.0,negative,lower,0.0,0.8181818181818182,0.09090909090909091,0.09090909090909091,0.8181818181818182,Contribution is significantly lower when mpcr level is high compared to when mpcr level is low.
425,https://data.cooperationdatabank.org/vocab/prop/Public_Goods_GameVariable,https://data.cooperationdatabank.org/vocab/prop/mPCRlevel,MPCR level,https://data.cooperationdatabank.org/id/mpcrlevel/low,High,https://data.cooperationdatabank.org/vocab/prop/mPCRlevel,MPCR level,https://data.cooperationdatabank.org/id/mpcrlevel/high,Low,https://data.cooperationdatabank.org/id/dependentvariable/contributions,negative,test,0.0,negative,lower,0.0,0.8181818181818182,0.09090909090909091,0.09090909090909091,0.8181818181818182,Contribution is significantly lower when mpcr level is high compared to when mpcr level is low.
2668,https://data.cooperationdatabank.org/vocab/prop/Public_Goods_GameVariable,https://data.cooperationdatabank.org/vocab/prop/endowmentLevel,Endowment level,https://data.cooperationdatabank.org/id/endowmentlevel/low,High,https://data.cooperationdatabank.org/vocab/prop/endowmentLevel,Endowment level,https://data.cooperationdatabank.org/id/endowmentlevel/high,Low,https://data.cooperationdatabank.org/id/dependentvariable/cooperation,positive,test,2.0,positive,higher,2.0,0.0,0.3333333333333333,0.6666666666666666,0.6666666666666666,Cooperation is significantly higher when endowment level is high compared to when endowment level is low.
2674,https://data.cooperationdatabank.org/vocab/prop/Public_Goods_GameVariable,https://data.cooperationdatabank.org/vocab/prop/endowmentLevel,Endowment level,https://data.cooperationdatabank.org/id/endowmentlevel/low,High,https://data.cooperationdatabank.org/vocab/prop/endowmentLevel,Endowment level,https://data.cooperationdatabank.org/id/endowmentlevel/high,Low,https://data.cooperationdatabank.org/id/dependentvariable/cooperation,positive,test,2.0,positive,higher,2.0,0.0,0.3333333333333333,0.6666666666666666,0.6666666666666666,Cooperation is significantly higher when endowment level is high compared to when endowment level is low.
179,https://data.cooperationdatabank.org/vocab/prop/Public_Goods_GameVariable,https://data.cooperationdatabank.org/vocab/prop/endowmentLevel,Endowment level,https://data.cooperationdatabank.org/id/endowmentlevel/medium,Medium,https://data.cooperationdatabank.org/vocab/prop/endowmentLevel,Endowment level,https://data.cooperationdatabank.org/id/endowmentlevel/low,Low,https://data.cooperationdatabank.org/id/dependentvariable/contributions,negative,test,2.0,positive,higher,0.0,0.3684210526315789,0.0,0.631578947368421,0.631578947368421,Contribution is significantly higher when endowment level is medium compared to when endowment level is low.
699,https://data.cooperationdatabank.org/vocab/prop/Public_Goods_GameVariable,https://data.cooperationdatabank.org/vocab/prop/endowmentLevel,Endowment level,https://data.cooperationdatabank.org/id/endowmentlevel/medium,Low,https://data.cooperationdatabank.org/vocab/prop/endowmentLevel,Endowment level,https://data.cooperationdatabank.org/id/endowmentlevel/low,Medium,https://data.cooperationdatabank.org/id/dependentvariable/contributions,negative,test,2.0,positive,higher,0.0,0.3684210526315789,0.0,0.631578947368421,0.631578947368421,Contribution is significantly higher when endowment level is low compared to when endowment level is medium.
1075,https://data.cooperationdatabank.org/vocab/prop/Public_Goods_GameVariable,https://data.cooperationdatabank.org/vocab/prop/endowmentLevel,Endowment level,https://data.cooperationdatabank.org/id/endowmentlevel/medium,Low,https://data.cooperationdatabank.org/vocab/prop/endowmentLevel,Endowment level,https://data.cooperationdatabank.org/id/endowmentlevel/low,Medium,https://data.cooperationdatabank.org/id/dependentvariable/contributions,positive,test,2.0,positive,higher,2.0,0.3684210526315789,0.0,0.631578947368421,0.631578947368421,Contribution is significantly higher when endowment level is low compared to when endowment level is medium.
457,https://data.cooperationdatabank.org/vocab/prop/Public_Goods_GameVariable,https://data.cooperationdatabank.org/vocab/prop/mPCRlevel,MPCR level,https://data.cooperationdatabank.org/id/mpcrlevel/medium,Medium,https://data.cooperationdatabank.org/vocab/prop/mPCRlevel,MPCR level,https://data.cooperationdatabank.org/id/mpcrlevel/high,High,https://data.cooperationdatabank.org/id/dependentvariable/contributions,noEffect,test,0.0,negative,lower,1.0,0.5,0.5,0.0,0.5,Contribution is significantly lower when mpcr level is medium compared to when mpcr level is high.
1735,https://data.cooperationdatabank.org/vocab/prop/Public_Goods_GameVariable,https://data.cooperationdatabank.org/vocab/prop/mPCRlevel,MPCR level,https://data.cooperationdatabank.org/id/mpcrlevel/medium,High,https://data.cooperationdatabank.org/vocab/prop/mPCRlevel,MPCR level,https://data.cooperationdatabank.org/id/mpcrlevel/high,Medium,https://data.cooperationdatabank.org/id/dependentvariable/cooperation,negative,test,0.0,negative,lower,0.0,0.5,0.5,0.0,0.5,Cooperation is significantly lower when mpcr level is high compared to when mpcr level is medium.
1733,https://data.cooperationdatabank.org/vocab/prop/Public_Goods_GameVariable,https://data.cooperationdatabank.org/vocab/prop/mPCRlevel,MPCR level,https://data.cooperationdatabank.org/id/mpcrlevel/medium,High,https://data.cooperationdatabank.org/vocab/prop/mPCRlevel,MPCR level,https://data.cooperationdatabank.org/id/mpcrlevel/high,Medium,https://data.cooperationdatabank.org/id/dependentvariable/cooperation,negative,test,0.0,negative,lower,0.0,0.5,0.5,0.0,0.5,Cooperation is significantly lower when mpcr level is high compared to when mpcr level is medium.
