,giv_prop,iv,iv_label,cat_t1,cat_t1_label,iv.1,iv_label.1,cat_t2,cat_t2_label,dependent,effect,td,pred_num,pred_readable,comparative,pred_true,score_0,score_1,score_2,max_score,hypothesis
2404,https://data.cooperationdatabank.org/vocab/prop/PunishmentVariable,https://data.cooperationdatabank.org/vocab/prop/punishmentTreatment,Punishment treatment,https://data.cooperationdatabank.org/id/punishmenttreatment/-1,-1,https://data.cooperationdatabank.org/vocab/prop/punishmentTreatment,Punishment treatment,https://data.cooperationdatabank.org/id/punishmenttreatment/1,1,https://data.cooperationdatabank.org/id/dependentvariable/withdrawals,negative,test,0.0,negative,lower,0.0,1.0,0.0,0.0,1.0,Withdrawal is significantly lower when punishment treatment is -1 compared to when punishment treatment is 1.
1920,https://data.cooperationdatabank.org/vocab/prop/PunishmentVariable,https://data.cooperationdatabank.org/vocab/prop/punishmentIncentive,Punishment incentive,https://data.cooperationdatabank.org/id/punishmentincentive/monetary,Non-monetary Social,https://data.cooperationdatabank.org/vocab/prop/punishmentIncentive,Punishment incentive,https://data.cooperationdatabank.org/id/punishmentincentive/non-monetary_social,Monetary,https://data.cooperationdatabank.org/id/dependentvariable/contributions,negative,test,2.0,positive,higher,0.0,0.3333333333333333,0.0,0.6666666666666666,0.6666666666666666,Contribution is significantly higher when punishment incentive is non-monetary social compared to when punishment incentive is monetary.
2127,https://data.cooperationdatabank.org/vocab/prop/PunishmentVariable,https://data.cooperationdatabank.org/vocab/prop/punishmentIncentive,Punishment incentive,https://data.cooperationdatabank.org/id/punishmentincentive/monetary,Monetary,https://data.cooperationdatabank.org/vocab/prop/punishmentIncentive,Punishment incentive,https://data.cooperationdatabank.org/id/punishmentincentive/non-monetary_social,Non-monetary Social,https://data.cooperationdatabank.org/id/dependentvariable/contributions,positive,test,2.0,positive,higher,2.0,0.3333333333333333,0.0,0.6666666666666666,0.6666666666666666,Contribution is significantly higher when punishment incentive is monetary compared to when punishment incentive is non-monetary social.
2128,https://data.cooperationdatabank.org/vocab/prop/PunishmentVariable,https://data.cooperationdatabank.org/vocab/prop/punishmentIncentive,Punishment incentive,https://data.cooperationdatabank.org/id/punishmentincentive/monetary,Monetary,https://data.cooperationdatabank.org/vocab/prop/punishmentIncentive,Punishment incentive,https://data.cooperationdatabank.org/id/punishmentincentive/non-monetary_social,Non-monetary Social,https://data.cooperationdatabank.org/id/dependentvariable/contributions,positive,test,2.0,positive,higher,2.0,0.3333333333333333,0.0,0.6666666666666666,0.6666666666666666,Contribution is significantly higher when punishment incentive is monetary compared to when punishment incentive is non-monetary social.
40,https://data.cooperationdatabank.org/vocab/prop/PunishmentVariable,https://data.cooperationdatabank.org/vocab/prop/punishmentTreatment,Punishment treatment,https://data.cooperationdatabank.org/id/punishmenttreatment/-1,-1,https://data.cooperationdatabank.org/vocab/prop/punishmentTreatment,Punishment treatment,https://data.cooperationdatabank.org/id/punishmenttreatment/1,1,https://data.cooperationdatabank.org/id/dependentvariable/contributions,negative,test,0.0,negative,lower,0.0,0.5858585858585859,0.36363636363636365,0.050505050505050504,0.5858585858585859,Contribution is significantly lower when punishment treatment is -1 compared to when punishment treatment is 1.
42,https://data.cooperationdatabank.org/vocab/prop/PunishmentVariable,https://data.cooperationdatabank.org/vocab/prop/punishmentTreatment,Punishment treatment,https://data.cooperationdatabank.org/id/punishmenttreatment/-1,-1,https://data.cooperationdatabank.org/vocab/prop/punishmentTreatment,Punishment treatment,https://data.cooperationdatabank.org/id/punishmenttreatment/1,1,https://data.cooperationdatabank.org/id/dependentvariable/contributions,negative,test,0.0,negative,lower,0.0,0.5858585858585859,0.36363636363636365,0.050505050505050504,0.5858585858585859,Contribution is significantly lower when punishment treatment is -1 compared to when punishment treatment is 1.
65,https://data.cooperationdatabank.org/vocab/prop/PunishmentVariable,https://data.cooperationdatabank.org/vocab/prop/punishmentTreatment,Punishment treatment,https://data.cooperationdatabank.org/id/punishmenttreatment/-1,-1,https://data.cooperationdatabank.org/vocab/prop/punishmentTreatment,Punishment treatment,https://data.cooperationdatabank.org/id/punishmenttreatment/1,1,https://data.cooperationdatabank.org/id/dependentvariable/contributions,negative,test,0.0,negative,lower,0.0,0.5858585858585859,0.36363636363636365,0.050505050505050504,0.5858585858585859,Contribution is significantly lower when punishment treatment is -1 compared to when punishment treatment is 1.
2940,https://data.cooperationdatabank.org/vocab/prop/PunishmentVariable,https://data.cooperationdatabank.org/vocab/prop/punishmentTreatment,Punishment treatment,https://data.cooperationdatabank.org/id/punishmenttreatment/-1,-1.0,https://data.cooperationdatabank.org/vocab/prop/punishmentTreatment,Punishment treatment,https://data.cooperationdatabank.org/id/punishmenttreatment/1,1.0,https://data.cooperationdatabank.org/id/dependentvariable/contributions,negative,test,0.0,negative,lower,0.0,0.5858585858585859,0.36363636363636365,0.050505050505050504,0.5858585858585859,Contribution is significantly lower when punishment treatment is -1.0 compared to when punishment treatment is 1.0.
914,https://data.cooperationdatabank.org/vocab/prop/PunishmentVariable,https://data.cooperationdatabank.org/vocab/prop/punishmentTreatment,Punishment treatment,https://data.cooperationdatabank.org/id/punishmenttreatment/-1,-1,https://data.cooperationdatabank.org/vocab/prop/punishmentTreatment,Punishment treatment,https://data.cooperationdatabank.org/id/punishmenttreatment/1,1,https://data.cooperationdatabank.org/id/dependentvariable/contributions,noEffect,test,0.0,negative,lower,1.0,0.5858585858585859,0.36363636363636365,0.050505050505050504,0.5858585858585859,Contribution is significantly lower when punishment treatment is -1 compared to when punishment treatment is 1.
769,https://data.cooperationdatabank.org/vocab/prop/PunishmentVariable,https://data.cooperationdatabank.org/vocab/prop/punishmentTreatment,Punishment treatment,https://data.cooperationdatabank.org/id/punishmenttreatment/-1,1,https://data.cooperationdatabank.org/vocab/prop/punishmentTreatment,Punishment treatment,https://data.cooperationdatabank.org/id/punishmenttreatment/1,-1,https://data.cooperationdatabank.org/id/dependentvariable/contributions,negative,test,0.0,negative,lower,0.0,0.5858585858585859,0.36363636363636365,0.050505050505050504,0.5858585858585859,Contribution is significantly lower when punishment treatment is 1 compared to when punishment treatment is -1.
584,https://data.cooperationdatabank.org/vocab/prop/PunishmentVariable,https://data.cooperationdatabank.org/vocab/prop/punishmentTreatment,Punishment treatment,https://data.cooperationdatabank.org/id/punishmenttreatment/-1,-1,https://data.cooperationdatabank.org/vocab/prop/punishmentTreatment,Punishment treatment,https://data.cooperationdatabank.org/id/punishmenttreatment/1,1,https://data.cooperationdatabank.org/id/dependentvariable/contributions,negative,test,0.0,negative,lower,0.0,0.5858585858585859,0.36363636363636365,0.050505050505050504,0.5858585858585859,Contribution is significantly lower when punishment treatment is -1 compared to when punishment treatment is 1.
2056,https://data.cooperationdatabank.org/vocab/prop/PunishmentVariable,https://data.cooperationdatabank.org/vocab/prop/punishmentTreatment,Punishment treatment,https://data.cooperationdatabank.org/id/punishmenttreatment/-1,-1,https://data.cooperationdatabank.org/vocab/prop/punishmentTreatment,Punishment treatment,https://data.cooperationdatabank.org/id/punishmenttreatment/1,1,https://data.cooperationdatabank.org/id/dependentvariable/contributions,negative,test,0.0,negative,lower,0.0,0.5858585858585859,0.36363636363636365,0.050505050505050504,0.5858585858585859,Contribution is significantly lower when punishment treatment is -1 compared to when punishment treatment is 1.
985,https://data.cooperationdatabank.org/vocab/prop/PunishmentVariable,https://data.cooperationdatabank.org/vocab/prop/punishmentTreatment,Punishment treatment,https://data.cooperationdatabank.org/id/punishmenttreatment/-1,1,https://data.cooperationdatabank.org/vocab/prop/punishmentTreatment,Punishment treatment,https://data.cooperationdatabank.org/id/punishmenttreatment/1,-1,https://data.cooperationdatabank.org/id/dependentvariable/contributions,negative,test,0.0,negative,lower,0.0,0.5858585858585859,0.36363636363636365,0.050505050505050504,0.5858585858585859,Contribution is significantly lower when punishment treatment is 1 compared to when punishment treatment is -1.
1694,https://data.cooperationdatabank.org/vocab/prop/PunishmentVariable,https://data.cooperationdatabank.org/vocab/prop/punishmentTreatment,Punishment treatment,https://data.cooperationdatabank.org/id/punishmenttreatment/-1,-1,https://data.cooperationdatabank.org/vocab/prop/punishmentTreatment,Punishment treatment,https://data.cooperationdatabank.org/id/punishmenttreatment/1,1,https://data.cooperationdatabank.org/id/dependentvariable/contributions,noEffect,test,0.0,negative,lower,1.0,0.5858585858585859,0.36363636363636365,0.050505050505050504,0.5858585858585859,Contribution is significantly lower when punishment treatment is -1 compared to when punishment treatment is 1.
1354,https://data.cooperationdatabank.org/vocab/prop/PunishmentVariable,https://data.cooperationdatabank.org/vocab/prop/punishmentTreatment,Punishment treatment,https://data.cooperationdatabank.org/id/punishmenttreatment/-1,-1,https://data.cooperationdatabank.org/vocab/prop/punishmentTreatment,Punishment treatment,https://data.cooperationdatabank.org/id/punishmenttreatment/1,1,https://data.cooperationdatabank.org/id/dependentvariable/contributions,negative,test,0.0,negative,lower,0.0,0.5858585858585859,0.36363636363636365,0.050505050505050504,0.5858585858585859,Contribution is significantly lower when punishment treatment is -1 compared to when punishment treatment is 1.
3013,https://data.cooperationdatabank.org/vocab/prop/PunishmentVariable,https://data.cooperationdatabank.org/vocab/prop/punishmentTreatment,Punishment treatment,https://data.cooperationdatabank.org/id/punishmenttreatment/-1,-1,https://data.cooperationdatabank.org/vocab/prop/punishmentTreatment,Punishment treatment,https://data.cooperationdatabank.org/id/punishmenttreatment/1,1,https://data.cooperationdatabank.org/id/dependentvariable/contributions,noEffect,test,0.0,negative,lower,1.0,0.5858585858585859,0.36363636363636365,0.050505050505050504,0.5858585858585859,Contribution is significantly lower when punishment treatment is -1 compared to when punishment treatment is 1.
564,https://data.cooperationdatabank.org/vocab/prop/PunishmentVariable,https://data.cooperationdatabank.org/vocab/prop/punishmentTreatment,Punishment treatment,https://data.cooperationdatabank.org/id/punishmenttreatment/-1,-1.0,https://data.cooperationdatabank.org/vocab/prop/punishmentTreatment,Punishment treatment,https://data.cooperationdatabank.org/id/punishmenttreatment/0,0.0,https://data.cooperationdatabank.org/id/dependentvariable/contributions,negative,test,0.0,negative,lower,0.0,0.5,0.375,0.125,0.5,Contribution is significantly lower when punishment treatment is -1.0 compared to when punishment treatment is 0.0.
2612,https://data.cooperationdatabank.org/vocab/prop/PunishmentVariable,https://data.cooperationdatabank.org/vocab/prop/punishmentTreatment,Punishment treatment,https://data.cooperationdatabank.org/id/punishmenttreatment/-1,-1,https://data.cooperationdatabank.org/vocab/prop/punishmentTreatment,Punishment treatment,https://data.cooperationdatabank.org/id/punishmenttreatment/0,0,https://data.cooperationdatabank.org/id/dependentvariable/contributions,noEffect,test,0.0,negative,lower,1.0,0.5,0.375,0.125,0.5,Contribution is significantly lower when punishment treatment is -1 compared to when punishment treatment is 0.
1265,https://data.cooperationdatabank.org/vocab/prop/PunishmentVariable,https://data.cooperationdatabank.org/vocab/prop/punishmentTreatment,Punishment treatment,https://data.cooperationdatabank.org/id/punishmenttreatment/-1,-1,https://data.cooperationdatabank.org/vocab/prop/punishmentTreatment,Punishment treatment,https://data.cooperationdatabank.org/id/punishmenttreatment/1,1,https://data.cooperationdatabank.org/id/dependentvariable/cooperation,noEffect,test,0.0,negative,lower,1.0,0.4827586206896552,0.4827586206896552,0.034482758620689655,0.4827586206896552,Cooperation is significantly lower when punishment treatment is -1 compared to when punishment treatment is 1.
2774,https://data.cooperationdatabank.org/vocab/prop/PunishmentVariable,https://data.cooperationdatabank.org/vocab/prop/punishmentTreatment,Punishment treatment,https://data.cooperationdatabank.org/id/punishmenttreatment/-1,-1,https://data.cooperationdatabank.org/vocab/prop/punishmentTreatment,Punishment treatment,https://data.cooperationdatabank.org/id/punishmenttreatment/1,1,https://data.cooperationdatabank.org/id/dependentvariable/cooperation,noEffect,test,0.0,negative,lower,1.0,0.4827586206896552,0.4827586206896552,0.034482758620689655,0.4827586206896552,Cooperation is significantly lower when punishment treatment is -1 compared to when punishment treatment is 1.
2020,https://data.cooperationdatabank.org/vocab/prop/PunishmentVariable,https://data.cooperationdatabank.org/vocab/prop/punishmentTreatment,Punishment treatment,https://data.cooperationdatabank.org/id/punishmenttreatment/-1,-1,https://data.cooperationdatabank.org/vocab/prop/punishmentTreatment,Punishment treatment,https://data.cooperationdatabank.org/id/punishmenttreatment/1,1,https://data.cooperationdatabank.org/id/dependentvariable/cooperation,noEffect,test,0.0,negative,lower,1.0,0.4827586206896552,0.4827586206896552,0.034482758620689655,0.4827586206896552,Cooperation is significantly lower when punishment treatment is -1 compared to when punishment treatment is 1.
2771,https://data.cooperationdatabank.org/vocab/prop/PunishmentVariable,https://data.cooperationdatabank.org/vocab/prop/punishmentTreatment,Punishment treatment,https://data.cooperationdatabank.org/id/punishmenttreatment/-1,-1,https://data.cooperationdatabank.org/vocab/prop/punishmentTreatment,Punishment treatment,https://data.cooperationdatabank.org/id/punishmenttreatment/1,1,https://data.cooperationdatabank.org/id/dependentvariable/cooperation,noEffect,test,0.0,negative,lower,1.0,0.4827586206896552,0.4827586206896552,0.034482758620689655,0.4827586206896552,Cooperation is significantly lower when punishment treatment is -1 compared to when punishment treatment is 1.
1623,https://data.cooperationdatabank.org/vocab/prop/PunishmentVariable,https://data.cooperationdatabank.org/vocab/prop/punishmentRule,Punishment rule,https://data.cooperationdatabank.org/id/punishmentrule/contribution-based,Contribution-based,https://data.cooperationdatabank.org/vocab/prop/punishmentRule,Punishment rule,https://data.cooperationdatabank.org/id/punishmentrule/rank-based,Rank-based,https://data.cooperationdatabank.org/id/dependentvariable/contributions,positive,test,0.0,negative,lower,2.0,0.4,0.4,0.2,0.4,Contribution is significantly lower when punishment rule is contribution-based compared to when punishment rule is rank-based.
