,giv_prop,iv,iv_label,cat_t1,cat_t1_label,iv.1,iv_label.1,cat_t2,cat_t2_label,dependent,effect,td,pred_num,pred_readable,comparative,pred_true,score_0,score_1,score_2,max_score,hypothesis
1611,https://data.cooperationdatabank.org/vocab/prop/ReputationVariable,https://data.cooperationdatabank.org/vocab/prop/anonymityManipul,Anonymity manipulation,https://data.cooperationdatabank.org/id/anonymitymanipul/low,Medium,https://data.cooperationdatabank.org/vocab/prop/anonymityManipul,Anonymity manipulation,https://data.cooperationdatabank.org/id/anonymitymanipul/medium,Low,https://data.cooperationdatabank.org/id/dependentvariable/cooperation,positive,test,2.0,positive,higher,2.0,0.0,0.3333333333333333,0.6666666666666666,0.6666666666666666,Cooperation is significantly higher when anonymity manipulation is medium compared to when anonymity manipulation is low.
2384,https://data.cooperationdatabank.org/vocab/prop/ReputationVariable,https://data.cooperationdatabank.org/vocab/prop/anonymityManipul,Anonymity manipulation,https://data.cooperationdatabank.org/id/anonymitymanipul/high,High,https://data.cooperationdatabank.org/vocab/prop/anonymityManipul,Anonymity manipulation,https://data.cooperationdatabank.org/id/anonymitymanipul/low,Low,https://data.cooperationdatabank.org/id/dependentvariable/contributions,noEffect,test,0.0,negative,lower,1.0,0.65,0.15,0.2,0.65,Contribution is significantly lower when anonymity manipulation is high compared to when anonymity manipulation is low.
2839,https://data.cooperationdatabank.org/vocab/prop/ReputationVariable,https://data.cooperationdatabank.org/vocab/prop/anonymityManipul,Anonymity manipulation,https://data.cooperationdatabank.org/id/anonymitymanipul/high,Low,https://data.cooperationdatabank.org/vocab/prop/anonymityManipul,Anonymity manipulation,https://data.cooperationdatabank.org/id/anonymitymanipul/low,High,https://data.cooperationdatabank.org/id/dependentvariable/contributions,negative,test,0.0,negative,lower,0.0,0.65,0.15,0.2,0.65,Contribution is significantly lower when anonymity manipulation is low compared to when anonymity manipulation is high.
506,https://data.cooperationdatabank.org/vocab/prop/ReputationVariable,https://data.cooperationdatabank.org/vocab/prop/knowledgeOfPartnerPriorBehavior,Knowledge of partner's prior behavior,https://data.cooperationdatabank.org/id/knowledgeofpartnerpriorbehavior/absent,noncooperative,https://data.cooperationdatabank.org/vocab/prop/knowledgeOfPartnerPriorBehavior,Knowledge of partner's prior behavior,https://data.cooperationdatabank.org/id/knowledgeofpartnerpriorbehavior/noncooperative,absent,https://data.cooperationdatabank.org/id/dependentvariable/cooperation,negative,test,2.0,positive,higher,0.0,0.0,0.4,0.6,0.6,Cooperation is significantly higher when knowledge of partner's prior behavior is noncooperative compared to when knowledge of partner's prior behavior is absent.
1257,https://data.cooperationdatabank.org/vocab/prop/ReputationVariable,https://data.cooperationdatabank.org/vocab/prop/anonymityManipul,Anonymity manipulation,https://data.cooperationdatabank.org/id/anonymitymanipul/high,High,https://data.cooperationdatabank.org/vocab/prop/anonymityManipul,Anonymity manipulation,https://data.cooperationdatabank.org/id/anonymitymanipul/low,Low,https://data.cooperationdatabank.org/id/dependentvariable/cooperation,noEffect,test,0.0,negative,lower,1.0,0.5,0.5,0.0,0.5,Cooperation is significantly lower when anonymity manipulation is high compared to when anonymity manipulation is low.
521,https://data.cooperationdatabank.org/vocab/prop/ReputationVariable,https://data.cooperationdatabank.org/vocab/prop/anonymityManipul,Anonymity manipulation,https://data.cooperationdatabank.org/id/anonymitymanipul/high,Low,https://data.cooperationdatabank.org/vocab/prop/anonymityManipul,Anonymity manipulation,https://data.cooperationdatabank.org/id/anonymitymanipul/low,High,https://data.cooperationdatabank.org/id/dependentvariable/cooperation,negative,test,0.0,negative,lower,0.0,0.5,0.5,0.0,0.5,Cooperation is significantly lower when anonymity manipulation is low compared to when anonymity manipulation is high.
1613,https://data.cooperationdatabank.org/vocab/prop/ReputationVariable,https://data.cooperationdatabank.org/vocab/prop/anonymityManipul,Anonymity manipulation,https://data.cooperationdatabank.org/id/anonymitymanipul/high,High,https://data.cooperationdatabank.org/vocab/prop/anonymityManipul,Anonymity manipulation,https://data.cooperationdatabank.org/id/anonymitymanipul/medium,Medium,https://data.cooperationdatabank.org/id/dependentvariable/cooperation,negative,test,0.0,negative,lower,0.0,0.5,0.5,0.0,0.5,Cooperation is significantly lower when anonymity manipulation is high compared to when anonymity manipulation is medium.
2456,https://data.cooperationdatabank.org/vocab/prop/ReputationVariable,https://data.cooperationdatabank.org/vocab/prop/anonymityManipul,Anonymity manipulation,https://data.cooperationdatabank.org/id/anonymitymanipul/high,High,https://data.cooperationdatabank.org/vocab/prop/anonymityManipul,Anonymity manipulation,https://data.cooperationdatabank.org/id/anonymitymanipul/medium,Medium,https://data.cooperationdatabank.org/id/dependentvariable/contributions,negative,test,0.0,negative,lower,0.0,0.5,0.5,0.0,0.5,Contribution is significantly lower when anonymity manipulation is high compared to when anonymity manipulation is medium.
