,giv_prop,iv,iv_label,cat_t1,cat_t1_label,iv.1,iv_label.1,cat_t2,cat_t2_label,dependent,effect,td,pred_num,pred_readable,comparative,pred_true,score_0,score_1,score_2,max_score,hypothesis
1902,https://data.cooperationdatabank.org/vocab/prop/RewardVariable,https://data.cooperationdatabank.org/vocab/prop/rewardTreatment,Reward treatment,https://data.cooperationdatabank.org/id/rewardtreatment/1,-1,https://data.cooperationdatabank.org/vocab/prop/rewardTreatment,Reward treatment,https://data.cooperationdatabank.org/id/rewardtreatment/-1,1,https://data.cooperationdatabank.org/id/dependentvariable/cooperation,positive,test,2.0,positive,higher,2.0,0.0,0.0,1.0,1.0,Cooperation is significantly higher when reward treatment is -1 compared to when reward treatment is 1.
743,https://data.cooperationdatabank.org/vocab/prop/RewardVariable,https://data.cooperationdatabank.org/vocab/prop/rewardTreatment,Reward treatment,https://data.cooperationdatabank.org/id/rewardtreatment/1,-1,https://data.cooperationdatabank.org/vocab/prop/rewardTreatment,Reward treatment,https://data.cooperationdatabank.org/id/rewardtreatment/-1,1,https://data.cooperationdatabank.org/id/dependentvariable/contributions,positive,test,2.0,positive,higher,2.0,0.10714285714285714,0.14285714285714285,0.75,0.75,Contribution is significantly higher when reward treatment is -1 compared to when reward treatment is 1.
3019,https://data.cooperationdatabank.org/vocab/prop/RewardVariable,https://data.cooperationdatabank.org/vocab/prop/rewardTreatment,Reward treatment,https://data.cooperationdatabank.org/id/rewardtreatment/1,-1,https://data.cooperationdatabank.org/vocab/prop/rewardTreatment,Reward treatment,https://data.cooperationdatabank.org/id/rewardtreatment/-1,1,https://data.cooperationdatabank.org/id/dependentvariable/contributions,positive,test,2.0,positive,higher,2.0,0.10714285714285714,0.14285714285714285,0.75,0.75,Contribution is significantly higher when reward treatment is -1 compared to when reward treatment is 1.
1536,https://data.cooperationdatabank.org/vocab/prop/RewardVariable,https://data.cooperationdatabank.org/vocab/prop/rewardTreatment,Reward treatment,https://data.cooperationdatabank.org/id/rewardtreatment/1,1,https://data.cooperationdatabank.org/vocab/prop/rewardTreatment,Reward treatment,https://data.cooperationdatabank.org/id/rewardtreatment/-1,-1,https://data.cooperationdatabank.org/id/dependentvariable/contributions,noEffect,test,2.0,positive,higher,1.0,0.10714285714285714,0.14285714285714285,0.75,0.75,Contribution is significantly higher when reward treatment is 1 compared to when reward treatment is -1.
1452,https://data.cooperationdatabank.org/vocab/prop/RewardVariable,https://data.cooperationdatabank.org/vocab/prop/rewardTreatment,Reward treatment,https://data.cooperationdatabank.org/id/rewardtreatment/-1,0,https://data.cooperationdatabank.org/vocab/prop/rewardTreatment,Reward treatment,https://data.cooperationdatabank.org/id/rewardtreatment/0,-1,https://data.cooperationdatabank.org/id/dependentvariable/cooperation,negative,test,0.0,negative,lower,0.0,0.5,0.5,0.0,0.5,Cooperation is significantly lower when reward treatment is 0 compared to when reward treatment is -1.
114,https://data.cooperationdatabank.org/vocab/prop/RewardVariable,https://data.cooperationdatabank.org/vocab/prop/rewardTreatment,Reward treatment,https://data.cooperationdatabank.org/id/rewardtreatment/1,1,https://data.cooperationdatabank.org/vocab/prop/rewardTreatment,Reward treatment,https://data.cooperationdatabank.org/id/rewardtreatment/0,0,https://data.cooperationdatabank.org/id/dependentvariable/contributions,noEffect,test,0.0,negative,lower,1.0,0.3793103448275862,0.2413793103448276,0.3793103448275862,0.3793103448275862,Contribution is significantly lower when reward treatment is 1 compared to when reward treatment is 0.
2273,https://data.cooperationdatabank.org/vocab/prop/RewardVariable,https://data.cooperationdatabank.org/vocab/prop/rewardTreatment,Reward treatment,https://data.cooperationdatabank.org/id/rewardtreatment/1,1,https://data.cooperationdatabank.org/vocab/prop/rewardTreatment,Reward treatment,https://data.cooperationdatabank.org/id/rewardtreatment/0,0,https://data.cooperationdatabank.org/id/dependentvariable/contributions,noEffect,test,0.0,negative,lower,1.0,0.3793103448275862,0.2413793103448276,0.3793103448275862,0.3793103448275862,Contribution is significantly lower when reward treatment is 1 compared to when reward treatment is 0.
2719,https://data.cooperationdatabank.org/vocab/prop/RewardVariable,https://data.cooperationdatabank.org/vocab/prop/rewardTreatment,Reward treatment,https://data.cooperationdatabank.org/id/rewardtreatment/1,1,https://data.cooperationdatabank.org/vocab/prop/rewardTreatment,Reward treatment,https://data.cooperationdatabank.org/id/rewardtreatment/0,0,https://data.cooperationdatabank.org/id/dependentvariable/contributions,negative,test,0.0,negative,lower,0.0,0.3793103448275862,0.2413793103448276,0.3793103448275862,0.3793103448275862,Contribution is significantly lower when reward treatment is 1 compared to when reward treatment is 0.
