,giv_prop,iv,iv_label,cat_t1,cat_t1_label,iv.1,iv_label.1,cat_t2,cat_t2_label,dependent,effect,td,pred_num,pred_readable,comparative,pred_true,score_0,score_1,score_2,max_score,hypothesis
255,https://data.cooperationdatabank.org/vocab/prop/UncertaintyVariable,https://data.cooperationdatabank.org/vocab/prop/uncertaintyTarget,Uncertainty target,https://data.cooperationdatabank.org/id/uncertaintytarget/threshold,Threshold,https://data.cooperationdatabank.org/vocab/prop/uncertaintyTarget,Uncertainty target,https://data.cooperationdatabank.org/id/uncertaintytarget/loss,Loss,https://data.cooperationdatabank.org/id/dependentvariable/contributions,negative,test,0.0,negative,lower,0.0,0.6666666666666666,0.3333333333333333,0.0,0.6666666666666666,Contribution is significantly lower when uncertainty target is threshold compared to when uncertainty target is loss.
259,https://data.cooperationdatabank.org/vocab/prop/UncertaintyVariable,https://data.cooperationdatabank.org/vocab/prop/uncertaintyTarget,Uncertainty target,https://data.cooperationdatabank.org/id/uncertaintytarget/threshold,Threshold,https://data.cooperationdatabank.org/vocab/prop/uncertaintyTarget,Uncertainty target,https://data.cooperationdatabank.org/id/uncertaintytarget/loss,Loss,https://data.cooperationdatabank.org/id/dependentvariable/contributions,positive,test,0.0,negative,lower,2.0,0.6666666666666666,0.3333333333333333,0.0,0.6666666666666666,Contribution is significantly lower when uncertainty target is threshold compared to when uncertainty target is loss.
261,https://data.cooperationdatabank.org/vocab/prop/UncertaintyVariable,https://data.cooperationdatabank.org/vocab/prop/uncertaintyTarget,Uncertainty target,https://data.cooperationdatabank.org/id/uncertaintytarget/threshold,Loss,https://data.cooperationdatabank.org/vocab/prop/uncertaintyTarget,Uncertainty target,https://data.cooperationdatabank.org/id/uncertaintytarget/loss,Threshold,https://data.cooperationdatabank.org/id/dependentvariable/contributions,negative,test,0.0,negative,lower,0.0,0.6666666666666666,0.3333333333333333,0.0,0.6666666666666666,Contribution is significantly lower when uncertainty target is loss compared to when uncertainty target is threshold.
1655,https://data.cooperationdatabank.org/vocab/prop/UncertaintyVariable,https://data.cooperationdatabank.org/vocab/prop/uncertaintyLevel,Uncertainty level,https://data.cooperationdatabank.org/id/uncertaintylevel/low,Low,https://data.cooperationdatabank.org/vocab/prop/uncertaintyLevel,Uncertainty level,https://data.cooperationdatabank.org/id/uncertaintylevel/high,High,https://data.cooperationdatabank.org/id/dependentvariable/contributions,noEffect,test,2.0,positive,higher,1.0,0.047619047619047616,0.38095238095238093,0.5714285714285714,0.5714285714285714,Contribution is significantly higher when uncertainty level is low compared to when uncertainty level is high.
1825,https://data.cooperationdatabank.org/vocab/prop/UncertaintyVariable,https://data.cooperationdatabank.org/vocab/prop/uncertaintyLevel,Uncertainty level,https://data.cooperationdatabank.org/id/uncertaintylevel/low,Low,https://data.cooperationdatabank.org/vocab/prop/uncertaintyLevel,Uncertainty level,https://data.cooperationdatabank.org/id/uncertaintylevel/high,High,https://data.cooperationdatabank.org/id/dependentvariable/contributions,positive,test,2.0,positive,higher,2.0,0.047619047619047616,0.38095238095238093,0.5714285714285714,0.5714285714285714,Contribution is significantly higher when uncertainty level is low compared to when uncertainty level is high.
