,giv_prop,iv,iv_label,cat_t1,cat_t1_label,iv.1,iv_label.1,cat_t2,cat_t2_label,mod,mod_label,mod_t1,mod_t1_label,mod_t2,mod_t2_label,dependent,effect,td,pred_num,pred_readable,comparative,pred_true,score_0,score_1,score_2,max_score,hypothesis
462,https://data.cooperationdatabank.org/vocab/prop/Group_SizeVariable,https://data.cooperationdatabank.org/vocab/prop/decisionMaker,Decision maker,https://data.cooperationdatabank.org/id/decisionmaker/group,individual,https://data.cooperationdatabank.org/vocab/prop/decisionMaker,Decision maker,https://data.cooperationdatabank.org/id/decisionmaker/individual,group,https://data.cooperationdatabank.org/vocab/prop/groupSizeLevel,Group size level,https://data.cooperationdatabank.org/id/groupsizelevel/low,Low,https://data.cooperationdatabank.org/id/groupsizelevel/medium,Medium,https://data.cooperationdatabank.org/id/dependentvariable/cooperation,negative,test,0.0,negative,lower,0.0,1.0,0.0,0.0,1.0,"When comparing studies where decision maker is individual and studies where decision maker is group, effect sizes from studies involving low as group size level are significantly lower than effect sizes based on medium as group size level."
371,https://data.cooperationdatabank.org/vocab/prop/Group_SizeVariable,https://data.cooperationdatabank.org/vocab/prop/groupSizeLevel,Group size level,https://data.cooperationdatabank.org/id/groupsizelevel/high,Low,https://data.cooperationdatabank.org/vocab/prop/groupSizeLevel,Group size level,https://data.cooperationdatabank.org/id/groupsizelevel/low,High,https://data.cooperationdatabank.org/vocab/prop/decisionMaker,Decision maker,https://data.cooperationdatabank.org/id/decisionmaker/individual,individual,https://data.cooperationdatabank.org/id/decisionmaker/group,group,https://data.cooperationdatabank.org/id/dependentvariable/cooperation,negative,test,0.0,negative,lower,0.0,0.9444444444444444,0.0,0.05555555555555555,0.9444444444444444,"When comparing studies where group size level is low and studies where group size level is high, effect sizes from studies involving individual as decision maker are significantly lower than effect sizes based on group as decision maker."
331,https://data.cooperationdatabank.org/vocab/prop/Group_SizeVariable,https://data.cooperationdatabank.org/vocab/prop/groupSizeLevel,Group size level,https://data.cooperationdatabank.org/id/groupsizelevel/high,Low,https://data.cooperationdatabank.org/vocab/prop/groupSizeLevel,Group size level,https://data.cooperationdatabank.org/id/groupsizelevel/low,High,https://data.cooperationdatabank.org/vocab/prop/decisionMaker,Decision maker,https://data.cooperationdatabank.org/id/decisionmaker/individual,individual,https://data.cooperationdatabank.org/id/decisionmaker/group,group,https://data.cooperationdatabank.org/id/dependentvariable/cooperation,positive,test,0.0,negative,lower,2.0,0.9444444444444444,0.0,0.05555555555555555,0.9444444444444444,"When comparing studies where group size level is low and studies where group size level is high, effect sizes from studies involving individual as decision maker are significantly lower than effect sizes based on group as decision maker."
381,https://data.cooperationdatabank.org/vocab/prop/Group_SizeVariable,https://data.cooperationdatabank.org/vocab/prop/groupSizeLevel,Group size level,https://data.cooperationdatabank.org/id/groupsizelevel/high,Low,https://data.cooperationdatabank.org/vocab/prop/groupSizeLevel,Group size level,https://data.cooperationdatabank.org/id/groupsizelevel/low,High,https://data.cooperationdatabank.org/vocab/prop/decisionMaker,Decision maker,https://data.cooperationdatabank.org/id/decisionmaker/individual,individual,https://data.cooperationdatabank.org/id/decisionmaker/group,group,https://data.cooperationdatabank.org/id/dependentvariable/cooperation,negative,test,0.0,negative,lower,0.0,0.9444444444444444,0.0,0.05555555555555555,0.9444444444444444,"When comparing studies where group size level is low and studies where group size level is high, effect sizes from studies involving individual as decision maker are significantly lower than effect sizes based on group as decision maker."
377,https://data.cooperationdatabank.org/vocab/prop/Group_SizeVariable,https://data.cooperationdatabank.org/vocab/prop/groupSizeLevel,Group size level,https://data.cooperationdatabank.org/id/groupsizelevel/high,Low,https://data.cooperationdatabank.org/vocab/prop/groupSizeLevel,Group size level,https://data.cooperationdatabank.org/id/groupsizelevel/low,High,https://data.cooperationdatabank.org/vocab/prop/decisionMaker,Decision maker,https://data.cooperationdatabank.org/id/decisionmaker/individual,individual,https://data.cooperationdatabank.org/id/decisionmaker/group,group,https://data.cooperationdatabank.org/id/dependentvariable/cooperation,negative,test,0.0,negative,lower,0.0,0.9444444444444444,0.0,0.05555555555555555,0.9444444444444444,"When comparing studies where group size level is low and studies where group size level is high, effect sizes from studies involving individual as decision maker are significantly lower than effect sizes based on group as decision maker."
473,https://data.cooperationdatabank.org/vocab/prop/Group_SizeVariable,https://data.cooperationdatabank.org/vocab/prop/groupSizeLevel,Group size level,https://data.cooperationdatabank.org/id/groupsizelevel/high,Low,https://data.cooperationdatabank.org/vocab/prop/groupSizeLevel,Group size level,https://data.cooperationdatabank.org/id/groupsizelevel/low,High,https://data.cooperationdatabank.org/vocab/prop/decisionMaker,Decision maker,https://data.cooperationdatabank.org/id/decisionmaker/individual,individual,https://data.cooperationdatabank.org/id/decisionmaker/group,group,https://data.cooperationdatabank.org/id/dependentvariable/cooperation,negative,test,0.0,negative,lower,0.0,0.9444444444444444,0.0,0.05555555555555555,0.9444444444444444,"When comparing studies where group size level is low and studies where group size level is high, effect sizes from studies involving individual as decision maker are significantly lower than effect sizes based on group as decision maker."
374,https://data.cooperationdatabank.org/vocab/prop/Group_SizeVariable,https://data.cooperationdatabank.org/vocab/prop/decisionMaker,Decision maker,https://data.cooperationdatabank.org/id/decisionmaker/group,individual,https://data.cooperationdatabank.org/vocab/prop/decisionMaker,Decision maker,https://data.cooperationdatabank.org/id/decisionmaker/individual,group,https://data.cooperationdatabank.org/vocab/prop/groupSizeLevel,Group size level,https://data.cooperationdatabank.org/id/groupsizelevel/low,Low,https://data.cooperationdatabank.org/id/groupsizelevel/high,High,https://data.cooperationdatabank.org/id/dependentvariable/cooperation,negative,test,0.0,negative,lower,0.0,0.9166666666666666,0.041666666666666664,0.041666666666666664,0.9166666666666666,"When comparing studies where decision maker is individual and studies where decision maker is group, effect sizes from studies involving low as group size level are significantly lower than effect sizes based on high as group size level."
