,giv_prop,iv,iv_label,cat_t1,cat_t1_label,iv.1,iv_label.1,cat_t2,cat_t2_label,mod,mod_label,mod_t1,mod_t1_label,mod_t2,mod_t2_label,dependent,effect,td,pred_num,pred_readable,comparative,pred_true,score_0,score_1,score_2,max_score,hypothesis
412,https://data.cooperationdatabank.org/vocab/prop/LeadershipVariable,https://data.cooperationdatabank.org/vocab/prop/leadershipAssignmentRule,Leadership assignment rule,https://data.cooperationdatabank.org/id/leadershipassignmentrule/random_appointment,Random Appointment,https://data.cooperationdatabank.org/vocab/prop/leadershipAssignmentRule,Leadership assignment rule,https://data.cooperationdatabank.org/id/leadershipassignmentrule/elected,Elected,https://data.cooperationdatabank.org/vocab/prop/leadershipEndogenous,Endogenous leadership,https://data.cooperationdatabank.org/id/leadershipendogenous/exogenous,Exogenous,https://data.cooperationdatabank.org/id/leadershipendogenous/endogenous,Endogenous,https://data.cooperationdatabank.org/id/dependentvariable/contributions,negative,test,0.0,negative,lower,0.0,0.6,0.2,0.2,0.6,"When comparing studies where leadership assignment rule is random appointment and studies where leadership assignment rule is elected, effect sizes from studies involving exogenous as endogenous leadership are significantly lower than effect sizes based on endogenous as endogenous leadership."
415,https://data.cooperationdatabank.org/vocab/prop/LeadershipVariable,https://data.cooperationdatabank.org/vocab/prop/leadershipAssignmentRule,Leadership assignment rule,https://data.cooperationdatabank.org/id/leadershipassignmentrule/random_appointment,Elected,https://data.cooperationdatabank.org/vocab/prop/leadershipAssignmentRule,Leadership assignment rule,https://data.cooperationdatabank.org/id/leadershipassignmentrule/elected,Random Appointment,https://data.cooperationdatabank.org/vocab/prop/leadershipEndogenous,Endogenous leadership,https://data.cooperationdatabank.org/id/leadershipendogenous/exogenous,Exogenous,https://data.cooperationdatabank.org/id/leadershipendogenous/endogenous,Endogenous,https://data.cooperationdatabank.org/id/dependentvariable/contributions,positive,test,0.0,negative,lower,2.0,0.6,0.2,0.2,0.6,"When comparing studies where leadership assignment rule is elected and studies where leadership assignment rule is random appointment, effect sizes from studies involving exogenous as endogenous leadership are significantly lower than effect sizes based on endogenous as endogenous leadership."
431,https://data.cooperationdatabank.org/vocab/prop/LeadershipVariable,https://data.cooperationdatabank.org/vocab/prop/leadershipAssignmentRule,Leadership assignment rule,https://data.cooperationdatabank.org/id/leadershipassignmentrule/random_appointment,Elected,https://data.cooperationdatabank.org/vocab/prop/leadershipAssignmentRule,Leadership assignment rule,https://data.cooperationdatabank.org/id/leadershipassignmentrule/elected,Random Appointment,https://data.cooperationdatabank.org/vocab/prop/leadershipEndogenous,Endogenous leadership,https://data.cooperationdatabank.org/id/leadershipendogenous/exogenous,Exogenous,https://data.cooperationdatabank.org/id/leadershipendogenous/endogenous,Endogenous,https://data.cooperationdatabank.org/id/dependentvariable/contributions,positive,test,0.0,negative,lower,2.0,0.6,0.2,0.2,0.6,"When comparing studies where leadership assignment rule is elected and studies where leadership assignment rule is random appointment, effect sizes from studies involving exogenous as endogenous leadership are significantly lower than effect sizes based on endogenous as endogenous leadership."
420,https://data.cooperationdatabank.org/vocab/prop/LeadershipVariable,https://data.cooperationdatabank.org/vocab/prop/leadershipEndogenous,Endogenous leadership,https://data.cooperationdatabank.org/id/leadershipendogenous/exogenous,Exogenous,https://data.cooperationdatabank.org/vocab/prop/leadershipEndogenous,Endogenous leadership,https://data.cooperationdatabank.org/id/leadershipendogenous/endogenous,Endogenous,https://data.cooperationdatabank.org/vocab/prop/leaderCharacteristic,Leader's characteristic,https://data.cooperationdatabank.org/id/leadercharacteristic/weak,Weak,https://data.cooperationdatabank.org/id/leadercharacteristic/strong,Strong,https://data.cooperationdatabank.org/id/dependentvariable/contributions,negative,test,0.0,negative,lower,0.0,0.5,0.0,0.5,0.5,"When comparing studies where endogenous leadership is exogenous and studies where endogenous leadership is endogenous, effect sizes from studies involving weak as leader's characteristic are significantly lower than effect sizes based on strong as leader's characteristic."
439,https://data.cooperationdatabank.org/vocab/prop/LeadershipVariable,https://data.cooperationdatabank.org/vocab/prop/leadershipEndogenous,Endogenous leadership,https://data.cooperationdatabank.org/id/leadershipendogenous/exogenous,Endogenous,https://data.cooperationdatabank.org/vocab/prop/leadershipEndogenous,Endogenous leadership,https://data.cooperationdatabank.org/id/leadershipendogenous/endogenous,Exogenous,https://data.cooperationdatabank.org/vocab/prop/leaderCharacteristic,Leader's characteristic,https://data.cooperationdatabank.org/id/leadercharacteristic/weak,Weak,https://data.cooperationdatabank.org/id/leadercharacteristic/strong,Strong,https://data.cooperationdatabank.org/id/dependentvariable/contributions,positive,test,0.0,negative,lower,2.0,0.5,0.0,0.5,0.5,"When comparing studies where endogenous leadership is endogenous and studies where endogenous leadership is exogenous, effect sizes from studies involving weak as leader's characteristic are significantly lower than effect sizes based on strong as leader's characteristic."
434,https://data.cooperationdatabank.org/vocab/prop/LeadershipVariable,https://data.cooperationdatabank.org/vocab/prop/leadershipEndogenous,Endogenous leadership,https://data.cooperationdatabank.org/id/leadershipendogenous/exogenous,Exogenous,https://data.cooperationdatabank.org/vocab/prop/leadershipEndogenous,Endogenous leadership,https://data.cooperationdatabank.org/id/leadershipendogenous/endogenous,Endogenous,https://data.cooperationdatabank.org/vocab/prop/leadershipAssignmentRule,Leadership assignment rule,https://data.cooperationdatabank.org/id/leadershipassignmentrule/random_appointment,Random Appointment,https://data.cooperationdatabank.org/id/leadershipassignmentrule/elected,Elected,https://data.cooperationdatabank.org/id/dependentvariable/contributions,negative,test,0.0,negative,lower,0.0,0.42857142857142855,0.14285714285714285,0.42857142857142855,0.42857142857142855,"When comparing studies where endogenous leadership is exogenous and studies where endogenous leadership is endogenous, effect sizes from studies involving random appointment as leadership assignment rule are significantly lower than effect sizes based on elected as leadership assignment rule."
