,giv_prop,iv,iv_label,cat_t1,cat_t1_label,iv.1,iv_label.1,cat_t2,cat_t2_label,mod,mod_label,mod_t1,mod_t1_label,mod_t2,mod_t2_label,dependent,effect,td,pred_num,pred_readable,comparative,pred_true,score_0,score_1,score_2,max_score,hypothesis
5,https://data.cooperationdatabank.org/vocab/prop/UncertaintyVariable,https://data.cooperationdatabank.org/vocab/prop/uncertaintyLevel,Uncertainty level,https://data.cooperationdatabank.org/id/uncertaintylevel/low,Low,https://data.cooperationdatabank.org/vocab/prop/uncertaintyLevel,Uncertainty level,https://data.cooperationdatabank.org/id/uncertaintylevel/high,High,https://data.cooperationdatabank.org/vocab/prop/uncertaintyTarget,Uncertainty target,https://data.cooperationdatabank.org/id/uncertaintytarget/threshold,Loss,https://data.cooperationdatabank.org/id/uncertaintytarget/loss,Threshold,https://data.cooperationdatabank.org/id/dependentvariable/contributions,positive,test,2.0,positive,higher,2.0,0.3333333333333333,0.0,0.6666666666666666,0.6666666666666666,"When comparing studies where uncertainty level is low and studies where uncertainty level is high, effect sizes from studies involving loss as uncertainty target are significantly higher than effect sizes based on threshold as uncertainty target."
296,https://data.cooperationdatabank.org/vocab/prop/UncertaintyVariable,https://data.cooperationdatabank.org/vocab/prop/uncertaintyTarget,Uncertainty target,https://data.cooperationdatabank.org/id/uncertaintytarget/return_from_public_account,Return from public account,https://data.cooperationdatabank.org/vocab/prop/uncertaintyTarget,Uncertainty target,https://data.cooperationdatabank.org/id/uncertaintytarget/return_from_private_account,Return from private account,https://data.cooperationdatabank.org/vocab/prop/uncertaintyLevel,Uncertainty level,https://data.cooperationdatabank.org/id/uncertaintylevel/medium,Medium,https://data.cooperationdatabank.org/id/uncertaintylevel/high,High,https://data.cooperationdatabank.org/id/dependentvariable/contributions,noEffect,test,2.0,positive,higher,1.0,0.2,0.2,0.6,0.6,"When comparing studies where uncertainty target is return from public account and studies where uncertainty target is return from private account, effect sizes from studies involving medium as uncertainty level are significantly higher than effect sizes based on high as uncertainty level."
294,https://data.cooperationdatabank.org/vocab/prop/UncertaintyVariable,https://data.cooperationdatabank.org/vocab/prop/uncertaintyTarget,Uncertainty target,https://data.cooperationdatabank.org/id/uncertaintytarget/return_from_public_account,Return from public account,https://data.cooperationdatabank.org/vocab/prop/uncertaintyTarget,Uncertainty target,https://data.cooperationdatabank.org/id/uncertaintytarget/return_from_private_account,Return from private account,https://data.cooperationdatabank.org/vocab/prop/uncertaintyLevel,Uncertainty level,https://data.cooperationdatabank.org/id/uncertaintylevel/low,Low,https://data.cooperationdatabank.org/id/uncertaintylevel/high,High,https://data.cooperationdatabank.org/id/dependentvariable/contributions,noEffect,test,2.0,positive,higher,1.0,0.3,0.15,0.55,0.55,"When comparing studies where uncertainty target is return from public account and studies where uncertainty target is return from private account, effect sizes from studies involving low as uncertainty level are significantly higher than effect sizes based on high as uncertainty level."
249,https://data.cooperationdatabank.org/vocab/prop/UncertaintyVariable,https://data.cooperationdatabank.org/vocab/prop/uncertaintyLevel,Uncertainty level,https://data.cooperationdatabank.org/id/uncertaintylevel/low,Low,https://data.cooperationdatabank.org/vocab/prop/uncertaintyLevel,Uncertainty level,https://data.cooperationdatabank.org/id/uncertaintylevel/high,High,https://data.cooperationdatabank.org/vocab/prop/uncertaintyTarget,Uncertainty target,https://data.cooperationdatabank.org/id/uncertaintytarget/return_from_public_account,Return from private account,https://data.cooperationdatabank.org/id/uncertaintytarget/return_from_private_account,Return from public account,https://data.cooperationdatabank.org/id/dependentvariable/contributions,noEffect,test,2.0,positive,higher,1.0,0.0,0.47368421052631576,0.5263157894736842,0.5263157894736842,"When comparing studies where uncertainty level is low and studies where uncertainty level is high, effect sizes from studies involving return from private account as uncertainty target are significantly higher than effect sizes based on return from public account as uncertainty target."
275,https://data.cooperationdatabank.org/vocab/prop/UncertaintyVariable,https://data.cooperationdatabank.org/vocab/prop/uncertaintyLevel,Uncertainty level,https://data.cooperationdatabank.org/id/uncertaintylevel/low,Low,https://data.cooperationdatabank.org/vocab/prop/uncertaintyLevel,Uncertainty level,https://data.cooperationdatabank.org/id/uncertaintylevel/high,High,https://data.cooperationdatabank.org/vocab/prop/uncertaintyTarget,Uncertainty target,https://data.cooperationdatabank.org/id/uncertaintytarget/return_from_public_account,Return from private account,https://data.cooperationdatabank.org/id/uncertaintytarget/return_from_private_account,Return from public account,https://data.cooperationdatabank.org/id/dependentvariable/contributions,positive,test,2.0,positive,higher,2.0,0.0,0.47368421052631576,0.5263157894736842,0.5263157894736842,"When comparing studies where uncertainty level is low and studies where uncertainty level is high, effect sizes from studies involving return from private account as uncertainty target are significantly higher than effect sizes based on return from public account as uncertainty target."
240,https://data.cooperationdatabank.org/vocab/prop/UncertaintyVariable,https://data.cooperationdatabank.org/vocab/prop/uncertaintyTarget,Uncertainty target,https://data.cooperationdatabank.org/id/uncertaintytarget/return_from_public_account,Return from public account,https://data.cooperationdatabank.org/vocab/prop/uncertaintyTarget,Uncertainty target,https://data.cooperationdatabank.org/id/uncertaintytarget/return_from_private_account,Return from private account,https://data.cooperationdatabank.org/vocab/prop/uncertaintyLevel,Uncertainty level,https://data.cooperationdatabank.org/id/uncertaintylevel/low,Low,https://data.cooperationdatabank.org/id/uncertaintylevel/medium,Medium,https://data.cooperationdatabank.org/id/dependentvariable/contributions,noEffect,test,2.0,positive,higher,1.0,0.4,0.15,0.45,0.45,"When comparing studies where uncertainty target is return from public account and studies where uncertainty target is return from private account, effect sizes from studies involving low as uncertainty level are significantly higher than effect sizes based on medium as uncertainty level."
218,https://data.cooperationdatabank.org/vocab/prop/UncertaintyVariable,https://data.cooperationdatabank.org/vocab/prop/uncertaintyTarget,Uncertainty target,https://data.cooperationdatabank.org/id/uncertaintytarget/return_from_public_account,Return from public account,https://data.cooperationdatabank.org/vocab/prop/uncertaintyTarget,Uncertainty target,https://data.cooperationdatabank.org/id/uncertaintytarget/return_from_private_account,Return from private account,https://data.cooperationdatabank.org/vocab/prop/uncertaintyLevel,Uncertainty level,https://data.cooperationdatabank.org/id/uncertaintylevel/low,Low,https://data.cooperationdatabank.org/id/uncertaintylevel/medium,Medium,https://data.cooperationdatabank.org/id/dependentvariable/contributions,positive,test,2.0,positive,higher,2.0,0.4,0.15,0.45,0.45,"When comparing studies where uncertainty target is return from public account and studies where uncertainty target is return from private account, effect sizes from studies involving low as uncertainty level are significantly higher than effect sizes based on medium as uncertainty level."
259,https://data.cooperationdatabank.org/vocab/prop/UncertaintyVariable,https://data.cooperationdatabank.org/vocab/prop/uncertaintyTarget,Uncertainty target,https://data.cooperationdatabank.org/id/uncertaintytarget/return_from_public_account,Return from private account,https://data.cooperationdatabank.org/vocab/prop/uncertaintyTarget,Uncertainty target,https://data.cooperationdatabank.org/id/uncertaintytarget/return_from_private_account,Return from public account,https://data.cooperationdatabank.org/vocab/prop/uncertaintyLevel,Uncertainty level,https://data.cooperationdatabank.org/id/uncertaintylevel/low,Medium,https://data.cooperationdatabank.org/id/uncertaintylevel/medium,Low,https://data.cooperationdatabank.org/id/dependentvariable/contributions,negative,test,2.0,positive,higher,0.0,0.4,0.15,0.45,0.45,"When comparing studies where uncertainty target is return from private account and studies where uncertainty target is return from public account, effect sizes from studies involving medium as uncertainty level are significantly higher than effect sizes based on low as uncertainty level."
217,https://data.cooperationdatabank.org/vocab/prop/UncertaintyVariable,https://data.cooperationdatabank.org/vocab/prop/uncertaintyLevel,Uncertainty level,https://data.cooperationdatabank.org/id/uncertaintylevel/low,Low,https://data.cooperationdatabank.org/vocab/prop/uncertaintyLevel,Uncertainty level,https://data.cooperationdatabank.org/id/uncertaintylevel/medium,Medium,https://data.cooperationdatabank.org/vocab/prop/uncertaintyTarget,Uncertainty target,https://data.cooperationdatabank.org/id/uncertaintytarget/return_from_public_account,Return from private account,https://data.cooperationdatabank.org/id/uncertaintytarget/return_from_private_account,Return from public account,https://data.cooperationdatabank.org/id/dependentvariable/contributions,positive,test,0.0,negative,lower,2.0,0.4444444444444444,0.1111111111111111,0.4444444444444444,0.4444444444444444,"When comparing studies where uncertainty level is low and studies where uncertainty level is medium, effect sizes from studies involving return from private account as uncertainty target are significantly lower than effect sizes based on return from public account as uncertainty target."
212,https://data.cooperationdatabank.org/vocab/prop/UncertaintyVariable,https://data.cooperationdatabank.org/vocab/prop/uncertaintyLevel,Uncertainty level,https://data.cooperationdatabank.org/id/uncertaintylevel/low,Low,https://data.cooperationdatabank.org/vocab/prop/uncertaintyLevel,Uncertainty level,https://data.cooperationdatabank.org/id/uncertaintylevel/medium,Medium,https://data.cooperationdatabank.org/vocab/prop/uncertaintyTarget,Uncertainty target,https://data.cooperationdatabank.org/id/uncertaintytarget/return_from_public_account,Return from public account,https://data.cooperationdatabank.org/id/uncertaintytarget/return_from_private_account,Return from private account,https://data.cooperationdatabank.org/id/dependentvariable/contributions,noEffect,test,0.0,negative,lower,1.0,0.4444444444444444,0.1111111111111111,0.4444444444444444,0.4444444444444444,"When comparing studies where uncertainty level is low and studies where uncertainty level is medium, effect sizes from studies involving return from public account as uncertainty target are significantly lower than effect sizes based on return from private account as uncertainty target."
238,https://data.cooperationdatabank.org/vocab/prop/UncertaintyVariable,https://data.cooperationdatabank.org/vocab/prop/uncertaintyLevel,Uncertainty level,https://data.cooperationdatabank.org/id/uncertaintylevel/low,Low,https://data.cooperationdatabank.org/vocab/prop/uncertaintyLevel,Uncertainty level,https://data.cooperationdatabank.org/id/uncertaintylevel/medium,Medium,https://data.cooperationdatabank.org/vocab/prop/uncertaintyTarget,Uncertainty target,https://data.cooperationdatabank.org/id/uncertaintytarget/return_from_public_account,Return from public account,https://data.cooperationdatabank.org/id/uncertaintytarget/return_from_private_account,Return from private account,https://data.cooperationdatabank.org/id/dependentvariable/contributions,noEffect,test,0.0,negative,lower,1.0,0.4444444444444444,0.1111111111111111,0.4444444444444444,0.4444444444444444,"When comparing studies where uncertainty level is low and studies where uncertainty level is medium, effect sizes from studies involving return from public account as uncertainty target are significantly lower than effect sizes based on return from private account as uncertainty target."
276,https://data.cooperationdatabank.org/vocab/prop/UncertaintyVariable,https://data.cooperationdatabank.org/vocab/prop/uncertaintyLevel,Uncertainty level,https://data.cooperationdatabank.org/id/uncertaintylevel/low,Medium,https://data.cooperationdatabank.org/vocab/prop/uncertaintyLevel,Uncertainty level,https://data.cooperationdatabank.org/id/uncertaintylevel/medium,Low,https://data.cooperationdatabank.org/vocab/prop/uncertaintyTarget,Uncertainty target,https://data.cooperationdatabank.org/id/uncertaintytarget/return_from_public_account,Return from public account,https://data.cooperationdatabank.org/id/uncertaintytarget/return_from_private_account,Return from private account,https://data.cooperationdatabank.org/id/dependentvariable/contributions,negative,test,0.0,negative,lower,0.0,0.4444444444444444,0.1111111111111111,0.4444444444444444,0.4444444444444444,"When comparing studies where uncertainty level is medium and studies where uncertainty level is low, effect sizes from studies involving return from public account as uncertainty target are significantly lower than effect sizes based on return from private account as uncertainty target."
