{
    "acc_train": 0.7027972027972028,
    "precision_macro_train": 0.7219415937723171,
    "recall_macro_train": 0.6816388283708544,
    "f1_macro_train": 0.6890020958587666,
    "precision_micro_train": 0.7027972027972028,
    "recall_micro_train": 0.7027972027972028,
    "f1_micro_train": 0.7027972027972028,
    "precision_weighted_train": 0.7184857927307592,
    "recall_weighted_train": 0.7027972027972028,
    "f1_weighted_train": 0.6981481962894602,
    "acc_test": 0.475,
    "precision_macro_test": 0.45941558441558444,
    "recall_macro_test": 0.4343434343434343,
    "f1_macro_test": 0.4411728622254938,
    "precision_micro_test": 0.475,
    "recall_micro_test": 0.475,
    "f1_micro_test": 0.475,
    "precision_weighted_test": 0.4790178571428571,
    "recall_weighted_test": 0.475,
    "f1_weighted_test": 0.47165991902834004
}