,giv,siv,siv_label
0,https://data.cooperationdatabank.org/vocab/prop/EducationVariable,https://data.cooperationdatabank.org/vocab/prop/academicDiscipline,academic discipline
1,https://data.cooperationdatabank.org/vocab/prop/EducationVariable,https://data.cooperationdatabank.org/vocab/prop/academicGrade,academic grade
2,https://data.cooperationdatabank.org/vocab/prop/EducationVariable,https://data.cooperationdatabank.org/vocab/prop/academicGradeLevel,academic grade level
3,https://data.cooperationdatabank.org/vocab/prop/EducationVariable,https://data.cooperationdatabank.org/vocab/prop/academicPerformance,academic performance
4,https://data.cooperationdatabank.org/vocab/prop/AgeVariable,https://data.cooperationdatabank.org/vocab/prop/age,age
5,https://data.cooperationdatabank.org/vocab/prop/AgeVariable,https://data.cooperationdatabank.org/vocab/prop/ageCohort,age cohort
6,https://data.cooperationdatabank.org/vocab/prop/AnchorVariable,https://data.cooperationdatabank.org/vocab/prop/anchor,anchor
7,https://data.cooperationdatabank.org/vocab/prop/ReputationVariable,https://data.cooperationdatabank.org/vocab/prop/anonymityCor,anonymity
8,https://data.cooperationdatabank.org/vocab/prop/ReputationVariable,https://data.cooperationdatabank.org/vocab/prop/anonymityManipul,anonymity manipulation
9,https://data.cooperationdatabank.org/vocab/prop/Game_TypeVariable,https://data.cooperationdatabank.org/vocab/prop/behaviorInDifferentGame,behavior in different game
10,https://data.cooperationdatabank.org/vocab/prop/Game_TypeVariable,https://data.cooperationdatabank.org/vocab/prop/behaviorInDifferentOtherGame,behavior in different other game
11,https://data.cooperationdatabank.org/vocab/prop/PeriodVariable,https://data.cooperationdatabank.org/vocab/prop/blockOfCooperation,block of cooperation
12,https://data.cooperationdatabank.org/vocab/prop/PeriodVariable,https://data.cooperationdatabank.org/vocab/prop/blockOfCooperationOrdinal,block of cooperation (ordinal)
13,https://data.cooperationdatabank.org/vocab/prop/Institutional_ChoiceVariable,https://data.cooperationdatabank.org/vocab/prop/choiceMechanism,institutional choice mechanism
14,https://data.cooperationdatabank.org/vocab/prop/Cognitive_loadVariable,https://data.cooperationdatabank.org/vocab/prop/cognitiveLoadTreatment,cognitive load treatment
15,https://data.cooperationdatabank.org/vocab/prop/CommunicationVariable,https://data.cooperationdatabank.org/vocab/prop/communicationContent,communication content
16,https://data.cooperationdatabank.org/vocab/prop/CommunicationVariable,https://data.cooperationdatabank.org/vocab/prop/communicationOccurrence,communication occurrence
17,https://data.cooperationdatabank.org/vocab/prop/CommunicationVariable,https://data.cooperationdatabank.org/vocab/prop/communicationOptional,optional communication
18,https://data.cooperationdatabank.org/vocab/prop/CommunicationVariable,https://data.cooperationdatabank.org/vocab/prop/communicationReal,real communication
19,https://data.cooperationdatabank.org/vocab/prop/CommunicationVariable,https://data.cooperationdatabank.org/vocab/prop/communicationTreatment,communication treatment
20,https://data.cooperationdatabank.org/vocab/prop/CommunicationVariable,https://data.cooperationdatabank.org/vocab/prop/communicationType,communication type
21,https://data.cooperationdatabank.org/vocab/prop/Degree_of_conflicting_interestsVariable,https://data.cooperationdatabank.org/vocab/prop/conflictIndex,conflict index
22,https://data.cooperationdatabank.org/vocab/prop/Degree_of_conflicting_interestsVariable,https://data.cooperationdatabank.org/vocab/prop/conflictIndexLevel,conflict level
23,https://data.cooperationdatabank.org/vocab/prop/Degree_of_conflicting_interestsVariable,https://data.cooperationdatabank.org/vocab/prop/conflictIndexValue,conflict index value
24,https://data.cooperationdatabank.org/vocab/prop/FramingVariable,https://data.cooperationdatabank.org/vocab/prop/contextFrame,context frame
25,https://data.cooperationdatabank.org/vocab/prop/Game_DurationVariable,https://data.cooperationdatabank.org/vocab/prop/continuationProbability,continuation probability
26,https://data.cooperationdatabank.org/vocab/prop/Game_DurationVariable,https://data.cooperationdatabank.org/vocab/prop/continuationProbabilityLevel,continuation probability level
27,https://data.cooperationdatabank.org/vocab/prop/MonitoringVariable,https://data.cooperationdatabank.org/vocab/prop/costlyMonitoring,costly monitoring
28,https://data.cooperationdatabank.org/vocab/prop/CriticalityVariable,https://data.cooperationdatabank.org/vocab/prop/criticalityLevel,criticality level
29,https://data.cooperationdatabank.org/vocab/prop/Group_SizeVariable,https://data.cooperationdatabank.org/vocab/prop/decisionMaker,decision maker
30,https://data.cooperationdatabank.org/vocab/prop/Group_SizeVariable,https://data.cooperationdatabank.org/vocab/prop/decisionMakerUnitSize,size of unit of decision maker
31,https://data.cooperationdatabank.org/vocab/prop/Time_PressureVariable,https://data.cooperationdatabank.org/vocab/prop/decisionTime,decision time
32,https://data.cooperationdatabank.org/vocab/prop/Time_PressureVariable,https://data.cooperationdatabank.org/vocab/prop/decisionTimeCorr,decision time (correlation)
33,https://data.cooperationdatabank.org/vocab/prop/AcquaintanceVariable,https://data.cooperationdatabank.org/vocab/prop/degreeOfFriendship,degree of friendship
34,https://data.cooperationdatabank.org/vocab/prop/Normative_BehaviorVariable,https://data.cooperationdatabank.org/vocab/prop/descriptiveNorm,descriptive norm
35,https://data.cooperationdatabank.org/vocab/prop/EmotionsVariable,https://data.cooperationdatabank.org/vocab/prop/emotion,emotion
36,https://data.cooperationdatabank.org/vocab/prop/EmotionsVariable,https://data.cooperationdatabank.org/vocab/prop/emotionIntensity,emotion intensity
37,https://data.cooperationdatabank.org/vocab/prop/EmotionsVariable,https://data.cooperationdatabank.org/vocab/prop/emotionManipulated,emotion manipulation
38,https://data.cooperationdatabank.org/vocab/prop/EmotionsVariable,https://data.cooperationdatabank.org/vocab/prop/emotionValence,emotion valence
39,https://data.cooperationdatabank.org/vocab/prop/Motivational_OrientationVariable,https://data.cooperationdatabank.org/vocab/prop/endogenousMotivationalOrientation,endogenous motivational orientation
40,https://data.cooperationdatabank.org/vocab/prop/Public_Goods_GameVariable,https://data.cooperationdatabank.org/vocab/prop/endowmentAssigned,assigned endowment
41,https://data.cooperationdatabank.org/vocab/prop/Public_Goods_GameVariable,https://data.cooperationdatabank.org/vocab/prop/endowmentLevel,endowment level
42,https://data.cooperationdatabank.org/vocab/prop/Public_Goods_GameVariable,https://data.cooperationdatabank.org/vocab/prop/endowmentSize,endowment size
43,https://data.cooperationdatabank.org/vocab/prop/Public_Goods_GameVariable,https://data.cooperationdatabank.org/vocab/prop/endowmentSymmetric,symmetric endowment
44,https://data.cooperationdatabank.org/vocab/prop/IdentificationVariable,https://data.cooperationdatabank.org/vocab/prop/entitativity,entitativity
45,https://data.cooperationdatabank.org/vocab/prop/IdentificationVariable,https://data.cooperationdatabank.org/vocab/prop/entitativityLevel,entitativity level
46,https://data.cooperationdatabank.org/vocab/prop/EthnicityVariable,https://data.cooperationdatabank.org/vocab/prop/ethnicityUS,ethnicity (us)
47,https://data.cooperationdatabank.org/vocab/prop/ChoicesVariable,https://data.cooperationdatabank.org/vocab/prop/exitOption,exit option
48,https://data.cooperationdatabank.org/vocab/prop/ExpectationsVariable,https://data.cooperationdatabank.org/vocab/prop/expectations,expectations
49,https://data.cooperationdatabank.org/vocab/prop/ExpectationsVariable,https://data.cooperationdatabank.org/vocab/prop/expectationsLevel,expectations level
50,https://data.cooperationdatabank.org/vocab/prop/Experimental_SettingVariable,https://data.cooperationdatabank.org/vocab/prop/experimentalSetting,experimental setting
51,https://data.cooperationdatabank.org/vocab/prop/Public_Goods_GameVariable,https://data.cooperationdatabank.org/vocab/prop/externalMPCR,external mpcr
52,https://data.cooperationdatabank.org/vocab/prop/Public_Goods_GameVariable,https://data.cooperationdatabank.org/vocab/prop/externalMPCRlevel,external mpcr level
53,https://data.cooperationdatabank.org/vocab/prop/FeedbackVariable,https://data.cooperationdatabank.org/vocab/prop/feedbackContent,feedback content
54,https://data.cooperationdatabank.org/vocab/prop/FeedbackVariable,https://data.cooperationdatabank.org/vocab/prop/feedbackTarget,feedback target
55,https://data.cooperationdatabank.org/vocab/prop/PunishmentVariable,https://data.cooperationdatabank.org/vocab/prop/focalAgentPunished,focal participant has punished
56,https://data.cooperationdatabank.org/vocab/prop/RewardVariable,https://data.cooperationdatabank.org/vocab/prop/focalAgentRewarded,focal participant has rewarded
57,https://data.cooperationdatabank.org/vocab/prop/FramingVariable,https://data.cooperationdatabank.org/vocab/prop/focalPointFrame,focal point frame
58,https://data.cooperationdatabank.org/vocab/prop/FramingVariable,https://data.cooperationdatabank.org/vocab/prop/gainLossFrame,gain-loss frame
59,https://data.cooperationdatabank.org/vocab/prop/Game_ComprehensionVariable,https://data.cooperationdatabank.org/vocab/prop/gameComprehension,comprehension of the game
60,https://data.cooperationdatabank.org/vocab/prop/Game_ComprehensionVariable,https://data.cooperationdatabank.org/vocab/prop/gameComprehensionLevel,comprehension of the game level
61,https://data.cooperationdatabank.org/vocab/prop/IncentivesVariable,https://data.cooperationdatabank.org/vocab/prop/gameIncentive,game incentive
62,https://data.cooperationdatabank.org/vocab/prop/Game_TypeVariable,https://data.cooperationdatabank.org/vocab/prop/gameType,game type
63,https://data.cooperationdatabank.org/vocab/prop/GenderVariable,https://data.cooperationdatabank.org/vocab/prop/gender,gender
64,https://data.cooperationdatabank.org/vocab/prop/Perception_of_the_partner(s)Variable,https://data.cooperationdatabank.org/vocab/prop/genderOfPartner,gender of the partner
65,https://data.cooperationdatabank.org/vocab/prop/Gender_RoleVariable,https://data.cooperationdatabank.org/vocab/prop/genderRole,gender role
66,https://data.cooperationdatabank.org/vocab/prop/FramingVariable,https://data.cooperationdatabank.org/vocab/prop/giveTakeFrame,give-take frame
67,https://data.cooperationdatabank.org/vocab/prop/ReputationVariable,https://data.cooperationdatabank.org/vocab/prop/gossip,gossip
68,https://data.cooperationdatabank.org/vocab/prop/Group_SizeVariable,https://data.cooperationdatabank.org/vocab/prop/groupSize,group size
69,https://data.cooperationdatabank.org/vocab/prop/Group_SizeVariable,https://data.cooperationdatabank.org/vocab/prop/groupSizeCorr,group size (correlation)
70,https://data.cooperationdatabank.org/vocab/prop/Group_SizeVariable,https://data.cooperationdatabank.org/vocab/prop/groupSizeLevel,group size level
71,https://data.cooperationdatabank.org/vocab/prop/Group_SizeVariable,https://data.cooperationdatabank.org/vocab/prop/groupSizeMultilevelRatio,group size multilevel ratio
72,https://data.cooperationdatabank.org/vocab/prop/IdentificationVariable,https://data.cooperationdatabank.org/vocab/prop/groupType,group type
73,https://data.cooperationdatabank.org/vocab/prop/Normative_BehaviorVariable,https://data.cooperationdatabank.org/vocab/prop/groupVariability,group variability
74,https://data.cooperationdatabank.org/vocab/prop/EthnicityVariable,https://data.cooperationdatabank.org/vocab/prop/heterogeneousEthnicity,heterogeneous ethnicity
75,https://data.cooperationdatabank.org/vocab/prop/GenderVariable,https://data.cooperationdatabank.org/vocab/prop/heterogeneousGender,heterogeneous gender
76,https://data.cooperationdatabank.org/vocab/prop/HormonesVariable,https://data.cooperationdatabank.org/vocab/prop/hormone,hormone
77,https://data.cooperationdatabank.org/vocab/prop/HormonesVariable,https://data.cooperationdatabank.org/vocab/prop/hormoneLevel,hormone level
78,https://data.cooperationdatabank.org/vocab/prop/HormonesVariable,https://data.cooperationdatabank.org/vocab/prop/hormonesAdministration,hormones administration
79,https://data.cooperationdatabank.org/vocab/prop/IdentificationVariable,https://data.cooperationdatabank.org/vocab/prop/identification,identification
80,https://data.cooperationdatabank.org/vocab/prop/IdentificationVariable,https://data.cooperationdatabank.org/vocab/prop/identificationLevel,identification level
81,https://data.cooperationdatabank.org/vocab/prop/TaxationVariable,https://data.cooperationdatabank.org/vocab/prop/incomeTax,income tax
82,https://data.cooperationdatabank.org/vocab/prop/TaxationVariable,https://data.cooperationdatabank.org/vocab/prop/incomeTaxRate,income tax rate
83,https://data.cooperationdatabank.org/vocab/prop/TaxationVariable,https://data.cooperationdatabank.org/vocab/prop/incomeTaxRateLevel,income tax rate level
84,https://data.cooperationdatabank.org/vocab/prop/PersonalityVariable,https://data.cooperationdatabank.org/vocab/prop/individualDifference,individual difference
85,https://data.cooperationdatabank.org/vocab/prop/PersonalityVariable,https://data.cooperationdatabank.org/vocab/prop/individualDifferenceLevel,individual difference level
86,https://data.cooperationdatabank.org/vocab/prop/PersonalityVariable,https://data.cooperationdatabank.org/vocab/prop/individualDifferenceMeasure,individual difference measure
87,https://data.cooperationdatabank.org/vocab/prop/Public_Goods_GameVariable,https://data.cooperationdatabank.org/vocab/prop/individualMPCR,individual mpcr
88,https://data.cooperationdatabank.org/vocab/prop/Public_Goods_GameVariable,https://data.cooperationdatabank.org/vocab/prop/individualMPCRlevel,individual mpcr level
89,https://data.cooperationdatabank.org/vocab/prop/Institutional_ChoiceVariable,https://data.cooperationdatabank.org/vocab/prop/institutionalChoice,institutional choice
90,https://data.cooperationdatabank.org/vocab/prop/IntentionsVariable,https://data.cooperationdatabank.org/vocab/prop/intentions,intentions
91,https://data.cooperationdatabank.org/vocab/prop/Intergroup_Competition_Variable,https://data.cooperationdatabank.org/vocab/prop/intergroupComp,intergroup competition
92,https://data.cooperationdatabank.org/vocab/prop/Partner(s)'_strategiesVariable,https://data.cooperationdatabank.org/vocab/prop/iteratedPreprogrammedCooperationRate,iterated pre-programmed cooperation rate
93,https://data.cooperationdatabank.org/vocab/prop/Partner(s)'_strategiesVariable,https://data.cooperationdatabank.org/vocab/prop/iteratedPreprogrammedCooperationRateLevel,iterated pre-programmed cooperation rate level
94,https://data.cooperationdatabank.org/vocab/prop/Partner(s)'_strategiesVariable,https://data.cooperationdatabank.org/vocab/prop/iteratedStrategy,iterated strategy
95,https://data.cooperationdatabank.org/vocab/prop/EducationVariable,https://data.cooperationdatabank.org/vocab/prop/knowledgeOfExperimentalGames,knowledge of experimental games
96,https://data.cooperationdatabank.org/vocab/prop/EducationVariable,https://data.cooperationdatabank.org/vocab/prop/knowledgeOfExperimentalGamesCorr,knowledge of experimental games (correlation)
97,https://data.cooperationdatabank.org/vocab/prop/IdentificationVariable,https://data.cooperationdatabank.org/vocab/prop/knowledgeOfMembership,knowledge of group membership
98,https://data.cooperationdatabank.org/vocab/prop/ReputationVariable,https://data.cooperationdatabank.org/vocab/prop/knowledgeOfPartnerPriorBehavior,knowledge of partner's prior behavior
99,https://data.cooperationdatabank.org/vocab/prop/Game_DurationVariable,https://data.cooperationdatabank.org/vocab/prop/knownEndGame,known endgame
100,https://data.cooperationdatabank.org/vocab/prop/LeadershipVariable,https://data.cooperationdatabank.org/vocab/prop/leaderBehavior,leader's behavior
101,https://data.cooperationdatabank.org/vocab/prop/LeadershipVariable,https://data.cooperationdatabank.org/vocab/prop/leaderCharacteristic,leader's characteristic
102,https://data.cooperationdatabank.org/vocab/prop/LeadershipVariable,https://data.cooperationdatabank.org/vocab/prop/leadership,leadership
103,https://data.cooperationdatabank.org/vocab/prop/LeadershipVariable,https://data.cooperationdatabank.org/vocab/prop/leadershipAssignmentRule,leadership assignment rule
104,https://data.cooperationdatabank.org/vocab/prop/LeadershipVariable,https://data.cooperationdatabank.org/vocab/prop/leadershipEndogenous,endogenous leadership
105,https://data.cooperationdatabank.org/vocab/prop/LeadershipVariable,https://data.cooperationdatabank.org/vocab/prop/leadershipRole,leadership role
106,https://data.cooperationdatabank.org/vocab/prop/IncentivesVariable,https://data.cooperationdatabank.org/vocab/prop/lotteryIncentive,lottery incentive
107,https://data.cooperationdatabank.org/vocab/prop/PunishmentVariable,https://data.cooperationdatabank.org/vocab/prop/lotteryPunishmentIncentive,lottery punishment incentive
108,https://data.cooperationdatabank.org/vocab/prop/RewardVariable,https://data.cooperationdatabank.org/vocab/prop/lotteryRewardIncentive,lottery reward incentive
109,https://data.cooperationdatabank.org/vocab/prop/ChoicesVariable,https://data.cooperationdatabank.org/vocab/prop/lowerChoiceRange,lowest choice option
110,https://data.cooperationdatabank.org/vocab/prop/ChoicesVariable,https://data.cooperationdatabank.org/vocab/prop/lowerChoiceRangeLevel,lowest choice option level
111,https://data.cooperationdatabank.org/vocab/prop/Public_Goods_GameVariable,https://data.cooperationdatabank.org/vocab/prop/mPCR,mpcr
112,https://data.cooperationdatabank.org/vocab/prop/Public_Goods_GameVariable,https://data.cooperationdatabank.org/vocab/prop/mPCRlevel,mpcr level
113,https://data.cooperationdatabank.org/vocab/prop/Public_Goods_GameVariable,https://data.cooperationdatabank.org/vocab/prop/mPCRsymmetric,symmetric mpcr
114,https://data.cooperationdatabank.org/vocab/prop/Public_Goods_GameVariable,https://data.cooperationdatabank.org/vocab/prop/mRS,mrs
115,https://data.cooperationdatabank.org/vocab/prop/Public_Goods_GameVariable,https://data.cooperationdatabank.org/vocab/prop/mRSlevel,mrs level
116,https://data.cooperationdatabank.org/vocab/prop/MatchingVariable,https://data.cooperationdatabank.org/vocab/prop/matching,matching
117,https://data.cooperationdatabank.org/vocab/prop/TaxationVariable,https://data.cooperationdatabank.org/vocab/prop/minimumContribution,minimum contribution
118,https://data.cooperationdatabank.org/vocab/prop/TaxationVariable,https://data.cooperationdatabank.org/vocab/prop/minimumContributionLevel,minimum contribution level
119,https://data.cooperationdatabank.org/vocab/prop/TaxationVariable,https://data.cooperationdatabank.org/vocab/prop/minimumContributionValue,minimum contribution value
120,https://data.cooperationdatabank.org/vocab/prop/MonitoringVariable,https://data.cooperationdatabank.org/vocab/prop/monitoringCost,monitoring cost
121,https://data.cooperationdatabank.org/vocab/prop/Motivational_OrientationVariable,https://data.cooperationdatabank.org/vocab/prop/motivationalOrientation,motivational orientation
122,https://data.cooperationdatabank.org/vocab/prop/EthnicityVariable,https://data.cooperationdatabank.org/vocab/prop/nationality,nationality or region
123,https://data.cooperationdatabank.org/vocab/prop/Game_DurationVariable,https://data.cooperationdatabank.org/vocab/prop/nbBlocks,number of blocks
124,https://data.cooperationdatabank.org/vocab/prop/Game_DurationVariable,https://data.cooperationdatabank.org/vocab/prop/nbBlocksLevel,number of blocks level
125,https://data.cooperationdatabank.org/vocab/prop/ChoicesVariable,https://data.cooperationdatabank.org/vocab/prop/nbOfChoices,number of choices
126,https://data.cooperationdatabank.org/vocab/prop/ChoicesVariable,https://data.cooperationdatabank.org/vocab/prop/nbOfChoicesLevel,number of choices level
127,https://data.cooperationdatabank.org/vocab/prop/Game_DurationVariable,https://data.cooperationdatabank.org/vocab/prop/nbSessions,number of sessions
128,https://data.cooperationdatabank.org/vocab/prop/Game_DurationVariable,https://data.cooperationdatabank.org/vocab/prop/nbTrials,number of trials
129,https://data.cooperationdatabank.org/vocab/prop/Game_DurationVariable,https://data.cooperationdatabank.org/vocab/prop/nbTrialsLevel,number of trials level
130,https://data.cooperationdatabank.org/vocab/prop/FeedbackVariable,https://data.cooperationdatabank.org/vocab/prop/noise,noise
131,https://data.cooperationdatabank.org/vocab/prop/Normative_BeliefsVariable,https://data.cooperationdatabank.org/vocab/prop/normativeBeliefs,normative beliefs
132,https://data.cooperationdatabank.org/vocab/prop/Group_SizeVariable,https://data.cooperationdatabank.org/vocab/prop/numberOfDecisionMakers,number of decision makers
133,https://data.cooperationdatabank.org/vocab/prop/Partner(s)'_strategiesVariable,https://data.cooperationdatabank.org/vocab/prop/oneShotStrategy,one-shot strategy
134,https://data.cooperationdatabank.org/vocab/prop/Partner(s)'_strategiesVariable,https://data.cooperationdatabank.org/vocab/prop/oneShotStrategyValue,one-shot strategy value
135,https://data.cooperationdatabank.org/vocab/prop/Game_DurationVariable,https://data.cooperationdatabank.org/vocab/prop/oneShotVsRepeated,one-shot vs repeated
136,https://data.cooperationdatabank.org/vocab/prop/OstracismVariable,https://data.cooperationdatabank.org/vocab/prop/ostracism,ostracism
137,https://data.cooperationdatabank.org/vocab/prop/Extra_annotationVariable,https://data.cooperationdatabank.org/vocab/prop/otherCoding,other coding
138,https://data.cooperationdatabank.org/vocab/prop/Game_TypeVariable,https://data.cooperationdatabank.org/vocab/prop/otherGameType,other game type
139,https://data.cooperationdatabank.org/vocab/prop/ValuesVariable,https://data.cooperationdatabank.org/vocab/prop/otherValues,other values
140,https://data.cooperationdatabank.org/vocab/prop/Behavior_in_the_gameVariable,https://data.cooperationdatabank.org/vocab/prop/othersBehaviorCorr,partner's behavior (correlation)
141,https://data.cooperationdatabank.org/vocab/prop/Behavior_in_the_gameVariable,https://data.cooperationdatabank.org/vocab/prop/othersBehaviorLevel,partner's behavior level
142,https://data.cooperationdatabank.org/vocab/prop/Behavior_in_the_gameVariable,https://data.cooperationdatabank.org/vocab/prop/ownBehaviorCorr,participant's own behavior (correlation)
143,https://data.cooperationdatabank.org/vocab/prop/Behavior_in_the_gameVariable,https://data.cooperationdatabank.org/vocab/prop/ownBehaviorLevel,participant's behavior level
144,https://data.cooperationdatabank.org/vocab/prop/MatchingVariable,https://data.cooperationdatabank.org/vocab/prop/partnerChoice,partner choice
145,https://data.cooperationdatabank.org/vocab/prop/EmotionsVariable,https://data.cooperationdatabank.org/vocab/prop/partnerEmotion,partner's emotion
146,https://data.cooperationdatabank.org/vocab/prop/EmotionsVariable,https://data.cooperationdatabank.org/vocab/prop/partnerEmotionDisplay,partner's emotion display
147,https://data.cooperationdatabank.org/vocab/prop/EmotionsVariable,https://data.cooperationdatabank.org/vocab/prop/partnerEmotionManipulated,partner's emotion manipulation
148,https://data.cooperationdatabank.org/vocab/prop/EmotionsVariable,https://data.cooperationdatabank.org/vocab/prop/partnerEmotionValence,partner's emotion valence
149,https://data.cooperationdatabank.org/vocab/prop/Perception_of_the_partner(s)Variable,https://data.cooperationdatabank.org/vocab/prop/partnerPerception,partner perception
150,https://data.cooperationdatabank.org/vocab/prop/Perception_of_the_partner(s)Variable,https://data.cooperationdatabank.org/vocab/prop/partnerPerceptionLevel,partner perception level
151,https://data.cooperationdatabank.org/vocab/prop/Partner_realVariable,https://data.cooperationdatabank.org/vocab/prop/partnerReal,real partner
152,https://data.cooperationdatabank.org/vocab/prop/ReputationVariable,https://data.cooperationdatabank.org/vocab/prop/partnerSelection,partner selection
153,https://data.cooperationdatabank.org/vocab/prop/Partner_typeVariable,https://data.cooperationdatabank.org/vocab/prop/partnerType,partner type
154,https://data.cooperationdatabank.org/vocab/prop/GenderVariable,https://data.cooperationdatabank.org/vocab/prop/partnersGenderKnownInGame,partner's gender is known
155,https://data.cooperationdatabank.org/vocab/prop/CriticalityVariable,https://data.cooperationdatabank.org/vocab/prop/perceivedCriticality,perceived criticality
156,https://data.cooperationdatabank.org/vocab/prop/Physical_ProximityVariable,https://data.cooperationdatabank.org/vocab/prop/physicalProximity,physical proximity
157,https://data.cooperationdatabank.org/vocab/prop/Political_IdeologyVariable,https://data.cooperationdatabank.org/vocab/prop/politicalIdeology,political ideology
158,https://data.cooperationdatabank.org/vocab/prop/SequentialityVariable,https://data.cooperationdatabank.org/vocab/prop/positionEndogenous,endogenous position
159,https://data.cooperationdatabank.org/vocab/prop/SequentialityVariable,https://data.cooperationdatabank.org/vocab/prop/positionInGame,position in game
160,https://data.cooperationdatabank.org/vocab/prop/PowerVariable,https://data.cooperationdatabank.org/vocab/prop/powerLevel,power level
161,https://data.cooperationdatabank.org/vocab/prop/PowerVariable,https://data.cooperationdatabank.org/vocab/prop/powerManipulationMethod,power manipulation method
162,https://data.cooperationdatabank.org/vocab/prop/PowerVariable,https://data.cooperationdatabank.org/vocab/prop/powerType,power type
163,https://data.cooperationdatabank.org/vocab/prop/Preferences_for_Conditional_CooperationVariable,https://data.cooperationdatabank.org/vocab/prop/preferenceConditionalCooperation,preference for conditional cooperation
164,https://data.cooperationdatabank.org/vocab/prop/PrimingVariable,https://data.cooperationdatabank.org/vocab/prop/primingConcept,primed construct
165,https://data.cooperationdatabank.org/vocab/prop/Public_Goods_GameVariable,https://data.cooperationdatabank.org/vocab/prop/privateAccountReturn,private account return
166,https://data.cooperationdatabank.org/vocab/prop/Public_Goods_GameVariable,https://data.cooperationdatabank.org/vocab/prop/privateAccountReturnLevel,private account return level
167,https://data.cooperationdatabank.org/vocab/prop/Public_Goods_GameVariable,https://data.cooperationdatabank.org/vocab/prop/privateAccountReturnSymmetric,symmetric private account return
168,https://data.cooperationdatabank.org/vocab/prop/PersonalityVariable,https://data.cooperationdatabank.org/vocab/prop/psychopathology,psychopathology
169,https://data.cooperationdatabank.org/vocab/prop/FramingVariable,https://data.cooperationdatabank.org/vocab/prop/publicGoodBadFrame,public good-bad frame
170,https://data.cooperationdatabank.org/vocab/prop/PunishmentVariable,https://data.cooperationdatabank.org/vocab/prop/punishmentAgent,punishment agent
171,https://data.cooperationdatabank.org/vocab/prop/PunishmentVariable,https://data.cooperationdatabank.org/vocab/prop/punishmentDistributionRule,punishment distribution rule
172,https://data.cooperationdatabank.org/vocab/prop/PunishmentVariable,https://data.cooperationdatabank.org/vocab/prop/punishmentEffectiveness,punishment effectiveness
173,https://data.cooperationdatabank.org/vocab/prop/PunishmentVariable,https://data.cooperationdatabank.org/vocab/prop/punishmentIncentive,punishment incentive
174,https://data.cooperationdatabank.org/vocab/prop/PunishmentVariable,https://data.cooperationdatabank.org/vocab/prop/punishmentIterations,punishment iterations
175,https://data.cooperationdatabank.org/vocab/prop/PunishmentVariable,https://data.cooperationdatabank.org/vocab/prop/punishmentProbability,punishment probability
176,https://data.cooperationdatabank.org/vocab/prop/PunishmentVariable,https://data.cooperationdatabank.org/vocab/prop/punishmentRule,punishment rule
177,https://data.cooperationdatabank.org/vocab/prop/PunishmentVariable,https://data.cooperationdatabank.org/vocab/prop/punishmentSequential,sequential punishment
178,https://data.cooperationdatabank.org/vocab/prop/PunishmentVariable,https://data.cooperationdatabank.org/vocab/prop/punishmentTreatment,punishment treatment
179,https://data.cooperationdatabank.org/vocab/prop/Institution__Variable,https://data.cooperationdatabank.org/vocab/prop/rebateorRefund,rebate vs refund
180,https://data.cooperationdatabank.org/vocab/prop/AcquaintanceVariable,https://data.cooperationdatabank.org/vocab/prop/relationshipWithFocalAgent,relationship with the partner
181,https://data.cooperationdatabank.org/vocab/prop/ReligiosityVariable,https://data.cooperationdatabank.org/vocab/prop/religiosityCor,religiosity
182,https://data.cooperationdatabank.org/vocab/prop/ReligiosityVariable,https://data.cooperationdatabank.org/vocab/prop/religiosityOperationalization,religiosity operationalization
183,https://data.cooperationdatabank.org/vocab/prop/ReligiosityVariable,https://data.cooperationdatabank.org/vocab/prop/religiousLevel,religious exposure level
184,https://data.cooperationdatabank.org/vocab/prop/Resource_Dilemma_GameVariable,https://data.cooperationdatabank.org/vocab/prop/replenishmentRate,replenishment rate
185,https://data.cooperationdatabank.org/vocab/prop/Resource_Dilemma_GameVariable,https://data.cooperationdatabank.org/vocab/prop/replenishmentRateLevel,replenishment rate level
186,https://data.cooperationdatabank.org/vocab/prop/Resource_Dilemma_GameVariable,https://data.cooperationdatabank.org/vocab/prop/resourceFixed,fixed resource
187,https://data.cooperationdatabank.org/vocab/prop/Resource_Dilemma_GameVariable,https://data.cooperationdatabank.org/vocab/prop/resourcePartitioned,partitioned resource
188,https://data.cooperationdatabank.org/vocab/prop/Resource_Dilemma_GameVariable,https://data.cooperationdatabank.org/vocab/prop/resourceSize,resource size
189,https://data.cooperationdatabank.org/vocab/prop/Resource_Dilemma_GameVariable,https://data.cooperationdatabank.org/vocab/prop/resourceSizeLevel,resource size level
190,https://data.cooperationdatabank.org/vocab/prop/Re-Start_EffectVariable,https://data.cooperationdatabank.org/vocab/prop/restart,restart
191,https://data.cooperationdatabank.org/vocab/prop/CommunicationVariable,https://data.cooperationdatabank.org/vocab/prop/restricted,restricted communication
192,https://data.cooperationdatabank.org/vocab/prop/RewardVariable,https://data.cooperationdatabank.org/vocab/prop/rewardAgent,reward agent
193,https://data.cooperationdatabank.org/vocab/prop/RewardVariable,https://data.cooperationdatabank.org/vocab/prop/rewardEffectiveness,reward effectiveness
194,https://data.cooperationdatabank.org/vocab/prop/RewardVariable,https://data.cooperationdatabank.org/vocab/prop/rewardIncentive,reward incentive
195,https://data.cooperationdatabank.org/vocab/prop/RewardVariable,https://data.cooperationdatabank.org/vocab/prop/rewardIterations,reward iterations
196,https://data.cooperationdatabank.org/vocab/prop/RewardVariable,https://data.cooperationdatabank.org/vocab/prop/rewardProbability,reward probability
197,https://data.cooperationdatabank.org/vocab/prop/RewardVariable,https://data.cooperationdatabank.org/vocab/prop/rewardRule,reward rule
198,https://data.cooperationdatabank.org/vocab/prop/RewardVariable,https://data.cooperationdatabank.org/vocab/prop/rewardSequential,sequential reward
199,https://data.cooperationdatabank.org/vocab/prop/RewardVariable,https://data.cooperationdatabank.org/vocab/prop/rewardTreatment,reward treatment
200,https://data.cooperationdatabank.org/vocab/prop/PersonalityVariable,https://data.cooperationdatabank.org/vocab/prop/sVOType,svo type
201,https://data.cooperationdatabank.org/vocab/prop/ValuesVariable,https://data.cooperationdatabank.org/vocab/prop/schwartzValues,values (schwartz)
202,https://data.cooperationdatabank.org/vocab/prop/SequentialityVariable,https://data.cooperationdatabank.org/vocab/prop/sequentiality,sequentiality
203,https://data.cooperationdatabank.org/vocab/prop/Shadow_of_the_FutureVariable,https://data.cooperationdatabank.org/vocab/prop/shadowoftheFuture,shadow of the future
204,https://data.cooperationdatabank.org/vocab/prop/IncentivesVariable,https://data.cooperationdatabank.org/vocab/prop/showUpFee,show-up fee
205,https://data.cooperationdatabank.org/vocab/prop/Perception_of_the_partner(s)Variable,https://data.cooperationdatabank.org/vocab/prop/similarityLevel,similarity level
206,https://data.cooperationdatabank.org/vocab/prop/Social_CapitalVariable,https://data.cooperationdatabank.org/vocab/prop/socialCapital,social capital
207,https://data.cooperationdatabank.org/vocab/prop/Social_CapitalVariable,https://data.cooperationdatabank.org/vocab/prop/socialCapitalLevel,social capital level
208,https://data.cooperationdatabank.org/vocab/prop/EthnicityVariable,https://data.cooperationdatabank.org/vocab/prop/society,small-scale society
209,https://data.cooperationdatabank.org/vocab/prop/State_TrustVariable,https://data.cooperationdatabank.org/vocab/prop/stateTrust,state trust
210,https://data.cooperationdatabank.org/vocab/prop/State_TrustVariable,https://data.cooperationdatabank.org/vocab/prop/stateTrustLevel,state trust level
211,https://data.cooperationdatabank.org/vocab/prop/Step-level_Public_Goods_GameVariable,https://data.cooperationdatabank.org/vocab/prop/stepReturn,step return
212,https://data.cooperationdatabank.org/vocab/prop/Step-level_Public_Goods_GameVariable,https://data.cooperationdatabank.org/vocab/prop/stepReturnLevel,step return level
213,https://data.cooperationdatabank.org/vocab/prop/EducationVariable,https://data.cooperationdatabank.org/vocab/prop/student,student sample
214,https://data.cooperationdatabank.org/vocab/prop/PersonalityVariable,https://data.cooperationdatabank.org/vocab/prop/subscale,subscale
215,https://data.cooperationdatabank.org/vocab/prop/SymmetryVariable,https://data.cooperationdatabank.org/vocab/prop/symmetric,symmetry
216,https://data.cooperationdatabank.org/vocab/prop/SymmetryVariable,https://data.cooperationdatabank.org/vocab/prop/symmetryTarget,symmetry target
217,https://data.cooperationdatabank.org/vocab/prop/SynchronyVariable,https://data.cooperationdatabank.org/vocab/prop/synchrony,synchrony
218,https://data.cooperationdatabank.org/vocab/prop/IdentificationVariable,https://data.cooperationdatabank.org/vocab/prop/targetMembership,partner's group membership
219,https://data.cooperationdatabank.org/vocab/prop/Step-level_Public_Goods_GameVariable,https://data.cooperationdatabank.org/vocab/prop/threshold,threshold
220,https://data.cooperationdatabank.org/vocab/prop/Step-level_Public_Goods_GameVariable,https://data.cooperationdatabank.org/vocab/prop/thresholdEndogenous,endogenous threshold
221,https://data.cooperationdatabank.org/vocab/prop/Step-level_Public_Goods_GameVariable,https://data.cooperationdatabank.org/vocab/prop/thresholdLevel,threshold level
222,https://data.cooperationdatabank.org/vocab/prop/Time_PressureVariable,https://data.cooperationdatabank.org/vocab/prop/timePressure,time pressure
223,https://data.cooperationdatabank.org/vocab/prop/PeriodVariable,https://data.cooperationdatabank.org/vocab/prop/trialOfCooperation,trial of cooperation
224,https://data.cooperationdatabank.org/vocab/prop/PeriodVariable,https://data.cooperationdatabank.org/vocab/prop/trialOfCooperationOrdinal,trial of cooperation (ordinal)
225,https://data.cooperationdatabank.org/vocab/prop/Institutional_ChoiceVariable,https://data.cooperationdatabank.org/vocab/prop/typeOfInstitution,institution type
226,https://data.cooperationdatabank.org/vocab/prop/UncertaintyVariable,https://data.cooperationdatabank.org/vocab/prop/uncertaintyLevel,uncertainty level
227,https://data.cooperationdatabank.org/vocab/prop/UncertaintyVariable,https://data.cooperationdatabank.org/vocab/prop/uncertaintyTarget,uncertainty target
228,https://data.cooperationdatabank.org/vocab/prop/ChoicesVariable,https://data.cooperationdatabank.org/vocab/prop/upperChoiceRange,highest choice option
229,https://data.cooperationdatabank.org/vocab/prop/ChoicesVariable,https://data.cooperationdatabank.org/vocab/prop/upperChoiceRangeLevel,highest choice option level
230,https://data.cooperationdatabank.org/vocab/prop/Institutional_ChoiceVariable,https://data.cooperationdatabank.org/vocab/prop/voteOutcome,vote outcome
231,https://data.cooperationdatabank.org/vocab/prop/Institutional_ChoiceVariable,https://data.cooperationdatabank.org/vocab/prop/voteTarget,vote target
232,https://data.cooperationdatabank.org/vocab/prop/Watching_EyesVariable,https://data.cooperationdatabank.org/vocab/prop/watchingEyes,watching eyes
