,giv_prop,iv,iv_label,cat_t1,cat_t1_label,iv.1,iv_label.1,cat_t2,cat_t2_label,mod,mod_label,mod_val,mod_val_label,dependent,effect,td,pred_num,pred_readable,comparative,pred_true,score_0,score_1,score_2,max_score,hypothesis
33305,https://data.cooperationdatabank.org/vocab/prop/AcquaintanceVariable,https://data.cooperationdatabank.org/vocab/prop/relationshipWithFocalAgent,Relationship with the partner,https://data.cooperationdatabank.org/id/relationshipwithfocalagent/acquaintance,stranger,https://data.cooperationdatabank.org/vocab/prop/relationshipWithFocalAgent,Relationship with the partner,https://data.cooperationdatabank.org/id/relationshipwithfocalagent/stranger,acquaintance,https://data.cooperationdatabank.org/vocab/prop/studyTrialOfCooperation,Trial of cooperation,https://data.cooperationdatabank.org/id/studytrialofcooperation/1,All trials,https://data.cooperationdatabank.org/id/dependentvariable/contributions,positive,test,2.0,positive,higher,2.0,0.0,0.0,1.0,1.0,"When comparing studies where relationship with the partner is stranger and studies where relationship with the partner is acquaintance, cooperation is significantly higher when trial of cooperation is all trials."
33340,https://data.cooperationdatabank.org/vocab/prop/AcquaintanceVariable,https://data.cooperationdatabank.org/vocab/prop/relationshipWithFocalAgent,Relationship with the partner,https://data.cooperationdatabank.org/id/relationshipwithfocalagent/acquaintance,acquaintance,https://data.cooperationdatabank.org/vocab/prop/relationshipWithFocalAgent,Relationship with the partner,https://data.cooperationdatabank.org/id/relationshipwithfocalagent/stranger,stranger,https://data.cooperationdatabank.org/vocab/prop/studyTrialOfCooperation,Trial of cooperation,https://data.cooperationdatabank.org/id/studytrialofcooperation/1,All trials,https://data.cooperationdatabank.org/id/dependentvariable/contributions,noEffect,test,2.0,positive,higher,1.0,0.0,0.0,1.0,1.0,"When comparing studies where relationship with the partner is acquaintance and studies where relationship with the partner is stranger, cooperation is significantly higher when trial of cooperation is all trials."
38424,https://data.cooperationdatabank.org/vocab/prop/AcquaintanceVariable,https://data.cooperationdatabank.org/vocab/prop/relationshipWithFocalAgent,Relationship with the partner,https://data.cooperationdatabank.org/id/relationshipwithfocalagent/acquaintance,acquaintance,https://data.cooperationdatabank.org/vocab/prop/relationshipWithFocalAgent,Relationship with the partner,https://data.cooperationdatabank.org/id/relationshipwithfocalagent/stranger,stranger,https://data.cooperationdatabank.org/vocab/prop/yearSource,Source of year of data collection,https://data.cooperationdatabank.org/id/yearsource/5,Published,https://data.cooperationdatabank.org/id/dependentvariable/cooperation,noEffect,test,0.0,negative,lower,1.0,1.0,0.0,0.0,1.0,"When comparing studies where relationship with the partner is acquaintance and studies where relationship with the partner is stranger, cooperation is significantly lower when source of year of data collection is published."
41045,https://data.cooperationdatabank.org/vocab/prop/AcquaintanceVariable,https://data.cooperationdatabank.org/vocab/prop/relationshipWithFocalAgent,Relationship with the partner,https://data.cooperationdatabank.org/id/relationshipwithfocalagent/friend,friend,https://data.cooperationdatabank.org/vocab/prop/relationshipWithFocalAgent,Relationship with the partner,https://data.cooperationdatabank.org/id/relationshipwithfocalagent/stranger,stranger,https://data.cooperationdatabank.org/vocab/prop/country,has country,https://data.cooperationdatabank.org/id/country/USA,USA,https://data.cooperationdatabank.org/id/dependentvariable/contributions,positive,test,2.0,positive,higher,2.0,0.0,0.0,1.0,1.0,"When comparing studies where relationship with the partner is friend and studies where relationship with the partner is stranger, cooperation is significantly higher when has country is usa."
41057,https://data.cooperationdatabank.org/vocab/prop/AcquaintanceVariable,https://data.cooperationdatabank.org/vocab/prop/relationshipWithFocalAgent,Relationship with the partner,https://data.cooperationdatabank.org/id/relationshipwithfocalagent/friend,friend,https://data.cooperationdatabank.org/vocab/prop/relationshipWithFocalAgent,Relationship with the partner,https://data.cooperationdatabank.org/id/relationshipwithfocalagent/stranger,stranger,https://data.cooperationdatabank.org/vocab/prop/studyAcquaintance,Acquaintance,https://data.cooperationdatabank.org/id/studyacquaintance/1,Acquaintance,https://data.cooperationdatabank.org/id/dependentvariable/contributions,positive,test,2.0,positive,higher,2.0,0.0,0.0,1.0,1.0,"When comparing studies where relationship with the partner is friend and studies where relationship with the partner is stranger, cooperation is significantly higher when acquaintance is acquaintance."
41069,https://data.cooperationdatabank.org/vocab/prop/AcquaintanceVariable,https://data.cooperationdatabank.org/vocab/prop/relationshipWithFocalAgent,Relationship with the partner,https://data.cooperationdatabank.org/id/relationshipwithfocalagent/friend,friend,https://data.cooperationdatabank.org/vocab/prop/relationshipWithFocalAgent,Relationship with the partner,https://data.cooperationdatabank.org/id/relationshipwithfocalagent/stranger,stranger,https://data.cooperationdatabank.org/vocab/prop/studyTrialOfCooperation,Trial of cooperation,https://data.cooperationdatabank.org/id/studytrialofcooperation/1,All trials,https://data.cooperationdatabank.org/id/dependentvariable/contributions,positive,test,2.0,positive,higher,2.0,0.0,0.0,1.0,1.0,"When comparing studies where relationship with the partner is friend and studies where relationship with the partner is stranger, cooperation is significantly higher when trial of cooperation is all trials."
47078,https://data.cooperationdatabank.org/vocab/prop/AcquaintanceVariable,https://data.cooperationdatabank.org/vocab/prop/relationshipWithFocalAgent,Relationship with the partner,https://data.cooperationdatabank.org/id/relationshipwithfocalagent/friend,friend,https://data.cooperationdatabank.org/vocab/prop/relationshipWithFocalAgent,Relationship with the partner,https://data.cooperationdatabank.org/id/relationshipwithfocalagent/stranger,stranger,https://data.cooperationdatabank.org/vocab/prop/discussion,Discussion,https://data.cooperationdatabank.org/id/discussion/0,Absent,https://data.cooperationdatabank.org/id/dependentvariable/contributions,positive,test,2.0,positive,higher,2.0,0.0,0.0,1.0,1.0,"When comparing studies where relationship with the partner is friend and studies where relationship with the partner is stranger, cooperation is significantly higher when discussion is absent."
47099,https://data.cooperationdatabank.org/vocab/prop/AcquaintanceVariable,https://data.cooperationdatabank.org/vocab/prop/relationshipWithFocalAgent,Relationship with the partner,https://data.cooperationdatabank.org/id/relationshipwithfocalagent/friend,friend,https://data.cooperationdatabank.org/vocab/prop/relationshipWithFocalAgent,Relationship with the partner,https://data.cooperationdatabank.org/id/relationshipwithfocalagent/stranger,stranger,https://data.cooperationdatabank.org/vocab/prop/studyExperimentalSetting,Experimental setting,https://data.cooperationdatabank.org/id/studyexperimentalsetting/2,Lab,https://data.cooperationdatabank.org/id/dependentvariable/contributions,positive,test,2.0,positive,higher,2.0,0.0,0.0,1.0,1.0,"When comparing studies where relationship with the partner is friend and studies where relationship with the partner is stranger, cooperation is significantly higher when experimental setting is lab."
47106,https://data.cooperationdatabank.org/vocab/prop/AcquaintanceVariable,https://data.cooperationdatabank.org/vocab/prop/relationshipWithFocalAgent,Relationship with the partner,https://data.cooperationdatabank.org/id/relationshipwithfocalagent/friend,friend,https://data.cooperationdatabank.org/vocab/prop/relationshipWithFocalAgent,Relationship with the partner,https://data.cooperationdatabank.org/id/relationshipwithfocalagent/stranger,stranger,https://data.cooperationdatabank.org/vocab/prop/studyShowUpFee,Show-up fee,https://data.cooperationdatabank.org/id/studyshowupfee/1,Paid,https://data.cooperationdatabank.org/id/dependentvariable/contributions,positive,test,2.0,positive,higher,2.0,0.0,0.0,1.0,1.0,"When comparing studies where relationship with the partner is friend and studies where relationship with the partner is stranger, cooperation is significantly higher when show-up fee is paid."
