,giv_prop,iv,iv_label,cat_t1,cat_t1_label,iv.1,iv_label.1,cat_t2,cat_t2_label,mod,mod_label,mod_val,mod_val_label,dependent,effect,td,pred_num,pred_readable,comparative,pred_true,score_0,score_1,score_2,max_score,hypothesis
34888,https://data.cooperationdatabank.org/vocab/prop/AgeVariable,https://data.cooperationdatabank.org/vocab/prop/ageCohort,Age cohort,https://data.cooperationdatabank.org/id/agecohort/old,young,https://data.cooperationdatabank.org/vocab/prop/ageCohort,Age cohort,https://data.cooperationdatabank.org/id/agecohort/young,old,https://data.cooperationdatabank.org/vocab/prop/recruitmentMethod,Recruitment method,https://data.cooperationdatabank.org/id/recruitmentmethod/3,Other,https://data.cooperationdatabank.org/id/dependentvariable/cooperation,positive,test,2.0,positive,higher,2.0,0.0,0.0,1.0,1.0,"When comparing studies where age cohort is young and studies where age cohort is old, cooperation is significantly higher when recruitment method is other."
32723,https://data.cooperationdatabank.org/vocab/prop/AgeVariable,https://data.cooperationdatabank.org/vocab/prop/ageCohort,Age cohort,https://data.cooperationdatabank.org/id/agecohort/old,young,https://data.cooperationdatabank.org/vocab/prop/ageCohort,Age cohort,https://data.cooperationdatabank.org/id/agecohort/young,old,https://data.cooperationdatabank.org/vocab/prop/studyMatchingProtocol,Matching,https://data.cooperationdatabank.org/id/studymatchingprotocol/1,Stranger,https://data.cooperationdatabank.org/id/dependentvariable/cooperation,positive,test,2.0,positive,higher,2.0,0.0,0.0,1.0,1.0,"When comparing studies where age cohort is young and studies where age cohort is old, cooperation is significantly higher when matching is stranger."
32731,https://data.cooperationdatabank.org/vocab/prop/AgeVariable,https://data.cooperationdatabank.org/vocab/prop/ageCohort,Age cohort,https://data.cooperationdatabank.org/id/agecohort/old,young,https://data.cooperationdatabank.org/vocab/prop/ageCohort,Age cohort,https://data.cooperationdatabank.org/id/agecohort/young,old,https://data.cooperationdatabank.org/vocab/prop/countrySource,Source of country or region,https://data.cooperationdatabank.org/id/countrysource/1,Specified country,https://data.cooperationdatabank.org/id/dependentvariable/cooperation,positive,test,2.0,positive,higher,2.0,0.0,0.0,1.0,1.0,"When comparing studies where age cohort is young and studies where age cohort is old, cooperation is significantly higher when source of country or region is specified country."
36733,https://data.cooperationdatabank.org/vocab/prop/AgeVariable,https://data.cooperationdatabank.org/vocab/prop/ageCohort,Age cohort,https://data.cooperationdatabank.org/id/agecohort/old,young,https://data.cooperationdatabank.org/vocab/prop/ageCohort,Age cohort,https://data.cooperationdatabank.org/id/agecohort/young,old,https://data.cooperationdatabank.org/vocab/prop/studyMatchingProtocol,Matching,https://data.cooperationdatabank.org/id/studymatchingprotocol/1,Stranger,https://data.cooperationdatabank.org/id/dependentvariable/cooperation,positive,test,2.0,positive,higher,2.0,0.0,0.0,1.0,1.0,"When comparing studies where age cohort is young and studies where age cohort is old, cooperation is significantly higher when matching is stranger."
36756,https://data.cooperationdatabank.org/vocab/prop/AgeVariable,https://data.cooperationdatabank.org/vocab/prop/ageCohort,Age cohort,https://data.cooperationdatabank.org/id/agecohort/old,young,https://data.cooperationdatabank.org/vocab/prop/ageCohort,Age cohort,https://data.cooperationdatabank.org/id/agecohort/young,old,https://data.cooperationdatabank.org/vocab/prop/publicationStatus,Published,https://data.cooperationdatabank.org/id/publicationstatus/1,Published Article,https://data.cooperationdatabank.org/id/dependentvariable/cooperation,positive,test,2.0,positive,higher,2.0,0.0,0.0,1.0,1.0,"When comparing studies where age cohort is young and studies where age cohort is old, cooperation is significantly higher when published is published article."
34887,https://data.cooperationdatabank.org/vocab/prop/AgeVariable,https://data.cooperationdatabank.org/vocab/prop/ageCohort,Age cohort,https://data.cooperationdatabank.org/id/agecohort/old,young,https://data.cooperationdatabank.org/vocab/prop/ageCohort,Age cohort,https://data.cooperationdatabank.org/id/agecohort/young,old,https://data.cooperationdatabank.org/vocab/prop/yearSource,Source of year of data collection,https://data.cooperationdatabank.org/id/yearsource/7,Available online,https://data.cooperationdatabank.org/id/dependentvariable/cooperation,positive,test,2.0,positive,higher,2.0,0.0,0.0,1.0,1.0,"When comparing studies where age cohort is young and studies where age cohort is old, cooperation is significantly higher when source of year of data collection is available online."
12155,https://data.cooperationdatabank.org/vocab/prop/AgeVariable,https://data.cooperationdatabank.org/vocab/prop/ageCohort,Age cohort,https://data.cooperationdatabank.org/id/agecohort/old,old,https://data.cooperationdatabank.org/vocab/prop/ageCohort,Age cohort,https://data.cooperationdatabank.org/id/agecohort/young,young,https://data.cooperationdatabank.org/vocab/prop/studyGameIncentive,Game incentive,https://data.cooperationdatabank.org/id/studygameincentive/3,Non-monetary,https://data.cooperationdatabank.org/id/dependentvariable/contributions,noEffect,test,2.0,positive,higher,1.0,0.0,0.3333333333333333,0.6666666666666666,0.6666666666666666,"When comparing studies where age cohort is old and studies where age cohort is young, cooperation is significantly higher when game incentive is non-monetary."
32687,https://data.cooperationdatabank.org/vocab/prop/AgeVariable,https://data.cooperationdatabank.org/vocab/prop/ageCohort,Age cohort,https://data.cooperationdatabank.org/id/agecohort/middle,middle,https://data.cooperationdatabank.org/vocab/prop/ageCohort,Age cohort,https://data.cooperationdatabank.org/id/agecohort/old,old,https://data.cooperationdatabank.org/vocab/prop/studyAcquaintance,Acquaintance,https://data.cooperationdatabank.org/id/studyacquaintance/0,Strangers,https://data.cooperationdatabank.org/id/dependentvariable/contributions,noEffect,test,0.0,negative,lower,1.0,0.5188216039279869,0.4582651391162029,0.022913256955810146,0.5188216039279869,"When comparing studies where age cohort is middle and studies where age cohort is old, cooperation is significantly lower when acquaintance is strangers."
32649,https://data.cooperationdatabank.org/vocab/prop/AgeVariable,https://data.cooperationdatabank.org/vocab/prop/ageCohort,Age cohort,https://data.cooperationdatabank.org/id/agecohort/middle,middle,https://data.cooperationdatabank.org/vocab/prop/ageCohort,Age cohort,https://data.cooperationdatabank.org/id/agecohort/old,old,https://data.cooperationdatabank.org/vocab/prop/studyShowUpFee,Show-up fee,https://data.cooperationdatabank.org/id/studyshowupfee/0,Absent,https://data.cooperationdatabank.org/id/dependentvariable/contributions,negative,test,0.0,negative,lower,0.0,0.5188216039279869,0.4582651391162029,0.022913256955810146,0.5188216039279869,"When comparing studies where age cohort is middle and studies where age cohort is old, cooperation is significantly lower when show-up fee is absent."
32690,https://data.cooperationdatabank.org/vocab/prop/AgeVariable,https://data.cooperationdatabank.org/vocab/prop/ageCohort,Age cohort,https://data.cooperationdatabank.org/id/agecohort/middle,middle,https://data.cooperationdatabank.org/vocab/prop/ageCohort,Age cohort,https://data.cooperationdatabank.org/id/agecohort/old,old,https://data.cooperationdatabank.org/vocab/prop/studyGameIncentive,Game incentive,https://data.cooperationdatabank.org/id/studygameincentive/1,Monetary,https://data.cooperationdatabank.org/id/dependentvariable/contributions,noEffect,test,0.0,negative,lower,1.0,0.5188216039279869,0.4582651391162029,0.022913256955810146,0.5188216039279869,"When comparing studies where age cohort is middle and studies where age cohort is old, cooperation is significantly lower when game incentive is monetary."
32696,https://data.cooperationdatabank.org/vocab/prop/AgeVariable,https://data.cooperationdatabank.org/vocab/prop/ageCohort,Age cohort,https://data.cooperationdatabank.org/id/agecohort/middle,middle,https://data.cooperationdatabank.org/vocab/prop/ageCohort,Age cohort,https://data.cooperationdatabank.org/id/agecohort/old,old,https://data.cooperationdatabank.org/vocab/prop/studyContinuousPGG,Continuous vs step-level public goods,https://data.cooperationdatabank.org/id/studycontinuouspgg/1,Continuous,https://data.cooperationdatabank.org/id/dependentvariable/contributions,noEffect,test,0.0,negative,lower,1.0,0.5188216039279869,0.4582651391162029,0.022913256955810146,0.5188216039279869,"When comparing studies where age cohort is middle and studies where age cohort is old, cooperation is significantly lower when continuous vs step-level public goods is continuous."
