,giv_prop,iv,iv_label,cat_t1,cat_t1_label,iv.1,iv_label.1,cat_t2,cat_t2_label,mod,mod_label,mod_val,mod_val_label,dependent,effect,td,pred_num,pred_readable,comparative,pred_true,score_0,score_1,score_2,max_score,hypothesis
29347,https://data.cooperationdatabank.org/vocab/prop/AnchorVariable,https://data.cooperationdatabank.org/vocab/prop/anchor,Anchor,https://data.cooperationdatabank.org/id/anchor/low_cooperation,low cooperation,https://data.cooperationdatabank.org/vocab/prop/anchor,Anchor,https://data.cooperationdatabank.org/id/anchor/high_cooperation,high cooperation ,https://data.cooperationdatabank.org/vocab/prop/publicationStatus,Published,https://data.cooperationdatabank.org/id/publicationstatus/1,Published Article,https://data.cooperationdatabank.org/id/dependentvariable/contributions,negative,test,0.0,negative,lower,0.0,1.0,0.0,0.0,1.0,"When comparing studies where anchor is low cooperation and studies where anchor is high cooperation , cooperation is significantly lower when published is published article."
29349,https://data.cooperationdatabank.org/vocab/prop/AnchorVariable,https://data.cooperationdatabank.org/vocab/prop/anchor,Anchor,https://data.cooperationdatabank.org/id/anchor/low_cooperation,low cooperation,https://data.cooperationdatabank.org/vocab/prop/anchor,Anchor,https://data.cooperationdatabank.org/id/anchor/high_cooperation,high cooperation ,https://data.cooperationdatabank.org/vocab/prop/studyDilemmaType,Game type,https://data.cooperationdatabank.org/id/studydilemmatype/2,Public Goods Game,https://data.cooperationdatabank.org/id/dependentvariable/contributions,negative,test,0.0,negative,lower,0.0,1.0,0.0,0.0,1.0,"When comparing studies where anchor is low cooperation and studies where anchor is high cooperation , cooperation is significantly lower when game type is public goods game."
29353,https://data.cooperationdatabank.org/vocab/prop/AnchorVariable,https://data.cooperationdatabank.org/vocab/prop/anchor,Anchor,https://data.cooperationdatabank.org/id/anchor/low_cooperation,low cooperation,https://data.cooperationdatabank.org/vocab/prop/anchor,Anchor,https://data.cooperationdatabank.org/id/anchor/high_cooperation,high cooperation ,https://data.cooperationdatabank.org/vocab/prop/studyOneShot,One-shot vs repeated,https://data.cooperationdatabank.org/id/studyoneshot/0,Repeated,https://data.cooperationdatabank.org/id/dependentvariable/contributions,negative,test,0.0,negative,lower,0.0,1.0,0.0,0.0,1.0,"When comparing studies where anchor is low cooperation and studies where anchor is high cooperation , cooperation is significantly lower when one-shot vs repeated is repeated."
29368,https://data.cooperationdatabank.org/vocab/prop/AnchorVariable,https://data.cooperationdatabank.org/vocab/prop/anchor,Anchor,https://data.cooperationdatabank.org/id/anchor/low_cooperation,low cooperation,https://data.cooperationdatabank.org/vocab/prop/anchor,Anchor,https://data.cooperationdatabank.org/id/anchor/absent,Absent,https://data.cooperationdatabank.org/vocab/prop/studyOneShot,One-shot vs repeated,https://data.cooperationdatabank.org/id/studyoneshot/0,Repeated,https://data.cooperationdatabank.org/id/dependentvariable/contributions,noEffect,test,0.0,negative,lower,1.0,1.0,0.0,0.0,1.0,"When comparing studies where anchor is low cooperation and studies where anchor is absent, cooperation is significantly lower when one-shot vs repeated is repeated."
29407,https://data.cooperationdatabank.org/vocab/prop/AnchorVariable,https://data.cooperationdatabank.org/vocab/prop/anchor,Anchor,https://data.cooperationdatabank.org/id/anchor/high_cooperation,high cooperation ,https://data.cooperationdatabank.org/vocab/prop/anchor,Anchor,https://data.cooperationdatabank.org/id/anchor/absent,Absent,https://data.cooperationdatabank.org/vocab/prop/studyDilemmaType,Game type,https://data.cooperationdatabank.org/id/studydilemmatype/1,Prisoner's Dilemma Game,https://data.cooperationdatabank.org/id/dependentvariable/contributions,positive,test,2.0,positive,higher,2.0,0.0,0.0,1.0,1.0,"When comparing studies where anchor is high cooperation  and studies where anchor is absent, cooperation is significantly higher when game type is prisoner's dilemma game."
29416,https://data.cooperationdatabank.org/vocab/prop/AnchorVariable,https://data.cooperationdatabank.org/vocab/prop/anchor,Anchor,https://data.cooperationdatabank.org/id/anchor/low_cooperation,low cooperation,https://data.cooperationdatabank.org/vocab/prop/anchor,Anchor,https://data.cooperationdatabank.org/id/anchor/absent,Absent,https://data.cooperationdatabank.org/vocab/prop/countrySource,Source of country or region,https://data.cooperationdatabank.org/id/countrysource/4,Most authors,https://data.cooperationdatabank.org/id/dependentvariable/contributions,noEffect,test,0.0,negative,lower,1.0,1.0,0.0,0.0,1.0,"When comparing studies where anchor is low cooperation and studies where anchor is absent, cooperation is significantly lower when source of country or region is most authors."
29424,https://data.cooperationdatabank.org/vocab/prop/AnchorVariable,https://data.cooperationdatabank.org/vocab/prop/anchor,Anchor,https://data.cooperationdatabank.org/id/anchor/low_cooperation,low cooperation,https://data.cooperationdatabank.org/vocab/prop/anchor,Anchor,https://data.cooperationdatabank.org/id/anchor/absent,Absent,https://data.cooperationdatabank.org/vocab/prop/studyOneShot,One-shot vs repeated,https://data.cooperationdatabank.org/id/studyoneshot/0,Repeated,https://data.cooperationdatabank.org/id/dependentvariable/contributions,noEffect,test,0.0,negative,lower,1.0,1.0,0.0,0.0,1.0,"When comparing studies where anchor is low cooperation and studies where anchor is absent, cooperation is significantly lower when one-shot vs repeated is repeated."
29456,https://data.cooperationdatabank.org/vocab/prop/AnchorVariable,https://data.cooperationdatabank.org/vocab/prop/anchor,Anchor,https://data.cooperationdatabank.org/id/anchor/high_cooperation,high cooperation ,https://data.cooperationdatabank.org/vocab/prop/anchor,Anchor,https://data.cooperationdatabank.org/id/anchor/absent,Absent,https://data.cooperationdatabank.org/vocab/prop/discussion,Discussion,https://data.cooperationdatabank.org/id/discussion/0,Absent,https://data.cooperationdatabank.org/id/dependentvariable/contributions,positive,test,2.0,positive,higher,2.0,0.0,0.0,1.0,1.0,"When comparing studies where anchor is high cooperation  and studies where anchor is absent, cooperation is significantly higher when discussion is absent."
29451,https://data.cooperationdatabank.org/vocab/prop/AnchorVariable,https://data.cooperationdatabank.org/vocab/prop/anchor,Anchor,https://data.cooperationdatabank.org/id/anchor/low_cooperation,high cooperation ,https://data.cooperationdatabank.org/vocab/prop/anchor,Anchor,https://data.cooperationdatabank.org/id/anchor/high_cooperation,low cooperation,https://data.cooperationdatabank.org/vocab/prop/studyRealPartner,Real partner,https://data.cooperationdatabank.org/id/studyrealpartner/2,Deception,https://data.cooperationdatabank.org/id/dependentvariable/contributions,negative,test,0.0,negative,lower,0.0,1.0,0.0,0.0,1.0,"When comparing studies where anchor is high cooperation  and studies where anchor is low cooperation, cooperation is significantly lower when real partner is deception."
29457,https://data.cooperationdatabank.org/vocab/prop/AnchorVariable,https://data.cooperationdatabank.org/vocab/prop/anchor,Anchor,https://data.cooperationdatabank.org/id/anchor/high_cooperation,high cooperation ,https://data.cooperationdatabank.org/vocab/prop/anchor,Anchor,https://data.cooperationdatabank.org/id/anchor/absent,Absent,https://data.cooperationdatabank.org/vocab/prop/publicationStatus,Published,https://data.cooperationdatabank.org/id/publicationstatus/1,Published Article,https://data.cooperationdatabank.org/id/dependentvariable/contributions,positive,test,2.0,positive,higher,2.0,0.0,0.0,1.0,1.0,"When comparing studies where anchor is high cooperation  and studies where anchor is absent, cooperation is significantly higher when published is published article."
29421,https://data.cooperationdatabank.org/vocab/prop/AnchorVariable,https://data.cooperationdatabank.org/vocab/prop/anchor,Anchor,https://data.cooperationdatabank.org/id/anchor/low_cooperation,low cooperation,https://data.cooperationdatabank.org/vocab/prop/anchor,Anchor,https://data.cooperationdatabank.org/id/anchor/absent,Absent,https://data.cooperationdatabank.org/vocab/prop/studyExperimentalSetting,Experimental setting,https://data.cooperationdatabank.org/id/studyexperimentalsetting/1,Online,https://data.cooperationdatabank.org/id/dependentvariable/contributions,noEffect,test,0.0,negative,lower,1.0,0.5,0.5,0.0,0.5,"When comparing studies where anchor is low cooperation and studies where anchor is absent, cooperation is significantly lower when experimental setting is online."
