,giv_prop,iv,iv_label,cat_t1,cat_t1_label,iv.1,iv_label.1,cat_t2,cat_t2_label,mod,mod_label,mod_val,mod_val_label,dependent,effect,td,pred_num,pred_readable,comparative,pred_true,score_0,score_1,score_2,max_score,hypothesis
13842,https://data.cooperationdatabank.org/vocab/prop/CriticalityVariable,https://data.cooperationdatabank.org/vocab/prop/criticalityLevel,Criticality level,https://data.cooperationdatabank.org/id/criticalitylevel/low,Low,https://data.cooperationdatabank.org/vocab/prop/criticalityLevel,Criticality level,https://data.cooperationdatabank.org/id/criticalitylevel/high,High,https://data.cooperationdatabank.org/vocab/prop/studyMatchingProtocol,Matching,https://data.cooperationdatabank.org/id/studymatchingprotocol/1,Stranger,https://data.cooperationdatabank.org/id/dependentvariable/contributions,negative,test,0.0,negative,lower,0.0,0.87,0.06,0.07,0.87,"When comparing studies where criticality level is low and studies where criticality level is high, cooperation is significantly lower when matching is stranger."
13844,https://data.cooperationdatabank.org/vocab/prop/CriticalityVariable,https://data.cooperationdatabank.org/vocab/prop/criticalityLevel,Criticality level,https://data.cooperationdatabank.org/id/criticalitylevel/low,Low,https://data.cooperationdatabank.org/vocab/prop/criticalityLevel,Criticality level,https://data.cooperationdatabank.org/id/criticalitylevel/high,High,https://data.cooperationdatabank.org/vocab/prop/studyOneShot,One-shot vs repeated,https://data.cooperationdatabank.org/id/studyoneshot/1,One-shot,https://data.cooperationdatabank.org/id/dependentvariable/contributions,negative,test,0.0,negative,lower,0.0,0.87,0.06,0.07,0.87,"When comparing studies where criticality level is low and studies where criticality level is high, cooperation is significantly lower when one-shot vs repeated is one-shot."
13832,https://data.cooperationdatabank.org/vocab/prop/CriticalityVariable,https://data.cooperationdatabank.org/vocab/prop/criticalityLevel,Criticality level,https://data.cooperationdatabank.org/id/criticalitylevel/low,Low,https://data.cooperationdatabank.org/vocab/prop/criticalityLevel,Criticality level,https://data.cooperationdatabank.org/id/criticalitylevel/high,High,https://data.cooperationdatabank.org/vocab/prop/publicationStatus,Published,https://data.cooperationdatabank.org/id/publicationstatus/1,Published Article,https://data.cooperationdatabank.org/id/dependentvariable/contributions,negative,test,0.0,negative,lower,0.0,0.6089743589743589,0.11217948717948718,0.27884615384615385,0.6089743589743589,"When comparing studies where criticality level is low and studies where criticality level is high, cooperation is significantly lower when published is published article."
13863,https://data.cooperationdatabank.org/vocab/prop/CriticalityVariable,https://data.cooperationdatabank.org/vocab/prop/criticalityLevel,Criticality level,https://data.cooperationdatabank.org/id/criticalitylevel/low,Low,https://data.cooperationdatabank.org/vocab/prop/criticalityLevel,Criticality level,https://data.cooperationdatabank.org/id/criticalitylevel/high,High,https://data.cooperationdatabank.org/vocab/prop/studyRealPartner,Real partner,https://data.cooperationdatabank.org/id/studyrealpartner/1,Real,https://data.cooperationdatabank.org/id/dependentvariable/contributions,negative,test,0.0,negative,lower,0.0,0.6089743589743589,0.11217948717948718,0.27884615384615385,0.6089743589743589,"When comparing studies where criticality level is low and studies where criticality level is high, cooperation is significantly lower when real partner is real."
17836,https://data.cooperationdatabank.org/vocab/prop/CriticalityVariable,https://data.cooperationdatabank.org/vocab/prop/criticalityLevel,Criticality level,https://data.cooperationdatabank.org/id/criticalitylevel/low,Low,https://data.cooperationdatabank.org/vocab/prop/criticalityLevel,Criticality level,https://data.cooperationdatabank.org/id/criticalitylevel/high,High,https://data.cooperationdatabank.org/vocab/prop/countrySource,Source of country or region,https://data.cooperationdatabank.org/id/countrysource/1,Specified country,https://data.cooperationdatabank.org/id/dependentvariable/contributions,noEffect,test,0.0,negative,lower,1.0,0.6089743589743589,0.11217948717948718,0.27884615384615385,0.6089743589743589,"When comparing studies where criticality level is low and studies where criticality level is high, cooperation is significantly lower when source of country or region is specified country."
17854,https://data.cooperationdatabank.org/vocab/prop/CriticalityVariable,https://data.cooperationdatabank.org/vocab/prop/criticalityLevel,Criticality level,https://data.cooperationdatabank.org/id/criticalitylevel/low,Low,https://data.cooperationdatabank.org/vocab/prop/criticalityLevel,Criticality level,https://data.cooperationdatabank.org/id/criticalitylevel/high,High,https://data.cooperationdatabank.org/vocab/prop/publicationStatus,Published,https://data.cooperationdatabank.org/id/publicationstatus/1,Published Article,https://data.cooperationdatabank.org/id/dependentvariable/contributions,positive,test,0.0,negative,lower,2.0,0.6089743589743589,0.11217948717948718,0.27884615384615385,0.6089743589743589,"When comparing studies where criticality level is low and studies where criticality level is high, cooperation is significantly lower when published is published article."
17862,https://data.cooperationdatabank.org/vocab/prop/CriticalityVariable,https://data.cooperationdatabank.org/vocab/prop/criticalityLevel,Criticality level,https://data.cooperationdatabank.org/id/criticalitylevel/low,Low,https://data.cooperationdatabank.org/vocab/prop/criticalityLevel,Criticality level,https://data.cooperationdatabank.org/id/criticalitylevel/high,High,https://data.cooperationdatabank.org/vocab/prop/studyTrialOfCooperation,Trial of cooperation,https://data.cooperationdatabank.org/id/studytrialofcooperation/1,All trials,https://data.cooperationdatabank.org/id/dependentvariable/contributions,positive,test,0.0,negative,lower,2.0,0.6089743589743589,0.11217948717948718,0.27884615384615385,0.6089743589743589,"When comparing studies where criticality level is low and studies where criticality level is high, cooperation is significantly lower when trial of cooperation is all trials."
47951,https://data.cooperationdatabank.org/vocab/prop/CriticalityVariable,https://data.cooperationdatabank.org/vocab/prop/criticalityLevel,Criticality level,https://data.cooperationdatabank.org/id/criticalitylevel/low,Low,https://data.cooperationdatabank.org/vocab/prop/criticalityLevel,Criticality level,https://data.cooperationdatabank.org/id/criticalitylevel/high,High,https://data.cooperationdatabank.org/vocab/prop/publicationStatus,Published,https://data.cooperationdatabank.org/id/publicationstatus/1,Published Article,https://data.cooperationdatabank.org/id/dependentvariable/contributions,negative,test,0.0,negative,lower,0.0,0.6089743589743589,0.11217948717948718,0.27884615384615385,0.6089743589743589,"When comparing studies where criticality level is low and studies where criticality level is high, cooperation is significantly lower when published is published article."
47959,https://data.cooperationdatabank.org/vocab/prop/CriticalityVariable,https://data.cooperationdatabank.org/vocab/prop/criticalityLevel,Criticality level,https://data.cooperationdatabank.org/id/criticalitylevel/low,Low,https://data.cooperationdatabank.org/vocab/prop/criticalityLevel,Criticality level,https://data.cooperationdatabank.org/id/criticalitylevel/high,High,https://data.cooperationdatabank.org/vocab/prop/studyTrialOfCooperation,Trial of cooperation,https://data.cooperationdatabank.org/id/studytrialofcooperation/1,All trials,https://data.cooperationdatabank.org/id/dependentvariable/contributions,negative,test,0.0,negative,lower,0.0,0.6089743589743589,0.11217948717948718,0.27884615384615385,0.6089743589743589,"When comparing studies where criticality level is low and studies where criticality level is high, cooperation is significantly lower when trial of cooperation is all trials."
