,giv_prop,iv,iv_label,cat_t1,cat_t1_label,iv.1,iv_label.1,cat_t2,cat_t2_label,mod,mod_label,mod_val,mod_val_label,dependent,effect,td,pred_num,pred_readable,comparative,pred_true,score_0,score_1,score_2,max_score,hypothesis
26198,https://data.cooperationdatabank.org/vocab/prop/EducationVariable,https://data.cooperationdatabank.org/vocab/prop/academicGradeLevel,Academic grade level,https://data.cooperationdatabank.org/id/academicgradelevel/junior,Junior,https://data.cooperationdatabank.org/vocab/prop/academicGradeLevel,Academic grade level,https://data.cooperationdatabank.org/id/academicgradelevel/middle,Middle,https://data.cooperationdatabank.org/vocab/prop/studyOneShot,One-shot vs repeated,https://data.cooperationdatabank.org/id/studyoneshot/0,Repeated,https://data.cooperationdatabank.org/id/dependentvariable/cooperation,negative,test,0.0,negative,lower,0.0,1.0,0.0,0.0,1.0,"When comparing studies where academic grade level is junior and studies where academic grade level is middle, cooperation is significantly lower when one-shot vs repeated is repeated."
2493,https://data.cooperationdatabank.org/vocab/prop/EducationVariable,https://data.cooperationdatabank.org/vocab/prop/academicGradeLevel,Academic grade level,https://data.cooperationdatabank.org/id/academicgradelevel/junior,Junior,https://data.cooperationdatabank.org/vocab/prop/academicGradeLevel,Academic grade level,https://data.cooperationdatabank.org/id/academicgradelevel/senior,Senior,https://data.cooperationdatabank.org/vocab/prop/yearSource,Source of year of data collection,https://data.cooperationdatabank.org/id/yearsource/1,Conducted,https://data.cooperationdatabank.org/id/dependentvariable/cooperation,noEffect,test,0.0,negative,lower,1.0,0.5188216039279869,0.4582651391162029,0.022913256955810146,0.5188216039279869,"When comparing studies where academic grade level is junior and studies where academic grade level is senior, cooperation is significantly lower when source of year of data collection is conducted."
2481,https://data.cooperationdatabank.org/vocab/prop/EducationVariable,https://data.cooperationdatabank.org/vocab/prop/academicGradeLevel,Academic grade level,https://data.cooperationdatabank.org/id/academicgradelevel/junior,Junior,https://data.cooperationdatabank.org/vocab/prop/academicGradeLevel,Academic grade level,https://data.cooperationdatabank.org/id/academicgradelevel/senior,Senior,https://data.cooperationdatabank.org/vocab/prop/discussion,Discussion,https://data.cooperationdatabank.org/id/discussion/0,Absent,https://data.cooperationdatabank.org/id/dependentvariable/cooperation,noEffect,test,0.0,negative,lower,1.0,0.5188216039279869,0.4582651391162029,0.022913256955810146,0.5188216039279869,"When comparing studies where academic grade level is junior and studies where academic grade level is senior, cooperation is significantly lower when discussion is absent."
2491,https://data.cooperationdatabank.org/vocab/prop/EducationVariable,https://data.cooperationdatabank.org/vocab/prop/academicGradeLevel,Academic grade level,https://data.cooperationdatabank.org/id/academicgradelevel/junior,Junior,https://data.cooperationdatabank.org/vocab/prop/academicGradeLevel,Academic grade level,https://data.cooperationdatabank.org/id/academicgradelevel/senior,Senior,https://data.cooperationdatabank.org/vocab/prop/studyRealPartner,Real partner,https://data.cooperationdatabank.org/id/studyrealpartner/1,Real,https://data.cooperationdatabank.org/id/dependentvariable/cooperation,noEffect,test,0.0,negative,lower,1.0,0.5188216039279869,0.4582651391162029,0.022913256955810146,0.5188216039279869,"When comparing studies where academic grade level is junior and studies where academic grade level is senior, cooperation is significantly lower when real partner is real."
2482,https://data.cooperationdatabank.org/vocab/prop/EducationVariable,https://data.cooperationdatabank.org/vocab/prop/academicGradeLevel,Academic grade level,https://data.cooperationdatabank.org/id/academicgradelevel/junior,Junior,https://data.cooperationdatabank.org/vocab/prop/academicGradeLevel,Academic grade level,https://data.cooperationdatabank.org/id/academicgradelevel/senior,Senior,https://data.cooperationdatabank.org/vocab/prop/publicationStatus,Published,https://data.cooperationdatabank.org/id/publicationstatus/1,Published Article,https://data.cooperationdatabank.org/id/dependentvariable/cooperation,noEffect,test,0.0,negative,lower,1.0,0.5188216039279869,0.4582651391162029,0.022913256955810146,0.5188216039279869,"When comparing studies where academic grade level is junior and studies where academic grade level is senior, cooperation is significantly lower when published is published article."
26207,https://data.cooperationdatabank.org/vocab/prop/EducationVariable,https://data.cooperationdatabank.org/vocab/prop/academicGradeLevel,Academic grade level,https://data.cooperationdatabank.org/id/academicgradelevel/junior,Junior,https://data.cooperationdatabank.org/vocab/prop/academicGradeLevel,Academic grade level,https://data.cooperationdatabank.org/id/academicgradelevel/senior,Senior,https://data.cooperationdatabank.org/vocab/prop/studyAcademicDiscipline,Academic discipline,https://data.cooperationdatabank.org/id/studyacademicdiscipline/4,Mixed,https://data.cooperationdatabank.org/id/dependentvariable/cooperation,negative,test,0.0,negative,lower,0.0,0.5188216039279869,0.4582651391162029,0.022913256955810146,0.5188216039279869,"When comparing studies where academic grade level is junior and studies where academic grade level is senior, cooperation is significantly lower when academic discipline is mixed."
26204,https://data.cooperationdatabank.org/vocab/prop/EducationVariable,https://data.cooperationdatabank.org/vocab/prop/academicGradeLevel,Academic grade level,https://data.cooperationdatabank.org/id/academicgradelevel/junior,Junior,https://data.cooperationdatabank.org/vocab/prop/academicGradeLevel,Academic grade level,https://data.cooperationdatabank.org/id/academicgradelevel/senior,Senior,https://data.cooperationdatabank.org/vocab/prop/discussion,Discussion,https://data.cooperationdatabank.org/id/discussion/0,Absent,https://data.cooperationdatabank.org/id/dependentvariable/cooperation,negative,test,0.0,negative,lower,0.0,0.5188216039279869,0.4582651391162029,0.022913256955810146,0.5188216039279869,"When comparing studies where academic grade level is junior and studies where academic grade level is senior, cooperation is significantly lower when discussion is absent."
2473,https://data.cooperationdatabank.org/vocab/prop/EducationVariable,https://data.cooperationdatabank.org/vocab/prop/academicDiscipline,Academic discipline,https://data.cooperationdatabank.org/id/academicdiscipline/economics,Economics,https://data.cooperationdatabank.org/vocab/prop/academicDiscipline,Academic discipline,https://data.cooperationdatabank.org/id/academicdiscipline/others,Others,https://data.cooperationdatabank.org/vocab/prop/studyMatchingProtocol,Matching,https://data.cooperationdatabank.org/id/studymatchingprotocol/1,Stranger,https://data.cooperationdatabank.org/id/dependentvariable/cooperation,negative,test,0.0,negative,lower,0.0,0.46153846153846156,0.38461538461538464,0.15384615384615385,0.46153846153846156,"When comparing studies where academic discipline is economics and studies where academic discipline is others, cooperation is significantly lower when matching is stranger."
27405,https://data.cooperationdatabank.org/vocab/prop/EducationVariable,https://data.cooperationdatabank.org/vocab/prop/academicDiscipline,Academic discipline,https://data.cooperationdatabank.org/id/academicdiscipline/economics,Economics,https://data.cooperationdatabank.org/vocab/prop/academicDiscipline,Academic discipline,https://data.cooperationdatabank.org/id/academicdiscipline/others,Others,https://data.cooperationdatabank.org/vocab/prop/studyOneShot,One-shot vs repeated,https://data.cooperationdatabank.org/id/studyoneshot/1,One-shot,https://data.cooperationdatabank.org/id/dependentvariable/cooperation,noEffect,test,0.0,negative,lower,1.0,0.46153846153846156,0.38461538461538464,0.15384615384615385,0.46153846153846156,"When comparing studies where academic discipline is economics and studies where academic discipline is others, cooperation is significantly lower when one-shot vs repeated is one-shot."
