,giv_prop,iv,iv_label,cat_t1,cat_t1_label,iv.1,iv_label.1,cat_t2,cat_t2_label,mod,mod_label,mod_val,mod_val_label,dependent,effect,td,pred_num,pred_readable,comparative,pred_true,score_0,score_1,score_2,max_score,hypothesis
9360,https://data.cooperationdatabank.org/vocab/prop/EthnicityVariable,https://data.cooperationdatabank.org/vocab/prop/ethnicityUS,Ethnicity (US),https://data.cooperationdatabank.org/id/ethnicityus/white,White,https://data.cooperationdatabank.org/vocab/prop/ethnicityUS,Ethnicity (US),https://data.cooperationdatabank.org/id/ethnicityus/black_or_african_american,Black or African American,https://data.cooperationdatabank.org/vocab/prop/yearSource,Source of year of data collection,https://data.cooperationdatabank.org/id/yearsource/4,Received/Submitted,https://data.cooperationdatabank.org/id/dependentvariable/contributions,positive,test,2.0,positive,higher,2.0,0.0,0.0,1.0,1.0,"When comparing studies where ethnicity (us) is white and studies where ethnicity (us) is black or african american, cooperation is significantly higher when source of year of data collection is submitted."
9364,https://data.cooperationdatabank.org/vocab/prop/EthnicityVariable,https://data.cooperationdatabank.org/vocab/prop/ethnicityUS,Ethnicity (US),https://data.cooperationdatabank.org/id/ethnicityus/white,White,https://data.cooperationdatabank.org/vocab/prop/ethnicityUS,Ethnicity (US),https://data.cooperationdatabank.org/id/ethnicityus/black_or_african_american,Black or African American,https://data.cooperationdatabank.org/vocab/prop/countrySource,Source of country or region,https://data.cooperationdatabank.org/id/countrysource/2,Multiple countries,https://data.cooperationdatabank.org/id/dependentvariable/contributions,positive,test,2.0,positive,higher,2.0,0.0,0.0,1.0,1.0,"When comparing studies where ethnicity (us) is white and studies where ethnicity (us) is black or african american, cooperation is significantly higher when source of country or region is multiple countries."
9390,https://data.cooperationdatabank.org/vocab/prop/EthnicityVariable,https://data.cooperationdatabank.org/vocab/prop/ethnicityUS,Ethnicity (US),https://data.cooperationdatabank.org/id/ethnicityus/white,Black or African American,https://data.cooperationdatabank.org/vocab/prop/ethnicityUS,Ethnicity (US),https://data.cooperationdatabank.org/id/ethnicityus/black_or_african_american,White,https://data.cooperationdatabank.org/vocab/prop/studyMatchingProtocol,Matching,https://data.cooperationdatabank.org/id/studymatchingprotocol/2,Partner,https://data.cooperationdatabank.org/id/dependentvariable/contributions,positive,test,2.0,positive,higher,2.0,0.0,0.0,1.0,1.0,"When comparing studies where ethnicity (us) is black or african american and studies where ethnicity (us) is white, cooperation is significantly higher when matching is partner."
9391,https://data.cooperationdatabank.org/vocab/prop/EthnicityVariable,https://data.cooperationdatabank.org/vocab/prop/ethnicityUS,Ethnicity (US),https://data.cooperationdatabank.org/id/ethnicityus/white,Black or African American,https://data.cooperationdatabank.org/vocab/prop/ethnicityUS,Ethnicity (US),https://data.cooperationdatabank.org/id/ethnicityus/black_or_african_american,White,https://data.cooperationdatabank.org/vocab/prop/studyOneShot,One-shot vs repeated,https://data.cooperationdatabank.org/id/studyoneshot/0,Repeated,https://data.cooperationdatabank.org/id/dependentvariable/contributions,positive,test,2.0,positive,higher,2.0,0.0,0.0,1.0,1.0,"When comparing studies where ethnicity (us) is black or african american and studies where ethnicity (us) is white, cooperation is significantly higher when one-shot vs repeated is repeated."
9392,https://data.cooperationdatabank.org/vocab/prop/EthnicityVariable,https://data.cooperationdatabank.org/vocab/prop/ethnicityUS,Ethnicity (US),https://data.cooperationdatabank.org/id/ethnicityus/white,Black or African American,https://data.cooperationdatabank.org/vocab/prop/ethnicityUS,Ethnicity (US),https://data.cooperationdatabank.org/id/ethnicityus/black_or_african_american,White,https://data.cooperationdatabank.org/vocab/prop/studyRealPartner,Real partner,https://data.cooperationdatabank.org/id/studyrealpartner/1,Real,https://data.cooperationdatabank.org/id/dependentvariable/contributions,positive,test,2.0,positive,higher,2.0,0.0,0.0,1.0,1.0,"When comparing studies where ethnicity (us) is black or african american and studies where ethnicity (us) is white, cooperation is significantly higher when real partner is real."
10778,https://data.cooperationdatabank.org/vocab/prop/EthnicityVariable,https://data.cooperationdatabank.org/vocab/prop/ethnicityUS,Ethnicity (US),https://data.cooperationdatabank.org/id/ethnicityus/white,White,https://data.cooperationdatabank.org/vocab/prop/ethnicityUS,Ethnicity (US),https://data.cooperationdatabank.org/id/ethnicityus/black_or_african_american,Black or African American,https://data.cooperationdatabank.org/vocab/prop/studyMatchingProtocol,Matching,https://data.cooperationdatabank.org/id/studymatchingprotocol/2,Partner,https://data.cooperationdatabank.org/id/dependentvariable/cooperation,noEffect,test,0.0,negative,lower,1.0,1.0,0.0,0.0,1.0,"When comparing studies where ethnicity (us) is white and studies where ethnicity (us) is black or african american, cooperation is significantly lower when matching is partner."
49051,https://data.cooperationdatabank.org/vocab/prop/EthnicityVariable,https://data.cooperationdatabank.org/vocab/prop/ethnicityUS,Ethnicity (US),https://data.cooperationdatabank.org/id/ethnicityus/white,Other,https://data.cooperationdatabank.org/vocab/prop/ethnicityUS,Ethnicity (US),https://data.cooperationdatabank.org/id/ethnicityus/other,White,https://data.cooperationdatabank.org/vocab/prop/yearSource,Source of year of data collection,https://data.cooperationdatabank.org/id/yearsource/5,Published,https://data.cooperationdatabank.org/id/dependentvariable/contributions,positive,test,2.0,positive,higher,2.0,0.0,0.0,1.0,1.0,"When comparing studies where ethnicity (us) is other and studies where ethnicity (us) is white, cooperation is significantly higher when source of year of data collection is published."
49055,https://data.cooperationdatabank.org/vocab/prop/EthnicityVariable,https://data.cooperationdatabank.org/vocab/prop/ethnicityUS,Ethnicity (US),https://data.cooperationdatabank.org/id/ethnicityus/white,Other,https://data.cooperationdatabank.org/vocab/prop/ethnicityUS,Ethnicity (US),https://data.cooperationdatabank.org/id/ethnicityus/other,White,https://data.cooperationdatabank.org/vocab/prop/studyShowUpFee,Show-up fee,https://data.cooperationdatabank.org/id/studyshowupfee/2,Course credit,https://data.cooperationdatabank.org/id/dependentvariable/contributions,positive,test,2.0,positive,higher,2.0,0.0,0.0,1.0,1.0,"When comparing studies where ethnicity (us) is other and studies where ethnicity (us) is white, cooperation is significantly higher when show-up fee is course credit."
