,giv_prop,iv,iv_label,cat_t1,cat_t1_label,iv.1,iv_label.1,cat_t2,cat_t2_label,mod,mod_label,mod_val,mod_val_label,dependent,effect,td,pred_num,pred_readable,comparative,pred_true,score_0,score_1,score_2,max_score,hypothesis
2363,https://data.cooperationdatabank.org/vocab/prop/ExpectationsVariable,https://data.cooperationdatabank.org/vocab/prop/expectationsLevel,Expectations level,https://data.cooperationdatabank.org/id/expectationslevel/low,Low,https://data.cooperationdatabank.org/vocab/prop/expectationsLevel,Expectations level,https://data.cooperationdatabank.org/id/expectationslevel/high,High,https://data.cooperationdatabank.org/vocab/prop/studyMatchingProtocol,Matching,https://data.cooperationdatabank.org/id/studymatchingprotocol/1,Stranger,https://data.cooperationdatabank.org/id/dependentvariable/contributions,negative,test,0.0,negative,lower,0.0,1.0,0.0,0.0,1.0,"When comparing studies where expectations level is low and studies where expectations level is high, cooperation is significantly lower when matching is stranger."
2365,https://data.cooperationdatabank.org/vocab/prop/ExpectationsVariable,https://data.cooperationdatabank.org/vocab/prop/expectationsLevel,Expectations level,https://data.cooperationdatabank.org/id/expectationslevel/low,Low,https://data.cooperationdatabank.org/vocab/prop/expectationsLevel,Expectations level,https://data.cooperationdatabank.org/id/expectationslevel/high,High,https://data.cooperationdatabank.org/vocab/prop/studyRealPartner,Real partner,https://data.cooperationdatabank.org/id/studyrealpartner/1,Real,https://data.cooperationdatabank.org/id/dependentvariable/contributions,negative,test,0.0,negative,lower,0.0,1.0,0.0,0.0,1.0,"When comparing studies where expectations level is low and studies where expectations level is high, cooperation is significantly lower when real partner is real."
3451,https://data.cooperationdatabank.org/vocab/prop/ExpectationsVariable,https://data.cooperationdatabank.org/vocab/prop/expectationsLevel,Expectations level,https://data.cooperationdatabank.org/id/expectationslevel/low,High,https://data.cooperationdatabank.org/vocab/prop/expectationsLevel,Expectations level,https://data.cooperationdatabank.org/id/expectationslevel/high,Low,https://data.cooperationdatabank.org/vocab/prop/country,has country,https://data.cooperationdatabank.org/id/country/CAN,CAN,https://data.cooperationdatabank.org/id/dependentvariable/cooperation,negative,test,0.0,negative,lower,0.0,1.0,0.0,0.0,1.0,"When comparing studies where expectations level is high and studies where expectations level is low, cooperation is significantly lower when has country is can."
3452,https://data.cooperationdatabank.org/vocab/prop/ExpectationsVariable,https://data.cooperationdatabank.org/vocab/prop/expectationsLevel,Expectations level,https://data.cooperationdatabank.org/id/expectationslevel/low,High,https://data.cooperationdatabank.org/vocab/prop/expectationsLevel,Expectations level,https://data.cooperationdatabank.org/id/expectationslevel/high,Low,https://data.cooperationdatabank.org/vocab/prop/countrySource,Source of country or region,https://data.cooperationdatabank.org/id/countrysource/3,All authors,https://data.cooperationdatabank.org/id/dependentvariable/cooperation,negative,test,0.0,negative,lower,0.0,1.0,0.0,0.0,1.0,"When comparing studies where expectations level is high and studies where expectations level is low, cooperation is significantly lower when source of country or region is all authors."
3465,https://data.cooperationdatabank.org/vocab/prop/ExpectationsVariable,https://data.cooperationdatabank.org/vocab/prop/expectationsLevel,Expectations level,https://data.cooperationdatabank.org/id/expectationslevel/low,High,https://data.cooperationdatabank.org/vocab/prop/expectationsLevel,Expectations level,https://data.cooperationdatabank.org/id/expectationslevel/high,Low,https://data.cooperationdatabank.org/vocab/prop/recruitmentMethod,Recruitment method,https://data.cooperationdatabank.org/id/recruitmentmethod/1,Participant pool,https://data.cooperationdatabank.org/id/dependentvariable/cooperation,negative,test,0.0,negative,lower,0.0,1.0,0.0,0.0,1.0,"When comparing studies where expectations level is high and studies where expectations level is low, cooperation is significantly lower when recruitment method is participant pool."
18100,https://data.cooperationdatabank.org/vocab/prop/ExpectationsVariable,https://data.cooperationdatabank.org/vocab/prop/expectationsLevel,Expectations level,https://data.cooperationdatabank.org/id/expectationslevel/low,High,https://data.cooperationdatabank.org/vocab/prop/expectationsLevel,Expectations level,https://data.cooperationdatabank.org/id/expectationslevel/high,Low,https://data.cooperationdatabank.org/vocab/prop/studyOneShot,One-shot vs repeated,https://data.cooperationdatabank.org/id/studyoneshot/1,One-shot,https://data.cooperationdatabank.org/id/dependentvariable/contributions,negative,test,0.0,negative,lower,0.0,1.0,0.0,0.0,1.0,"When comparing studies where expectations level is high and studies where expectations level is low, cooperation is significantly lower when one-shot vs repeated is one-shot."
34608,https://data.cooperationdatabank.org/vocab/prop/ExpectationsVariable,https://data.cooperationdatabank.org/vocab/prop/expectationsLevel,Expectations level,https://data.cooperationdatabank.org/id/expectationslevel/low,High,https://data.cooperationdatabank.org/vocab/prop/expectationsLevel,Expectations level,https://data.cooperationdatabank.org/id/expectationslevel/high,Low,https://data.cooperationdatabank.org/vocab/prop/studyDilemmaType,Game type,https://data.cooperationdatabank.org/id/studydilemmatype/1,Prisoner's Dilemma Game,https://data.cooperationdatabank.org/id/dependentvariable/cooperation,negative,test,0.0,negative,lower,0.0,1.0,0.0,0.0,1.0,"When comparing studies where expectations level is high and studies where expectations level is low, cooperation is significantly lower when game type is prisoner's dilemma game."
18104,https://data.cooperationdatabank.org/vocab/prop/ExpectationsVariable,https://data.cooperationdatabank.org/vocab/prop/expectationsLevel,Expectations level,https://data.cooperationdatabank.org/id/expectationslevel/low,High,https://data.cooperationdatabank.org/vocab/prop/expectationsLevel,Expectations level,https://data.cooperationdatabank.org/id/expectationslevel/high,Low,https://data.cooperationdatabank.org/vocab/prop/studyContinuousPGG,Continuous vs step-level public goods,https://data.cooperationdatabank.org/id/studycontinuouspgg/1,Continuous,https://data.cooperationdatabank.org/id/dependentvariable/contributions,negative,test,0.0,negative,lower,0.0,1.0,0.0,0.0,1.0,"When comparing studies where expectations level is high and studies where expectations level is low, cooperation is significantly lower when continuous vs step-level public goods is continuous."
35603,https://data.cooperationdatabank.org/vocab/prop/ExpectationsVariable,https://data.cooperationdatabank.org/vocab/prop/expectationsLevel,Expectations level,https://data.cooperationdatabank.org/id/expectationslevel/low,Low,https://data.cooperationdatabank.org/vocab/prop/expectationsLevel,Expectations level,https://data.cooperationdatabank.org/id/expectationslevel/high,High,https://data.cooperationdatabank.org/vocab/prop/studyOneShot,One-shot vs repeated,https://data.cooperationdatabank.org/id/studyoneshot/1,One-shot,https://data.cooperationdatabank.org/id/dependentvariable/contributions,negative,test,0.0,negative,lower,0.0,1.0,0.0,0.0,1.0,"When comparing studies where expectations level is low and studies where expectations level is high, cooperation is significantly lower when one-shot vs repeated is one-shot."
35279,https://data.cooperationdatabank.org/vocab/prop/ExpectationsVariable,https://data.cooperationdatabank.org/vocab/prop/expectationsLevel,Expectations level,https://data.cooperationdatabank.org/id/expectationslevel/low,High,https://data.cooperationdatabank.org/vocab/prop/expectationsLevel,Expectations level,https://data.cooperationdatabank.org/id/expectationslevel/high,Low,https://data.cooperationdatabank.org/vocab/prop/studyShowUpFee,Show-up fee,https://data.cooperationdatabank.org/id/studyshowupfee/0,Absent,https://data.cooperationdatabank.org/id/dependentvariable/contributions,negative,test,0.0,negative,lower,0.0,1.0,0.0,0.0,1.0,"When comparing studies where expectations level is high and studies where expectations level is low, cooperation is significantly lower when show-up fee is absent."
34920,https://data.cooperationdatabank.org/vocab/prop/ExpectationsVariable,https://data.cooperationdatabank.org/vocab/prop/expectationsLevel,Expectations level,https://data.cooperationdatabank.org/id/expectationslevel/low,High,https://data.cooperationdatabank.org/vocab/prop/expectationsLevel,Expectations level,https://data.cooperationdatabank.org/id/expectationslevel/high,Low,https://data.cooperationdatabank.org/vocab/prop/recruitmentMethod,Recruitment method,https://data.cooperationdatabank.org/id/recruitmentmethod/3,Other,https://data.cooperationdatabank.org/id/dependentvariable/cooperation,negative,test,0.0,negative,lower,0.0,1.0,0.0,0.0,1.0,"When comparing studies where expectations level is high and studies where expectations level is low, cooperation is significantly lower when recruitment method is other."
35277,https://data.cooperationdatabank.org/vocab/prop/ExpectationsVariable,https://data.cooperationdatabank.org/vocab/prop/expectationsLevel,Expectations level,https://data.cooperationdatabank.org/id/expectationslevel/low,High,https://data.cooperationdatabank.org/vocab/prop/expectationsLevel,Expectations level,https://data.cooperationdatabank.org/id/expectationslevel/high,Low,https://data.cooperationdatabank.org/vocab/prop/studyTrialOfCooperation,Trial of cooperation,https://data.cooperationdatabank.org/id/studytrialofcooperation/1,All trials,https://data.cooperationdatabank.org/id/dependentvariable/contributions,negative,test,0.0,negative,lower,0.0,1.0,0.0,0.0,1.0,"When comparing studies where expectations level is high and studies where expectations level is low, cooperation is significantly lower when trial of cooperation is all trials."
34625,https://data.cooperationdatabank.org/vocab/prop/ExpectationsVariable,https://data.cooperationdatabank.org/vocab/prop/expectationsLevel,Expectations level,https://data.cooperationdatabank.org/id/expectationslevel/low,High,https://data.cooperationdatabank.org/vocab/prop/expectationsLevel,Expectations level,https://data.cooperationdatabank.org/id/expectationslevel/high,Low,https://data.cooperationdatabank.org/vocab/prop/studyDilemmaType,Game type,https://data.cooperationdatabank.org/id/studydilemmatype/1,Prisoner's Dilemma Game,https://data.cooperationdatabank.org/id/dependentvariable/cooperation,negative,test,0.0,negative,lower,0.0,1.0,0.0,0.0,1.0,"When comparing studies where expectations level is high and studies where expectations level is low, cooperation is significantly lower when game type is prisoner's dilemma game."
34620,https://data.cooperationdatabank.org/vocab/prop/ExpectationsVariable,https://data.cooperationdatabank.org/vocab/prop/expectationsLevel,Expectations level,https://data.cooperationdatabank.org/id/expectationslevel/low,High,https://data.cooperationdatabank.org/vocab/prop/expectationsLevel,Expectations level,https://data.cooperationdatabank.org/id/expectationslevel/high,Low,https://data.cooperationdatabank.org/vocab/prop/countrySource,Source of country or region,https://data.cooperationdatabank.org/id/countrysource/1,Specified country,https://data.cooperationdatabank.org/id/dependentvariable/cooperation,negative,test,0.0,negative,lower,0.0,1.0,0.0,0.0,1.0,"When comparing studies where expectations level is high and studies where expectations level is low, cooperation is significantly lower when source of country or region is specified country."
55349,https://data.cooperationdatabank.org/vocab/prop/ExpectationsVariable,https://data.cooperationdatabank.org/vocab/prop/expectationsLevel,Expectations level,https://data.cooperationdatabank.org/id/expectationslevel/low,High,https://data.cooperationdatabank.org/vocab/prop/expectationsLevel,Expectations level,https://data.cooperationdatabank.org/id/expectationslevel/high,Low,https://data.cooperationdatabank.org/vocab/prop/countrySource,Source of country or region,https://data.cooperationdatabank.org/id/countrysource/1,Specified country,https://data.cooperationdatabank.org/id/dependentvariable/cooperation,positive,test,0.0,negative,lower,2.0,1.0,0.0,0.0,1.0,"When comparing studies where expectations level is high and studies where expectations level is low, cooperation is significantly lower when source of country or region is specified country."
46747,https://data.cooperationdatabank.org/vocab/prop/ExpectationsVariable,https://data.cooperationdatabank.org/vocab/prop/expectationsLevel,Expectations level,https://data.cooperationdatabank.org/id/expectationslevel/low,High,https://data.cooperationdatabank.org/vocab/prop/expectationsLevel,Expectations level,https://data.cooperationdatabank.org/id/expectationslevel/high,Low,https://data.cooperationdatabank.org/vocab/prop/recruitmentMethod,Recruitment method,https://data.cooperationdatabank.org/id/recruitmentmethod/1,Participant pool,https://data.cooperationdatabank.org/id/dependentvariable/cooperation,negative,test,0.0,negative,lower,0.0,1.0,0.0,0.0,1.0,"When comparing studies where expectations level is high and studies where expectations level is low, cooperation is significantly lower when recruitment method is participant pool."
47312,https://data.cooperationdatabank.org/vocab/prop/ExpectationsVariable,https://data.cooperationdatabank.org/vocab/prop/expectationsLevel,Expectations level,https://data.cooperationdatabank.org/id/expectationslevel/low,High,https://data.cooperationdatabank.org/vocab/prop/expectationsLevel,Expectations level,https://data.cooperationdatabank.org/id/expectationslevel/high,Low,https://data.cooperationdatabank.org/vocab/prop/countrySource,Source of country or region,https://data.cooperationdatabank.org/id/countrysource/1,Specified country,https://data.cooperationdatabank.org/id/dependentvariable/cooperation,negative,test,0.0,negative,lower,0.0,1.0,0.0,0.0,1.0,"When comparing studies where expectations level is high and studies where expectations level is low, cooperation is significantly lower when source of country or region is specified country."
35608,https://data.cooperationdatabank.org/vocab/prop/ExpectationsVariable,https://data.cooperationdatabank.org/vocab/prop/expectationsLevel,Expectations level,https://data.cooperationdatabank.org/id/expectationslevel/low,Low,https://data.cooperationdatabank.org/vocab/prop/expectationsLevel,Expectations level,https://data.cooperationdatabank.org/id/expectationslevel/high,High,https://data.cooperationdatabank.org/vocab/prop/studyShowUpFee,Show-up fee,https://data.cooperationdatabank.org/id/studyshowupfee/1,Paid,https://data.cooperationdatabank.org/id/dependentvariable/contributions,negative,test,0.0,negative,lower,0.0,1.0,0.0,0.0,1.0,"When comparing studies where expectations level is low and studies where expectations level is high, cooperation is significantly lower when show-up fee is paid."
40420,https://data.cooperationdatabank.org/vocab/prop/ExpectationsVariable,https://data.cooperationdatabank.org/vocab/prop/expectationsLevel,Expectations level,https://data.cooperationdatabank.org/id/expectationslevel/low,High,https://data.cooperationdatabank.org/vocab/prop/expectationsLevel,Expectations level,https://data.cooperationdatabank.org/id/expectationslevel/high,Low,https://data.cooperationdatabank.org/vocab/prop/country,has country,https://data.cooperationdatabank.org/id/country/CAN,CAN,https://data.cooperationdatabank.org/id/dependentvariable/cooperation,negative,test,0.0,negative,lower,0.0,1.0,0.0,0.0,1.0,"When comparing studies where expectations level is high and studies where expectations level is low, cooperation is significantly lower when has country is can."
3352,https://data.cooperationdatabank.org/vocab/prop/ExpectationsVariable,https://data.cooperationdatabank.org/vocab/prop/expectationsLevel,Expectations level,https://data.cooperationdatabank.org/id/expectationslevel/low,High,https://data.cooperationdatabank.org/vocab/prop/expectationsLevel,Expectations level,https://data.cooperationdatabank.org/id/expectationslevel/high,Low,https://data.cooperationdatabank.org/vocab/prop/publicationStatus,Published,https://data.cooperationdatabank.org/id/publicationstatus/1,Published Article,https://data.cooperationdatabank.org/id/dependentvariable/cooperation,negative,test,0.0,negative,lower,0.0,0.9285714285714286,0.0,0.07142857142857142,0.9285714285714286,"When comparing studies where expectations level is high and studies where expectations level is low, cooperation is significantly lower when published is published article."
21174,https://data.cooperationdatabank.org/vocab/prop/ExpectationsVariable,https://data.cooperationdatabank.org/vocab/prop/expectationsLevel,Expectations level,https://data.cooperationdatabank.org/id/expectationslevel/low,Low,https://data.cooperationdatabank.org/vocab/prop/expectationsLevel,Expectations level,https://data.cooperationdatabank.org/id/expectationslevel/high,High,https://data.cooperationdatabank.org/vocab/prop/publicationStatus,Published,https://data.cooperationdatabank.org/id/publicationstatus/1,Published Article,https://data.cooperationdatabank.org/id/dependentvariable/cooperation,negative,test,0.0,negative,lower,0.0,0.9285714285714286,0.0,0.07142857142857142,0.9285714285714286,"When comparing studies where expectations level is low and studies where expectations level is high, cooperation is significantly lower when published is published article."
21184,https://data.cooperationdatabank.org/vocab/prop/ExpectationsVariable,https://data.cooperationdatabank.org/vocab/prop/expectationsLevel,Expectations level,https://data.cooperationdatabank.org/id/expectationslevel/low,Low,https://data.cooperationdatabank.org/vocab/prop/expectationsLevel,Expectations level,https://data.cooperationdatabank.org/id/expectationslevel/high,High,https://data.cooperationdatabank.org/vocab/prop/yearSource,Source of year of data collection,https://data.cooperationdatabank.org/id/yearsource/5,Published,https://data.cooperationdatabank.org/id/dependentvariable/cooperation,negative,test,0.0,negative,lower,0.0,0.9285714285714286,0.0,0.07142857142857142,0.9285714285714286,"When comparing studies where expectations level is low and studies where expectations level is high, cooperation is significantly lower when source of year of data collection is published."
34611,https://data.cooperationdatabank.org/vocab/prop/ExpectationsVariable,https://data.cooperationdatabank.org/vocab/prop/expectationsLevel,Expectations level,https://data.cooperationdatabank.org/id/expectationslevel/low,High,https://data.cooperationdatabank.org/vocab/prop/expectationsLevel,Expectations level,https://data.cooperationdatabank.org/id/expectationslevel/high,Low,https://data.cooperationdatabank.org/vocab/prop/studyMatchingProtocol,Matching,https://data.cooperationdatabank.org/id/studymatchingprotocol/1,Stranger,https://data.cooperationdatabank.org/id/dependentvariable/cooperation,negative,test,0.0,negative,lower,0.0,0.9285714285714286,0.0,0.07142857142857142,0.9285714285714286,"When comparing studies where expectations level is high and studies where expectations level is low, cooperation is significantly lower when matching is stranger."
34604,https://data.cooperationdatabank.org/vocab/prop/ExpectationsVariable,https://data.cooperationdatabank.org/vocab/prop/expectationsLevel,Expectations level,https://data.cooperationdatabank.org/id/expectationslevel/low,High,https://data.cooperationdatabank.org/vocab/prop/expectationsLevel,Expectations level,https://data.cooperationdatabank.org/id/expectationslevel/high,Low,https://data.cooperationdatabank.org/vocab/prop/discussion,Discussion,https://data.cooperationdatabank.org/id/discussion/0,Absent,https://data.cooperationdatabank.org/id/dependentvariable/cooperation,negative,test,0.0,negative,lower,0.0,0.9285714285714286,0.0,0.07142857142857142,0.9285714285714286,"When comparing studies where expectations level is high and studies where expectations level is low, cooperation is significantly lower when discussion is absent."
32939,https://data.cooperationdatabank.org/vocab/prop/ExpectationsVariable,https://data.cooperationdatabank.org/vocab/prop/expectationsLevel,Expectations level,https://data.cooperationdatabank.org/id/expectationslevel/low,High,https://data.cooperationdatabank.org/vocab/prop/expectationsLevel,Expectations level,https://data.cooperationdatabank.org/id/expectationslevel/high,Low,https://data.cooperationdatabank.org/vocab/prop/studyGameIncentive,Game incentive,https://data.cooperationdatabank.org/id/studygameincentive/0,Hypothetical,https://data.cooperationdatabank.org/id/dependentvariable/cooperation,negative,test,0.0,negative,lower,0.0,0.9285714285714286,0.0,0.07142857142857142,0.9285714285714286,"When comparing studies where expectations level is high and studies where expectations level is low, cooperation is significantly lower when game incentive is hypothetical."
34918,https://data.cooperationdatabank.org/vocab/prop/ExpectationsVariable,https://data.cooperationdatabank.org/vocab/prop/expectationsLevel,Expectations level,https://data.cooperationdatabank.org/id/expectationslevel/low,High,https://data.cooperationdatabank.org/vocab/prop/expectationsLevel,Expectations level,https://data.cooperationdatabank.org/id/expectationslevel/high,Low,https://data.cooperationdatabank.org/vocab/prop/studyTrialOfCooperation,Trial of cooperation,https://data.cooperationdatabank.org/id/studytrialofcooperation/1,All trials,https://data.cooperationdatabank.org/id/dependentvariable/cooperation,negative,test,0.0,negative,lower,0.0,0.9285714285714286,0.0,0.07142857142857142,0.9285714285714286,"When comparing studies where expectations level is high and studies where expectations level is low, cooperation is significantly lower when trial of cooperation is all trials."
34622,https://data.cooperationdatabank.org/vocab/prop/ExpectationsVariable,https://data.cooperationdatabank.org/vocab/prop/expectationsLevel,Expectations level,https://data.cooperationdatabank.org/id/expectationslevel/low,High,https://data.cooperationdatabank.org/vocab/prop/expectationsLevel,Expectations level,https://data.cooperationdatabank.org/id/expectationslevel/high,Low,https://data.cooperationdatabank.org/vocab/prop/publicationStatus,Published,https://data.cooperationdatabank.org/id/publicationstatus/1,Published Article,https://data.cooperationdatabank.org/id/dependentvariable/cooperation,negative,test,0.0,negative,lower,0.0,0.9285714285714286,0.0,0.07142857142857142,0.9285714285714286,"When comparing studies where expectations level is high and studies where expectations level is low, cooperation is significantly lower when published is published article."
40430,https://data.cooperationdatabank.org/vocab/prop/ExpectationsVariable,https://data.cooperationdatabank.org/vocab/prop/expectationsLevel,Expectations level,https://data.cooperationdatabank.org/id/expectationslevel/low,High,https://data.cooperationdatabank.org/vocab/prop/expectationsLevel,Expectations level,https://data.cooperationdatabank.org/id/expectationslevel/high,Low,https://data.cooperationdatabank.org/vocab/prop/studyRealPartner,Real partner,https://data.cooperationdatabank.org/id/studyrealpartner/1,Real,https://data.cooperationdatabank.org/id/dependentvariable/cooperation,negative,test,0.0,negative,lower,0.0,0.9285714285714286,0.0,0.07142857142857142,0.9285714285714286,"When comparing studies where expectations level is high and studies where expectations level is low, cooperation is significantly lower when real partner is real."
40927,https://data.cooperationdatabank.org/vocab/prop/ExpectationsVariable,https://data.cooperationdatabank.org/vocab/prop/expectationsLevel,Expectations level,https://data.cooperationdatabank.org/id/expectationslevel/low,High,https://data.cooperationdatabank.org/vocab/prop/expectationsLevel,Expectations level,https://data.cooperationdatabank.org/id/expectationslevel/high,Low,https://data.cooperationdatabank.org/vocab/prop/studyRealPartner,Real partner,https://data.cooperationdatabank.org/id/studyrealpartner/1,Real,https://data.cooperationdatabank.org/id/dependentvariable/cooperation,negative,test,0.0,negative,lower,0.0,0.9285714285714286,0.0,0.07142857142857142,0.9285714285714286,"When comparing studies where expectations level is high and studies where expectations level is low, cooperation is significantly lower when real partner is real."
47325,https://data.cooperationdatabank.org/vocab/prop/ExpectationsVariable,https://data.cooperationdatabank.org/vocab/prop/expectationsLevel,Expectations level,https://data.cooperationdatabank.org/id/expectationslevel/low,High,https://data.cooperationdatabank.org/vocab/prop/expectationsLevel,Expectations level,https://data.cooperationdatabank.org/id/expectationslevel/high,Low,https://data.cooperationdatabank.org/vocab/prop/studyShowUpFee,Show-up fee,https://data.cooperationdatabank.org/id/studyshowupfee/0,Absent,https://data.cooperationdatabank.org/id/dependentvariable/cooperation,negative,test,0.0,negative,lower,0.0,0.7857142857142857,0.0,0.21428571428571427,0.7857142857142857,"When comparing studies where expectations level is high and studies where expectations level is low, cooperation is significantly lower when show-up fee is absent."
