,giv_prop,iv,iv_label,cat_t1,cat_t1_label,iv.1,iv_label.1,cat_t2,cat_t2_label,mod,mod_label,mod_val,mod_val_label,dependent,effect,td,pred_num,pred_readable,comparative,pred_true,score_0,score_1,score_2,max_score,hypothesis
10587,https://data.cooperationdatabank.org/vocab/prop/Game_TypeVariable,https://data.cooperationdatabank.org/vocab/prop/gameType,Game type,https://data.cooperationdatabank.org/id/gametype/continuous_public_goods_game,Continuous Public Goods Game,https://data.cooperationdatabank.org/vocab/prop/gameType,Game type,https://data.cooperationdatabank.org/id/gametype/resource_dilemma,Resource Dilemma,https://data.cooperationdatabank.org/vocab/prop/studyAcquaintance,Acquaintance,https://data.cooperationdatabank.org/id/studyacquaintance/0,Strangers,https://data.cooperationdatabank.org/id/dependentvariable/contributions,negative,test,0.0,negative,lower,0.0,1.0,0.0,0.0,1.0,"When comparing studies where game type is continuous public goods game and studies where game type is resource dilemma, cooperation is significantly lower when acquaintance is strangers."
10600,https://data.cooperationdatabank.org/vocab/prop/Game_TypeVariable,https://data.cooperationdatabank.org/vocab/prop/gameType,Game type,https://data.cooperationdatabank.org/id/gametype/other_game,Other Game,https://data.cooperationdatabank.org/vocab/prop/gameType,Game type,https://data.cooperationdatabank.org/id/gametype/resource_dilemma,Resource Dilemma,https://data.cooperationdatabank.org/vocab/prop/countrySource,Source of country or region,https://data.cooperationdatabank.org/id/countrysource/1,Specified country,https://data.cooperationdatabank.org/id/dependentvariable/contributions,negative,test,0.0,negative,lower,0.0,1.0,0.0,0.0,1.0,"When comparing studies where game type is other game and studies where game type is resource dilemma, cooperation is significantly lower when source of country or region is specified country."
10596,https://data.cooperationdatabank.org/vocab/prop/Game_TypeVariable,https://data.cooperationdatabank.org/vocab/prop/gameType,Game type,https://data.cooperationdatabank.org/id/gametype/continuous_public_goods_game,Continuous Public Goods Game,https://data.cooperationdatabank.org/vocab/prop/gameType,Game type,https://data.cooperationdatabank.org/id/gametype/resource_dilemma,Resource Dilemma,https://data.cooperationdatabank.org/vocab/prop/studyContinuousPGG,Continuous vs step-level public goods,https://data.cooperationdatabank.org/id/studycontinuouspgg/1,Continuous,https://data.cooperationdatabank.org/id/dependentvariable/contributions,negative,test,0.0,negative,lower,0.0,1.0,0.0,0.0,1.0,"When comparing studies where game type is continuous public goods game and studies where game type is resource dilemma, cooperation is significantly lower when continuous vs step-level public goods is continuous."
10605,https://data.cooperationdatabank.org/vocab/prop/Game_TypeVariable,https://data.cooperationdatabank.org/vocab/prop/gameType,Game type,https://data.cooperationdatabank.org/id/gametype/other_game,Other Game,https://data.cooperationdatabank.org/vocab/prop/gameType,Game type,https://data.cooperationdatabank.org/id/gametype/resource_dilemma,Resource Dilemma,https://data.cooperationdatabank.org/vocab/prop/studyDilemmaType,Game type,https://data.cooperationdatabank.org/id/studydilemmatype/2,Public Goods Game,https://data.cooperationdatabank.org/id/dependentvariable/contributions,negative,test,0.0,negative,lower,0.0,1.0,0.0,0.0,1.0,"When comparing studies where game type is other game and studies where game type is resource dilemma, cooperation is significantly lower when game type is public goods game."
10608,https://data.cooperationdatabank.org/vocab/prop/Game_TypeVariable,https://data.cooperationdatabank.org/vocab/prop/gameType,Game type,https://data.cooperationdatabank.org/id/gametype/other_game,Other Game,https://data.cooperationdatabank.org/vocab/prop/gameType,Game type,https://data.cooperationdatabank.org/id/gametype/resource_dilemma,Resource Dilemma,https://data.cooperationdatabank.org/vocab/prop/studyMatchingProtocol,Matching,https://data.cooperationdatabank.org/id/studymatchingprotocol/2,Partner,https://data.cooperationdatabank.org/id/dependentvariable/contributions,negative,test,0.0,negative,lower,0.0,1.0,0.0,0.0,1.0,"When comparing studies where game type is other game and studies where game type is resource dilemma, cooperation is significantly lower when matching is partner."
16147,https://data.cooperationdatabank.org/vocab/prop/Game_TypeVariable,https://data.cooperationdatabank.org/vocab/prop/gameType,Game type,https://data.cooperationdatabank.org/id/gametype/other_game,Resource Dilemma,https://data.cooperationdatabank.org/vocab/prop/gameType,Game type,https://data.cooperationdatabank.org/id/gametype/resource_dilemma,Other Game,https://data.cooperationdatabank.org/vocab/prop/studyDilemmaType,Game type,https://data.cooperationdatabank.org/id/studydilemmatype/3,Resource Dilemma,https://data.cooperationdatabank.org/id/dependentvariable/withdrawals,negative,test,0.0,negative,lower,0.0,1.0,0.0,0.0,1.0,"When comparing studies where game type is resource dilemma and studies where game type is other game, cooperation is significantly lower when game type is resource dilemma."
10614,https://data.cooperationdatabank.org/vocab/prop/Game_TypeVariable,https://data.cooperationdatabank.org/vocab/prop/gameType,Game type,https://data.cooperationdatabank.org/id/gametype/other_game,Other Game,https://data.cooperationdatabank.org/vocab/prop/gameType,Game type,https://data.cooperationdatabank.org/id/gametype/resource_dilemma,Resource Dilemma,https://data.cooperationdatabank.org/vocab/prop/studyShowUpFee,Show-up fee,https://data.cooperationdatabank.org/id/studyshowupfee/0,Absent,https://data.cooperationdatabank.org/id/dependentvariable/contributions,negative,test,0.0,negative,lower,0.0,1.0,0.0,0.0,1.0,"When comparing studies where game type is other game and studies where game type is resource dilemma, cooperation is significantly lower when show-up fee is absent."
16154,https://data.cooperationdatabank.org/vocab/prop/Game_TypeVariable,https://data.cooperationdatabank.org/vocab/prop/gameType,Game type,https://data.cooperationdatabank.org/id/gametype/other_game,Resource Dilemma,https://data.cooperationdatabank.org/vocab/prop/gameType,Game type,https://data.cooperationdatabank.org/id/gametype/resource_dilemma,Other Game,https://data.cooperationdatabank.org/vocab/prop/country,has country,https://data.cooperationdatabank.org/id/country/BEL,BEL,https://data.cooperationdatabank.org/id/dependentvariable/withdrawals,negative,test,0.0,negative,lower,0.0,1.0,0.0,0.0,1.0,"When comparing studies where game type is resource dilemma and studies where game type is other game, cooperation is significantly lower when has country is bel."
16162,https://data.cooperationdatabank.org/vocab/prop/Game_TypeVariable,https://data.cooperationdatabank.org/vocab/prop/gameType,Game type,https://data.cooperationdatabank.org/id/gametype/other_game,Resource Dilemma,https://data.cooperationdatabank.org/vocab/prop/gameType,Game type,https://data.cooperationdatabank.org/id/gametype/resource_dilemma,Other Game,https://data.cooperationdatabank.org/vocab/prop/studyMatchingProtocol,Matching,https://data.cooperationdatabank.org/id/studymatchingprotocol/1,Stranger,https://data.cooperationdatabank.org/id/dependentvariable/withdrawals,negative,test,0.0,negative,lower,0.0,1.0,0.0,0.0,1.0,"When comparing studies where game type is resource dilemma and studies where game type is other game, cooperation is significantly lower when matching is stranger."
16149,https://data.cooperationdatabank.org/vocab/prop/Game_TypeVariable,https://data.cooperationdatabank.org/vocab/prop/gameType,Game type,https://data.cooperationdatabank.org/id/gametype/other_game,Resource Dilemma,https://data.cooperationdatabank.org/vocab/prop/gameType,Game type,https://data.cooperationdatabank.org/id/gametype/resource_dilemma,Other Game,https://data.cooperationdatabank.org/vocab/prop/studyMatchingProtocol,Matching,https://data.cooperationdatabank.org/id/studymatchingprotocol/1,Stranger,https://data.cooperationdatabank.org/id/dependentvariable/withdrawals,negative,test,0.0,negative,lower,0.0,1.0,0.0,0.0,1.0,"When comparing studies where game type is resource dilemma and studies where game type is other game, cooperation is significantly lower when matching is stranger."
16153,https://data.cooperationdatabank.org/vocab/prop/Game_TypeVariable,https://data.cooperationdatabank.org/vocab/prop/gameType,Game type,https://data.cooperationdatabank.org/id/gametype/other_game,Resource Dilemma,https://data.cooperationdatabank.org/vocab/prop/gameType,Game type,https://data.cooperationdatabank.org/id/gametype/resource_dilemma,Other Game,https://data.cooperationdatabank.org/vocab/prop/yearSource,Source of year of data collection,https://data.cooperationdatabank.org/id/yearsource/7,Available online,https://data.cooperationdatabank.org/id/dependentvariable/withdrawals,negative,test,0.0,negative,lower,0.0,1.0,0.0,0.0,1.0,"When comparing studies where game type is resource dilemma and studies where game type is other game, cooperation is significantly lower when source of year of data collection is available online."
16172,https://data.cooperationdatabank.org/vocab/prop/Game_TypeVariable,https://data.cooperationdatabank.org/vocab/prop/gameType,Game type,https://data.cooperationdatabank.org/id/gametype/other_game,Resource Dilemma,https://data.cooperationdatabank.org/vocab/prop/gameType,Game type,https://data.cooperationdatabank.org/id/gametype/resource_dilemma,Other Game,https://data.cooperationdatabank.org/vocab/prop/studyAcquaintance,Acquaintance,https://data.cooperationdatabank.org/id/studyacquaintance/0,Strangers,https://data.cooperationdatabank.org/id/dependentvariable/withdrawals,negative,test,0.0,negative,lower,0.0,1.0,0.0,0.0,1.0,"When comparing studies where game type is resource dilemma and studies where game type is other game, cooperation is significantly lower when acquaintance is strangers."
16185,https://data.cooperationdatabank.org/vocab/prop/Game_TypeVariable,https://data.cooperationdatabank.org/vocab/prop/gameType,Game type,https://data.cooperationdatabank.org/id/gametype/other_game,Resource Dilemma,https://data.cooperationdatabank.org/vocab/prop/gameType,Game type,https://data.cooperationdatabank.org/id/gametype/resource_dilemma,Other Game,https://data.cooperationdatabank.org/vocab/prop/studyDilemmaType,Game type,https://data.cooperationdatabank.org/id/studydilemmatype/3,Resource Dilemma,https://data.cooperationdatabank.org/id/dependentvariable/withdrawals,negative,test,0.0,negative,lower,0.0,1.0,0.0,0.0,1.0,"When comparing studies where game type is resource dilemma and studies where game type is other game, cooperation is significantly lower when game type is resource dilemma."
16211,https://data.cooperationdatabank.org/vocab/prop/Game_TypeVariable,https://data.cooperationdatabank.org/vocab/prop/gameType,Game type,https://data.cooperationdatabank.org/id/gametype/other_game,Resource Dilemma,https://data.cooperationdatabank.org/vocab/prop/gameType,Game type,https://data.cooperationdatabank.org/id/gametype/resource_dilemma,Other Game,https://data.cooperationdatabank.org/vocab/prop/studyDilemmaType,Game type,https://data.cooperationdatabank.org/id/studydilemmatype/3,Resource Dilemma,https://data.cooperationdatabank.org/id/dependentvariable/withdrawals,negative,test,0.0,negative,lower,0.0,1.0,0.0,0.0,1.0,"When comparing studies where game type is resource dilemma and studies where game type is other game, cooperation is significantly lower when game type is resource dilemma."
16206,https://data.cooperationdatabank.org/vocab/prop/Game_TypeVariable,https://data.cooperationdatabank.org/vocab/prop/gameType,Game type,https://data.cooperationdatabank.org/id/gametype/other_game,Resource Dilemma,https://data.cooperationdatabank.org/vocab/prop/gameType,Game type,https://data.cooperationdatabank.org/id/gametype/resource_dilemma,Other Game,https://data.cooperationdatabank.org/vocab/prop/country,has country,https://data.cooperationdatabank.org/id/country/BEL,BEL,https://data.cooperationdatabank.org/id/dependentvariable/withdrawals,negative,test,0.0,negative,lower,0.0,1.0,0.0,0.0,1.0,"When comparing studies where game type is resource dilemma and studies where game type is other game, cooperation is significantly lower when has country is bel."
32138,https://data.cooperationdatabank.org/vocab/prop/Game_TypeVariable,https://data.cooperationdatabank.org/vocab/prop/gameType,Game type,https://data.cooperationdatabank.org/id/gametype/prisoner's_dilemma_game,Prisoner's Dilemma Game,https://data.cooperationdatabank.org/vocab/prop/gameType,Game type,https://data.cooperationdatabank.org/id/gametype/stag_hunt,Stag Hunt,https://data.cooperationdatabank.org/vocab/prop/studyRealPartner,Real partner,https://data.cooperationdatabank.org/id/studyrealpartner/2,Deception,https://data.cooperationdatabank.org/id/dependentvariable/cooperation,negative,test,0.0,negative,lower,0.0,1.0,0.0,0.0,1.0,"When comparing studies where game type is prisoner's dilemma game and studies where game type is stag hunt, cooperation is significantly lower when real partner is deception."
32131,https://data.cooperationdatabank.org/vocab/prop/Game_TypeVariable,https://data.cooperationdatabank.org/vocab/prop/gameType,Game type,https://data.cooperationdatabank.org/id/gametype/prisoner's_dilemma_game,Prisoner's Dilemma Game,https://data.cooperationdatabank.org/vocab/prop/gameType,Game type,https://data.cooperationdatabank.org/id/gametype/stag_hunt,Stag Hunt,https://data.cooperationdatabank.org/vocab/prop/publicationStatus,Published,https://data.cooperationdatabank.org/id/publicationstatus/1,Published Article,https://data.cooperationdatabank.org/id/dependentvariable/cooperation,negative,test,0.0,negative,lower,0.0,1.0,0.0,0.0,1.0,"When comparing studies where game type is prisoner's dilemma game and studies where game type is stag hunt, cooperation is significantly lower when published is published article."
16212,https://data.cooperationdatabank.org/vocab/prop/Game_TypeVariable,https://data.cooperationdatabank.org/vocab/prop/gameType,Game type,https://data.cooperationdatabank.org/id/gametype/other_game,Resource Dilemma,https://data.cooperationdatabank.org/vocab/prop/gameType,Game type,https://data.cooperationdatabank.org/id/gametype/resource_dilemma,Other Game,https://data.cooperationdatabank.org/vocab/prop/studyExperimentalSetting,Experimental setting,https://data.cooperationdatabank.org/id/studyexperimentalsetting/2,Lab,https://data.cooperationdatabank.org/id/dependentvariable/withdrawals,negative,test,0.0,negative,lower,0.0,1.0,0.0,0.0,1.0,"When comparing studies where game type is resource dilemma and studies where game type is other game, cooperation is significantly lower when experimental setting is lab."
32085,https://data.cooperationdatabank.org/vocab/prop/Game_TypeVariable,https://data.cooperationdatabank.org/vocab/prop/gameType,Game type,https://data.cooperationdatabank.org/id/gametype/prisoner's_dilemma_game,Prisoner's Dilemma Game,https://data.cooperationdatabank.org/vocab/prop/gameType,Game type,https://data.cooperationdatabank.org/id/gametype/stag_hunt,Stag Hunt,https://data.cooperationdatabank.org/vocab/prop/discussion,Discussion,https://data.cooperationdatabank.org/id/discussion/0,Absent,https://data.cooperationdatabank.org/id/dependentvariable/cooperation,negative,test,0.0,negative,lower,0.0,1.0,0.0,0.0,1.0,"When comparing studies where game type is prisoner's dilemma game and studies where game type is stag hunt, cooperation is significantly lower when discussion is absent."
30110,https://data.cooperationdatabank.org/vocab/prop/Game_TypeVariable,https://data.cooperationdatabank.org/vocab/prop/gameType,Game type,https://data.cooperationdatabank.org/id/gametype/other_game,Prisoner's Dilemma Game,https://data.cooperationdatabank.org/vocab/prop/gameType,Game type,https://data.cooperationdatabank.org/id/gametype/prisoner's_dilemma_game,Other Game,https://data.cooperationdatabank.org/vocab/prop/yearSource,Source of year of data collection,https://data.cooperationdatabank.org/id/yearsource/2,Presented,https://data.cooperationdatabank.org/id/dependentvariable/cooperation,positive,test,0.0,negative,lower,2.0,1.0,0.0,0.0,1.0,"When comparing studies where game type is prisoner's dilemma game and studies where game type is other game, cooperation is significantly lower when source of year of data collection is presented."
32100,https://data.cooperationdatabank.org/vocab/prop/Game_TypeVariable,https://data.cooperationdatabank.org/vocab/prop/gameType,Game type,https://data.cooperationdatabank.org/id/gametype/chicken_game,Chicken Game,https://data.cooperationdatabank.org/vocab/prop/gameType,Game type,https://data.cooperationdatabank.org/id/gametype/stag_hunt,Stag Hunt,https://data.cooperationdatabank.org/vocab/prop/discussion,Discussion,https://data.cooperationdatabank.org/id/discussion/0,Absent,https://data.cooperationdatabank.org/id/dependentvariable/cooperation,negative,test,0.0,negative,lower,0.0,1.0,0.0,0.0,1.0,"When comparing studies where game type is chicken game and studies where game type is stag hunt, cooperation is significantly lower when discussion is absent."
32094,https://data.cooperationdatabank.org/vocab/prop/Game_TypeVariable,https://data.cooperationdatabank.org/vocab/prop/gameType,Game type,https://data.cooperationdatabank.org/id/gametype/prisoner's_dilemma_game,Prisoner's Dilemma Game,https://data.cooperationdatabank.org/vocab/prop/gameType,Game type,https://data.cooperationdatabank.org/id/gametype/stag_hunt,Stag Hunt,https://data.cooperationdatabank.org/vocab/prop/studyTrialOfCooperation,Trial of cooperation,https://data.cooperationdatabank.org/id/studytrialofcooperation/1,All trials,https://data.cooperationdatabank.org/id/dependentvariable/cooperation,negative,test,0.0,negative,lower,0.0,1.0,0.0,0.0,1.0,"When comparing studies where game type is prisoner's dilemma game and studies where game type is stag hunt, cooperation is significantly lower when trial of cooperation is all trials."
32086,https://data.cooperationdatabank.org/vocab/prop/Game_TypeVariable,https://data.cooperationdatabank.org/vocab/prop/gameType,Game type,https://data.cooperationdatabank.org/id/gametype/prisoner's_dilemma_game,Prisoner's Dilemma Game,https://data.cooperationdatabank.org/vocab/prop/gameType,Game type,https://data.cooperationdatabank.org/id/gametype/stag_hunt,Stag Hunt,https://data.cooperationdatabank.org/vocab/prop/publicationStatus,Published,https://data.cooperationdatabank.org/id/publicationstatus/1,Published Article,https://data.cooperationdatabank.org/id/dependentvariable/cooperation,negative,test,0.0,negative,lower,0.0,1.0,0.0,0.0,1.0,"When comparing studies where game type is prisoner's dilemma game and studies where game type is stag hunt, cooperation is significantly lower when published is published article."
47616,https://data.cooperationdatabank.org/vocab/prop/Game_TypeVariable,https://data.cooperationdatabank.org/vocab/prop/gameType,Game type,https://data.cooperationdatabank.org/id/gametype/other_game,Resource Dilemma,https://data.cooperationdatabank.org/vocab/prop/gameType,Game type,https://data.cooperationdatabank.org/id/gametype/resource_dilemma,Other Game,https://data.cooperationdatabank.org/vocab/prop/publicationStatus,Published,https://data.cooperationdatabank.org/id/publicationstatus/1,Published Article,https://data.cooperationdatabank.org/id/dependentvariable/withdrawals,negative,test,0.0,negative,lower,0.0,1.0,0.0,0.0,1.0,"When comparing studies where game type is resource dilemma and studies where game type is other game, cooperation is significantly lower when published is published article."
51002,https://data.cooperationdatabank.org/vocab/prop/Game_TypeVariable,https://data.cooperationdatabank.org/vocab/prop/gameType,Game type,https://data.cooperationdatabank.org/id/gametype/prisoner's_dilemma_game,Prisoner's Dilemma Game,https://data.cooperationdatabank.org/vocab/prop/gameType,Game type,https://data.cooperationdatabank.org/id/gametype/dictator_game,Dictator Game,https://data.cooperationdatabank.org/vocab/prop/studyExperimentalSetting,Experimental setting,https://data.cooperationdatabank.org/id/studyexperimentalsetting/1,Online,https://data.cooperationdatabank.org/id/dependentvariable/contributions,positive,test,2.0,positive,higher,2.0,0.0,0.0,1.0,1.0,"When comparing studies where game type is prisoner's dilemma game and studies where game type is dictator game, cooperation is significantly higher when experimental setting is online."
47613,https://data.cooperationdatabank.org/vocab/prop/Game_TypeVariable,https://data.cooperationdatabank.org/vocab/prop/gameType,Game type,https://data.cooperationdatabank.org/id/gametype/other_game,Resource Dilemma,https://data.cooperationdatabank.org/vocab/prop/gameType,Game type,https://data.cooperationdatabank.org/id/gametype/resource_dilemma,Other Game,https://data.cooperationdatabank.org/vocab/prop/country,has country,https://data.cooperationdatabank.org/id/country/BEL,BEL,https://data.cooperationdatabank.org/id/dependentvariable/withdrawals,negative,test,0.0,negative,lower,0.0,1.0,0.0,0.0,1.0,"When comparing studies where game type is resource dilemma and studies where game type is other game, cooperation is significantly lower when has country is bel."
40544,https://data.cooperationdatabank.org/vocab/prop/Game_TypeVariable,https://data.cooperationdatabank.org/vocab/prop/gameType,Game type,https://data.cooperationdatabank.org/id/gametype/other_game,Prisoner's Dilemma Game,https://data.cooperationdatabank.org/vocab/prop/gameType,Game type,https://data.cooperationdatabank.org/id/gametype/prisoner's_dilemma_game,Other Game,https://data.cooperationdatabank.org/vocab/prop/studyTrialOfCooperation,Trial of cooperation,https://data.cooperationdatabank.org/id/studytrialofcooperation/1,All trials,https://data.cooperationdatabank.org/id/dependentvariable/cooperation,positive,test,2.0,positive,higher,2.0,0.15151515151515152,0.09090909090909091,0.7575757575757576,0.7575757575757576,"When comparing studies where game type is prisoner's dilemma game and studies where game type is other game, cooperation is significantly higher when trial of cooperation is all trials."
40563,https://data.cooperationdatabank.org/vocab/prop/Game_TypeVariable,https://data.cooperationdatabank.org/vocab/prop/gameType,Game type,https://data.cooperationdatabank.org/id/gametype/other_game,Prisoner's Dilemma Game,https://data.cooperationdatabank.org/vocab/prop/gameType,Game type,https://data.cooperationdatabank.org/id/gametype/prisoner's_dilemma_game,Other Game,https://data.cooperationdatabank.org/vocab/prop/country,has country,https://data.cooperationdatabank.org/id/country/ISR,ISR,https://data.cooperationdatabank.org/id/dependentvariable/cooperation,positive,test,2.0,positive,higher,2.0,0.15151515151515152,0.09090909090909091,0.7575757575757576,0.7575757575757576,"When comparing studies where game type is prisoner's dilemma game and studies where game type is other game, cooperation is significantly higher when has country is isr."
39747,https://data.cooperationdatabank.org/vocab/prop/Game_TypeVariable,https://data.cooperationdatabank.org/vocab/prop/gameType,Game type,https://data.cooperationdatabank.org/id/gametype/other_game,Prisoner's Dilemma Game,https://data.cooperationdatabank.org/vocab/prop/gameType,Game type,https://data.cooperationdatabank.org/id/gametype/prisoner's_dilemma_game,Other Game,https://data.cooperationdatabank.org/vocab/prop/studyGameIncentive,Game incentive,https://data.cooperationdatabank.org/id/studygameincentive/1,Monetary,https://data.cooperationdatabank.org/id/dependentvariable/cooperation,positive,test,2.0,positive,higher,2.0,0.15151515151515152,0.09090909090909091,0.7575757575757576,0.7575757575757576,"When comparing studies where game type is prisoner's dilemma game and studies where game type is other game, cooperation is significantly higher when game incentive is monetary."
30094,https://data.cooperationdatabank.org/vocab/prop/Game_TypeVariable,https://data.cooperationdatabank.org/vocab/prop/gameType,Game type,https://data.cooperationdatabank.org/id/gametype/other_game,Prisoner's Dilemma Game,https://data.cooperationdatabank.org/vocab/prop/gameType,Game type,https://data.cooperationdatabank.org/id/gametype/prisoner's_dilemma_game,Other Game,https://data.cooperationdatabank.org/vocab/prop/studyTrialOfCooperation,Trial of cooperation,https://data.cooperationdatabank.org/id/studytrialofcooperation/1,All trials,https://data.cooperationdatabank.org/id/dependentvariable/cooperation,negative,test,2.0,positive,higher,0.0,0.15151515151515152,0.09090909090909091,0.7575757575757576,0.7575757575757576,"When comparing studies where game type is prisoner's dilemma game and studies where game type is other game, cooperation is significantly higher when trial of cooperation is all trials."
39737,https://data.cooperationdatabank.org/vocab/prop/Game_TypeVariable,https://data.cooperationdatabank.org/vocab/prop/gameType,Game type,https://data.cooperationdatabank.org/id/gametype/other_game,Prisoner's Dilemma Game,https://data.cooperationdatabank.org/vocab/prop/gameType,Game type,https://data.cooperationdatabank.org/id/gametype/prisoner's_dilemma_game,Other Game,https://data.cooperationdatabank.org/vocab/prop/studyRealPartner,Real partner,https://data.cooperationdatabank.org/id/studyrealpartner/1,Real,https://data.cooperationdatabank.org/id/dependentvariable/cooperation,negative,test,2.0,positive,higher,0.0,0.15151515151515152,0.09090909090909091,0.7575757575757576,0.7575757575757576,"When comparing studies where game type is prisoner's dilemma game and studies where game type is other game, cooperation is significantly higher when real partner is real."
40531,https://data.cooperationdatabank.org/vocab/prop/Game_TypeVariable,https://data.cooperationdatabank.org/vocab/prop/gameType,Game type,https://data.cooperationdatabank.org/id/gametype/other_game,Prisoner's Dilemma Game,https://data.cooperationdatabank.org/vocab/prop/gameType,Game type,https://data.cooperationdatabank.org/id/gametype/prisoner's_dilemma_game,Other Game,https://data.cooperationdatabank.org/vocab/prop/studyContinuousPGG,Continuous vs step-level public goods,https://data.cooperationdatabank.org/id/studycontinuouspgg/2,Step-level,https://data.cooperationdatabank.org/id/dependentvariable/cooperation,positive,test,2.0,positive,higher,2.0,0.15151515151515152,0.09090909090909091,0.7575757575757576,0.7575757575757576,"When comparing studies where game type is prisoner's dilemma game and studies where game type is other game, cooperation is significantly higher when continuous vs step-level public goods is step-level."
39769,https://data.cooperationdatabank.org/vocab/prop/Game_TypeVariable,https://data.cooperationdatabank.org/vocab/prop/gameType,Game type,https://data.cooperationdatabank.org/id/gametype/other_game,Prisoner's Dilemma Game,https://data.cooperationdatabank.org/vocab/prop/gameType,Game type,https://data.cooperationdatabank.org/id/gametype/prisoner's_dilemma_game,Other Game,https://data.cooperationdatabank.org/vocab/prop/publicationStatus,Published,https://data.cooperationdatabank.org/id/publicationstatus/1,Published Article,https://data.cooperationdatabank.org/id/dependentvariable/cooperation,negative,test,2.0,positive,higher,0.0,0.15151515151515152,0.09090909090909091,0.7575757575757576,0.7575757575757576,"When comparing studies where game type is prisoner's dilemma game and studies where game type is other game, cooperation is significantly higher when published is published article."
40518,https://data.cooperationdatabank.org/vocab/prop/Game_TypeVariable,https://data.cooperationdatabank.org/vocab/prop/gameType,Game type,https://data.cooperationdatabank.org/id/gametype/other_game,Prisoner's Dilemma Game,https://data.cooperationdatabank.org/vocab/prop/gameType,Game type,https://data.cooperationdatabank.org/id/gametype/prisoner's_dilemma_game,Other Game,https://data.cooperationdatabank.org/vocab/prop/country,has country,https://data.cooperationdatabank.org/id/country/ISR,ISR,https://data.cooperationdatabank.org/id/dependentvariable/cooperation,positive,test,2.0,positive,higher,2.0,0.15151515151515152,0.09090909090909091,0.7575757575757576,0.7575757575757576,"When comparing studies where game type is prisoner's dilemma game and studies where game type is other game, cooperation is significantly higher when has country is isr."
40540,https://data.cooperationdatabank.org/vocab/prop/Game_TypeVariable,https://data.cooperationdatabank.org/vocab/prop/gameType,Game type,https://data.cooperationdatabank.org/id/gametype/other_game,Prisoner's Dilemma Game,https://data.cooperationdatabank.org/vocab/prop/gameType,Game type,https://data.cooperationdatabank.org/id/gametype/prisoner's_dilemma_game,Other Game,https://data.cooperationdatabank.org/vocab/prop/studyGameIncentive,Game incentive,https://data.cooperationdatabank.org/id/studygameincentive/1,Monetary,https://data.cooperationdatabank.org/id/dependentvariable/cooperation,positive,test,2.0,positive,higher,2.0,0.15151515151515152,0.09090909090909091,0.7575757575757576,0.7575757575757576,"When comparing studies where game type is prisoner's dilemma game and studies where game type is other game, cooperation is significantly higher when game incentive is monetary."
6643,https://data.cooperationdatabank.org/vocab/prop/Game_TypeVariable,https://data.cooperationdatabank.org/vocab/prop/gameType,Game type,https://data.cooperationdatabank.org/id/gametype/other_game,Other Game,https://data.cooperationdatabank.org/vocab/prop/gameType,Game type,https://data.cooperationdatabank.org/id/gametype/prisoner's_dilemma_game,Prisoner's Dilemma Game,https://data.cooperationdatabank.org/vocab/prop/studyAcademicDiscipline,Academic discipline,https://data.cooperationdatabank.org/id/studyacademicdiscipline/1,Economics,https://data.cooperationdatabank.org/id/dependentvariable/cooperation,positive,test,2.0,positive,higher,2.0,0.33613445378151263,0.08403361344537816,0.5798319327731093,0.5798319327731093,"When comparing studies where game type is other game and studies where game type is prisoner's dilemma game, cooperation is significantly higher when academic discipline is economics."
6623,https://data.cooperationdatabank.org/vocab/prop/Game_TypeVariable,https://data.cooperationdatabank.org/vocab/prop/gameType,Game type,https://data.cooperationdatabank.org/id/gametype/other_game,Other Game,https://data.cooperationdatabank.org/vocab/prop/gameType,Game type,https://data.cooperationdatabank.org/id/gametype/prisoner's_dilemma_game,Prisoner's Dilemma Game,https://data.cooperationdatabank.org/vocab/prop/countrySource,Source of country or region,https://data.cooperationdatabank.org/id/countrysource/1,Specified country,https://data.cooperationdatabank.org/id/dependentvariable/cooperation,positive,test,2.0,positive,higher,2.0,0.33613445378151263,0.08403361344537816,0.5798319327731093,0.5798319327731093,"When comparing studies where game type is other game and studies where game type is prisoner's dilemma game, cooperation is significantly higher when source of country or region is specified country."
30056,https://data.cooperationdatabank.org/vocab/prop/Game_TypeVariable,https://data.cooperationdatabank.org/vocab/prop/gameType,Game type,https://data.cooperationdatabank.org/id/gametype/other_game,Prisoner's Dilemma Game,https://data.cooperationdatabank.org/vocab/prop/gameType,Game type,https://data.cooperationdatabank.org/id/gametype/prisoner's_dilemma_game,Other Game,https://data.cooperationdatabank.org/vocab/prop/studyAcademicDiscipline,Academic discipline,https://data.cooperationdatabank.org/id/studyacademicdiscipline/2,Psychology,https://data.cooperationdatabank.org/id/dependentvariable/cooperation,positive,test,2.0,positive,higher,2.0,0.33613445378151263,0.08403361344537816,0.5798319327731093,0.5798319327731093,"When comparing studies where game type is prisoner's dilemma game and studies where game type is other game, cooperation is significantly higher when academic discipline is psychology."
30068,https://data.cooperationdatabank.org/vocab/prop/Game_TypeVariable,https://data.cooperationdatabank.org/vocab/prop/gameType,Game type,https://data.cooperationdatabank.org/id/gametype/other_game,Prisoner's Dilemma Game,https://data.cooperationdatabank.org/vocab/prop/gameType,Game type,https://data.cooperationdatabank.org/id/gametype/prisoner's_dilemma_game,Other Game,https://data.cooperationdatabank.org/vocab/prop/countrySource,Source of country or region,https://data.cooperationdatabank.org/id/countrysource/3,All authors,https://data.cooperationdatabank.org/id/dependentvariable/cooperation,negative,test,2.0,positive,higher,0.0,0.33613445378151263,0.08403361344537816,0.5798319327731093,0.5798319327731093,"When comparing studies where game type is prisoner's dilemma game and studies where game type is other game, cooperation is significantly higher when source of country or region is all authors."
39739,https://data.cooperationdatabank.org/vocab/prop/Game_TypeVariable,https://data.cooperationdatabank.org/vocab/prop/gameType,Game type,https://data.cooperationdatabank.org/id/gametype/other_game,Prisoner's Dilemma Game,https://data.cooperationdatabank.org/vocab/prop/gameType,Game type,https://data.cooperationdatabank.org/id/gametype/prisoner's_dilemma_game,Other Game,https://data.cooperationdatabank.org/vocab/prop/yearSource,Source of year of data collection,https://data.cooperationdatabank.org/id/yearsource/4,Received/Submitted,https://data.cooperationdatabank.org/id/dependentvariable/cooperation,negative,test,2.0,positive,higher,0.0,0.33613445378151263,0.08403361344537816,0.5798319327731093,0.5798319327731093,"When comparing studies where game type is prisoner's dilemma game and studies where game type is other game, cooperation is significantly higher when source of year of data collection is submitted."
39727,https://data.cooperationdatabank.org/vocab/prop/Game_TypeVariable,https://data.cooperationdatabank.org/vocab/prop/gameType,Game type,https://data.cooperationdatabank.org/id/gametype/other_game,Prisoner's Dilemma Game,https://data.cooperationdatabank.org/vocab/prop/gameType,Game type,https://data.cooperationdatabank.org/id/gametype/prisoner's_dilemma_game,Other Game,https://data.cooperationdatabank.org/vocab/prop/country,has country,https://data.cooperationdatabank.org/id/country/USA,USA,https://data.cooperationdatabank.org/id/dependentvariable/cooperation,negative,test,2.0,positive,higher,0.0,0.33613445378151263,0.08403361344537816,0.5798319327731093,0.5798319327731093,"When comparing studies where game type is prisoner's dilemma game and studies where game type is other game, cooperation is significantly higher when has country is usa."
40526,https://data.cooperationdatabank.org/vocab/prop/Game_TypeVariable,https://data.cooperationdatabank.org/vocab/prop/gameType,Game type,https://data.cooperationdatabank.org/id/gametype/other_game,Prisoner's Dilemma Game,https://data.cooperationdatabank.org/vocab/prop/gameType,Game type,https://data.cooperationdatabank.org/id/gametype/prisoner's_dilemma_game,Other Game,https://data.cooperationdatabank.org/vocab/prop/studyMatchingProtocol,Matching,https://data.cooperationdatabank.org/id/studymatchingprotocol/2,Partner,https://data.cooperationdatabank.org/id/dependentvariable/cooperation,positive,test,2.0,positive,higher,2.0,0.33613445378151263,0.08403361344537816,0.5798319327731093,0.5798319327731093,"When comparing studies where game type is prisoner's dilemma game and studies where game type is other game, cooperation is significantly higher when matching is partner."
39765,https://data.cooperationdatabank.org/vocab/prop/Game_TypeVariable,https://data.cooperationdatabank.org/vocab/prop/gameType,Game type,https://data.cooperationdatabank.org/id/gametype/other_game,Prisoner's Dilemma Game,https://data.cooperationdatabank.org/vocab/prop/gameType,Game type,https://data.cooperationdatabank.org/id/gametype/prisoner's_dilemma_game,Other Game,https://data.cooperationdatabank.org/vocab/prop/yearSource,Source of year of data collection,https://data.cooperationdatabank.org/id/yearsource/4,Received/Submitted,https://data.cooperationdatabank.org/id/dependentvariable/cooperation,negative,test,2.0,positive,higher,0.0,0.33613445378151263,0.08403361344537816,0.5798319327731093,0.5798319327731093,"When comparing studies where game type is prisoner's dilemma game and studies where game type is other game, cooperation is significantly higher when source of year of data collection is submitted."
39740,https://data.cooperationdatabank.org/vocab/prop/Game_TypeVariable,https://data.cooperationdatabank.org/vocab/prop/gameType,Game type,https://data.cooperationdatabank.org/id/gametype/other_game,Prisoner's Dilemma Game,https://data.cooperationdatabank.org/vocab/prop/gameType,Game type,https://data.cooperationdatabank.org/id/gametype/prisoner's_dilemma_game,Other Game,https://data.cooperationdatabank.org/vocab/prop/country,has country,https://data.cooperationdatabank.org/id/country/USA,USA,https://data.cooperationdatabank.org/id/dependentvariable/cooperation,positive,test,2.0,positive,higher,2.0,0.33613445378151263,0.08403361344537816,0.5798319327731093,0.5798319327731093,"When comparing studies where game type is prisoner's dilemma game and studies where game type is other game, cooperation is significantly higher when has country is usa."
39770,https://data.cooperationdatabank.org/vocab/prop/Game_TypeVariable,https://data.cooperationdatabank.org/vocab/prop/gameType,Game type,https://data.cooperationdatabank.org/id/gametype/other_game,Prisoner's Dilemma Game,https://data.cooperationdatabank.org/vocab/prop/gameType,Game type,https://data.cooperationdatabank.org/id/gametype/prisoner's_dilemma_game,Other Game,https://data.cooperationdatabank.org/vocab/prop/studyAcquaintance,Acquaintance,https://data.cooperationdatabank.org/id/studyacquaintance/0,Strangers,https://data.cooperationdatabank.org/id/dependentvariable/cooperation,negative,test,2.0,positive,higher,0.0,0.33613445378151263,0.08403361344537816,0.5798319327731093,0.5798319327731093,"When comparing studies where game type is prisoner's dilemma game and studies where game type is other game, cooperation is significantly higher when acquaintance is strangers."
39746,https://data.cooperationdatabank.org/vocab/prop/Game_TypeVariable,https://data.cooperationdatabank.org/vocab/prop/gameType,Game type,https://data.cooperationdatabank.org/id/gametype/other_game,Prisoner's Dilemma Game,https://data.cooperationdatabank.org/vocab/prop/gameType,Game type,https://data.cooperationdatabank.org/id/gametype/prisoner's_dilemma_game,Other Game,https://data.cooperationdatabank.org/vocab/prop/studyExperimentalSetting,Experimental setting,https://data.cooperationdatabank.org/id/studyexperimentalsetting/2,Lab,https://data.cooperationdatabank.org/id/dependentvariable/cooperation,positive,test,2.0,positive,higher,2.0,0.33613445378151263,0.08403361344537816,0.5798319327731093,0.5798319327731093,"When comparing studies where game type is prisoner's dilemma game and studies where game type is other game, cooperation is significantly higher when experimental setting is lab."
40539,https://data.cooperationdatabank.org/vocab/prop/Game_TypeVariable,https://data.cooperationdatabank.org/vocab/prop/gameType,Game type,https://data.cooperationdatabank.org/id/gametype/other_game,Prisoner's Dilemma Game,https://data.cooperationdatabank.org/vocab/prop/gameType,Game type,https://data.cooperationdatabank.org/id/gametype/prisoner's_dilemma_game,Other Game,https://data.cooperationdatabank.org/vocab/prop/studyExperimentalSetting,Experimental setting,https://data.cooperationdatabank.org/id/studyexperimentalsetting/2,Lab,https://data.cooperationdatabank.org/id/dependentvariable/cooperation,positive,test,2.0,positive,higher,2.0,0.33613445378151263,0.08403361344537816,0.5798319327731093,0.5798319327731093,"When comparing studies where game type is prisoner's dilemma game and studies where game type is other game, cooperation is significantly higher when experimental setting is lab."
