,giv_prop,iv,iv_label,cat_t1,cat_t1_label,iv.1,iv_label.1,cat_t2,cat_t2_label,mod,mod_label,mod_val,mod_val_label,dependent,effect,td,pred_num,pred_readable,comparative,pred_true,score_0,score_1,score_2,max_score,hypothesis
13180,https://data.cooperationdatabank.org/vocab/prop/Game_DurationVariable,https://data.cooperationdatabank.org/vocab/prop/continuationProbabilityLevel,Continuation probability level,https://data.cooperationdatabank.org/id/continuationprobabilitylevel/low,Low,https://data.cooperationdatabank.org/vocab/prop/continuationProbabilityLevel,Continuation probability level,https://data.cooperationdatabank.org/id/continuationprobabilitylevel/medium,Medium,https://data.cooperationdatabank.org/vocab/prop/publicationStatus,Published,https://data.cooperationdatabank.org/id/publicationstatus/4,Working paper,https://data.cooperationdatabank.org/id/dependentvariable/cooperation,negative,test,0.0,negative,lower,0.0,1.0,0.0,0.0,1.0,"When comparing studies where continuation probability level is low and studies where continuation probability level is medium, cooperation is significantly lower when published is working paper."
13182,https://data.cooperationdatabank.org/vocab/prop/Game_DurationVariable,https://data.cooperationdatabank.org/vocab/prop/continuationProbabilityLevel,Continuation probability level,https://data.cooperationdatabank.org/id/continuationprobabilitylevel/low,Low,https://data.cooperationdatabank.org/vocab/prop/continuationProbabilityLevel,Continuation probability level,https://data.cooperationdatabank.org/id/continuationprobabilitylevel/medium,Medium,https://data.cooperationdatabank.org/vocab/prop/studyAcquaintance,Acquaintance,https://data.cooperationdatabank.org/id/studyacquaintance/0,Strangers,https://data.cooperationdatabank.org/id/dependentvariable/cooperation,negative,test,0.0,negative,lower,0.0,1.0,0.0,0.0,1.0,"When comparing studies where continuation probability level is low and studies where continuation probability level is medium, cooperation is significantly lower when acquaintance is strangers."
13186,https://data.cooperationdatabank.org/vocab/prop/Game_DurationVariable,https://data.cooperationdatabank.org/vocab/prop/continuationProbabilityLevel,Continuation probability level,https://data.cooperationdatabank.org/id/continuationprobabilitylevel/low,Low,https://data.cooperationdatabank.org/vocab/prop/continuationProbabilityLevel,Continuation probability level,https://data.cooperationdatabank.org/id/continuationprobabilitylevel/medium,Medium,https://data.cooperationdatabank.org/vocab/prop/studyMatchingProtocol,Matching,https://data.cooperationdatabank.org/id/studymatchingprotocol/1,Stranger,https://data.cooperationdatabank.org/id/dependentvariable/cooperation,negative,test,0.0,negative,lower,0.0,1.0,0.0,0.0,1.0,"When comparing studies where continuation probability level is low and studies where continuation probability level is medium, cooperation is significantly lower when matching is stranger."
53580,https://data.cooperationdatabank.org/vocab/prop/Game_DurationVariable,https://data.cooperationdatabank.org/vocab/prop/nbTrialsLevel,Number of trials level,https://data.cooperationdatabank.org/id/nbtrialslevel/low,Low,https://data.cooperationdatabank.org/vocab/prop/nbTrialsLevel,Number of trials level,https://data.cooperationdatabank.org/id/nbtrialslevel/high,High,https://data.cooperationdatabank.org/vocab/prop/publicationStatus,Published,https://data.cooperationdatabank.org/id/publicationstatus/1,Published Article,https://data.cooperationdatabank.org/id/dependentvariable/cooperation,positive,test,2.0,positive,higher,2.0,0.0,0.0,1.0,1.0,"When comparing studies where number of trials level is low and studies where number of trials level is high, cooperation is significantly higher when published is published article."
53583,https://data.cooperationdatabank.org/vocab/prop/Game_DurationVariable,https://data.cooperationdatabank.org/vocab/prop/nbTrialsLevel,Number of trials level,https://data.cooperationdatabank.org/id/nbtrialslevel/low,Low,https://data.cooperationdatabank.org/vocab/prop/nbTrialsLevel,Number of trials level,https://data.cooperationdatabank.org/id/nbtrialslevel/high,High,https://data.cooperationdatabank.org/vocab/prop/studyAcquaintance,Acquaintance,https://data.cooperationdatabank.org/id/studyacquaintance/0,Strangers,https://data.cooperationdatabank.org/id/dependentvariable/cooperation,positive,test,2.0,positive,higher,2.0,0.0,0.0,1.0,1.0,"When comparing studies where number of trials level is low and studies where number of trials level is high, cooperation is significantly higher when acquaintance is strangers."
53894,https://data.cooperationdatabank.org/vocab/prop/Game_DurationVariable,https://data.cooperationdatabank.org/vocab/prop/oneShotVsRepeated,One-shot vs repeated,https://data.cooperationdatabank.org/id/oneshotvsrepeated/repeated,Repeated,https://data.cooperationdatabank.org/vocab/prop/oneShotVsRepeated,One-shot vs repeated,https://data.cooperationdatabank.org/id/oneshotvsrepeated/one-shot,One-shot,https://data.cooperationdatabank.org/vocab/prop/studyMatchingProtocol,Matching,https://data.cooperationdatabank.org/id/studymatchingprotocol/1,Stranger,https://data.cooperationdatabank.org/id/dependentvariable/cooperation,positive,test,2.0,positive,higher,2.0,0.0,0.0,1.0,1.0,"When comparing studies where one-shot vs repeated is repeated and studies where one-shot vs repeated is one-shot, cooperation is significantly higher when matching is stranger."
53900,https://data.cooperationdatabank.org/vocab/prop/Game_DurationVariable,https://data.cooperationdatabank.org/vocab/prop/oneShotVsRepeated,One-shot vs repeated,https://data.cooperationdatabank.org/id/oneshotvsrepeated/repeated,Repeated,https://data.cooperationdatabank.org/vocab/prop/oneShotVsRepeated,One-shot vs repeated,https://data.cooperationdatabank.org/id/oneshotvsrepeated/one-shot,One-shot,https://data.cooperationdatabank.org/vocab/prop/yearSource,Source of year of data collection,https://data.cooperationdatabank.org/id/yearsource/1,Conducted,https://data.cooperationdatabank.org/id/dependentvariable/cooperation,positive,test,2.0,positive,higher,2.0,0.0,0.0,1.0,1.0,"When comparing studies where one-shot vs repeated is repeated and studies where one-shot vs repeated is one-shot, cooperation is significantly higher when source of year of data collection is conducted."
53922,https://data.cooperationdatabank.org/vocab/prop/Game_DurationVariable,https://data.cooperationdatabank.org/vocab/prop/oneShotVsRepeated,One-shot vs repeated,https://data.cooperationdatabank.org/id/oneshotvsrepeated/repeated,One-shot,https://data.cooperationdatabank.org/vocab/prop/oneShotVsRepeated,One-shot vs repeated,https://data.cooperationdatabank.org/id/oneshotvsrepeated/one-shot,Repeated,https://data.cooperationdatabank.org/vocab/prop/discussion,Discussion,https://data.cooperationdatabank.org/id/discussion/0,Absent,https://data.cooperationdatabank.org/id/dependentvariable/cooperation,positive,test,2.0,positive,higher,2.0,0.0,0.0,1.0,1.0,"When comparing studies where one-shot vs repeated is one-shot and studies where one-shot vs repeated is repeated, cooperation is significantly higher when discussion is absent."
53940,https://data.cooperationdatabank.org/vocab/prop/Game_DurationVariable,https://data.cooperationdatabank.org/vocab/prop/oneShotVsRepeated,One-shot vs repeated,https://data.cooperationdatabank.org/id/oneshotvsrepeated/repeated,One-shot,https://data.cooperationdatabank.org/vocab/prop/oneShotVsRepeated,One-shot vs repeated,https://data.cooperationdatabank.org/id/oneshotvsrepeated/one-shot,Repeated,https://data.cooperationdatabank.org/vocab/prop/studyOneShot,One-shot vs repeated,https://data.cooperationdatabank.org/id/studyoneshot/0,Repeated,https://data.cooperationdatabank.org/id/dependentvariable/cooperation,positive,test,2.0,positive,higher,2.0,0.0,0.0,1.0,1.0,"When comparing studies where one-shot vs repeated is one-shot and studies where one-shot vs repeated is repeated, cooperation is significantly higher when one-shot vs repeated is repeated."
53944,https://data.cooperationdatabank.org/vocab/prop/Game_DurationVariable,https://data.cooperationdatabank.org/vocab/prop/oneShotVsRepeated,One-shot vs repeated,https://data.cooperationdatabank.org/id/oneshotvsrepeated/repeated,One-shot,https://data.cooperationdatabank.org/vocab/prop/oneShotVsRepeated,One-shot vs repeated,https://data.cooperationdatabank.org/id/oneshotvsrepeated/one-shot,Repeated,https://data.cooperationdatabank.org/vocab/prop/studyTrialOfCooperation,Trial of cooperation,https://data.cooperationdatabank.org/id/studytrialofcooperation/5,Other trials,https://data.cooperationdatabank.org/id/dependentvariable/cooperation,positive,test,2.0,positive,higher,2.0,0.0,0.0,1.0,1.0,"When comparing studies where one-shot vs repeated is one-shot and studies where one-shot vs repeated is repeated, cooperation is significantly higher when trial of cooperation is other trials."
