,giv_prop,iv,iv_label,cat_t1,cat_t1_label,iv.1,iv_label.1,cat_t2,cat_t2_label,mod,mod_label,mod_val,mod_val_label,dependent,effect,td,pred_num,pred_readable,comparative,pred_true,score_0,score_1,score_2,max_score,hypothesis
10962,https://data.cooperationdatabank.org/vocab/prop/IncentivesVariable,https://data.cooperationdatabank.org/vocab/prop/gameIncentive,Game incentive,https://data.cooperationdatabank.org/id/gameincentive/hypothetical,Hypothetical,https://data.cooperationdatabank.org/vocab/prop/gameIncentive,Game incentive,https://data.cooperationdatabank.org/id/gameincentive/non-monetary_material,Non-monetary Material,https://data.cooperationdatabank.org/vocab/prop/studyDilemmaType,Game type,https://data.cooperationdatabank.org/id/studydilemmatype/1,Prisoner's Dilemma Game,https://data.cooperationdatabank.org/id/dependentvariable/cooperation,noEffect,test,0.0,negative,lower,1.0,1.0,0.0,0.0,1.0,"When comparing studies where game incentive is hypothetical and studies where game incentive is non-monetary material, cooperation is significantly lower when game type is prisoner's dilemma game."
18232,https://data.cooperationdatabank.org/vocab/prop/IncentivesVariable,https://data.cooperationdatabank.org/vocab/prop/gameIncentive,Game incentive,https://data.cooperationdatabank.org/id/gameincentive/hypothetical,Non-monetary Material,https://data.cooperationdatabank.org/vocab/prop/gameIncentive,Game incentive,https://data.cooperationdatabank.org/id/gameincentive/non-monetary_material,Hypothetical,https://data.cooperationdatabank.org/vocab/prop/studyGameIncentive,Game incentive,https://data.cooperationdatabank.org/id/studygameincentive/3,Non-monetary,https://data.cooperationdatabank.org/id/dependentvariable/cooperation,negative,test,0.0,negative,lower,0.0,1.0,0.0,0.0,1.0,"When comparing studies where game incentive is non-monetary material and studies where game incentive is hypothetical, cooperation is significantly lower when game incentive is non-monetary."
34865,https://data.cooperationdatabank.org/vocab/prop/IncentivesVariable,https://data.cooperationdatabank.org/vocab/prop/gameIncentive,Game incentive,https://data.cooperationdatabank.org/id/gameincentive/monetary,Non-monetary Material,https://data.cooperationdatabank.org/vocab/prop/gameIncentive,Game incentive,https://data.cooperationdatabank.org/id/gameincentive/non-monetary_material,Monetary,https://data.cooperationdatabank.org/vocab/prop/studyExperimentalSetting,Experimental setting,https://data.cooperationdatabank.org/id/studyexperimentalsetting/2,Lab,https://data.cooperationdatabank.org/id/dependentvariable/cooperation,positive,test,2.0,positive,higher,2.0,0.0,0.2,0.8,0.8,"When comparing studies where game incentive is non-monetary material and studies where game incentive is monetary, cooperation is significantly higher when experimental setting is lab."
11048,https://data.cooperationdatabank.org/vocab/prop/IncentivesVariable,https://data.cooperationdatabank.org/vocab/prop/gameIncentive,Game incentive,https://data.cooperationdatabank.org/id/gameincentive/monetary,Monetary,https://data.cooperationdatabank.org/vocab/prop/gameIncentive,Game incentive,https://data.cooperationdatabank.org/id/gameincentive/non-monetary_material,Non-monetary Material,https://data.cooperationdatabank.org/vocab/prop/studyExperimentalSetting,Experimental setting,https://data.cooperationdatabank.org/id/studyexperimentalsetting/2,Lab,https://data.cooperationdatabank.org/id/dependentvariable/cooperation,noEffect,test,2.0,positive,higher,1.0,0.0,0.2,0.8,0.8,"When comparing studies where game incentive is monetary and studies where game incentive is non-monetary material, cooperation is significantly higher when experimental setting is lab."
11056,https://data.cooperationdatabank.org/vocab/prop/IncentivesVariable,https://data.cooperationdatabank.org/vocab/prop/gameIncentive,Game incentive,https://data.cooperationdatabank.org/id/gameincentive/monetary,Monetary,https://data.cooperationdatabank.org/vocab/prop/gameIncentive,Game incentive,https://data.cooperationdatabank.org/id/gameincentive/non-monetary_material,Non-monetary Material,https://data.cooperationdatabank.org/vocab/prop/studyShowUpFee,Show-up fee,https://data.cooperationdatabank.org/id/studyshowupfee/2,Course credit,https://data.cooperationdatabank.org/id/dependentvariable/cooperation,noEffect,test,2.0,positive,higher,1.0,0.0,0.25,0.75,0.75,"When comparing studies where game incentive is monetary and studies where game incentive is non-monetary material, cooperation is significantly higher when show-up fee is course credit."
34855,https://data.cooperationdatabank.org/vocab/prop/IncentivesVariable,https://data.cooperationdatabank.org/vocab/prop/gameIncentive,Game incentive,https://data.cooperationdatabank.org/id/gameincentive/monetary,Non-monetary Material,https://data.cooperationdatabank.org/vocab/prop/gameIncentive,Game incentive,https://data.cooperationdatabank.org/id/gameincentive/non-monetary_material,Monetary,https://data.cooperationdatabank.org/vocab/prop/studyTrialOfCooperation,Trial of cooperation,https://data.cooperationdatabank.org/id/studytrialofcooperation/1,All trials,https://data.cooperationdatabank.org/id/dependentvariable/cooperation,positive,test,2.0,positive,higher,2.0,0.25,0.0,0.75,0.75,"When comparing studies where game incentive is non-monetary material and studies where game incentive is monetary, cooperation is significantly higher when trial of cooperation is all trials."
10935,https://data.cooperationdatabank.org/vocab/prop/IncentivesVariable,https://data.cooperationdatabank.org/vocab/prop/gameIncentive,Game incentive,https://data.cooperationdatabank.org/id/gameincentive/monetary,Monetary,https://data.cooperationdatabank.org/vocab/prop/gameIncentive,Game incentive,https://data.cooperationdatabank.org/id/gameincentive/non-monetary_material,Non-monetary Material,https://data.cooperationdatabank.org/vocab/prop/studyTrialOfCooperation,Trial of cooperation,https://data.cooperationdatabank.org/id/studytrialofcooperation/1,All trials,https://data.cooperationdatabank.org/id/dependentvariable/cooperation,noEffect,test,2.0,positive,higher,1.0,0.25,0.0,0.75,0.75,"When comparing studies where game incentive is monetary and studies where game incentive is non-monetary material, cooperation is significantly higher when trial of cooperation is all trials."
10908,https://data.cooperationdatabank.org/vocab/prop/IncentivesVariable,https://data.cooperationdatabank.org/vocab/prop/gameIncentive,Game incentive,https://data.cooperationdatabank.org/id/gameincentive/monetary,Monetary,https://data.cooperationdatabank.org/vocab/prop/gameIncentive,Game incentive,https://data.cooperationdatabank.org/id/gameincentive/hypothetical,Hypothetical,https://data.cooperationdatabank.org/vocab/prop/publicationStatus,Published,https://data.cooperationdatabank.org/id/publicationstatus/3,Doctoral Dissertation,https://data.cooperationdatabank.org/id/dependentvariable/cooperation,noEffect,test,2.0,positive,higher,1.0,0.25,0.0,0.75,0.75,"When comparing studies where game incentive is monetary and studies where game incentive is hypothetical, cooperation is significantly higher when published is doctoral dissertation."
11091,https://data.cooperationdatabank.org/vocab/prop/IncentivesVariable,https://data.cooperationdatabank.org/vocab/prop/gameIncentive,Game incentive,https://data.cooperationdatabank.org/id/gameincentive/monetary,Non-monetary Material,https://data.cooperationdatabank.org/vocab/prop/gameIncentive,Game incentive,https://data.cooperationdatabank.org/id/gameincentive/non-monetary_material,Monetary,https://data.cooperationdatabank.org/vocab/prop/recruitmentMethod,Recruitment method,https://data.cooperationdatabank.org/id/recruitmentmethod/1,Participant pool,https://data.cooperationdatabank.org/id/dependentvariable/cooperation,positive,test,2.0,positive,higher,2.0,0.0,0.3333333333333333,0.6666666666666666,0.6666666666666666,"When comparing studies where game incentive is non-monetary material and studies where game incentive is monetary, cooperation is significantly higher when recruitment method is participant pool."
11070,https://data.cooperationdatabank.org/vocab/prop/IncentivesVariable,https://data.cooperationdatabank.org/vocab/prop/gameIncentive,Game incentive,https://data.cooperationdatabank.org/id/gameincentive/monetary,Non-monetary Material,https://data.cooperationdatabank.org/vocab/prop/gameIncentive,Game incentive,https://data.cooperationdatabank.org/id/gameincentive/non-monetary_material,Monetary,https://data.cooperationdatabank.org/vocab/prop/studyRealPartner,Real partner,https://data.cooperationdatabank.org/id/studyrealpartner/0,Hypothetical,https://data.cooperationdatabank.org/id/dependentvariable/cooperation,negative,test,2.0,positive,higher,0.0,0.0,0.3333333333333333,0.6666666666666666,0.6666666666666666,"When comparing studies where game incentive is non-monetary material and studies where game incentive is monetary, cooperation is significantly higher when real partner is hypothetical."
10934,https://data.cooperationdatabank.org/vocab/prop/IncentivesVariable,https://data.cooperationdatabank.org/vocab/prop/gameIncentive,Game incentive,https://data.cooperationdatabank.org/id/gameincentive/monetary,Monetary,https://data.cooperationdatabank.org/vocab/prop/gameIncentive,Game incentive,https://data.cooperationdatabank.org/id/gameincentive/non-monetary_material,Non-monetary Material,https://data.cooperationdatabank.org/vocab/prop/studyRealPartner,Real partner,https://data.cooperationdatabank.org/id/studyrealpartner/0,Hypothetical,https://data.cooperationdatabank.org/id/dependentvariable/cooperation,noEffect,test,2.0,positive,higher,1.0,0.0,0.3333333333333333,0.6666666666666666,0.6666666666666666,"When comparing studies where game incentive is monetary and studies where game incentive is non-monetary material, cooperation is significantly higher when real partner is hypothetical."
11074,https://data.cooperationdatabank.org/vocab/prop/IncentivesVariable,https://data.cooperationdatabank.org/vocab/prop/gameIncentive,Game incentive,https://data.cooperationdatabank.org/id/gameincentive/monetary,Non-monetary Material,https://data.cooperationdatabank.org/vocab/prop/gameIncentive,Game incentive,https://data.cooperationdatabank.org/id/gameincentive/non-monetary_material,Monetary,https://data.cooperationdatabank.org/vocab/prop/recruitmentMethod,Recruitment method,https://data.cooperationdatabank.org/id/recruitmentmethod/1,Participant pool,https://data.cooperationdatabank.org/id/dependentvariable/cooperation,negative,test,2.0,positive,higher,0.0,0.0,0.3333333333333333,0.6666666666666666,0.6666666666666666,"When comparing studies where game incentive is non-monetary material and studies where game incentive is monetary, cooperation is significantly higher when recruitment method is participant pool."
34862,https://data.cooperationdatabank.org/vocab/prop/IncentivesVariable,https://data.cooperationdatabank.org/vocab/prop/gameIncentive,Game incentive,https://data.cooperationdatabank.org/id/gameincentive/monetary,Non-monetary Material,https://data.cooperationdatabank.org/vocab/prop/gameIncentive,Game incentive,https://data.cooperationdatabank.org/id/gameincentive/non-monetary_material,Monetary,https://data.cooperationdatabank.org/vocab/prop/publicationStatus,Published,https://data.cooperationdatabank.org/id/publicationstatus/3,Doctoral Dissertation,https://data.cooperationdatabank.org/id/dependentvariable/cooperation,positive,test,2.0,positive,higher,2.0,0.16666666666666666,0.16666666666666666,0.6666666666666666,0.6666666666666666,"When comparing studies where game incentive is non-monetary material and studies where game incentive is monetary, cooperation is significantly higher when published is doctoral dissertation."
34860,https://data.cooperationdatabank.org/vocab/prop/IncentivesVariable,https://data.cooperationdatabank.org/vocab/prop/gameIncentive,Game incentive,https://data.cooperationdatabank.org/id/gameincentive/monetary,Non-monetary Material,https://data.cooperationdatabank.org/vocab/prop/gameIncentive,Game incentive,https://data.cooperationdatabank.org/id/gameincentive/non-monetary_material,Monetary,https://data.cooperationdatabank.org/vocab/prop/countrySource,Source of country or region,https://data.cooperationdatabank.org/id/countrysource/1,Specified country,https://data.cooperationdatabank.org/id/dependentvariable/cooperation,positive,test,2.0,positive,higher,2.0,0.14285714285714285,0.2857142857142857,0.5714285714285714,0.5714285714285714,"When comparing studies where game incentive is non-monetary material and studies where game incentive is monetary, cooperation is significantly higher when source of country or region is specified country."
20923,https://data.cooperationdatabank.org/vocab/prop/IncentivesVariable,https://data.cooperationdatabank.org/vocab/prop/gameIncentive,Game incentive,https://data.cooperationdatabank.org/id/gameincentive/monetary,Hypothetical,https://data.cooperationdatabank.org/vocab/prop/gameIncentive,Game incentive,https://data.cooperationdatabank.org/id/gameincentive/hypothetical,Monetary,https://data.cooperationdatabank.org/vocab/prop/studyShowUpFee,Show-up fee,https://data.cooperationdatabank.org/id/studyshowupfee/2,Course credit,https://data.cooperationdatabank.org/id/dependentvariable/cooperation,positive,test,2.0,positive,higher,2.0,0.18181818181818182,0.2727272727272727,0.5454545454545454,0.5454545454545454,"When comparing studies where game incentive is hypothetical and studies where game incentive is monetary, cooperation is significantly higher when show-up fee is course credit."
11100,https://data.cooperationdatabank.org/vocab/prop/IncentivesVariable,https://data.cooperationdatabank.org/vocab/prop/gameIncentive,Game incentive,https://data.cooperationdatabank.org/id/gameincentive/monetary,Non-monetary Material,https://data.cooperationdatabank.org/vocab/prop/gameIncentive,Game incentive,https://data.cooperationdatabank.org/id/gameincentive/non-monetary_material,Monetary,https://data.cooperationdatabank.org/vocab/prop/studyGameIncentive,Game incentive,https://data.cooperationdatabank.org/id/studygameincentive/1,Monetary,https://data.cooperationdatabank.org/id/dependentvariable/cooperation,positive,test,2.0,positive,higher,2.0,0.16666666666666666,0.3333333333333333,0.5,0.5,"When comparing studies where game incentive is non-monetary material and studies where game incentive is monetary, cooperation is significantly higher when game incentive is monetary."
10980,https://data.cooperationdatabank.org/vocab/prop/IncentivesVariable,https://data.cooperationdatabank.org/vocab/prop/gameIncentive,Game incentive,https://data.cooperationdatabank.org/id/gameincentive/monetary,Hypothetical,https://data.cooperationdatabank.org/vocab/prop/gameIncentive,Game incentive,https://data.cooperationdatabank.org/id/gameincentive/hypothetical,Monetary,https://data.cooperationdatabank.org/vocab/prop/studyExperimentalSetting,Experimental setting,https://data.cooperationdatabank.org/id/studyexperimentalsetting/2,Lab,https://data.cooperationdatabank.org/id/dependentvariable/cooperation,negative,test,2.0,positive,higher,0.0,0.17647058823529413,0.35294117647058826,0.47058823529411764,0.47058823529411764,"When comparing studies where game incentive is hypothetical and studies where game incentive is monetary, cooperation is significantly higher when experimental setting is lab."
23856,https://data.cooperationdatabank.org/vocab/prop/IncentivesVariable,https://data.cooperationdatabank.org/vocab/prop/gameIncentive,Game incentive,https://data.cooperationdatabank.org/id/gameincentive/monetary,Monetary,https://data.cooperationdatabank.org/vocab/prop/gameIncentive,Game incentive,https://data.cooperationdatabank.org/id/gameincentive/hypothetical,Hypothetical,https://data.cooperationdatabank.org/vocab/prop/studyExperimentalSetting,Experimental setting,https://data.cooperationdatabank.org/id/studyexperimentalsetting/2,Lab,https://data.cooperationdatabank.org/id/dependentvariable/cooperation,noEffect,test,2.0,positive,higher,1.0,0.17647058823529413,0.35294117647058826,0.47058823529411764,0.47058823529411764,"When comparing studies where game incentive is monetary and studies where game incentive is hypothetical, cooperation is significantly higher when experimental setting is lab."
43830,https://data.cooperationdatabank.org/vocab/prop/IncentivesVariable,https://data.cooperationdatabank.org/vocab/prop/gameIncentive,Game incentive,https://data.cooperationdatabank.org/id/gameincentive/monetary,Monetary,https://data.cooperationdatabank.org/vocab/prop/gameIncentive,Game incentive,https://data.cooperationdatabank.org/id/gameincentive/hypothetical,Hypothetical,https://data.cooperationdatabank.org/vocab/prop/studyExperimentalSetting,Experimental setting,https://data.cooperationdatabank.org/id/studyexperimentalsetting/2,Lab,https://data.cooperationdatabank.org/id/dependentvariable/cooperation,noEffect,test,2.0,positive,higher,1.0,0.17647058823529413,0.35294117647058826,0.47058823529411764,0.47058823529411764,"When comparing studies where game incentive is monetary and studies where game incentive is hypothetical, cooperation is significantly higher when experimental setting is lab."
38109,https://data.cooperationdatabank.org/vocab/prop/IncentivesVariable,https://data.cooperationdatabank.org/vocab/prop/gameIncentive,Game incentive,https://data.cooperationdatabank.org/id/gameincentive/monetary,Hypothetical,https://data.cooperationdatabank.org/vocab/prop/gameIncentive,Game incentive,https://data.cooperationdatabank.org/id/gameincentive/hypothetical,Monetary,https://data.cooperationdatabank.org/vocab/prop/studyExperimentalSetting,Experimental setting,https://data.cooperationdatabank.org/id/studyexperimentalsetting/2,Lab,https://data.cooperationdatabank.org/id/dependentvariable/cooperation,negative,test,2.0,positive,higher,0.0,0.17647058823529413,0.35294117647058826,0.47058823529411764,0.47058823529411764,"When comparing studies where game incentive is hypothetical and studies where game incentive is monetary, cooperation is significantly higher when experimental setting is lab."
20888,https://data.cooperationdatabank.org/vocab/prop/IncentivesVariable,https://data.cooperationdatabank.org/vocab/prop/gameIncentive,Game incentive,https://data.cooperationdatabank.org/id/gameincentive/monetary,Hypothetical,https://data.cooperationdatabank.org/vocab/prop/gameIncentive,Game incentive,https://data.cooperationdatabank.org/id/gameincentive/hypothetical,Monetary,https://data.cooperationdatabank.org/vocab/prop/yearSource,Source of year of data collection,https://data.cooperationdatabank.org/id/yearsource/4,Received/Submitted,https://data.cooperationdatabank.org/id/dependentvariable/cooperation,positive,test,2.0,positive,higher,2.0,0.23076923076923078,0.3076923076923077,0.46153846153846156,0.46153846153846156,"When comparing studies where game incentive is hypothetical and studies where game incentive is monetary, cooperation is significantly higher when source of year of data collection is submitted."
38155,https://data.cooperationdatabank.org/vocab/prop/IncentivesVariable,https://data.cooperationdatabank.org/vocab/prop/gameIncentive,Game incentive,https://data.cooperationdatabank.org/id/gameincentive/monetary,Hypothetical,https://data.cooperationdatabank.org/vocab/prop/gameIncentive,Game incentive,https://data.cooperationdatabank.org/id/gameincentive/hypothetical,Monetary,https://data.cooperationdatabank.org/vocab/prop/yearSource,Source of year of data collection,https://data.cooperationdatabank.org/id/yearsource/4,Received/Submitted,https://data.cooperationdatabank.org/id/dependentvariable/cooperation,negative,test,2.0,positive,higher,0.0,0.23076923076923078,0.3076923076923077,0.46153846153846156,0.46153846153846156,"When comparing studies where game incentive is hypothetical and studies where game incentive is monetary, cooperation is significantly higher when source of year of data collection is submitted."
23820,https://data.cooperationdatabank.org/vocab/prop/IncentivesVariable,https://data.cooperationdatabank.org/vocab/prop/gameIncentive,Game incentive,https://data.cooperationdatabank.org/id/gameincentive/monetary,Monetary,https://data.cooperationdatabank.org/vocab/prop/gameIncentive,Game incentive,https://data.cooperationdatabank.org/id/gameincentive/hypothetical,Hypothetical,https://data.cooperationdatabank.org/vocab/prop/country,has country,https://data.cooperationdatabank.org/id/country/USA,USA,https://data.cooperationdatabank.org/id/dependentvariable/cooperation,noEffect,test,2.0,positive,higher,1.0,0.29411764705882354,0.29411764705882354,0.4117647058823529,0.4117647058823529,"When comparing studies where game incentive is monetary and studies where game incentive is hypothetical, cooperation is significantly higher when has country is usa."
23834,https://data.cooperationdatabank.org/vocab/prop/IncentivesVariable,https://data.cooperationdatabank.org/vocab/prop/gameIncentive,Game incentive,https://data.cooperationdatabank.org/id/gameincentive/monetary,Monetary,https://data.cooperationdatabank.org/vocab/prop/gameIncentive,Game incentive,https://data.cooperationdatabank.org/id/gameincentive/hypothetical,Hypothetical,https://data.cooperationdatabank.org/vocab/prop/recruitmentMethod,Recruitment method,https://data.cooperationdatabank.org/id/recruitmentmethod/3,Other,https://data.cooperationdatabank.org/id/dependentvariable/cooperation,noEffect,test,2.0,positive,higher,1.0,0.3,0.3,0.4,0.4,"When comparing studies where game incentive is monetary and studies where game incentive is hypothetical, cooperation is significantly higher when recruitment method is other."
