,giv_prop,iv,iv_label,cat_t1,cat_t1_label,iv.1,iv_label.1,cat_t2,cat_t2_label,mod,mod_label,mod_val,mod_val_label,dependent,effect,td,pred_num,pred_readable,comparative,pred_true,score_0,score_1,score_2,max_score,hypothesis
11931,https://data.cooperationdatabank.org/vocab/prop/Institutional_ChoiceVariable,https://data.cooperationdatabank.org/vocab/prop/institutionalChoice,Institutional choice,https://data.cooperationdatabank.org/id/institutionalchoice/endogenous,Exogenous,https://data.cooperationdatabank.org/vocab/prop/institutionalChoice,Institutional choice,https://data.cooperationdatabank.org/id/institutionalchoice/exogenous,Endogenous,https://data.cooperationdatabank.org/vocab/prop/studyOneShot,One-shot vs repeated,https://data.cooperationdatabank.org/id/studyoneshot/1,One-shot,https://data.cooperationdatabank.org/id/dependentvariable/contributions,negative,test,2.0,positive,higher,0.0,0.0,0.0,1.0,1.0,"When comparing studies where institutional choice is exogenous and studies where institutional choice is endogenous, cooperation is significantly higher when one-shot vs repeated is one-shot."
13416,https://data.cooperationdatabank.org/vocab/prop/Institutional_ChoiceVariable,https://data.cooperationdatabank.org/vocab/prop/institutionalChoice,Institutional choice,https://data.cooperationdatabank.org/id/institutionalchoice/endogenous,Exogenous,https://data.cooperationdatabank.org/vocab/prop/institutionalChoice,Institutional choice,https://data.cooperationdatabank.org/id/institutionalchoice/exogenous,Endogenous,https://data.cooperationdatabank.org/vocab/prop/studyMatchingProtocol,Matching,https://data.cooperationdatabank.org/id/studymatchingprotocol/1,Stranger,https://data.cooperationdatabank.org/id/dependentvariable/cooperation,negative,test,2.0,positive,higher,0.0,0.0,0.0,1.0,1.0,"When comparing studies where institutional choice is exogenous and studies where institutional choice is endogenous, cooperation is significantly higher when matching is stranger."
30632,https://data.cooperationdatabank.org/vocab/prop/Institutional_ChoiceVariable,https://data.cooperationdatabank.org/vocab/prop/institutionalChoice,Institutional choice,https://data.cooperationdatabank.org/id/institutionalchoice/endogenous,Endogenous,https://data.cooperationdatabank.org/vocab/prop/institutionalChoice,Institutional choice,https://data.cooperationdatabank.org/id/institutionalchoice/exogenous,Exogenous,https://data.cooperationdatabank.org/vocab/prop/studyAcademicDiscipline,Academic discipline,https://data.cooperationdatabank.org/id/studyacademicdiscipline/4,Mixed,https://data.cooperationdatabank.org/id/dependentvariable/cooperation,noEffect,test,2.0,positive,higher,1.0,0.0,0.0,1.0,1.0,"When comparing studies where institutional choice is endogenous and studies where institutional choice is exogenous, cooperation is significantly higher when academic discipline is mixed."
30637,https://data.cooperationdatabank.org/vocab/prop/Institutional_ChoiceVariable,https://data.cooperationdatabank.org/vocab/prop/institutionalChoice,Institutional choice,https://data.cooperationdatabank.org/id/institutionalchoice/endogenous,Endogenous,https://data.cooperationdatabank.org/vocab/prop/institutionalChoice,Institutional choice,https://data.cooperationdatabank.org/id/institutionalchoice/exogenous,Exogenous,https://data.cooperationdatabank.org/vocab/prop/studyMatchingProtocol,Matching,https://data.cooperationdatabank.org/id/studymatchingprotocol/1,Stranger,https://data.cooperationdatabank.org/id/dependentvariable/cooperation,noEffect,test,2.0,positive,higher,1.0,0.0,0.0,1.0,1.0,"When comparing studies where institutional choice is endogenous and studies where institutional choice is exogenous, cooperation is significantly higher when matching is stranger."
13413,https://data.cooperationdatabank.org/vocab/prop/Institutional_ChoiceVariable,https://data.cooperationdatabank.org/vocab/prop/institutionalChoice,Institutional choice,https://data.cooperationdatabank.org/id/institutionalchoice/endogenous,Exogenous,https://data.cooperationdatabank.org/vocab/prop/institutionalChoice,Institutional choice,https://data.cooperationdatabank.org/id/institutionalchoice/exogenous,Endogenous,https://data.cooperationdatabank.org/vocab/prop/studyDilemmaType,Game type,https://data.cooperationdatabank.org/id/studydilemmatype/1,Prisoner's Dilemma Game,https://data.cooperationdatabank.org/id/dependentvariable/cooperation,negative,test,2.0,positive,higher,0.0,0.0,0.1111111111111111,0.8888888888888888,0.8888888888888888,"When comparing studies where institutional choice is exogenous and studies where institutional choice is endogenous, cooperation is significantly higher when game type is prisoner's dilemma game."
30555,https://data.cooperationdatabank.org/vocab/prop/Institutional_ChoiceVariable,https://data.cooperationdatabank.org/vocab/prop/institutionalChoice,Institutional choice,https://data.cooperationdatabank.org/id/institutionalchoice/endogenous,Endogenous,https://data.cooperationdatabank.org/vocab/prop/institutionalChoice,Institutional choice,https://data.cooperationdatabank.org/id/institutionalchoice/exogenous,Exogenous,https://data.cooperationdatabank.org/vocab/prop/studyGameIncentive,Game incentive,https://data.cooperationdatabank.org/id/studygameincentive/1,Monetary,https://data.cooperationdatabank.org/id/dependentvariable/cooperation,positive,test,2.0,positive,higher,2.0,0.125,0.0,0.875,0.875,"When comparing studies where institutional choice is endogenous and studies where institutional choice is exogenous, cooperation is significantly higher when game incentive is monetary."
30636,https://data.cooperationdatabank.org/vocab/prop/Institutional_ChoiceVariable,https://data.cooperationdatabank.org/vocab/prop/institutionalChoice,Institutional choice,https://data.cooperationdatabank.org/id/institutionalchoice/endogenous,Endogenous,https://data.cooperationdatabank.org/vocab/prop/institutionalChoice,Institutional choice,https://data.cooperationdatabank.org/id/institutionalchoice/exogenous,Exogenous,https://data.cooperationdatabank.org/vocab/prop/studyGameIncentive,Game incentive,https://data.cooperationdatabank.org/id/studygameincentive/1,Monetary,https://data.cooperationdatabank.org/id/dependentvariable/cooperation,noEffect,test,2.0,positive,higher,1.0,0.125,0.0,0.875,0.875,"When comparing studies where institutional choice is endogenous and studies where institutional choice is exogenous, cooperation is significantly higher when game incentive is monetary."
30641,https://data.cooperationdatabank.org/vocab/prop/Institutional_ChoiceVariable,https://data.cooperationdatabank.org/vocab/prop/institutionalChoice,Institutional choice,https://data.cooperationdatabank.org/id/institutionalchoice/endogenous,Endogenous,https://data.cooperationdatabank.org/vocab/prop/institutionalChoice,Institutional choice,https://data.cooperationdatabank.org/id/institutionalchoice/exogenous,Exogenous,https://data.cooperationdatabank.org/vocab/prop/yearSource,Source of year of data collection,https://data.cooperationdatabank.org/id/yearsource/4,Received/Submitted,https://data.cooperationdatabank.org/id/dependentvariable/cooperation,noEffect,test,2.0,positive,higher,1.0,0.125,0.0,0.875,0.875,"When comparing studies where institutional choice is endogenous and studies where institutional choice is exogenous, cooperation is significantly higher when source of year of data collection is submitted."
13372,https://data.cooperationdatabank.org/vocab/prop/Institutional_ChoiceVariable,https://data.cooperationdatabank.org/vocab/prop/institutionalChoice,Institutional choice,https://data.cooperationdatabank.org/id/institutionalchoice/endogenous,Exogenous,https://data.cooperationdatabank.org/vocab/prop/institutionalChoice,Institutional choice,https://data.cooperationdatabank.org/id/institutionalchoice/exogenous,Endogenous,https://data.cooperationdatabank.org/vocab/prop/recruitmentMethod,Recruitment method,https://data.cooperationdatabank.org/id/recruitmentmethod/3,Other,https://data.cooperationdatabank.org/id/dependentvariable/cooperation,positive,test,2.0,positive,higher,2.0,0.0,0.16666666666666666,0.8333333333333334,0.8333333333333334,"When comparing studies where institutional choice is exogenous and studies where institutional choice is endogenous, cooperation is significantly higher when recruitment method is other."
13419,https://data.cooperationdatabank.org/vocab/prop/Institutional_ChoiceVariable,https://data.cooperationdatabank.org/vocab/prop/institutionalChoice,Institutional choice,https://data.cooperationdatabank.org/id/institutionalchoice/endogenous,Exogenous,https://data.cooperationdatabank.org/vocab/prop/institutionalChoice,Institutional choice,https://data.cooperationdatabank.org/id/institutionalchoice/exogenous,Endogenous,https://data.cooperationdatabank.org/vocab/prop/studyTrialOfCooperation,Trial of cooperation,https://data.cooperationdatabank.org/id/studytrialofcooperation/1,All trials,https://data.cooperationdatabank.org/id/dependentvariable/cooperation,negative,test,2.0,positive,higher,0.0,0.0,0.16666666666666666,0.8333333333333334,0.8333333333333334,"When comparing studies where institutional choice is exogenous and studies where institutional choice is endogenous, cooperation is significantly higher when trial of cooperation is all trials."
30549,https://data.cooperationdatabank.org/vocab/prop/Institutional_ChoiceVariable,https://data.cooperationdatabank.org/vocab/prop/institutionalChoice,Institutional choice,https://data.cooperationdatabank.org/id/institutionalchoice/endogenous,Endogenous,https://data.cooperationdatabank.org/vocab/prop/institutionalChoice,Institutional choice,https://data.cooperationdatabank.org/id/institutionalchoice/exogenous,Exogenous,https://data.cooperationdatabank.org/vocab/prop/studyAcquaintance,Acquaintance,https://data.cooperationdatabank.org/id/studyacquaintance/0,Strangers,https://data.cooperationdatabank.org/id/dependentvariable/cooperation,positive,test,2.0,positive,higher,2.0,0.0,0.16666666666666666,0.8333333333333334,0.8333333333333334,"When comparing studies where institutional choice is endogenous and studies where institutional choice is exogenous, cooperation is significantly higher when acquaintance is strangers."
30623,https://data.cooperationdatabank.org/vocab/prop/Institutional_ChoiceVariable,https://data.cooperationdatabank.org/vocab/prop/institutionalChoice,Institutional choice,https://data.cooperationdatabank.org/id/institutionalchoice/endogenous,Endogenous,https://data.cooperationdatabank.org/vocab/prop/institutionalChoice,Institutional choice,https://data.cooperationdatabank.org/id/institutionalchoice/exogenous,Exogenous,https://data.cooperationdatabank.org/vocab/prop/studyTrialOfCooperation,Trial of cooperation,https://data.cooperationdatabank.org/id/studytrialofcooperation/1,All trials,https://data.cooperationdatabank.org/id/dependentvariable/cooperation,positive,test,2.0,positive,higher,2.0,0.0,0.16666666666666666,0.8333333333333334,0.8333333333333334,"When comparing studies where institutional choice is endogenous and studies where institutional choice is exogenous, cooperation is significantly higher when trial of cooperation is all trials."
16545,https://data.cooperationdatabank.org/vocab/prop/Institutional_ChoiceVariable,https://data.cooperationdatabank.org/vocab/prop/institutionalChoice,Institutional choice,https://data.cooperationdatabank.org/id/institutionalchoice/endogenous,Exogenous,https://data.cooperationdatabank.org/vocab/prop/institutionalChoice,Institutional choice,https://data.cooperationdatabank.org/id/institutionalchoice/exogenous,Endogenous,https://data.cooperationdatabank.org/vocab/prop/yearSource,Source of year of data collection,https://data.cooperationdatabank.org/id/yearsource/4,Received/Submitted,https://data.cooperationdatabank.org/id/dependentvariable/contributions,negative,test,2.0,positive,higher,0.0,0.2,0.0,0.8,0.8,"When comparing studies where institutional choice is exogenous and studies where institutional choice is endogenous, cooperation is significantly higher when source of year of data collection is submitted."
16365,https://data.cooperationdatabank.org/vocab/prop/Institutional_ChoiceVariable,https://data.cooperationdatabank.org/vocab/prop/institutionalChoice,Institutional choice,https://data.cooperationdatabank.org/id/institutionalchoice/endogenous,Exogenous,https://data.cooperationdatabank.org/vocab/prop/institutionalChoice,Institutional choice,https://data.cooperationdatabank.org/id/institutionalchoice/exogenous,Endogenous,https://data.cooperationdatabank.org/vocab/prop/yearSource,Source of year of data collection,https://data.cooperationdatabank.org/id/yearsource/4,Received/Submitted,https://data.cooperationdatabank.org/id/dependentvariable/contributions,positive,test,2.0,positive,higher,2.0,0.2,0.0,0.8,0.8,"When comparing studies where institutional choice is exogenous and studies where institutional choice is endogenous, cooperation is significantly higher when source of year of data collection is submitted."
16448,https://data.cooperationdatabank.org/vocab/prop/Institutional_ChoiceVariable,https://data.cooperationdatabank.org/vocab/prop/institutionalChoice,Institutional choice,https://data.cooperationdatabank.org/id/institutionalchoice/endogenous,Exogenous,https://data.cooperationdatabank.org/vocab/prop/institutionalChoice,Institutional choice,https://data.cooperationdatabank.org/id/institutionalchoice/exogenous,Endogenous,https://data.cooperationdatabank.org/vocab/prop/countrySource,Source of country or region,https://data.cooperationdatabank.org/id/countrysource/1,Specified country,https://data.cooperationdatabank.org/id/dependentvariable/contributions,negative,test,2.0,positive,higher,0.0,0.2,0.0,0.8,0.8,"When comparing studies where institutional choice is exogenous and studies where institutional choice is endogenous, cooperation is significantly higher when source of country or region is specified country."
39980,https://data.cooperationdatabank.org/vocab/prop/Institutional_ChoiceVariable,https://data.cooperationdatabank.org/vocab/prop/institutionalChoice,Institutional choice,https://data.cooperationdatabank.org/id/institutionalchoice/endogenous,Exogenous,https://data.cooperationdatabank.org/vocab/prop/institutionalChoice,Institutional choice,https://data.cooperationdatabank.org/id/institutionalchoice/exogenous,Endogenous,https://data.cooperationdatabank.org/vocab/prop/countrySource,Source of country or region,https://data.cooperationdatabank.org/id/countrysource/1,Specified country,https://data.cooperationdatabank.org/id/dependentvariable/contributions,positive,test,2.0,positive,higher,2.0,0.2,0.0,0.8,0.8,"When comparing studies where institutional choice is exogenous and studies where institutional choice is endogenous, cooperation is significantly higher when source of country or region is specified country."
40042,https://data.cooperationdatabank.org/vocab/prop/Institutional_ChoiceVariable,https://data.cooperationdatabank.org/vocab/prop/institutionalChoice,Institutional choice,https://data.cooperationdatabank.org/id/institutionalchoice/endogenous,Exogenous,https://data.cooperationdatabank.org/vocab/prop/institutionalChoice,Institutional choice,https://data.cooperationdatabank.org/id/institutionalchoice/exogenous,Endogenous,https://data.cooperationdatabank.org/vocab/prop/countrySource,Source of country or region,https://data.cooperationdatabank.org/id/countrysource/1,Specified country,https://data.cooperationdatabank.org/id/dependentvariable/contributions,positive,test,2.0,positive,higher,2.0,0.2,0.0,0.8,0.8,"When comparing studies where institutional choice is exogenous and studies where institutional choice is endogenous, cooperation is significantly higher when source of country or region is specified country."
39891,https://data.cooperationdatabank.org/vocab/prop/Institutional_ChoiceVariable,https://data.cooperationdatabank.org/vocab/prop/institutionalChoice,Institutional choice,https://data.cooperationdatabank.org/id/institutionalchoice/endogenous,Exogenous,https://data.cooperationdatabank.org/vocab/prop/institutionalChoice,Institutional choice,https://data.cooperationdatabank.org/id/institutionalchoice/exogenous,Endogenous,https://data.cooperationdatabank.org/vocab/prop/studyExperimentalSetting,Experimental setting,https://data.cooperationdatabank.org/id/studyexperimentalsetting/2,Lab,https://data.cooperationdatabank.org/id/dependentvariable/contributions,positive,test,2.0,positive,higher,2.0,0.21052631578947367,0.0,0.7894736842105263,0.7894736842105263,"When comparing studies where institutional choice is exogenous and studies where institutional choice is endogenous, cooperation is significantly higher when experimental setting is lab."
16347,https://data.cooperationdatabank.org/vocab/prop/Institutional_ChoiceVariable,https://data.cooperationdatabank.org/vocab/prop/institutionalChoice,Institutional choice,https://data.cooperationdatabank.org/id/institutionalchoice/endogenous,Exogenous,https://data.cooperationdatabank.org/vocab/prop/institutionalChoice,Institutional choice,https://data.cooperationdatabank.org/id/institutionalchoice/exogenous,Endogenous,https://data.cooperationdatabank.org/vocab/prop/studyExperimentalSetting,Experimental setting,https://data.cooperationdatabank.org/id/studyexperimentalsetting/2,Lab,https://data.cooperationdatabank.org/id/dependentvariable/contributions,positive,test,2.0,positive,higher,2.0,0.21052631578947367,0.0,0.7894736842105263,0.7894736842105263,"When comparing studies where institutional choice is exogenous and studies where institutional choice is endogenous, cooperation is significantly higher when experimental setting is lab."
16453,https://data.cooperationdatabank.org/vocab/prop/Institutional_ChoiceVariable,https://data.cooperationdatabank.org/vocab/prop/institutionalChoice,Institutional choice,https://data.cooperationdatabank.org/id/institutionalchoice/endogenous,Exogenous,https://data.cooperationdatabank.org/vocab/prop/institutionalChoice,Institutional choice,https://data.cooperationdatabank.org/id/institutionalchoice/exogenous,Endogenous,https://data.cooperationdatabank.org/vocab/prop/studyExperimentalSetting,Experimental setting,https://data.cooperationdatabank.org/id/studyexperimentalsetting/2,Lab,https://data.cooperationdatabank.org/id/dependentvariable/contributions,negative,test,2.0,positive,higher,0.0,0.21052631578947367,0.0,0.7894736842105263,0.7894736842105263,"When comparing studies where institutional choice is exogenous and studies where institutional choice is endogenous, cooperation is significantly higher when experimental setting is lab."
11957,https://data.cooperationdatabank.org/vocab/prop/Institutional_ChoiceVariable,https://data.cooperationdatabank.org/vocab/prop/institutionalChoice,Institutional choice,https://data.cooperationdatabank.org/id/institutionalchoice/endogenous,Exogenous,https://data.cooperationdatabank.org/vocab/prop/institutionalChoice,Institutional choice,https://data.cooperationdatabank.org/id/institutionalchoice/exogenous,Endogenous,https://data.cooperationdatabank.org/vocab/prop/studyExperimentalSetting,Experimental setting,https://data.cooperationdatabank.org/id/studyexperimentalsetting/2,Lab,https://data.cooperationdatabank.org/id/dependentvariable/contributions,positive,test,2.0,positive,higher,2.0,0.21052631578947367,0.0,0.7894736842105263,0.7894736842105263,"When comparing studies where institutional choice is exogenous and studies where institutional choice is endogenous, cooperation is significantly higher when experimental setting is lab."
11925,https://data.cooperationdatabank.org/vocab/prop/Institutional_ChoiceVariable,https://data.cooperationdatabank.org/vocab/prop/institutionalChoice,Institutional choice,https://data.cooperationdatabank.org/id/institutionalchoice/endogenous,Exogenous,https://data.cooperationdatabank.org/vocab/prop/institutionalChoice,Institutional choice,https://data.cooperationdatabank.org/id/institutionalchoice/exogenous,Endogenous,https://data.cooperationdatabank.org/vocab/prop/studyExperimentalSetting,Experimental setting,https://data.cooperationdatabank.org/id/studyexperimentalsetting/2,Lab,https://data.cooperationdatabank.org/id/dependentvariable/contributions,negative,test,2.0,positive,higher,0.0,0.21052631578947367,0.0,0.7894736842105263,0.7894736842105263,"When comparing studies where institutional choice is exogenous and studies where institutional choice is endogenous, cooperation is significantly higher when experimental setting is lab."
13396,https://data.cooperationdatabank.org/vocab/prop/Institutional_ChoiceVariable,https://data.cooperationdatabank.org/vocab/prop/institutionalChoice,Institutional choice,https://data.cooperationdatabank.org/id/institutionalchoice/endogenous,Exogenous,https://data.cooperationdatabank.org/vocab/prop/institutionalChoice,Institutional choice,https://data.cooperationdatabank.org/id/institutionalchoice/exogenous,Endogenous,https://data.cooperationdatabank.org/vocab/prop/studyRealPartner,Real partner,https://data.cooperationdatabank.org/id/studyrealpartner/1,Real,https://data.cooperationdatabank.org/id/dependentvariable/cooperation,positive,test,2.0,positive,higher,2.0,0.1111111111111111,0.1111111111111111,0.7777777777777778,0.7777777777777778,"When comparing studies where institutional choice is exogenous and studies where institutional choice is endogenous, cooperation is significantly higher when real partner is real."
40044,https://data.cooperationdatabank.org/vocab/prop/Institutional_ChoiceVariable,https://data.cooperationdatabank.org/vocab/prop/institutionalChoice,Institutional choice,https://data.cooperationdatabank.org/id/institutionalchoice/endogenous,Exogenous,https://data.cooperationdatabank.org/vocab/prop/institutionalChoice,Institutional choice,https://data.cooperationdatabank.org/id/institutionalchoice/exogenous,Endogenous,https://data.cooperationdatabank.org/vocab/prop/publicationStatus,Published,https://data.cooperationdatabank.org/id/publicationstatus/1,Published Article,https://data.cooperationdatabank.org/id/dependentvariable/contributions,positive,test,2.0,positive,higher,2.0,0.22727272727272727,0.0,0.7727272727272727,0.7727272727272727,"When comparing studies where institutional choice is exogenous and studies where institutional choice is endogenous, cooperation is significantly higher when published is published article."
11927,https://data.cooperationdatabank.org/vocab/prop/Institutional_ChoiceVariable,https://data.cooperationdatabank.org/vocab/prop/institutionalChoice,Institutional choice,https://data.cooperationdatabank.org/id/institutionalchoice/endogenous,Exogenous,https://data.cooperationdatabank.org/vocab/prop/institutionalChoice,Institutional choice,https://data.cooperationdatabank.org/id/institutionalchoice/exogenous,Endogenous,https://data.cooperationdatabank.org/vocab/prop/studyGameIncentive,Game incentive,https://data.cooperationdatabank.org/id/studygameincentive/1,Monetary,https://data.cooperationdatabank.org/id/dependentvariable/contributions,negative,test,2.0,positive,higher,0.0,0.22727272727272727,0.0,0.7727272727272727,0.7727272727272727,"When comparing studies where institutional choice is exogenous and studies where institutional choice is endogenous, cooperation is significantly higher when game incentive is monetary."
16454,https://data.cooperationdatabank.org/vocab/prop/Institutional_ChoiceVariable,https://data.cooperationdatabank.org/vocab/prop/institutionalChoice,Institutional choice,https://data.cooperationdatabank.org/id/institutionalchoice/endogenous,Exogenous,https://data.cooperationdatabank.org/vocab/prop/institutionalChoice,Institutional choice,https://data.cooperationdatabank.org/id/institutionalchoice/exogenous,Endogenous,https://data.cooperationdatabank.org/vocab/prop/studyGameIncentive,Game incentive,https://data.cooperationdatabank.org/id/studygameincentive/1,Monetary,https://data.cooperationdatabank.org/id/dependentvariable/contributions,negative,test,2.0,positive,higher,0.0,0.22727272727272727,0.0,0.7727272727272727,0.7727272727272727,"When comparing studies where institutional choice is exogenous and studies where institutional choice is endogenous, cooperation is significantly higher when game incentive is monetary."
40016,https://data.cooperationdatabank.org/vocab/prop/Institutional_ChoiceVariable,https://data.cooperationdatabank.org/vocab/prop/institutionalChoice,Institutional choice,https://data.cooperationdatabank.org/id/institutionalchoice/endogenous,Exogenous,https://data.cooperationdatabank.org/vocab/prop/institutionalChoice,Institutional choice,https://data.cooperationdatabank.org/id/institutionalchoice/exogenous,Endogenous,https://data.cooperationdatabank.org/vocab/prop/publicationStatus,Published,https://data.cooperationdatabank.org/id/publicationstatus/1,Published Article,https://data.cooperationdatabank.org/id/dependentvariable/contributions,positive,test,2.0,positive,higher,2.0,0.22727272727272727,0.0,0.7727272727272727,0.7727272727272727,"When comparing studies where institutional choice is exogenous and studies where institutional choice is endogenous, cooperation is significantly higher when published is published article."
16539,https://data.cooperationdatabank.org/vocab/prop/Institutional_ChoiceVariable,https://data.cooperationdatabank.org/vocab/prop/institutionalChoice,Institutional choice,https://data.cooperationdatabank.org/id/institutionalchoice/endogenous,Exogenous,https://data.cooperationdatabank.org/vocab/prop/institutionalChoice,Institutional choice,https://data.cooperationdatabank.org/id/institutionalchoice/exogenous,Endogenous,https://data.cooperationdatabank.org/vocab/prop/studyRealPartner,Real partner,https://data.cooperationdatabank.org/id/studyrealpartner/1,Real,https://data.cooperationdatabank.org/id/dependentvariable/contributions,negative,test,2.0,positive,higher,0.0,0.22727272727272727,0.0,0.7727272727272727,0.7727272727272727,"When comparing studies where institutional choice is exogenous and studies where institutional choice is endogenous, cooperation is significantly higher when real partner is real."
49083,https://data.cooperationdatabank.org/vocab/prop/Institutional_ChoiceVariable,https://data.cooperationdatabank.org/vocab/prop/institutionalChoice,Institutional choice,https://data.cooperationdatabank.org/id/institutionalchoice/endogenous,Exogenous,https://data.cooperationdatabank.org/vocab/prop/institutionalChoice,Institutional choice,https://data.cooperationdatabank.org/id/institutionalchoice/exogenous,Endogenous,https://data.cooperationdatabank.org/vocab/prop/studyRealPartner,Real partner,https://data.cooperationdatabank.org/id/studyrealpartner/1,Real,https://data.cooperationdatabank.org/id/dependentvariable/contributions,positive,test,2.0,positive,higher,2.0,0.22727272727272727,0.0,0.7727272727272727,0.7727272727272727,"When comparing studies where institutional choice is exogenous and studies where institutional choice is endogenous, cooperation is significantly higher when real partner is real."
46447,https://data.cooperationdatabank.org/vocab/prop/Institutional_ChoiceVariable,https://data.cooperationdatabank.org/vocab/prop/institutionalChoice,Institutional choice,https://data.cooperationdatabank.org/id/institutionalchoice/endogenous,Exogenous,https://data.cooperationdatabank.org/vocab/prop/institutionalChoice,Institutional choice,https://data.cooperationdatabank.org/id/institutionalchoice/exogenous,Endogenous,https://data.cooperationdatabank.org/vocab/prop/publicationStatus,Published,https://data.cooperationdatabank.org/id/publicationstatus/1,Published Article,https://data.cooperationdatabank.org/id/dependentvariable/contributions,negative,test,2.0,positive,higher,0.0,0.22727272727272727,0.0,0.7727272727272727,0.7727272727272727,"When comparing studies where institutional choice is exogenous and studies where institutional choice is endogenous, cooperation is significantly higher when published is published article."
20849,https://data.cooperationdatabank.org/vocab/prop/Institutional_ChoiceVariable,https://data.cooperationdatabank.org/vocab/prop/institutionalChoice,Institutional choice,https://data.cooperationdatabank.org/id/institutionalchoice/endogenous,Exogenous,https://data.cooperationdatabank.org/vocab/prop/institutionalChoice,Institutional choice,https://data.cooperationdatabank.org/id/institutionalchoice/exogenous,Endogenous,https://data.cooperationdatabank.org/vocab/prop/studyGameIncentive,Game incentive,https://data.cooperationdatabank.org/id/studygameincentive/1,Monetary,https://data.cooperationdatabank.org/id/dependentvariable/contributions,positive,test,2.0,positive,higher,2.0,0.22727272727272727,0.0,0.7727272727272727,0.7727272727272727,"When comparing studies where institutional choice is exogenous and studies where institutional choice is endogenous, cooperation is significantly higher when game incentive is monetary."
30650,https://data.cooperationdatabank.org/vocab/prop/Institutional_ChoiceVariable,https://data.cooperationdatabank.org/vocab/prop/institutionalChoice,Institutional choice,https://data.cooperationdatabank.org/id/institutionalchoice/endogenous,Endogenous,https://data.cooperationdatabank.org/vocab/prop/institutionalChoice,Institutional choice,https://data.cooperationdatabank.org/id/institutionalchoice/exogenous,Exogenous,https://data.cooperationdatabank.org/vocab/prop/studyExperimentalSetting,Experimental setting,https://data.cooperationdatabank.org/id/studyexperimentalsetting/2,Lab,https://data.cooperationdatabank.org/id/dependentvariable/cooperation,positive,test,2.0,positive,higher,2.0,0.125,0.125,0.75,0.75,"When comparing studies where institutional choice is endogenous and studies where institutional choice is exogenous, cooperation is significantly higher when experimental setting is lab."
30657,https://data.cooperationdatabank.org/vocab/prop/Institutional_ChoiceVariable,https://data.cooperationdatabank.org/vocab/prop/institutionalChoice,Institutional choice,https://data.cooperationdatabank.org/id/institutionalchoice/endogenous,Endogenous,https://data.cooperationdatabank.org/vocab/prop/institutionalChoice,Institutional choice,https://data.cooperationdatabank.org/id/institutionalchoice/exogenous,Exogenous,https://data.cooperationdatabank.org/vocab/prop/studyShowUpFee,Show-up fee,https://data.cooperationdatabank.org/id/studyshowupfee/1,Paid,https://data.cooperationdatabank.org/id/dependentvariable/cooperation,positive,test,2.0,positive,higher,2.0,0.125,0.125,0.75,0.75,"When comparing studies where institutional choice is endogenous and studies where institutional choice is exogenous, cooperation is significantly higher when show-up fee is paid."
24213,https://data.cooperationdatabank.org/vocab/prop/Institutional_ChoiceVariable,https://data.cooperationdatabank.org/vocab/prop/institutionalChoice,Institutional choice,https://data.cooperationdatabank.org/id/institutionalchoice/endogenous,Exogenous,https://data.cooperationdatabank.org/vocab/prop/institutionalChoice,Institutional choice,https://data.cooperationdatabank.org/id/institutionalchoice/exogenous,Endogenous,https://data.cooperationdatabank.org/vocab/prop/studyMatchingProtocol,Matching,https://data.cooperationdatabank.org/id/studymatchingprotocol/2,Partner,https://data.cooperationdatabank.org/id/dependentvariable/contributions,positive,test,2.0,positive,higher,2.0,0.2631578947368421,0.0,0.7368421052631579,0.7368421052631579,"When comparing studies where institutional choice is exogenous and studies where institutional choice is endogenous, cooperation is significantly higher when matching is partner."
13232,https://data.cooperationdatabank.org/vocab/prop/Institutional_ChoiceVariable,https://data.cooperationdatabank.org/vocab/prop/institutionalChoice,Institutional choice,https://data.cooperationdatabank.org/id/institutionalchoice/endogenous,Exogenous,https://data.cooperationdatabank.org/vocab/prop/institutionalChoice,Institutional choice,https://data.cooperationdatabank.org/id/institutionalchoice/exogenous,Endogenous,https://data.cooperationdatabank.org/vocab/prop/studyMatchingProtocol,Matching,https://data.cooperationdatabank.org/id/studymatchingprotocol/2,Partner,https://data.cooperationdatabank.org/id/dependentvariable/contributions,positive,test,2.0,positive,higher,2.0,0.2631578947368421,0.0,0.7368421052631579,0.7368421052631579,"When comparing studies where institutional choice is exogenous and studies where institutional choice is endogenous, cooperation is significantly higher when matching is partner."
24225,https://data.cooperationdatabank.org/vocab/prop/Institutional_ChoiceVariable,https://data.cooperationdatabank.org/vocab/prop/institutionalChoice,Institutional choice,https://data.cooperationdatabank.org/id/institutionalchoice/endogenous,Exogenous,https://data.cooperationdatabank.org/vocab/prop/institutionalChoice,Institutional choice,https://data.cooperationdatabank.org/id/institutionalchoice/exogenous,Endogenous,https://data.cooperationdatabank.org/vocab/prop/studyContinuousPGG,Continuous vs step-level public goods,https://data.cooperationdatabank.org/id/studycontinuouspgg/1,Continuous,https://data.cooperationdatabank.org/id/dependentvariable/contributions,positive,test,2.0,positive,higher,2.0,0.2857142857142857,0.0,0.7142857142857143,0.7142857142857143,"When comparing studies where institutional choice is exogenous and studies where institutional choice is endogenous, cooperation is significantly higher when continuous vs step-level public goods is continuous."
13288,https://data.cooperationdatabank.org/vocab/prop/Institutional_ChoiceVariable,https://data.cooperationdatabank.org/vocab/prop/institutionalChoice,Institutional choice,https://data.cooperationdatabank.org/id/institutionalchoice/endogenous,Exogenous,https://data.cooperationdatabank.org/vocab/prop/institutionalChoice,Institutional choice,https://data.cooperationdatabank.org/id/institutionalchoice/exogenous,Endogenous,https://data.cooperationdatabank.org/vocab/prop/studyContinuousPGG,Continuous vs step-level public goods,https://data.cooperationdatabank.org/id/studycontinuouspgg/1,Continuous,https://data.cooperationdatabank.org/id/dependentvariable/contributions,negative,test,2.0,positive,higher,0.0,0.2857142857142857,0.0,0.7142857142857143,0.7142857142857143,"When comparing studies where institutional choice is exogenous and studies where institutional choice is endogenous, cooperation is significantly higher when continuous vs step-level public goods is continuous."
16416,https://data.cooperationdatabank.org/vocab/prop/Institutional_ChoiceVariable,https://data.cooperationdatabank.org/vocab/prop/institutionalChoice,Institutional choice,https://data.cooperationdatabank.org/id/institutionalchoice/endogenous,Exogenous,https://data.cooperationdatabank.org/vocab/prop/institutionalChoice,Institutional choice,https://data.cooperationdatabank.org/id/institutionalchoice/exogenous,Endogenous,https://data.cooperationdatabank.org/vocab/prop/recruitmentMethod,Recruitment method,https://data.cooperationdatabank.org/id/recruitmentmethod/3,Other,https://data.cooperationdatabank.org/id/dependentvariable/contributions,positive,test,2.0,positive,higher,2.0,0.3,0.0,0.7,0.7,"When comparing studies where institutional choice is exogenous and studies where institutional choice is endogenous, cooperation is significantly higher when recruitment method is other."
40040,https://data.cooperationdatabank.org/vocab/prop/Institutional_ChoiceVariable,https://data.cooperationdatabank.org/vocab/prop/institutionalChoice,Institutional choice,https://data.cooperationdatabank.org/id/institutionalchoice/endogenous,Exogenous,https://data.cooperationdatabank.org/vocab/prop/institutionalChoice,Institutional choice,https://data.cooperationdatabank.org/id/institutionalchoice/exogenous,Endogenous,https://data.cooperationdatabank.org/vocab/prop/recruitmentMethod,Recruitment method,https://data.cooperationdatabank.org/id/recruitmentmethod/3,Other,https://data.cooperationdatabank.org/id/dependentvariable/contributions,positive,test,2.0,positive,higher,2.0,0.3,0.0,0.7,0.7,"When comparing studies where institutional choice is exogenous and studies where institutional choice is endogenous, cooperation is significantly higher when recruitment method is other."
11921,https://data.cooperationdatabank.org/vocab/prop/Institutional_ChoiceVariable,https://data.cooperationdatabank.org/vocab/prop/institutionalChoice,Institutional choice,https://data.cooperationdatabank.org/id/institutionalchoice/endogenous,Exogenous,https://data.cooperationdatabank.org/vocab/prop/institutionalChoice,Institutional choice,https://data.cooperationdatabank.org/id/institutionalchoice/exogenous,Endogenous,https://data.cooperationdatabank.org/vocab/prop/studyAcquaintance,Acquaintance,https://data.cooperationdatabank.org/id/studyacquaintance/0,Strangers,https://data.cooperationdatabank.org/id/dependentvariable/contributions,negative,test,2.0,positive,higher,0.0,0.3157894736842105,0.0,0.6842105263157895,0.6842105263157895,"When comparing studies where institutional choice is exogenous and studies where institutional choice is endogenous, cooperation is significantly higher when acquaintance is strangers."
16386,https://data.cooperationdatabank.org/vocab/prop/Institutional_ChoiceVariable,https://data.cooperationdatabank.org/vocab/prop/institutionalChoice,Institutional choice,https://data.cooperationdatabank.org/id/institutionalchoice/endogenous,Exogenous,https://data.cooperationdatabank.org/vocab/prop/institutionalChoice,Institutional choice,https://data.cooperationdatabank.org/id/institutionalchoice/exogenous,Endogenous,https://data.cooperationdatabank.org/vocab/prop/studyAcquaintance,Acquaintance,https://data.cooperationdatabank.org/id/studyacquaintance/0,Strangers,https://data.cooperationdatabank.org/id/dependentvariable/contributions,positive,test,2.0,positive,higher,2.0,0.3157894736842105,0.0,0.6842105263157895,0.6842105263157895,"When comparing studies where institutional choice is exogenous and studies where institutional choice is endogenous, cooperation is significantly higher when acquaintance is strangers."
16380,https://data.cooperationdatabank.org/vocab/prop/Institutional_ChoiceVariable,https://data.cooperationdatabank.org/vocab/prop/institutionalChoice,Institutional choice,https://data.cooperationdatabank.org/id/institutionalchoice/endogenous,Exogenous,https://data.cooperationdatabank.org/vocab/prop/institutionalChoice,Institutional choice,https://data.cooperationdatabank.org/id/institutionalchoice/exogenous,Endogenous,https://data.cooperationdatabank.org/vocab/prop/discussion,Discussion,https://data.cooperationdatabank.org/id/discussion/0,Absent,https://data.cooperationdatabank.org/id/dependentvariable/contributions,positive,test,2.0,positive,higher,2.0,0.3157894736842105,0.0,0.6842105263157895,0.6842105263157895,"When comparing studies where institutional choice is exogenous and studies where institutional choice is endogenous, cooperation is significantly higher when discussion is absent."
20829,https://data.cooperationdatabank.org/vocab/prop/Institutional_ChoiceVariable,https://data.cooperationdatabank.org/vocab/prop/institutionalChoice,Institutional choice,https://data.cooperationdatabank.org/id/institutionalchoice/endogenous,Exogenous,https://data.cooperationdatabank.org/vocab/prop/institutionalChoice,Institutional choice,https://data.cooperationdatabank.org/id/institutionalchoice/exogenous,Endogenous,https://data.cooperationdatabank.org/vocab/prop/studyAcquaintance,Acquaintance,https://data.cooperationdatabank.org/id/studyacquaintance/0,Strangers,https://data.cooperationdatabank.org/id/dependentvariable/contributions,positive,test,2.0,positive,higher,2.0,0.3157894736842105,0.0,0.6842105263157895,0.6842105263157895,"When comparing studies where institutional choice is exogenous and studies where institutional choice is endogenous, cooperation is significantly higher when acquaintance is strangers."
13225,https://data.cooperationdatabank.org/vocab/prop/Institutional_ChoiceVariable,https://data.cooperationdatabank.org/vocab/prop/institutionalChoice,Institutional choice,https://data.cooperationdatabank.org/id/institutionalchoice/endogenous,Exogenous,https://data.cooperationdatabank.org/vocab/prop/institutionalChoice,Institutional choice,https://data.cooperationdatabank.org/id/institutionalchoice/exogenous,Endogenous,https://data.cooperationdatabank.org/vocab/prop/discussion,Discussion,https://data.cooperationdatabank.org/id/discussion/0,Absent,https://data.cooperationdatabank.org/id/dependentvariable/contributions,positive,test,2.0,positive,higher,2.0,0.3157894736842105,0.0,0.6842105263157895,0.6842105263157895,"When comparing studies where institutional choice is exogenous and studies where institutional choice is endogenous, cooperation is significantly higher when discussion is absent."
20826,https://data.cooperationdatabank.org/vocab/prop/Institutional_ChoiceVariable,https://data.cooperationdatabank.org/vocab/prop/institutionalChoice,Institutional choice,https://data.cooperationdatabank.org/id/institutionalchoice/endogenous,Exogenous,https://data.cooperationdatabank.org/vocab/prop/institutionalChoice,Institutional choice,https://data.cooperationdatabank.org/id/institutionalchoice/exogenous,Endogenous,https://data.cooperationdatabank.org/vocab/prop/discussion,Discussion,https://data.cooperationdatabank.org/id/discussion/0,Absent,https://data.cooperationdatabank.org/id/dependentvariable/contributions,positive,test,2.0,positive,higher,2.0,0.3157894736842105,0.0,0.6842105263157895,0.6842105263157895,"When comparing studies where institutional choice is exogenous and studies where institutional choice is endogenous, cooperation is significantly higher when discussion is absent."
16470,https://data.cooperationdatabank.org/vocab/prop/Institutional_ChoiceVariable,https://data.cooperationdatabank.org/vocab/prop/institutionalChoice,Institutional choice,https://data.cooperationdatabank.org/id/institutionalchoice/endogenous,Exogenous,https://data.cooperationdatabank.org/vocab/prop/institutionalChoice,Institutional choice,https://data.cooperationdatabank.org/id/institutionalchoice/exogenous,Endogenous,https://data.cooperationdatabank.org/vocab/prop/discussion,Discussion,https://data.cooperationdatabank.org/id/discussion/0,Absent,https://data.cooperationdatabank.org/id/dependentvariable/contributions,positive,test,2.0,positive,higher,2.0,0.3157894736842105,0.0,0.6842105263157895,0.6842105263157895,"When comparing studies where institutional choice is exogenous and studies where institutional choice is endogenous, cooperation is significantly higher when discussion is absent."
13233,https://data.cooperationdatabank.org/vocab/prop/Institutional_ChoiceVariable,https://data.cooperationdatabank.org/vocab/prop/institutionalChoice,Institutional choice,https://data.cooperationdatabank.org/id/institutionalchoice/endogenous,Exogenous,https://data.cooperationdatabank.org/vocab/prop/institutionalChoice,Institutional choice,https://data.cooperationdatabank.org/id/institutionalchoice/exogenous,Endogenous,https://data.cooperationdatabank.org/vocab/prop/studyOneShot,One-shot vs repeated,https://data.cooperationdatabank.org/id/studyoneshot/0,Repeated,https://data.cooperationdatabank.org/id/dependentvariable/contributions,positive,test,2.0,positive,higher,2.0,0.3333333333333333,0.0,0.6666666666666666,0.6666666666666666,"When comparing studies where institutional choice is exogenous and studies where institutional choice is endogenous, cooperation is significantly higher when one-shot vs repeated is repeated."
30603,https://data.cooperationdatabank.org/vocab/prop/Institutional_ChoiceVariable,https://data.cooperationdatabank.org/vocab/prop/institutionalChoice,Institutional choice,https://data.cooperationdatabank.org/id/institutionalchoice/endogenous,Endogenous,https://data.cooperationdatabank.org/vocab/prop/institutionalChoice,Institutional choice,https://data.cooperationdatabank.org/id/institutionalchoice/exogenous,Exogenous,https://data.cooperationdatabank.org/vocab/prop/discussion,Discussion,https://data.cooperationdatabank.org/id/discussion/0,Absent,https://data.cooperationdatabank.org/id/dependentvariable/cooperation,positive,test,2.0,positive,higher,2.0,0.16666666666666666,0.16666666666666666,0.6666666666666666,0.6666666666666666,"When comparing studies where institutional choice is endogenous and studies where institutional choice is exogenous, cooperation is significantly higher when discussion is absent."
13358,https://data.cooperationdatabank.org/vocab/prop/Institutional_ChoiceVariable,https://data.cooperationdatabank.org/vocab/prop/institutionalChoice,Institutional choice,https://data.cooperationdatabank.org/id/institutionalchoice/endogenous,Exogenous,https://data.cooperationdatabank.org/vocab/prop/institutionalChoice,Institutional choice,https://data.cooperationdatabank.org/id/institutionalchoice/exogenous,Endogenous,https://data.cooperationdatabank.org/vocab/prop/discussion,Discussion,https://data.cooperationdatabank.org/id/discussion/0,Absent,https://data.cooperationdatabank.org/id/dependentvariable/cooperation,positive,test,2.0,positive,higher,2.0,0.16666666666666666,0.16666666666666666,0.6666666666666666,0.6666666666666666,"When comparing studies where institutional choice is exogenous and studies where institutional choice is endogenous, cooperation is significantly higher when discussion is absent."
16401,https://data.cooperationdatabank.org/vocab/prop/Institutional_ChoiceVariable,https://data.cooperationdatabank.org/vocab/prop/institutionalChoice,Institutional choice,https://data.cooperationdatabank.org/id/institutionalchoice/endogenous,Exogenous,https://data.cooperationdatabank.org/vocab/prop/institutionalChoice,Institutional choice,https://data.cooperationdatabank.org/id/institutionalchoice/exogenous,Endogenous,https://data.cooperationdatabank.org/vocab/prop/studyOneShot,One-shot vs repeated,https://data.cooperationdatabank.org/id/studyoneshot/0,Repeated,https://data.cooperationdatabank.org/id/dependentvariable/contributions,positive,test,2.0,positive,higher,2.0,0.3333333333333333,0.0,0.6666666666666666,0.6666666666666666,"When comparing studies where institutional choice is exogenous and studies where institutional choice is endogenous, cooperation is significantly higher when one-shot vs repeated is repeated."
20851,https://data.cooperationdatabank.org/vocab/prop/Institutional_ChoiceVariable,https://data.cooperationdatabank.org/vocab/prop/institutionalChoice,Institutional choice,https://data.cooperationdatabank.org/id/institutionalchoice/endogenous,Exogenous,https://data.cooperationdatabank.org/vocab/prop/institutionalChoice,Institutional choice,https://data.cooperationdatabank.org/id/institutionalchoice/exogenous,Endogenous,https://data.cooperationdatabank.org/vocab/prop/studyOneShot,One-shot vs repeated,https://data.cooperationdatabank.org/id/studyoneshot/0,Repeated,https://data.cooperationdatabank.org/id/dependentvariable/contributions,positive,test,2.0,positive,higher,2.0,0.3333333333333333,0.0,0.6666666666666666,0.6666666666666666,"When comparing studies where institutional choice is exogenous and studies where institutional choice is endogenous, cooperation is significantly higher when one-shot vs repeated is repeated."
29656,https://data.cooperationdatabank.org/vocab/prop/Institutional_ChoiceVariable,https://data.cooperationdatabank.org/vocab/prop/institutionalChoice,Institutional choice,https://data.cooperationdatabank.org/id/institutionalchoice/endogenous,Exogenous,https://data.cooperationdatabank.org/vocab/prop/institutionalChoice,Institutional choice,https://data.cooperationdatabank.org/id/institutionalchoice/exogenous,Endogenous,https://data.cooperationdatabank.org/vocab/prop/studyOneShot,One-shot vs repeated,https://data.cooperationdatabank.org/id/studyoneshot/0,Repeated,https://data.cooperationdatabank.org/id/dependentvariable/contributions,positive,test,2.0,positive,higher,2.0,0.3333333333333333,0.0,0.6666666666666666,0.6666666666666666,"When comparing studies where institutional choice is exogenous and studies where institutional choice is endogenous, cooperation is significantly higher when one-shot vs repeated is repeated."
24216,https://data.cooperationdatabank.org/vocab/prop/Institutional_ChoiceVariable,https://data.cooperationdatabank.org/vocab/prop/institutionalChoice,Institutional choice,https://data.cooperationdatabank.org/id/institutionalchoice/endogenous,Exogenous,https://data.cooperationdatabank.org/vocab/prop/institutionalChoice,Institutional choice,https://data.cooperationdatabank.org/id/institutionalchoice/exogenous,Endogenous,https://data.cooperationdatabank.org/vocab/prop/studyOneShot,One-shot vs repeated,https://data.cooperationdatabank.org/id/studyoneshot/0,Repeated,https://data.cooperationdatabank.org/id/dependentvariable/contributions,positive,test,2.0,positive,higher,2.0,0.3333333333333333,0.0,0.6666666666666666,0.6666666666666666,"When comparing studies where institutional choice is exogenous and studies where institutional choice is endogenous, cooperation is significantly higher when one-shot vs repeated is repeated."
20854,https://data.cooperationdatabank.org/vocab/prop/Institutional_ChoiceVariable,https://data.cooperationdatabank.org/vocab/prop/institutionalChoice,Institutional choice,https://data.cooperationdatabank.org/id/institutionalchoice/endogenous,Exogenous,https://data.cooperationdatabank.org/vocab/prop/institutionalChoice,Institutional choice,https://data.cooperationdatabank.org/id/institutionalchoice/exogenous,Endogenous,https://data.cooperationdatabank.org/vocab/prop/yearSource,Source of year of data collection,https://data.cooperationdatabank.org/id/yearsource/1,Conducted,https://data.cooperationdatabank.org/id/dependentvariable/contributions,positive,test,2.0,positive,higher,2.0,0.3333333333333333,0.0,0.6666666666666666,0.6666666666666666,"When comparing studies where institutional choice is exogenous and studies where institutional choice is endogenous, cooperation is significantly higher when source of year of data collection is conducted."
16374,https://data.cooperationdatabank.org/vocab/prop/Institutional_ChoiceVariable,https://data.cooperationdatabank.org/vocab/prop/institutionalChoice,Institutional choice,https://data.cooperationdatabank.org/id/institutionalchoice/endogenous,Exogenous,https://data.cooperationdatabank.org/vocab/prop/institutionalChoice,Institutional choice,https://data.cooperationdatabank.org/id/institutionalchoice/exogenous,Endogenous,https://data.cooperationdatabank.org/vocab/prop/country,has country,https://data.cooperationdatabank.org/id/country/FRA,FRA,https://data.cooperationdatabank.org/id/dependentvariable/contributions,positive,test,2.0,positive,higher,2.0,0.4,0.0,0.6,0.6,"When comparing studies where institutional choice is exogenous and studies where institutional choice is endogenous, cooperation is significantly higher when has country is fra."
13222,https://data.cooperationdatabank.org/vocab/prop/Institutional_ChoiceVariable,https://data.cooperationdatabank.org/vocab/prop/institutionalChoice,Institutional choice,https://data.cooperationdatabank.org/id/institutionalchoice/endogenous,Exogenous,https://data.cooperationdatabank.org/vocab/prop/institutionalChoice,Institutional choice,https://data.cooperationdatabank.org/id/institutionalchoice/exogenous,Endogenous,https://data.cooperationdatabank.org/vocab/prop/recruitmentMethod,Recruitment method,https://data.cooperationdatabank.org/id/recruitmentmethod/1,Participant pool,https://data.cooperationdatabank.org/id/dependentvariable/contributions,positive,test,2.0,positive,higher,2.0,0.4,0.0,0.6,0.6,"When comparing studies where institutional choice is exogenous and studies where institutional choice is endogenous, cooperation is significantly higher when recruitment method is participant pool."
39978,https://data.cooperationdatabank.org/vocab/prop/Institutional_ChoiceVariable,https://data.cooperationdatabank.org/vocab/prop/institutionalChoice,Institutional choice,https://data.cooperationdatabank.org/id/institutionalchoice/endogenous,Exogenous,https://data.cooperationdatabank.org/vocab/prop/institutionalChoice,Institutional choice,https://data.cooperationdatabank.org/id/institutionalchoice/exogenous,Endogenous,https://data.cooperationdatabank.org/vocab/prop/country,has country,https://data.cooperationdatabank.org/id/country/GBR,GBR,https://data.cooperationdatabank.org/id/dependentvariable/contributions,positive,test,0.0,negative,lower,2.0,0.5,0.0,0.5,0.5,"When comparing studies where institutional choice is exogenous and studies where institutional choice is endogenous, cooperation is significantly lower when has country is gbr."
40041,https://data.cooperationdatabank.org/vocab/prop/Institutional_ChoiceVariable,https://data.cooperationdatabank.org/vocab/prop/institutionalChoice,Institutional choice,https://data.cooperationdatabank.org/id/institutionalchoice/endogenous,Exogenous,https://data.cooperationdatabank.org/vocab/prop/institutionalChoice,Institutional choice,https://data.cooperationdatabank.org/id/institutionalchoice/exogenous,Endogenous,https://data.cooperationdatabank.org/vocab/prop/country,has country,https://data.cooperationdatabank.org/id/country/GBR,GBR,https://data.cooperationdatabank.org/id/dependentvariable/contributions,positive,test,0.0,negative,lower,2.0,0.5,0.0,0.5,0.5,"When comparing studies where institutional choice is exogenous and studies where institutional choice is endogenous, cooperation is significantly lower when has country is gbr."
