,giv_prop,iv,iv_label,cat_t1,cat_t1_label,iv.1,iv_label.1,cat_t2,cat_t2_label,mod,mod_label,mod_val,mod_val_label,dependent,effect,td,pred_num,pred_readable,comparative,pred_true,score_0,score_1,score_2,max_score,hypothesis
46287,https://data.cooperationdatabank.org/vocab/prop/LeadershipVariable,https://data.cooperationdatabank.org/vocab/prop/leadershipAssignmentRule,Leadership assignment rule,https://data.cooperationdatabank.org/id/leadershipassignmentrule/fixed,Fixed ,https://data.cooperationdatabank.org/vocab/prop/leadershipAssignmentRule,Leadership assignment rule,https://data.cooperationdatabank.org/id/leadershipassignmentrule/volunteer,Volunteer,https://data.cooperationdatabank.org/vocab/prop/studyRealPartner,Real partner,https://data.cooperationdatabank.org/id/studyrealpartner/1,Real,https://data.cooperationdatabank.org/id/dependentvariable/contributions,noEffect,test,2.0,positive,higher,1.0,0.0,0.0,1.0,1.0,"When comparing studies where leadership assignment rule is fixed  and studies where leadership assignment rule is volunteer, cooperation is significantly higher when real partner is real."
46387,https://data.cooperationdatabank.org/vocab/prop/LeadershipVariable,https://data.cooperationdatabank.org/vocab/prop/leadershipAssignmentRule,Leadership assignment rule,https://data.cooperationdatabank.org/id/leadershipassignmentrule/fixed,Fixed ,https://data.cooperationdatabank.org/vocab/prop/leadershipAssignmentRule,Leadership assignment rule,https://data.cooperationdatabank.org/id/leadershipassignmentrule/random_appointment,Random Appointment,https://data.cooperationdatabank.org/vocab/prop/studyAcquaintance,Acquaintance,https://data.cooperationdatabank.org/id/studyacquaintance/0,Strangers,https://data.cooperationdatabank.org/id/dependentvariable/contributions,positive,test,2.0,positive,higher,2.0,0.0,0.0,1.0,1.0,"When comparing studies where leadership assignment rule is fixed  and studies where leadership assignment rule is random appointment, cooperation is significantly higher when acquaintance is strangers."
408,https://data.cooperationdatabank.org/vocab/prop/LeadershipVariable,https://data.cooperationdatabank.org/vocab/prop/leaderBehavior,Leader's behavior,https://data.cooperationdatabank.org/id/leaderbehavior/cooperative,Noncooperative,https://data.cooperationdatabank.org/vocab/prop/leaderBehavior,Leader's behavior,https://data.cooperationdatabank.org/id/leaderbehavior/noncooperative,Cooperative,https://data.cooperationdatabank.org/vocab/prop/studyGameIncentive,Game incentive,https://data.cooperationdatabank.org/id/studygameincentive/0,Hypothetical,https://data.cooperationdatabank.org/id/dependentvariable/contributions,positive,test,2.0,positive,higher,2.0,0.0,0.0,1.0,1.0,"When comparing studies where leader's behavior is noncooperative and studies where leader's behavior is cooperative, cooperation is significantly higher when game incentive is hypothetical."
423,https://data.cooperationdatabank.org/vocab/prop/LeadershipVariable,https://data.cooperationdatabank.org/vocab/prop/leaderBehavior,Leader's behavior,https://data.cooperationdatabank.org/id/leaderbehavior/cooperative,Noncooperative,https://data.cooperationdatabank.org/vocab/prop/leaderBehavior,Leader's behavior,https://data.cooperationdatabank.org/id/leaderbehavior/noncooperative,Cooperative,https://data.cooperationdatabank.org/vocab/prop/studyGameIncentive,Game incentive,https://data.cooperationdatabank.org/id/studygameincentive/0,Hypothetical,https://data.cooperationdatabank.org/id/dependentvariable/contributions,positive,test,2.0,positive,higher,2.0,0.0,0.0,1.0,1.0,"When comparing studies where leader's behavior is noncooperative and studies where leader's behavior is cooperative, cooperation is significantly higher when game incentive is hypothetical."
434,https://data.cooperationdatabank.org/vocab/prop/LeadershipVariable,https://data.cooperationdatabank.org/vocab/prop/leaderCharacteristic,Leader's characteristic,https://data.cooperationdatabank.org/id/leadercharacteristic/positive_emotion,Positive emotion,https://data.cooperationdatabank.org/vocab/prop/leaderCharacteristic,Leader's characteristic,https://data.cooperationdatabank.org/id/leadercharacteristic/negative_emotion,Negative emotion,https://data.cooperationdatabank.org/vocab/prop/publicationStatus,Published,https://data.cooperationdatabank.org/id/publicationstatus/1,Published Article,https://data.cooperationdatabank.org/id/dependentvariable/contributions,negative,test,0.0,negative,lower,0.0,1.0,0.0,0.0,1.0,"When comparing studies where leader's characteristic is positive emotion and studies where leader's characteristic is negative emotion, cooperation is significantly lower when published is published article."
31898,https://data.cooperationdatabank.org/vocab/prop/LeadershipVariable,https://data.cooperationdatabank.org/vocab/prop/leaderCharacteristic,Leader's characteristic,https://data.cooperationdatabank.org/id/leadercharacteristic/weak,Weak,https://data.cooperationdatabank.org/vocab/prop/leaderCharacteristic,Leader's characteristic,https://data.cooperationdatabank.org/id/leadercharacteristic/strong,Strong,https://data.cooperationdatabank.org/vocab/prop/studyAcademicDiscipline,Academic discipline,https://data.cooperationdatabank.org/id/studyacademicdiscipline/4,Mixed,https://data.cooperationdatabank.org/id/dependentvariable/contributions,negative,test,0.0,negative,lower,0.0,1.0,0.0,0.0,1.0,"When comparing studies where leader's characteristic is weak and studies where leader's characteristic is strong, cooperation is significantly lower when academic discipline is mixed."
31948,https://data.cooperationdatabank.org/vocab/prop/LeadershipVariable,https://data.cooperationdatabank.org/vocab/prop/leaderCharacteristic,Leader's characteristic,https://data.cooperationdatabank.org/id/leadercharacteristic/weak,Weak,https://data.cooperationdatabank.org/vocab/prop/leaderCharacteristic,Leader's characteristic,https://data.cooperationdatabank.org/id/leadercharacteristic/strong,Strong,https://data.cooperationdatabank.org/vocab/prop/studyContinuousPGG,Continuous vs step-level public goods,https://data.cooperationdatabank.org/id/studycontinuouspgg/1,Continuous,https://data.cooperationdatabank.org/id/dependentvariable/contributions,negative,test,0.0,negative,lower,0.0,1.0,0.0,0.0,1.0,"When comparing studies where leader's characteristic is weak and studies where leader's characteristic is strong, cooperation is significantly lower when continuous vs step-level public goods is continuous."
34670,https://data.cooperationdatabank.org/vocab/prop/LeadershipVariable,https://data.cooperationdatabank.org/vocab/prop/leadershipRole,Leadership role,https://data.cooperationdatabank.org/id/leadershiprole/leader,Follower,https://data.cooperationdatabank.org/vocab/prop/leadershipRole,Leadership role,https://data.cooperationdatabank.org/id/leadershiprole/follower,Leader ,https://data.cooperationdatabank.org/vocab/prop/publicationStatus,Published,https://data.cooperationdatabank.org/id/publicationstatus/1,Published Article,https://data.cooperationdatabank.org/id/dependentvariable/withdrawals,positive,test,0.0,negative,lower,2.0,1.0,0.0,0.0,1.0,"When comparing studies where leadership role is follower and studies where leadership role is leader , cooperation is significantly lower when published is published article."
41002,https://data.cooperationdatabank.org/vocab/prop/LeadershipVariable,https://data.cooperationdatabank.org/vocab/prop/leadershipAssignmentRule,Leadership assignment rule,https://data.cooperationdatabank.org/id/leadershipassignmentrule/volunteer,Volunteer,https://data.cooperationdatabank.org/vocab/prop/leadershipAssignmentRule,Leadership assignment rule,https://data.cooperationdatabank.org/id/leadershipassignmentrule/other,Other,https://data.cooperationdatabank.org/vocab/prop/country,has country,https://data.cooperationdatabank.org/id/country/DEU,DEU,https://data.cooperationdatabank.org/id/dependentvariable/contributions,positive,test,2.0,positive,higher,2.0,0.0,0.0,1.0,1.0,"When comparing studies where leadership assignment rule is volunteer and studies where leadership assignment rule is other, cooperation is significantly higher when has country is deu."
1255,https://data.cooperationdatabank.org/vocab/prop/LeadershipVariable,https://data.cooperationdatabank.org/vocab/prop/leaderCharacteristic,Leader's characteristic,https://data.cooperationdatabank.org/id/leadercharacteristic/outgroup,Ingroup,https://data.cooperationdatabank.org/vocab/prop/leaderCharacteristic,Leader's characteristic,https://data.cooperationdatabank.org/id/leadercharacteristic/ingroup,Outgroup,https://data.cooperationdatabank.org/vocab/prop/countrySource,Source of country or region,https://data.cooperationdatabank.org/id/countrysource/1,Specified country,https://data.cooperationdatabank.org/id/dependentvariable/contributions,negative,test,0.0,negative,lower,0.0,1.0,0.0,0.0,1.0,"When comparing studies where leader's characteristic is ingroup and studies where leader's characteristic is outgroup, cooperation is significantly lower when source of country or region is specified country."
1260,https://data.cooperationdatabank.org/vocab/prop/LeadershipVariable,https://data.cooperationdatabank.org/vocab/prop/leaderCharacteristic,Leader's characteristic,https://data.cooperationdatabank.org/id/leadercharacteristic/outgroup,Ingroup,https://data.cooperationdatabank.org/vocab/prop/leaderCharacteristic,Leader's characteristic,https://data.cooperationdatabank.org/id/leadercharacteristic/ingroup,Outgroup,https://data.cooperationdatabank.org/vocab/prop/studyDilemmaType,Game type,https://data.cooperationdatabank.org/id/studydilemmatype/2,Public Goods Game,https://data.cooperationdatabank.org/id/dependentvariable/contributions,negative,test,0.0,negative,lower,0.0,1.0,0.0,0.0,1.0,"When comparing studies where leader's characteristic is ingroup and studies where leader's characteristic is outgroup, cooperation is significantly lower when game type is public goods game."
1268,https://data.cooperationdatabank.org/vocab/prop/LeadershipVariable,https://data.cooperationdatabank.org/vocab/prop/leaderCharacteristic,Leader's characteristic,https://data.cooperationdatabank.org/id/leadercharacteristic/outgroup,Ingroup,https://data.cooperationdatabank.org/vocab/prop/leaderCharacteristic,Leader's characteristic,https://data.cooperationdatabank.org/id/leadercharacteristic/ingroup,Outgroup,https://data.cooperationdatabank.org/vocab/prop/recruitmentMethod,Recruitment method,https://data.cooperationdatabank.org/id/recruitmentmethod/1,Participant pool,https://data.cooperationdatabank.org/id/dependentvariable/contributions,negative,test,0.0,negative,lower,0.0,1.0,0.0,0.0,1.0,"When comparing studies where leader's characteristic is ingroup and studies where leader's characteristic is outgroup, cooperation is significantly lower when recruitment method is participant pool."
1289,https://data.cooperationdatabank.org/vocab/prop/LeadershipVariable,https://data.cooperationdatabank.org/vocab/prop/leaderCharacteristic,Leader's characteristic,https://data.cooperationdatabank.org/id/leadercharacteristic/outgroup,Ingroup,https://data.cooperationdatabank.org/vocab/prop/leaderCharacteristic,Leader's characteristic,https://data.cooperationdatabank.org/id/leadercharacteristic/ingroup,Outgroup,https://data.cooperationdatabank.org/vocab/prop/studyAcquaintance,Acquaintance,https://data.cooperationdatabank.org/id/studyacquaintance/0,Strangers,https://data.cooperationdatabank.org/id/dependentvariable/contributions,negative,test,0.0,negative,lower,0.0,1.0,0.0,0.0,1.0,"When comparing studies where leader's characteristic is ingroup and studies where leader's characteristic is outgroup, cooperation is significantly lower when acquaintance is strangers."
31813,https://data.cooperationdatabank.org/vocab/prop/LeadershipVariable,https://data.cooperationdatabank.org/vocab/prop/leaderCharacteristic,Leader's characteristic,https://data.cooperationdatabank.org/id/leadercharacteristic/weak,Weak,https://data.cooperationdatabank.org/vocab/prop/leaderCharacteristic,Leader's characteristic,https://data.cooperationdatabank.org/id/leadercharacteristic/strong,Strong,https://data.cooperationdatabank.org/vocab/prop/publicationStatus,Published,https://data.cooperationdatabank.org/id/publicationstatus/1,Published Article,https://data.cooperationdatabank.org/id/dependentvariable/contributions,negative,test,0.0,negative,lower,0.0,1.0,0.0,0.0,1.0,"When comparing studies where leader's characteristic is weak and studies where leader's characteristic is strong, cooperation is significantly lower when published is published article."
24391,https://data.cooperationdatabank.org/vocab/prop/LeadershipVariable,https://data.cooperationdatabank.org/vocab/prop/leadershipAssignmentRule,Leadership assignment rule,https://data.cooperationdatabank.org/id/leadershipassignmentrule/fixed,Fixed ,https://data.cooperationdatabank.org/vocab/prop/leadershipAssignmentRule,Leadership assignment rule,https://data.cooperationdatabank.org/id/leadershipassignmentrule/random_appointment,Random Appointment,https://data.cooperationdatabank.org/vocab/prop/studyAcquaintance,Acquaintance,https://data.cooperationdatabank.org/id/studyacquaintance/0,Strangers,https://data.cooperationdatabank.org/id/dependentvariable/contributions,noEffect,test,2.0,positive,higher,1.0,0.0,0.0,1.0,1.0,"When comparing studies where leadership assignment rule is fixed  and studies where leadership assignment rule is random appointment, cooperation is significantly higher when acquaintance is strangers."
24434,https://data.cooperationdatabank.org/vocab/prop/LeadershipVariable,https://data.cooperationdatabank.org/vocab/prop/leaderCharacteristic,Leader's characteristic,https://data.cooperationdatabank.org/id/leadercharacteristic/weak,Weak,https://data.cooperationdatabank.org/vocab/prop/leaderCharacteristic,Leader's characteristic,https://data.cooperationdatabank.org/id/leadercharacteristic/strong,Strong,https://data.cooperationdatabank.org/vocab/prop/studyOneShot,One-shot vs repeated,https://data.cooperationdatabank.org/id/studyoneshot/0,Repeated,https://data.cooperationdatabank.org/id/dependentvariable/contributions,negative,test,0.0,negative,lower,0.0,1.0,0.0,0.0,1.0,"When comparing studies where leader's characteristic is weak and studies where leader's characteristic is strong, cooperation is significantly lower when one-shot vs repeated is repeated."
27243,https://data.cooperationdatabank.org/vocab/prop/LeadershipVariable,https://data.cooperationdatabank.org/vocab/prop/leadershipRole,Leadership role,https://data.cooperationdatabank.org/id/leadershiprole/leader,Leader ,https://data.cooperationdatabank.org/vocab/prop/leadershipRole,Leadership role,https://data.cooperationdatabank.org/id/leadershiprole/follower,Follower,https://data.cooperationdatabank.org/vocab/prop/studyShowUpFee,Show-up fee,https://data.cooperationdatabank.org/id/studyshowupfee/1,Paid,https://data.cooperationdatabank.org/id/dependentvariable/contributions,positive,test,2.0,positive,higher,2.0,0.0,0.0,1.0,1.0,"When comparing studies where leadership role is leader  and studies where leadership role is follower, cooperation is significantly higher when show-up fee is paid."
27260,https://data.cooperationdatabank.org/vocab/prop/LeadershipVariable,https://data.cooperationdatabank.org/vocab/prop/leadershipRole,Leadership role,https://data.cooperationdatabank.org/id/leadershiprole/leader,Leader ,https://data.cooperationdatabank.org/vocab/prop/leadershipRole,Leadership role,https://data.cooperationdatabank.org/id/leadershiprole/follower,Follower,https://data.cooperationdatabank.org/vocab/prop/studyShowUpFee,Show-up fee,https://data.cooperationdatabank.org/id/studyshowupfee/1,Paid,https://data.cooperationdatabank.org/id/dependentvariable/contributions,positive,test,2.0,positive,higher,2.0,0.0,0.0,1.0,1.0,"When comparing studies where leadership role is leader  and studies where leadership role is follower, cooperation is significantly higher when show-up fee is paid."
1295,https://data.cooperationdatabank.org/vocab/prop/LeadershipVariable,https://data.cooperationdatabank.org/vocab/prop/leaderCharacteristic,Leader's characteristic,https://data.cooperationdatabank.org/id/leadercharacteristic/outgroup,Ingroup,https://data.cooperationdatabank.org/vocab/prop/leaderCharacteristic,Leader's characteristic,https://data.cooperationdatabank.org/id/leadercharacteristic/ingroup,Outgroup,https://data.cooperationdatabank.org/vocab/prop/studyTrialOfCooperation,Trial of cooperation,https://data.cooperationdatabank.org/id/studytrialofcooperation/1,All trials,https://data.cooperationdatabank.org/id/dependentvariable/contributions,negative,test,0.0,negative,lower,0.0,1.0,0.0,0.0,1.0,"When comparing studies where leader's characteristic is ingroup and studies where leader's characteristic is outgroup, cooperation is significantly lower when trial of cooperation is all trials."
1297,https://data.cooperationdatabank.org/vocab/prop/LeadershipVariable,https://data.cooperationdatabank.org/vocab/prop/leaderCharacteristic,Leader's characteristic,https://data.cooperationdatabank.org/id/leadercharacteristic/outgroup,Ingroup,https://data.cooperationdatabank.org/vocab/prop/leaderCharacteristic,Leader's characteristic,https://data.cooperationdatabank.org/id/leadercharacteristic/ingroup,Outgroup,https://data.cooperationdatabank.org/vocab/prop/studyContinuousPGG,Continuous vs step-level public goods,https://data.cooperationdatabank.org/id/studycontinuouspgg/2,Step-level,https://data.cooperationdatabank.org/id/dependentvariable/contributions,negative,test,0.0,negative,lower,0.0,1.0,0.0,0.0,1.0,"When comparing studies where leader's characteristic is ingroup and studies where leader's characteristic is outgroup, cooperation is significantly lower when continuous vs step-level public goods is step-level."
13886,https://data.cooperationdatabank.org/vocab/prop/LeadershipVariable,https://data.cooperationdatabank.org/vocab/prop/leadershipRole,Leadership role,https://data.cooperationdatabank.org/id/leadershiprole/leader,Leader ,https://data.cooperationdatabank.org/vocab/prop/leadershipRole,Leadership role,https://data.cooperationdatabank.org/id/leadershiprole/follower,Follower,https://data.cooperationdatabank.org/vocab/prop/publicationStatus,Published,https://data.cooperationdatabank.org/id/publicationstatus/1,Published Article,https://data.cooperationdatabank.org/id/dependentvariable/withdrawals,negative,test,0.0,negative,lower,0.0,1.0,0.0,0.0,1.0,"When comparing studies where leadership role is leader  and studies where leadership role is follower, cooperation is significantly lower when published is published article."
13888,https://data.cooperationdatabank.org/vocab/prop/LeadershipVariable,https://data.cooperationdatabank.org/vocab/prop/leadershipRole,Leadership role,https://data.cooperationdatabank.org/id/leadershiprole/leader,Leader ,https://data.cooperationdatabank.org/vocab/prop/leadershipRole,Leadership role,https://data.cooperationdatabank.org/id/leadershiprole/follower,Follower,https://data.cooperationdatabank.org/vocab/prop/studyDilemmaType,Game type,https://data.cooperationdatabank.org/id/studydilemmatype/3,Resource Dilemma,https://data.cooperationdatabank.org/id/dependentvariable/withdrawals,negative,test,2.0,positive,higher,0.0,0.0,0.0,1.0,1.0,"When comparing studies where leadership role is leader  and studies where leadership role is follower, cooperation is significantly higher when game type is resource dilemma."
14297,https://data.cooperationdatabank.org/vocab/prop/LeadershipVariable,https://data.cooperationdatabank.org/vocab/prop/leadershipAssignmentRule,Leadership assignment rule,https://data.cooperationdatabank.org/id/leadershipassignmentrule/authority,Elected,https://data.cooperationdatabank.org/vocab/prop/leadershipAssignmentRule,Leadership assignment rule,https://data.cooperationdatabank.org/id/leadershipassignmentrule/elected,Authority,https://data.cooperationdatabank.org/vocab/prop/studyExperimentalSetting,Experimental setting,https://data.cooperationdatabank.org/id/studyexperimentalsetting/2,Lab,https://data.cooperationdatabank.org/id/dependentvariable/contributions,negative,test,0.0,negative,lower,0.0,1.0,0.0,0.0,1.0,"When comparing studies where leadership assignment rule is elected and studies where leadership assignment rule is authority, cooperation is significantly lower when experimental setting is lab."
14303,https://data.cooperationdatabank.org/vocab/prop/LeadershipVariable,https://data.cooperationdatabank.org/vocab/prop/leadershipAssignmentRule,Leadership assignment rule,https://data.cooperationdatabank.org/id/leadershipassignmentrule/authority,Elected,https://data.cooperationdatabank.org/vocab/prop/leadershipAssignmentRule,Leadership assignment rule,https://data.cooperationdatabank.org/id/leadershipassignmentrule/elected,Authority,https://data.cooperationdatabank.org/vocab/prop/studyRealPartner,Real partner,https://data.cooperationdatabank.org/id/studyrealpartner/1,Real,https://data.cooperationdatabank.org/id/dependentvariable/contributions,negative,test,0.0,negative,lower,0.0,1.0,0.0,0.0,1.0,"When comparing studies where leadership assignment rule is elected and studies where leadership assignment rule is authority, cooperation is significantly lower when real partner is real."
46396,https://data.cooperationdatabank.org/vocab/prop/LeadershipVariable,https://data.cooperationdatabank.org/vocab/prop/leadershipAssignmentRule,Leadership assignment rule,https://data.cooperationdatabank.org/id/leadershipassignmentrule/fixed,Fixed ,https://data.cooperationdatabank.org/vocab/prop/leadershipAssignmentRule,Leadership assignment rule,https://data.cooperationdatabank.org/id/leadershipassignmentrule/random_appointment,Random Appointment,https://data.cooperationdatabank.org/vocab/prop/studyContinuousPGG,Continuous vs step-level public goods,https://data.cooperationdatabank.org/id/studycontinuouspgg/1,Continuous,https://data.cooperationdatabank.org/id/dependentvariable/contributions,positive,test,2.0,positive,higher,2.0,0.0,0.0,1.0,1.0,"When comparing studies where leadership assignment rule is fixed  and studies where leadership assignment rule is random appointment, cooperation is significantly higher when continuous vs step-level public goods is continuous."
46400,https://data.cooperationdatabank.org/vocab/prop/LeadershipVariable,https://data.cooperationdatabank.org/vocab/prop/leadershipAssignmentRule,Leadership assignment rule,https://data.cooperationdatabank.org/id/leadershipassignmentrule/volunteer,Volunteer,https://data.cooperationdatabank.org/vocab/prop/leadershipAssignmentRule,Leadership assignment rule,https://data.cooperationdatabank.org/id/leadershipassignmentrule/random_appointment,Random Appointment,https://data.cooperationdatabank.org/vocab/prop/countrySource,Source of country or region,https://data.cooperationdatabank.org/id/countrysource/1,Specified country,https://data.cooperationdatabank.org/id/dependentvariable/contributions,positive,test,2.0,positive,higher,2.0,0.0,0.0,1.0,1.0,"When comparing studies where leadership assignment rule is volunteer and studies where leadership assignment rule is random appointment, cooperation is significantly higher when source of country or region is specified country."
46420,https://data.cooperationdatabank.org/vocab/prop/LeadershipVariable,https://data.cooperationdatabank.org/vocab/prop/leadershipAssignmentRule,Leadership assignment rule,https://data.cooperationdatabank.org/id/leadershipassignmentrule/volunteer,Volunteer,https://data.cooperationdatabank.org/vocab/prop/leadershipAssignmentRule,Leadership assignment rule,https://data.cooperationdatabank.org/id/leadershipassignmentrule/random_appointment,Random Appointment,https://data.cooperationdatabank.org/vocab/prop/studyRealPartner,Real partner,https://data.cooperationdatabank.org/id/studyrealpartner/1,Real,https://data.cooperationdatabank.org/id/dependentvariable/contributions,positive,test,2.0,positive,higher,2.0,0.0,0.0,1.0,1.0,"When comparing studies where leadership assignment rule is volunteer and studies where leadership assignment rule is random appointment, cooperation is significantly higher when real partner is real."
46424,https://data.cooperationdatabank.org/vocab/prop/LeadershipVariable,https://data.cooperationdatabank.org/vocab/prop/leadershipAssignmentRule,Leadership assignment rule,https://data.cooperationdatabank.org/id/leadershipassignmentrule/volunteer,Volunteer,https://data.cooperationdatabank.org/vocab/prop/leadershipAssignmentRule,Leadership assignment rule,https://data.cooperationdatabank.org/id/leadershipassignmentrule/random_appointment,Random Appointment,https://data.cooperationdatabank.org/vocab/prop/yearSource,Source of year of data collection,https://data.cooperationdatabank.org/id/yearsource/4,Received/Submitted,https://data.cooperationdatabank.org/id/dependentvariable/contributions,positive,test,2.0,positive,higher,2.0,0.0,0.0,1.0,1.0,"When comparing studies where leadership assignment rule is volunteer and studies where leadership assignment rule is random appointment, cooperation is significantly higher when source of year of data collection is submitted."
94,https://data.cooperationdatabank.org/vocab/prop/LeadershipVariable,https://data.cooperationdatabank.org/vocab/prop/leadershipAssignmentRule,Leadership assignment rule,https://data.cooperationdatabank.org/id/leadershipassignmentrule/authority,Authority,https://data.cooperationdatabank.org/vocab/prop/leadershipAssignmentRule,Leadership assignment rule,https://data.cooperationdatabank.org/id/leadershipassignmentrule/fixed,Fixed ,https://data.cooperationdatabank.org/vocab/prop/studyRealPartner,Real partner,https://data.cooperationdatabank.org/id/studyrealpartner/2,Deception,https://data.cooperationdatabank.org/id/dependentvariable/withdrawals,negative,test,0.0,negative,lower,0.0,1.0,0.0,0.0,1.0,"When comparing studies where leadership assignment rule is authority and studies where leadership assignment rule is fixed , cooperation is significantly lower when real partner is deception."
99,https://data.cooperationdatabank.org/vocab/prop/LeadershipVariable,https://data.cooperationdatabank.org/vocab/prop/leadershipAssignmentRule,Leadership assignment rule,https://data.cooperationdatabank.org/id/leadershipassignmentrule/authority,Authority,https://data.cooperationdatabank.org/vocab/prop/leadershipAssignmentRule,Leadership assignment rule,https://data.cooperationdatabank.org/id/leadershipassignmentrule/fixed,Fixed ,https://data.cooperationdatabank.org/vocab/prop/countrySource,Source of country or region,https://data.cooperationdatabank.org/id/countrysource/1,Specified country,https://data.cooperationdatabank.org/id/dependentvariable/withdrawals,noEffect,test,0.0,negative,lower,1.0,1.0,0.0,0.0,1.0,"When comparing studies where leadership assignment rule is authority and studies where leadership assignment rule is fixed , cooperation is significantly lower when source of country or region is specified country."
108,https://data.cooperationdatabank.org/vocab/prop/LeadershipVariable,https://data.cooperationdatabank.org/vocab/prop/leadershipAssignmentRule,Leadership assignment rule,https://data.cooperationdatabank.org/id/leadershipassignmentrule/authority,Authority,https://data.cooperationdatabank.org/vocab/prop/leadershipAssignmentRule,Leadership assignment rule,https://data.cooperationdatabank.org/id/leadershipassignmentrule/fixed,Fixed ,https://data.cooperationdatabank.org/vocab/prop/studyRealPartner,Real partner,https://data.cooperationdatabank.org/id/studyrealpartner/2,Deception,https://data.cooperationdatabank.org/id/dependentvariable/withdrawals,noEffect,test,0.0,negative,lower,1.0,1.0,0.0,0.0,1.0,"When comparing studies where leadership assignment rule is authority and studies where leadership assignment rule is fixed , cooperation is significantly lower when real partner is deception."
133,https://data.cooperationdatabank.org/vocab/prop/LeadershipVariable,https://data.cooperationdatabank.org/vocab/prop/leaderCharacteristic,Leader's characteristic,https://data.cooperationdatabank.org/id/leadercharacteristic/outgroup,Outgroup,https://data.cooperationdatabank.org/vocab/prop/leaderCharacteristic,Leader's characteristic,https://data.cooperationdatabank.org/id/leadercharacteristic/ingroup,Ingroup,https://data.cooperationdatabank.org/vocab/prop/studyGameIncentive,Game incentive,https://data.cooperationdatabank.org/id/studygameincentive/1,Monetary,https://data.cooperationdatabank.org/id/dependentvariable/withdrawals,positive,test,2.0,positive,higher,2.0,0.0,0.0,1.0,1.0,"When comparing studies where leader's characteristic is outgroup and studies where leader's characteristic is ingroup, cooperation is significantly higher when game incentive is monetary."
135,https://data.cooperationdatabank.org/vocab/prop/LeadershipVariable,https://data.cooperationdatabank.org/vocab/prop/leaderCharacteristic,Leader's characteristic,https://data.cooperationdatabank.org/id/leadercharacteristic/outgroup,Outgroup,https://data.cooperationdatabank.org/vocab/prop/leaderCharacteristic,Leader's characteristic,https://data.cooperationdatabank.org/id/leadercharacteristic/ingroup,Ingroup,https://data.cooperationdatabank.org/vocab/prop/studyOneShot,One-shot vs repeated,https://data.cooperationdatabank.org/id/studyoneshot/1,One-shot,https://data.cooperationdatabank.org/id/dependentvariable/withdrawals,positive,test,2.0,positive,higher,2.0,0.0,0.0,1.0,1.0,"When comparing studies where leader's characteristic is outgroup and studies where leader's characteristic is ingroup, cooperation is significantly higher when one-shot vs repeated is one-shot."
399,https://data.cooperationdatabank.org/vocab/prop/LeadershipVariable,https://data.cooperationdatabank.org/vocab/prop/leaderBehavior,Leader's behavior,https://data.cooperationdatabank.org/id/leaderbehavior/cooperative,Noncooperative,https://data.cooperationdatabank.org/vocab/prop/leaderBehavior,Leader's behavior,https://data.cooperationdatabank.org/id/leaderbehavior/noncooperative,Cooperative,https://data.cooperationdatabank.org/vocab/prop/studyContinuousPGG,Continuous vs step-level public goods,https://data.cooperationdatabank.org/id/studycontinuouspgg/2,Step-level,https://data.cooperationdatabank.org/id/dependentvariable/contributions,positive,test,2.0,positive,higher,2.0,0.17142857142857143,0.11428571428571428,0.7142857142857143,0.7142857142857143,"When comparing studies where leader's behavior is noncooperative and studies where leader's behavior is cooperative, cooperation is significantly higher when continuous vs step-level public goods is step-level."
630,https://data.cooperationdatabank.org/vocab/prop/LeadershipVariable,https://data.cooperationdatabank.org/vocab/prop/leaderBehavior,Leader's behavior,https://data.cooperationdatabank.org/id/leaderbehavior/cooperative,Cooperative,https://data.cooperationdatabank.org/vocab/prop/leaderBehavior,Leader's behavior,https://data.cooperationdatabank.org/id/leaderbehavior/noncooperative,Noncooperative,https://data.cooperationdatabank.org/vocab/prop/studyAcquaintance,Acquaintance,https://data.cooperationdatabank.org/id/studyacquaintance/0,Strangers,https://data.cooperationdatabank.org/id/dependentvariable/contributions,negative,test,2.0,positive,higher,0.0,0.17142857142857143,0.11428571428571428,0.7142857142857143,0.7142857142857143,"When comparing studies where leader's behavior is cooperative and studies where leader's behavior is noncooperative, cooperation is significantly higher when acquaintance is strangers."
1252,https://data.cooperationdatabank.org/vocab/prop/LeadershipVariable,https://data.cooperationdatabank.org/vocab/prop/leaderBehavior,Leader's behavior,https://data.cooperationdatabank.org/id/leaderbehavior/cooperative,Cooperative,https://data.cooperationdatabank.org/vocab/prop/leaderBehavior,Leader's behavior,https://data.cooperationdatabank.org/id/leaderbehavior/noncooperative,Noncooperative,https://data.cooperationdatabank.org/vocab/prop/studyContinuousPGG,Continuous vs step-level public goods,https://data.cooperationdatabank.org/id/studycontinuouspgg/2,Step-level,https://data.cooperationdatabank.org/id/dependentvariable/contributions,negative,test,2.0,positive,higher,0.0,0.17142857142857143,0.11428571428571428,0.7142857142857143,0.7142857142857143,"When comparing studies where leader's behavior is cooperative and studies where leader's behavior is noncooperative, cooperation is significantly higher when continuous vs step-level public goods is step-level."
1241,https://data.cooperationdatabank.org/vocab/prop/LeadershipVariable,https://data.cooperationdatabank.org/vocab/prop/leaderBehavior,Leader's behavior,https://data.cooperationdatabank.org/id/leaderbehavior/cooperative,Cooperative,https://data.cooperationdatabank.org/vocab/prop/leaderBehavior,Leader's behavior,https://data.cooperationdatabank.org/id/leaderbehavior/noncooperative,Noncooperative,https://data.cooperationdatabank.org/vocab/prop/discussion,Discussion,https://data.cooperationdatabank.org/id/discussion/0,Absent,https://data.cooperationdatabank.org/id/dependentvariable/contributions,negative,test,2.0,positive,higher,0.0,0.17142857142857143,0.11428571428571428,0.7142857142857143,0.7142857142857143,"When comparing studies where leader's behavior is cooperative and studies where leader's behavior is noncooperative, cooperation is significantly higher when discussion is absent."
634,https://data.cooperationdatabank.org/vocab/prop/LeadershipVariable,https://data.cooperationdatabank.org/vocab/prop/leaderBehavior,Leader's behavior,https://data.cooperationdatabank.org/id/leaderbehavior/cooperative,Cooperative,https://data.cooperationdatabank.org/vocab/prop/leaderBehavior,Leader's behavior,https://data.cooperationdatabank.org/id/leaderbehavior/noncooperative,Noncooperative,https://data.cooperationdatabank.org/vocab/prop/studyOneShot,One-shot vs repeated,https://data.cooperationdatabank.org/id/studyoneshot/0,Repeated,https://data.cooperationdatabank.org/id/dependentvariable/contributions,negative,test,2.0,positive,higher,0.0,0.17142857142857143,0.11428571428571428,0.7142857142857143,0.7142857142857143,"When comparing studies where leader's behavior is cooperative and studies where leader's behavior is noncooperative, cooperation is significantly higher when one-shot vs repeated is repeated."
1282,https://data.cooperationdatabank.org/vocab/prop/LeadershipVariable,https://data.cooperationdatabank.org/vocab/prop/leaderBehavior,Leader's behavior,https://data.cooperationdatabank.org/id/leaderbehavior/cooperative,Cooperative,https://data.cooperationdatabank.org/vocab/prop/leaderBehavior,Leader's behavior,https://data.cooperationdatabank.org/id/leaderbehavior/noncooperative,Noncooperative,https://data.cooperationdatabank.org/vocab/prop/studyContinuousPGG,Continuous vs step-level public goods,https://data.cooperationdatabank.org/id/studycontinuouspgg/2,Step-level,https://data.cooperationdatabank.org/id/dependentvariable/contributions,noEffect,test,2.0,positive,higher,1.0,0.17142857142857143,0.11428571428571428,0.7142857142857143,0.7142857142857143,"When comparing studies where leader's behavior is cooperative and studies where leader's behavior is noncooperative, cooperation is significantly higher when continuous vs step-level public goods is step-level."
8383,https://data.cooperationdatabank.org/vocab/prop/LeadershipVariable,https://data.cooperationdatabank.org/vocab/prop/leadershipRole,Leadership role,https://data.cooperationdatabank.org/id/leadershiprole/leader,Leader ,https://data.cooperationdatabank.org/vocab/prop/leadershipRole,Leadership role,https://data.cooperationdatabank.org/id/leadershiprole/follower,Follower,https://data.cooperationdatabank.org/vocab/prop/studyExperimentalSetting,Experimental setting,https://data.cooperationdatabank.org/id/studyexperimentalsetting/2,Lab,https://data.cooperationdatabank.org/id/dependentvariable/contributions,positive,test,2.0,positive,higher,2.0,0.0,0.373015873015873,0.626984126984127,0.626984126984127,"When comparing studies where leadership role is leader  and studies where leadership role is follower, cooperation is significantly higher when experimental setting is lab."
7514,https://data.cooperationdatabank.org/vocab/prop/LeadershipVariable,https://data.cooperationdatabank.org/vocab/prop/leadershipRole,Leadership role,https://data.cooperationdatabank.org/id/leadershiprole/leader,Leader ,https://data.cooperationdatabank.org/vocab/prop/leadershipRole,Leadership role,https://data.cooperationdatabank.org/id/leadershiprole/follower,Follower,https://data.cooperationdatabank.org/vocab/prop/studyRealPartner,Real partner,https://data.cooperationdatabank.org/id/studyrealpartner/1,Real,https://data.cooperationdatabank.org/id/dependentvariable/contributions,noEffect,test,2.0,positive,higher,1.0,0.0,0.373015873015873,0.626984126984127,0.626984126984127,"When comparing studies where leadership role is leader  and studies where leadership role is follower, cooperation is significantly higher when real partner is real."
8386,https://data.cooperationdatabank.org/vocab/prop/LeadershipVariable,https://data.cooperationdatabank.org/vocab/prop/leadershipRole,Leadership role,https://data.cooperationdatabank.org/id/leadershiprole/leader,Leader ,https://data.cooperationdatabank.org/vocab/prop/leadershipRole,Leadership role,https://data.cooperationdatabank.org/id/leadershiprole/follower,Follower,https://data.cooperationdatabank.org/vocab/prop/studyOneShot,One-shot vs repeated,https://data.cooperationdatabank.org/id/studyoneshot/0,Repeated,https://data.cooperationdatabank.org/id/dependentvariable/contributions,positive,test,2.0,positive,higher,2.0,0.0,0.373015873015873,0.626984126984127,0.626984126984127,"When comparing studies where leadership role is leader  and studies where leadership role is follower, cooperation is significantly higher when one-shot vs repeated is repeated."
17151,https://data.cooperationdatabank.org/vocab/prop/LeadershipVariable,https://data.cooperationdatabank.org/vocab/prop/leadershipRole,Leadership role,https://data.cooperationdatabank.org/id/leadershiprole/leader,Leader ,https://data.cooperationdatabank.org/vocab/prop/leadershipRole,Leadership role,https://data.cooperationdatabank.org/id/leadershiprole/follower,Follower,https://data.cooperationdatabank.org/vocab/prop/country,has country,https://data.cooperationdatabank.org/id/country/GBR,GBR,https://data.cooperationdatabank.org/id/dependentvariable/contributions,positive,test,2.0,positive,higher,2.0,0.0,0.373015873015873,0.626984126984127,0.626984126984127,"When comparing studies where leadership role is leader  and studies where leadership role is follower, cooperation is significantly higher when has country is gbr."
27273,https://data.cooperationdatabank.org/vocab/prop/LeadershipVariable,https://data.cooperationdatabank.org/vocab/prop/leadershipRole,Leadership role,https://data.cooperationdatabank.org/id/leadershiprole/leader,Leader ,https://data.cooperationdatabank.org/vocab/prop/leadershipRole,Leadership role,https://data.cooperationdatabank.org/id/leadershiprole/follower,Follower,https://data.cooperationdatabank.org/vocab/prop/yearSource,Source of year of data collection,https://data.cooperationdatabank.org/id/yearsource/1,Conducted,https://data.cooperationdatabank.org/id/dependentvariable/contributions,positive,test,2.0,positive,higher,2.0,0.0,0.373015873015873,0.626984126984127,0.626984126984127,"When comparing studies where leadership role is leader  and studies where leadership role is follower, cooperation is significantly higher when source of year of data collection is conducted."
27240,https://data.cooperationdatabank.org/vocab/prop/LeadershipVariable,https://data.cooperationdatabank.org/vocab/prop/leadershipRole,Leadership role,https://data.cooperationdatabank.org/id/leadershiprole/leader,Leader ,https://data.cooperationdatabank.org/vocab/prop/leadershipRole,Leadership role,https://data.cooperationdatabank.org/id/leadershiprole/follower,Follower,https://data.cooperationdatabank.org/vocab/prop/studyContinuousPGG,Continuous vs step-level public goods,https://data.cooperationdatabank.org/id/studycontinuouspgg/1,Continuous,https://data.cooperationdatabank.org/id/dependentvariable/contributions,positive,test,2.0,positive,higher,2.0,0.0,0.373015873015873,0.626984126984127,0.626984126984127,"When comparing studies where leadership role is leader  and studies where leadership role is follower, cooperation is significantly higher when continuous vs step-level public goods is continuous."
45417,https://data.cooperationdatabank.org/vocab/prop/LeadershipVariable,https://data.cooperationdatabank.org/vocab/prop/leadershipRole,Leadership role,https://data.cooperationdatabank.org/id/leadershiprole/leader,Leader ,https://data.cooperationdatabank.org/vocab/prop/leadershipRole,Leadership role,https://data.cooperationdatabank.org/id/leadershiprole/follower,Follower,https://data.cooperationdatabank.org/vocab/prop/studyExperimentalSetting,Experimental setting,https://data.cooperationdatabank.org/id/studyexperimentalsetting/5,Lab in the field,https://data.cooperationdatabank.org/id/dependentvariable/contributions,noEffect,test,2.0,positive,higher,1.0,0.0,0.373015873015873,0.626984126984127,0.626984126984127,"When comparing studies where leadership role is leader  and studies where leadership role is follower, cooperation is significantly higher when experimental setting is lab in the field."
45420,https://data.cooperationdatabank.org/vocab/prop/LeadershipVariable,https://data.cooperationdatabank.org/vocab/prop/leadershipRole,Leadership role,https://data.cooperationdatabank.org/id/leadershiprole/leader,Leader ,https://data.cooperationdatabank.org/vocab/prop/leadershipRole,Leadership role,https://data.cooperationdatabank.org/id/leadershiprole/follower,Follower,https://data.cooperationdatabank.org/vocab/prop/studyOneShot,One-shot vs repeated,https://data.cooperationdatabank.org/id/studyoneshot/1,One-shot,https://data.cooperationdatabank.org/id/dependentvariable/contributions,noEffect,test,2.0,positive,higher,1.0,0.0,0.373015873015873,0.626984126984127,0.626984126984127,"When comparing studies where leadership role is leader  and studies where leadership role is follower, cooperation is significantly higher when one-shot vs repeated is one-shot."
46255,https://data.cooperationdatabank.org/vocab/prop/LeadershipVariable,https://data.cooperationdatabank.org/vocab/prop/leadershipEndogenous,Endogenous leadership,https://data.cooperationdatabank.org/id/leadershipendogenous/exogenous,Exogenous,https://data.cooperationdatabank.org/vocab/prop/leadershipEndogenous,Endogenous leadership,https://data.cooperationdatabank.org/id/leadershipendogenous/endogenous,Endogenous,https://data.cooperationdatabank.org/vocab/prop/country,has country,https://data.cooperationdatabank.org/id/country/DEU,DEU,https://data.cooperationdatabank.org/id/dependentvariable/contributions,noEffect,test,0.0,negative,lower,1.0,0.6,0.0,0.4,0.6,"When comparing studies where endogenous leadership is exogenous and studies where endogenous leadership is endogenous, cooperation is significantly lower when has country is deu."
14286,https://data.cooperationdatabank.org/vocab/prop/LeadershipVariable,https://data.cooperationdatabank.org/vocab/prop/leadershipEndogenous,Endogenous leadership,https://data.cooperationdatabank.org/id/leadershipendogenous/exogenous,Endogenous,https://data.cooperationdatabank.org/vocab/prop/leadershipEndogenous,Endogenous leadership,https://data.cooperationdatabank.org/id/leadershipendogenous/endogenous,Exogenous,https://data.cooperationdatabank.org/vocab/prop/country,has country,https://data.cooperationdatabank.org/id/country/GBR,GBR,https://data.cooperationdatabank.org/id/dependentvariable/contributions,negative,test,0.0,negative,lower,0.0,0.6,0.0,0.4,0.6,"When comparing studies where endogenous leadership is endogenous and studies where endogenous leadership is exogenous, cooperation is significantly lower when has country is gbr."
7479,https://data.cooperationdatabank.org/vocab/prop/LeadershipVariable,https://data.cooperationdatabank.org/vocab/prop/leadershipAssignmentRule,Leadership assignment rule,https://data.cooperationdatabank.org/id/leadershipassignmentrule/random_appointment,Random Appointment,https://data.cooperationdatabank.org/vocab/prop/leadershipAssignmentRule,Leadership assignment rule,https://data.cooperationdatabank.org/id/leadershipassignmentrule/elected,Elected,https://data.cooperationdatabank.org/vocab/prop/studyAcademicDiscipline,Academic discipline,https://data.cooperationdatabank.org/id/studyacademicdiscipline/4,Mixed,https://data.cooperationdatabank.org/id/dependentvariable/contributions,noEffect,test,2.0,positive,higher,1.0,0.4444444444444444,0.0,0.5555555555555556,0.5555555555555556,"When comparing studies where leadership assignment rule is random appointment and studies where leadership assignment rule is elected, cooperation is significantly higher when academic discipline is mixed."
31894,https://data.cooperationdatabank.org/vocab/prop/LeadershipVariable,https://data.cooperationdatabank.org/vocab/prop/leadershipAssignmentRule,Leadership assignment rule,https://data.cooperationdatabank.org/id/leadershipassignmentrule/random_appointment,Random Appointment,https://data.cooperationdatabank.org/vocab/prop/leadershipAssignmentRule,Leadership assignment rule,https://data.cooperationdatabank.org/id/leadershipassignmentrule/elected,Elected,https://data.cooperationdatabank.org/vocab/prop/studyAcademicDiscipline,Academic discipline,https://data.cooperationdatabank.org/id/studyacademicdiscipline/4,Mixed,https://data.cooperationdatabank.org/id/dependentvariable/contributions,negative,test,2.0,positive,higher,0.0,0.4444444444444444,0.0,0.5555555555555556,0.5555555555555556,"When comparing studies where leadership assignment rule is random appointment and studies where leadership assignment rule is elected, cooperation is significantly higher when academic discipline is mixed."
7494,https://data.cooperationdatabank.org/vocab/prop/LeadershipVariable,https://data.cooperationdatabank.org/vocab/prop/leadershipEndogenous,Endogenous leadership,https://data.cooperationdatabank.org/id/leadershipendogenous/exogenous,Exogenous,https://data.cooperationdatabank.org/vocab/prop/leadershipEndogenous,Endogenous leadership,https://data.cooperationdatabank.org/id/leadershipendogenous/endogenous,Endogenous,https://data.cooperationdatabank.org/vocab/prop/studyRealPartner,Real partner,https://data.cooperationdatabank.org/id/studyrealpartner/1,Real,https://data.cooperationdatabank.org/id/dependentvariable/contributions,noEffect,test,0.0,negative,lower,1.0,0.5365853658536586,0.12195121951219512,0.34146341463414637,0.5365853658536586,"When comparing studies where endogenous leadership is exogenous and studies where endogenous leadership is endogenous, cooperation is significantly lower when real partner is real."
7492,https://data.cooperationdatabank.org/vocab/prop/LeadershipVariable,https://data.cooperationdatabank.org/vocab/prop/leadershipEndogenous,Endogenous leadership,https://data.cooperationdatabank.org/id/leadershipendogenous/exogenous,Exogenous,https://data.cooperationdatabank.org/vocab/prop/leadershipEndogenous,Endogenous leadership,https://data.cooperationdatabank.org/id/leadershipendogenous/endogenous,Endogenous,https://data.cooperationdatabank.org/vocab/prop/studyOneShot,One-shot vs repeated,https://data.cooperationdatabank.org/id/studyoneshot/0,Repeated,https://data.cooperationdatabank.org/id/dependentvariable/contributions,noEffect,test,0.0,negative,lower,1.0,0.5365853658536586,0.12195121951219512,0.34146341463414637,0.5365853658536586,"When comparing studies where endogenous leadership is exogenous and studies where endogenous leadership is endogenous, cooperation is significantly lower when one-shot vs repeated is repeated."
7476,https://data.cooperationdatabank.org/vocab/prop/LeadershipVariable,https://data.cooperationdatabank.org/vocab/prop/leadershipEndogenous,Endogenous leadership,https://data.cooperationdatabank.org/id/leadershipendogenous/exogenous,Exogenous,https://data.cooperationdatabank.org/vocab/prop/leadershipEndogenous,Endogenous leadership,https://data.cooperationdatabank.org/id/leadershipendogenous/endogenous,Endogenous,https://data.cooperationdatabank.org/vocab/prop/discussion,Discussion,https://data.cooperationdatabank.org/id/discussion/0,Absent,https://data.cooperationdatabank.org/id/dependentvariable/contributions,noEffect,test,0.0,negative,lower,1.0,0.5365853658536586,0.12195121951219512,0.34146341463414637,0.5365853658536586,"When comparing studies where endogenous leadership is exogenous and studies where endogenous leadership is endogenous, cooperation is significantly lower when discussion is absent."
46297,https://data.cooperationdatabank.org/vocab/prop/LeadershipVariable,https://data.cooperationdatabank.org/vocab/prop/leadershipEndogenous,Endogenous leadership,https://data.cooperationdatabank.org/id/leadershipendogenous/exogenous,Exogenous,https://data.cooperationdatabank.org/vocab/prop/leadershipEndogenous,Endogenous leadership,https://data.cooperationdatabank.org/id/leadershipendogenous/endogenous,Endogenous,https://data.cooperationdatabank.org/vocab/prop/studyContinuousPGG,Continuous vs step-level public goods,https://data.cooperationdatabank.org/id/studycontinuouspgg/1,Continuous,https://data.cooperationdatabank.org/id/dependentvariable/contributions,noEffect,test,0.0,negative,lower,1.0,0.5365853658536586,0.12195121951219512,0.34146341463414637,0.5365853658536586,"When comparing studies where endogenous leadership is exogenous and studies where endogenous leadership is endogenous, cooperation is significantly lower when continuous vs step-level public goods is continuous."
41007,https://data.cooperationdatabank.org/vocab/prop/LeadershipVariable,https://data.cooperationdatabank.org/vocab/prop/leadershipEndogenous,Endogenous leadership,https://data.cooperationdatabank.org/id/leadershipendogenous/exogenous,Endogenous,https://data.cooperationdatabank.org/vocab/prop/leadershipEndogenous,Endogenous leadership,https://data.cooperationdatabank.org/id/leadershipendogenous/endogenous,Exogenous,https://data.cooperationdatabank.org/vocab/prop/discussion,Discussion,https://data.cooperationdatabank.org/id/discussion/0,Absent,https://data.cooperationdatabank.org/id/dependentvariable/contributions,negative,test,0.0,negative,lower,0.0,0.5365853658536586,0.12195121951219512,0.34146341463414637,0.5365853658536586,"When comparing studies where endogenous leadership is endogenous and studies where endogenous leadership is exogenous, cooperation is significantly lower when discussion is absent."
629,https://data.cooperationdatabank.org/vocab/prop/LeadershipVariable,https://data.cooperationdatabank.org/vocab/prop/leaderBehavior,Leader's behavior,https://data.cooperationdatabank.org/id/leaderbehavior/cooperative,Cooperative,https://data.cooperationdatabank.org/vocab/prop/leaderBehavior,Leader's behavior,https://data.cooperationdatabank.org/id/leaderbehavior/noncooperative,Noncooperative,https://data.cooperationdatabank.org/vocab/prop/studyAcademicDiscipline,Academic discipline,https://data.cooperationdatabank.org/id/studyacademicdiscipline/4,Mixed,https://data.cooperationdatabank.org/id/dependentvariable/contributions,negative,test,0.0,negative,lower,0.0,0.5,0.5,0.0,0.5,"When comparing studies where leader's behavior is cooperative and studies where leader's behavior is noncooperative, cooperation is significantly lower when academic discipline is mixed."
88,https://data.cooperationdatabank.org/vocab/prop/LeadershipVariable,https://data.cooperationdatabank.org/vocab/prop/leadershipAssignmentRule,Leadership assignment rule,https://data.cooperationdatabank.org/id/leadershipassignmentrule/authority,Authority,https://data.cooperationdatabank.org/vocab/prop/leadershipAssignmentRule,Leadership assignment rule,https://data.cooperationdatabank.org/id/leadershipassignmentrule/fixed,Fixed ,https://data.cooperationdatabank.org/vocab/prop/studyAcquaintance,Acquaintance,https://data.cooperationdatabank.org/id/studyacquaintance/0,Strangers,https://data.cooperationdatabank.org/id/dependentvariable/withdrawals,negative,test,0.0,negative,lower,0.0,0.5,0.5,0.0,0.5,"When comparing studies where leadership assignment rule is authority and studies where leadership assignment rule is fixed , cooperation is significantly lower when acquaintance is strangers."
46300,https://data.cooperationdatabank.org/vocab/prop/LeadershipVariable,https://data.cooperationdatabank.org/vocab/prop/leadershipEndogenous,Endogenous leadership,https://data.cooperationdatabank.org/id/leadershipendogenous/exogenous,Exogenous,https://data.cooperationdatabank.org/vocab/prop/leadershipEndogenous,Endogenous leadership,https://data.cooperationdatabank.org/id/leadershipendogenous/endogenous,Endogenous,https://data.cooperationdatabank.org/vocab/prop/studyShowUpFee,Show-up fee,https://data.cooperationdatabank.org/id/studyshowupfee/1,Paid,https://data.cooperationdatabank.org/id/dependentvariable/contributions,noEffect,test,0.0,negative,lower,1.0,0.5,0.0,0.5,0.5,"When comparing studies where endogenous leadership is exogenous and studies where endogenous leadership is endogenous, cooperation is significantly lower when show-up fee is paid."
31871,https://data.cooperationdatabank.org/vocab/prop/LeadershipVariable,https://data.cooperationdatabank.org/vocab/prop/leadershipEndogenous,Endogenous leadership,https://data.cooperationdatabank.org/id/leadershipendogenous/exogenous,Exogenous,https://data.cooperationdatabank.org/vocab/prop/leadershipEndogenous,Endogenous leadership,https://data.cooperationdatabank.org/id/leadershipendogenous/endogenous,Endogenous,https://data.cooperationdatabank.org/vocab/prop/studyShowUpFee,Show-up fee,https://data.cooperationdatabank.org/id/studyshowupfee/1,Paid,https://data.cooperationdatabank.org/id/dependentvariable/contributions,negative,test,0.0,negative,lower,0.0,0.5,0.0,0.5,0.5,"When comparing studies where endogenous leadership is exogenous and studies where endogenous leadership is endogenous, cooperation is significantly lower when show-up fee is paid."
417,https://data.cooperationdatabank.org/vocab/prop/LeadershipVariable,https://data.cooperationdatabank.org/vocab/prop/leaderBehavior,Leader's behavior,https://data.cooperationdatabank.org/id/leaderbehavior/cooperative,Noncooperative,https://data.cooperationdatabank.org/vocab/prop/leaderBehavior,Leader's behavior,https://data.cooperationdatabank.org/id/leaderbehavior/noncooperative,Cooperative,https://data.cooperationdatabank.org/vocab/prop/countrySource,Source of country or region,https://data.cooperationdatabank.org/id/countrysource/1,Specified country,https://data.cooperationdatabank.org/id/dependentvariable/contributions,positive,test,2.0,positive,higher,2.0,0.3076923076923077,0.23076923076923078,0.46153846153846156,0.46153846153846156,"When comparing studies where leader's behavior is noncooperative and studies where leader's behavior is cooperative, cooperation is significantly higher when source of country or region is specified country."
402,https://data.cooperationdatabank.org/vocab/prop/LeadershipVariable,https://data.cooperationdatabank.org/vocab/prop/leaderBehavior,Leader's behavior,https://data.cooperationdatabank.org/id/leaderbehavior/cooperative,Noncooperative,https://data.cooperationdatabank.org/vocab/prop/leaderBehavior,Leader's behavior,https://data.cooperationdatabank.org/id/leaderbehavior/noncooperative,Cooperative,https://data.cooperationdatabank.org/vocab/prop/countrySource,Source of country or region,https://data.cooperationdatabank.org/id/countrysource/1,Specified country,https://data.cooperationdatabank.org/id/dependentvariable/contributions,positive,test,2.0,positive,higher,2.0,0.3076923076923077,0.23076923076923078,0.46153846153846156,0.46153846153846156,"When comparing studies where leader's behavior is noncooperative and studies where leader's behavior is cooperative, cooperation is significantly higher when source of country or region is specified country."
14055,https://data.cooperationdatabank.org/vocab/prop/LeadershipVariable,https://data.cooperationdatabank.org/vocab/prop/leaderBehavior,Leader's behavior,https://data.cooperationdatabank.org/id/leaderbehavior/cooperative,Cooperative,https://data.cooperationdatabank.org/vocab/prop/leaderBehavior,Leader's behavior,https://data.cooperationdatabank.org/id/leaderbehavior/noncooperative,Noncooperative,https://data.cooperationdatabank.org/vocab/prop/studyTrialOfCooperation,Trial of cooperation,https://data.cooperationdatabank.org/id/studytrialofcooperation/1,All trials,https://data.cooperationdatabank.org/id/dependentvariable/contributions,positive,test,2.0,positive,higher,2.0,0.3076923076923077,0.23076923076923078,0.46153846153846156,0.46153846153846156,"When comparing studies where leader's behavior is cooperative and studies where leader's behavior is noncooperative, cooperation is significantly higher when trial of cooperation is all trials."
392,https://data.cooperationdatabank.org/vocab/prop/LeadershipVariable,https://data.cooperationdatabank.org/vocab/prop/leaderBehavior,Leader's behavior,https://data.cooperationdatabank.org/id/leaderbehavior/cooperative,Noncooperative,https://data.cooperationdatabank.org/vocab/prop/leaderBehavior,Leader's behavior,https://data.cooperationdatabank.org/id/leaderbehavior/noncooperative,Cooperative,https://data.cooperationdatabank.org/vocab/prop/studyExperimentalSetting,Experimental setting,https://data.cooperationdatabank.org/id/studyexperimentalsetting/2,Lab,https://data.cooperationdatabank.org/id/dependentvariable/contributions,positive,test,2.0,positive,higher,2.0,0.3076923076923077,0.23076923076923078,0.46153846153846156,0.46153846153846156,"When comparing studies where leader's behavior is noncooperative and studies where leader's behavior is cooperative, cooperation is significantly higher when experimental setting is lab."
14050,https://data.cooperationdatabank.org/vocab/prop/LeadershipVariable,https://data.cooperationdatabank.org/vocab/prop/leaderBehavior,Leader's behavior,https://data.cooperationdatabank.org/id/leaderbehavior/cooperative,Cooperative,https://data.cooperationdatabank.org/vocab/prop/leaderBehavior,Leader's behavior,https://data.cooperationdatabank.org/id/leaderbehavior/noncooperative,Noncooperative,https://data.cooperationdatabank.org/vocab/prop/studyExperimentalSetting,Experimental setting,https://data.cooperationdatabank.org/id/studyexperimentalsetting/2,Lab,https://data.cooperationdatabank.org/id/dependentvariable/contributions,positive,test,2.0,positive,higher,2.0,0.3076923076923077,0.23076923076923078,0.46153846153846156,0.46153846153846156,"When comparing studies where leader's behavior is cooperative and studies where leader's behavior is noncooperative, cooperation is significantly higher when experimental setting is lab."
1239,https://data.cooperationdatabank.org/vocab/prop/LeadershipVariable,https://data.cooperationdatabank.org/vocab/prop/leaderBehavior,Leader's behavior,https://data.cooperationdatabank.org/id/leaderbehavior/cooperative,Cooperative,https://data.cooperationdatabank.org/vocab/prop/leaderBehavior,Leader's behavior,https://data.cooperationdatabank.org/id/leaderbehavior/noncooperative,Noncooperative,https://data.cooperationdatabank.org/vocab/prop/country,has country,https://data.cooperationdatabank.org/id/country/CHN,CHN,https://data.cooperationdatabank.org/id/dependentvariable/contributions,negative,test,2.0,positive,higher,0.0,0.3076923076923077,0.23076923076923078,0.46153846153846156,0.46153846153846156,"When comparing studies where leader's behavior is cooperative and studies where leader's behavior is noncooperative, cooperation is significantly higher when has country is chn."
31869,https://data.cooperationdatabank.org/vocab/prop/LeadershipVariable,https://data.cooperationdatabank.org/vocab/prop/leadershipAssignmentRule,Leadership assignment rule,https://data.cooperationdatabank.org/id/leadershipassignmentrule/random_appointment,Random Appointment,https://data.cooperationdatabank.org/vocab/prop/leadershipAssignmentRule,Leadership assignment rule,https://data.cooperationdatabank.org/id/leadershipassignmentrule/elected,Elected,https://data.cooperationdatabank.org/vocab/prop/studyShowUpFee,Show-up fee,https://data.cooperationdatabank.org/id/studyshowupfee/1,Paid,https://data.cooperationdatabank.org/id/dependentvariable/contributions,negative,test,2.0,positive,higher,0.0,0.29292929292929293,0.25252525252525254,0.45454545454545453,0.45454545454545453,"When comparing studies where leadership assignment rule is random appointment and studies where leadership assignment rule is elected, cooperation is significantly higher when show-up fee is paid."
31855,https://data.cooperationdatabank.org/vocab/prop/LeadershipVariable,https://data.cooperationdatabank.org/vocab/prop/leadershipAssignmentRule,Leadership assignment rule,https://data.cooperationdatabank.org/id/leadershipassignmentrule/random_appointment,Elected,https://data.cooperationdatabank.org/vocab/prop/leadershipAssignmentRule,Leadership assignment rule,https://data.cooperationdatabank.org/id/leadershipassignmentrule/elected,Random Appointment,https://data.cooperationdatabank.org/vocab/prop/studyTrialOfCooperation,Trial of cooperation,https://data.cooperationdatabank.org/id/studytrialofcooperation/1,All trials,https://data.cooperationdatabank.org/id/dependentvariable/contributions,positive,test,2.0,positive,higher,2.0,0.29292929292929293,0.25252525252525254,0.45454545454545453,0.45454545454545453,"When comparing studies where leadership assignment rule is elected and studies where leadership assignment rule is random appointment, cooperation is significantly higher when trial of cooperation is all trials."
31850,https://data.cooperationdatabank.org/vocab/prop/LeadershipVariable,https://data.cooperationdatabank.org/vocab/prop/leadershipAssignmentRule,Leadership assignment rule,https://data.cooperationdatabank.org/id/leadershipassignmentrule/random_appointment,Elected,https://data.cooperationdatabank.org/vocab/prop/leadershipAssignmentRule,Leadership assignment rule,https://data.cooperationdatabank.org/id/leadershipassignmentrule/elected,Random Appointment,https://data.cooperationdatabank.org/vocab/prop/studyRealPartner,Real partner,https://data.cooperationdatabank.org/id/studyrealpartner/1,Real,https://data.cooperationdatabank.org/id/dependentvariable/contributions,positive,test,2.0,positive,higher,2.0,0.29292929292929293,0.25252525252525254,0.45454545454545453,0.45454545454545453,"When comparing studies where leadership assignment rule is elected and studies where leadership assignment rule is random appointment, cooperation is significantly higher when real partner is real."
27199,https://data.cooperationdatabank.org/vocab/prop/LeadershipVariable,https://data.cooperationdatabank.org/vocab/prop/leadershipAssignmentRule,Leadership assignment rule,https://data.cooperationdatabank.org/id/leadershipassignmentrule/random_appointment,Random Appointment,https://data.cooperationdatabank.org/vocab/prop/leadershipAssignmentRule,Leadership assignment rule,https://data.cooperationdatabank.org/id/leadershipassignmentrule/authority,Authority,https://data.cooperationdatabank.org/vocab/prop/studyContinuousPGG,Continuous vs step-level public goods,https://data.cooperationdatabank.org/id/studycontinuouspgg/1,Continuous,https://data.cooperationdatabank.org/id/dependentvariable/contributions,noEffect,test,0.0,negative,lower,1.0,0.43037974683544306,0.3227848101265823,0.2468354430379747,0.43037974683544306,"When comparing studies where leadership assignment rule is random appointment and studies where leadership assignment rule is authority, cooperation is significantly lower when continuous vs step-level public goods is continuous."
27238,https://data.cooperationdatabank.org/vocab/prop/LeadershipVariable,https://data.cooperationdatabank.org/vocab/prop/leadershipAssignmentRule,Leadership assignment rule,https://data.cooperationdatabank.org/id/leadershipassignmentrule/random_appointment,Authority,https://data.cooperationdatabank.org/vocab/prop/leadershipAssignmentRule,Leadership assignment rule,https://data.cooperationdatabank.org/id/leadershipassignmentrule/authority,Random Appointment,https://data.cooperationdatabank.org/vocab/prop/studyContinuousPGG,Continuous vs step-level public goods,https://data.cooperationdatabank.org/id/studycontinuouspgg/1,Continuous,https://data.cooperationdatabank.org/id/dependentvariable/contributions,negative,test,0.0,negative,lower,0.0,0.43037974683544306,0.3227848101265823,0.2468354430379747,0.43037974683544306,"When comparing studies where leadership assignment rule is authority and studies where leadership assignment rule is random appointment, cooperation is significantly lower when continuous vs step-level public goods is continuous."
31841,https://data.cooperationdatabank.org/vocab/prop/LeadershipVariable,https://data.cooperationdatabank.org/vocab/prop/leadershipEndogenous,Endogenous leadership,https://data.cooperationdatabank.org/id/leadershipendogenous/exogenous,Exogenous,https://data.cooperationdatabank.org/vocab/prop/leadershipEndogenous,Endogenous leadership,https://data.cooperationdatabank.org/id/leadershipendogenous/endogenous,Endogenous,https://data.cooperationdatabank.org/vocab/prop/studyMatchingProtocol,Matching,https://data.cooperationdatabank.org/id/studymatchingprotocol/2,Partner,https://data.cooperationdatabank.org/id/dependentvariable/contributions,negative,test,0.0,negative,lower,0.0,0.42857142857142855,0.2857142857142857,0.2857142857142857,0.42857142857142855,"When comparing studies where endogenous leadership is exogenous and studies where endogenous leadership is endogenous, cooperation is significantly lower when matching is partner."
46367,https://data.cooperationdatabank.org/vocab/prop/LeadershipVariable,https://data.cooperationdatabank.org/vocab/prop/leadershipEndogenous,Endogenous leadership,https://data.cooperationdatabank.org/id/leadershipendogenous/exogenous,Exogenous,https://data.cooperationdatabank.org/vocab/prop/leadershipEndogenous,Endogenous leadership,https://data.cooperationdatabank.org/id/leadershipendogenous/endogenous,Endogenous,https://data.cooperationdatabank.org/vocab/prop/studyGameIncentive,Game incentive,https://data.cooperationdatabank.org/id/studygameincentive/1,Monetary,https://data.cooperationdatabank.org/id/dependentvariable/contributions,positive,test,0.0,negative,lower,2.0,0.42857142857142855,0.2857142857142857,0.2857142857142857,0.42857142857142855,"When comparing studies where endogenous leadership is exogenous and studies where endogenous leadership is endogenous, cooperation is significantly lower when game incentive is monetary."
46415,https://data.cooperationdatabank.org/vocab/prop/LeadershipVariable,https://data.cooperationdatabank.org/vocab/prop/leadershipEndogenous,Endogenous leadership,https://data.cooperationdatabank.org/id/leadershipendogenous/exogenous,Endogenous,https://data.cooperationdatabank.org/vocab/prop/leadershipEndogenous,Endogenous leadership,https://data.cooperationdatabank.org/id/leadershipendogenous/endogenous,Exogenous,https://data.cooperationdatabank.org/vocab/prop/studyGameIncentive,Game incentive,https://data.cooperationdatabank.org/id/studygameincentive/1,Monetary,https://data.cooperationdatabank.org/id/dependentvariable/contributions,negative,test,0.0,negative,lower,0.0,0.42857142857142855,0.2857142857142857,0.2857142857142857,0.42857142857142855,"When comparing studies where endogenous leadership is endogenous and studies where endogenous leadership is exogenous, cooperation is significantly lower when game incentive is monetary."
41019,https://data.cooperationdatabank.org/vocab/prop/LeadershipVariable,https://data.cooperationdatabank.org/vocab/prop/leadershipEndogenous,Endogenous leadership,https://data.cooperationdatabank.org/id/leadershipendogenous/exogenous,Endogenous,https://data.cooperationdatabank.org/vocab/prop/leadershipEndogenous,Endogenous leadership,https://data.cooperationdatabank.org/id/leadershipendogenous/endogenous,Exogenous,https://data.cooperationdatabank.org/vocab/prop/studyMatchingProtocol,Matching,https://data.cooperationdatabank.org/id/studymatchingprotocol/2,Partner,https://data.cooperationdatabank.org/id/dependentvariable/contributions,negative,test,0.0,negative,lower,0.0,0.42857142857142855,0.2857142857142857,0.2857142857142857,0.42857142857142855,"When comparing studies where endogenous leadership is endogenous and studies where endogenous leadership is exogenous, cooperation is significantly lower when matching is partner."
48301,https://data.cooperationdatabank.org/vocab/prop/LeadershipVariable,https://data.cooperationdatabank.org/vocab/prop/leaderCharacteristic,Leader's characteristic,https://data.cooperationdatabank.org/id/leadercharacteristic/male,Female,https://data.cooperationdatabank.org/vocab/prop/leaderCharacteristic,Leader's characteristic,https://data.cooperationdatabank.org/id/leadercharacteristic/female,Male,https://data.cooperationdatabank.org/vocab/prop/studyOneShot,One-shot vs repeated,https://data.cooperationdatabank.org/id/studyoneshot/1,One-shot,https://data.cooperationdatabank.org/id/dependentvariable/contributions,positive,test,2.0,positive,higher,2.0,0.3468667255075022,0.2506619593998235,0.4024713150926743,0.4024713150926743,"When comparing studies where leader's characteristic is female and studies where leader's characteristic is male, cooperation is significantly higher when one-shot vs repeated is one-shot."
48271,https://data.cooperationdatabank.org/vocab/prop/LeadershipVariable,https://data.cooperationdatabank.org/vocab/prop/leaderCharacteristic,Leader's characteristic,https://data.cooperationdatabank.org/id/leadercharacteristic/male,Female,https://data.cooperationdatabank.org/vocab/prop/leaderCharacteristic,Leader's characteristic,https://data.cooperationdatabank.org/id/leadercharacteristic/female,Male,https://data.cooperationdatabank.org/vocab/prop/studyOneShot,One-shot vs repeated,https://data.cooperationdatabank.org/id/studyoneshot/1,One-shot,https://data.cooperationdatabank.org/id/dependentvariable/contributions,positive,test,2.0,positive,higher,2.0,0.3468667255075022,0.2506619593998235,0.4024713150926743,0.4024713150926743,"When comparing studies where leader's characteristic is female and studies where leader's characteristic is male, cooperation is significantly higher when one-shot vs repeated is one-shot."
48261,https://data.cooperationdatabank.org/vocab/prop/LeadershipVariable,https://data.cooperationdatabank.org/vocab/prop/leaderCharacteristic,Leader's characteristic,https://data.cooperationdatabank.org/id/leadercharacteristic/male,Male,https://data.cooperationdatabank.org/vocab/prop/leaderCharacteristic,Leader's characteristic,https://data.cooperationdatabank.org/id/leadercharacteristic/female,Female,https://data.cooperationdatabank.org/vocab/prop/studyShowUpFee,Show-up fee,https://data.cooperationdatabank.org/id/studyshowupfee/1,Paid,https://data.cooperationdatabank.org/id/dependentvariable/contributions,noEffect,test,2.0,positive,higher,1.0,0.3468667255075022,0.2506619593998235,0.4024713150926743,0.4024713150926743,"When comparing studies where leader's characteristic is male and studies where leader's characteristic is female, cooperation is significantly higher when show-up fee is paid."
48272,https://data.cooperationdatabank.org/vocab/prop/LeadershipVariable,https://data.cooperationdatabank.org/vocab/prop/leaderCharacteristic,Leader's characteristic,https://data.cooperationdatabank.org/id/leadercharacteristic/male,Female,https://data.cooperationdatabank.org/vocab/prop/leaderCharacteristic,Leader's characteristic,https://data.cooperationdatabank.org/id/leadercharacteristic/female,Male,https://data.cooperationdatabank.org/vocab/prop/studyRealPartner,Real partner,https://data.cooperationdatabank.org/id/studyrealpartner/2,Deception,https://data.cooperationdatabank.org/id/dependentvariable/contributions,positive,test,2.0,positive,higher,2.0,0.3468667255075022,0.2506619593998235,0.4024713150926743,0.4024713150926743,"When comparing studies where leader's characteristic is female and studies where leader's characteristic is male, cooperation is significantly higher when real partner is deception."
31839,https://data.cooperationdatabank.org/vocab/prop/LeadershipVariable,https://data.cooperationdatabank.org/vocab/prop/leadershipAssignmentRule,Leadership assignment rule,https://data.cooperationdatabank.org/id/leadershipassignmentrule/random_appointment,Random Appointment,https://data.cooperationdatabank.org/vocab/prop/leadershipAssignmentRule,Leadership assignment rule,https://data.cooperationdatabank.org/id/leadershipassignmentrule/elected,Elected,https://data.cooperationdatabank.org/vocab/prop/studyMatchingProtocol,Matching,https://data.cooperationdatabank.org/id/studymatchingprotocol/2,Partner,https://data.cooperationdatabank.org/id/dependentvariable/contributions,negative,test,0.0,negative,lower,0.0,0.391304347826087,0.2391304347826087,0.3695652173913043,0.391304347826087,"When comparing studies where leadership assignment rule is random appointment and studies where leadership assignment rule is elected, cooperation is significantly lower when matching is partner."
31914,https://data.cooperationdatabank.org/vocab/prop/LeadershipVariable,https://data.cooperationdatabank.org/vocab/prop/leadershipAssignmentRule,Leadership assignment rule,https://data.cooperationdatabank.org/id/leadershipassignmentrule/random_appointment,Random Appointment,https://data.cooperationdatabank.org/vocab/prop/leadershipAssignmentRule,Leadership assignment rule,https://data.cooperationdatabank.org/id/leadershipassignmentrule/elected,Elected,https://data.cooperationdatabank.org/vocab/prop/studyGameIncentive,Game incentive,https://data.cooperationdatabank.org/id/studygameincentive/1,Monetary,https://data.cooperationdatabank.org/id/dependentvariable/contributions,negative,test,0.0,negative,lower,0.0,0.391304347826087,0.2391304347826087,0.3695652173913043,0.391304347826087,"When comparing studies where leadership assignment rule is random appointment and studies where leadership assignment rule is elected, cooperation is significantly lower when game incentive is monetary."
46405,https://data.cooperationdatabank.org/vocab/prop/LeadershipVariable,https://data.cooperationdatabank.org/vocab/prop/leadershipEndogenous,Endogenous leadership,https://data.cooperationdatabank.org/id/leadershipendogenous/exogenous,Endogenous,https://data.cooperationdatabank.org/vocab/prop/leadershipEndogenous,Endogenous leadership,https://data.cooperationdatabank.org/id/leadershipendogenous/endogenous,Exogenous,https://data.cooperationdatabank.org/vocab/prop/publicationStatus,Published,https://data.cooperationdatabank.org/id/publicationstatus/1,Published Article,https://data.cooperationdatabank.org/id/dependentvariable/contributions,negative,test,0.0,negative,lower,0.0,0.375,0.25,0.375,0.375,"When comparing studies where endogenous leadership is endogenous and studies where endogenous leadership is exogenous, cooperation is significantly lower when published is published article."
