,giv_prop,iv,iv_label,cat_t1,cat_t1_label,iv.1,iv_label.1,cat_t2,cat_t2_label,mod,mod_label,mod_val,mod_val_label,dependent,effect,td,pred_num,pred_readable,comparative,pred_true,score_0,score_1,score_2,max_score,hypothesis
17239,https://data.cooperationdatabank.org/vocab/prop/MatchingVariable,https://data.cooperationdatabank.org/vocab/prop/matching,Matching,https://data.cooperationdatabank.org/id/matching/stranger,Partner,https://data.cooperationdatabank.org/vocab/prop/matching,Matching,https://data.cooperationdatabank.org/id/matching/partner,Stranger,https://data.cooperationdatabank.org/vocab/prop/yearSource,Source of year of data collection,https://data.cooperationdatabank.org/id/yearsource/4,Received/Submitted,https://data.cooperationdatabank.org/id/dependentvariable/cooperation,negative,test,0.0,negative,lower,0.0,1.0,0.0,0.0,1.0,"When comparing studies where matching is partner and studies where matching is stranger, cooperation is significantly lower when source of year of data collection is submitted."
17237,https://data.cooperationdatabank.org/vocab/prop/MatchingVariable,https://data.cooperationdatabank.org/vocab/prop/matching,Matching,https://data.cooperationdatabank.org/id/matching/stranger,Partner,https://data.cooperationdatabank.org/vocab/prop/matching,Matching,https://data.cooperationdatabank.org/id/matching/partner,Stranger,https://data.cooperationdatabank.org/vocab/prop/studyOneShot,One-shot vs repeated,https://data.cooperationdatabank.org/id/studyoneshot/0,Repeated,https://data.cooperationdatabank.org/id/dependentvariable/cooperation,negative,test,0.0,negative,lower,0.0,1.0,0.0,0.0,1.0,"When comparing studies where matching is partner and studies where matching is stranger, cooperation is significantly lower when one-shot vs repeated is repeated."
17235,https://data.cooperationdatabank.org/vocab/prop/MatchingVariable,https://data.cooperationdatabank.org/vocab/prop/matching,Matching,https://data.cooperationdatabank.org/id/matching/stranger,Partner,https://data.cooperationdatabank.org/vocab/prop/matching,Matching,https://data.cooperationdatabank.org/id/matching/partner,Stranger,https://data.cooperationdatabank.org/vocab/prop/studyMatchingProtocol,Matching,https://data.cooperationdatabank.org/id/studymatchingprotocol/1,Stranger,https://data.cooperationdatabank.org/id/dependentvariable/cooperation,negative,test,0.0,negative,lower,0.0,1.0,0.0,0.0,1.0,"When comparing studies where matching is partner and studies where matching is stranger, cooperation is significantly lower when matching is stranger."
17213,https://data.cooperationdatabank.org/vocab/prop/MatchingVariable,https://data.cooperationdatabank.org/vocab/prop/matching,Matching,https://data.cooperationdatabank.org/id/matching/stranger,Partner,https://data.cooperationdatabank.org/vocab/prop/matching,Matching,https://data.cooperationdatabank.org/id/matching/partner,Stranger,https://data.cooperationdatabank.org/vocab/prop/countrySource,Source of country or region,https://data.cooperationdatabank.org/id/countrysource/1,Specified country,https://data.cooperationdatabank.org/id/dependentvariable/cooperation,negative,test,0.0,negative,lower,0.0,1.0,0.0,0.0,1.0,"When comparing studies where matching is partner and studies where matching is stranger, cooperation is significantly lower when source of country or region is specified country."
27543,https://data.cooperationdatabank.org/vocab/prop/MatchingVariable,https://data.cooperationdatabank.org/vocab/prop/partnerChoice,Partner choice,https://data.cooperationdatabank.org/id/partnerchoice/exogenous,Endogenous,https://data.cooperationdatabank.org/vocab/prop/partnerChoice,Partner choice,https://data.cooperationdatabank.org/id/partnerchoice/endogenous,Exogenous,https://data.cooperationdatabank.org/vocab/prop/yearSource,Source of year of data collection,https://data.cooperationdatabank.org/id/yearsource/3,Working paper published,https://data.cooperationdatabank.org/id/dependentvariable/contributions,negative,test,0.0,negative,lower,0.0,1.0,0.0,0.0,1.0,"When comparing studies where partner choice is endogenous and studies where partner choice is exogenous, cooperation is significantly lower when source of year of data collection is working paper published."
27484,https://data.cooperationdatabank.org/vocab/prop/MatchingVariable,https://data.cooperationdatabank.org/vocab/prop/matching,Matching,https://data.cooperationdatabank.org/id/matching/partner,Partner,https://data.cooperationdatabank.org/vocab/prop/matching,Matching,https://data.cooperationdatabank.org/id/matching/partner's_choice,Partner's choice,https://data.cooperationdatabank.org/vocab/prop/studyRealPartner,Real partner,https://data.cooperationdatabank.org/id/studyrealpartner/1,Real,https://data.cooperationdatabank.org/id/dependentvariable/contributions,negative,test,0.0,negative,lower,0.0,1.0,0.0,0.0,1.0,"When comparing studies where matching is partner and studies where matching is partner's choice, cooperation is significantly lower when real partner is real."
27489,https://data.cooperationdatabank.org/vocab/prop/MatchingVariable,https://data.cooperationdatabank.org/vocab/prop/partnerChoice,Partner choice,https://data.cooperationdatabank.org/id/partnerchoice/exogenous,Exogenous,https://data.cooperationdatabank.org/vocab/prop/partnerChoice,Partner choice,https://data.cooperationdatabank.org/id/partnerchoice/endogenous,Endogenous,https://data.cooperationdatabank.org/vocab/prop/recruitmentMethod,Recruitment method,https://data.cooperationdatabank.org/id/recruitmentmethod/3,Other,https://data.cooperationdatabank.org/id/dependentvariable/contributions,negative,test,0.0,negative,lower,0.0,1.0,0.0,0.0,1.0,"When comparing studies where partner choice is exogenous and studies where partner choice is endogenous, cooperation is significantly lower when recruitment method is other."
27510,https://data.cooperationdatabank.org/vocab/prop/MatchingVariable,https://data.cooperationdatabank.org/vocab/prop/matching,Matching,https://data.cooperationdatabank.org/id/matching/partner,Partner's choice,https://data.cooperationdatabank.org/vocab/prop/matching,Matching,https://data.cooperationdatabank.org/id/matching/partner's_choice,Partner,https://data.cooperationdatabank.org/vocab/prop/studyOneShot,One-shot vs repeated,https://data.cooperationdatabank.org/id/studyoneshot/0,Repeated,https://data.cooperationdatabank.org/id/dependentvariable/contributions,negative,test,0.0,negative,lower,0.0,1.0,0.0,0.0,1.0,"When comparing studies where matching is partner's choice and studies where matching is partner, cooperation is significantly lower when one-shot vs repeated is repeated."
17247,https://data.cooperationdatabank.org/vocab/prop/MatchingVariable,https://data.cooperationdatabank.org/vocab/prop/matching,Matching,https://data.cooperationdatabank.org/id/matching/stranger,Partner,https://data.cooperationdatabank.org/vocab/prop/matching,Matching,https://data.cooperationdatabank.org/id/matching/partner,Stranger,https://data.cooperationdatabank.org/vocab/prop/studyDilemmaType,Game type,https://data.cooperationdatabank.org/id/studydilemmatype/1,Prisoner's Dilemma Game,https://data.cooperationdatabank.org/id/dependentvariable/cooperation,negative,test,0.0,negative,lower,0.0,1.0,0.0,0.0,1.0,"When comparing studies where matching is partner and studies where matching is stranger, cooperation is significantly lower when game type is prisoner's dilemma game."
17242,https://data.cooperationdatabank.org/vocab/prop/MatchingVariable,https://data.cooperationdatabank.org/vocab/prop/matching,Matching,https://data.cooperationdatabank.org/id/matching/stranger,Partner,https://data.cooperationdatabank.org/vocab/prop/matching,Matching,https://data.cooperationdatabank.org/id/matching/partner,Stranger,https://data.cooperationdatabank.org/vocab/prop/country,has country,https://data.cooperationdatabank.org/id/country/USA,USA,https://data.cooperationdatabank.org/id/dependentvariable/cooperation,negative,test,0.0,negative,lower,0.0,1.0,0.0,0.0,1.0,"When comparing studies where matching is partner and studies where matching is stranger, cooperation is significantly lower when has country is usa."
17258,https://data.cooperationdatabank.org/vocab/prop/MatchingVariable,https://data.cooperationdatabank.org/vocab/prop/matching,Matching,https://data.cooperationdatabank.org/id/matching/stranger,Stranger,https://data.cooperationdatabank.org/vocab/prop/matching,Matching,https://data.cooperationdatabank.org/id/matching/partner,Partner,https://data.cooperationdatabank.org/vocab/prop/countrySource,Source of country or region,https://data.cooperationdatabank.org/id/countrysource/1,Specified country,https://data.cooperationdatabank.org/id/dependentvariable/cooperation,negative,test,0.0,negative,lower,0.0,1.0,0.0,0.0,1.0,"When comparing studies where matching is stranger and studies where matching is partner, cooperation is significantly lower when source of country or region is specified country."
17303,https://data.cooperationdatabank.org/vocab/prop/MatchingVariable,https://data.cooperationdatabank.org/vocab/prop/matching,Matching,https://data.cooperationdatabank.org/id/matching/stranger,Stranger,https://data.cooperationdatabank.org/vocab/prop/matching,Matching,https://data.cooperationdatabank.org/id/matching/partner,Partner,https://data.cooperationdatabank.org/vocab/prop/countrySource,Source of country or region,https://data.cooperationdatabank.org/id/countrysource/1,Specified country,https://data.cooperationdatabank.org/id/dependentvariable/cooperation,negative,test,0.0,negative,lower,0.0,1.0,0.0,0.0,1.0,"When comparing studies where matching is stranger and studies where matching is partner, cooperation is significantly lower when source of country or region is specified country."
17328,https://data.cooperationdatabank.org/vocab/prop/MatchingVariable,https://data.cooperationdatabank.org/vocab/prop/matching,Matching,https://data.cooperationdatabank.org/id/matching/stranger,Stranger,https://data.cooperationdatabank.org/vocab/prop/matching,Matching,https://data.cooperationdatabank.org/id/matching/partner,Partner,https://data.cooperationdatabank.org/vocab/prop/studyRealPartner,Real partner,https://data.cooperationdatabank.org/id/studyrealpartner/1,Real,https://data.cooperationdatabank.org/id/dependentvariable/cooperation,negative,test,0.0,negative,lower,0.0,1.0,0.0,0.0,1.0,"When comparing studies where matching is stranger and studies where matching is partner, cooperation is significantly lower when real partner is real."
17310,https://data.cooperationdatabank.org/vocab/prop/MatchingVariable,https://data.cooperationdatabank.org/vocab/prop/matching,Matching,https://data.cooperationdatabank.org/id/matching/stranger,Stranger,https://data.cooperationdatabank.org/vocab/prop/matching,Matching,https://data.cooperationdatabank.org/id/matching/partner,Partner,https://data.cooperationdatabank.org/vocab/prop/studyMatchingProtocol,Matching,https://data.cooperationdatabank.org/id/studymatchingprotocol/1,Stranger,https://data.cooperationdatabank.org/id/dependentvariable/cooperation,negative,test,0.0,negative,lower,0.0,1.0,0.0,0.0,1.0,"When comparing studies where matching is stranger and studies where matching is partner, cooperation is significantly lower when matching is stranger."
17313,https://data.cooperationdatabank.org/vocab/prop/MatchingVariable,https://data.cooperationdatabank.org/vocab/prop/matching,Matching,https://data.cooperationdatabank.org/id/matching/stranger,Stranger,https://data.cooperationdatabank.org/vocab/prop/matching,Matching,https://data.cooperationdatabank.org/id/matching/partner,Partner,https://data.cooperationdatabank.org/vocab/prop/studyRealPartner,Real partner,https://data.cooperationdatabank.org/id/studyrealpartner/1,Real,https://data.cooperationdatabank.org/id/dependentvariable/cooperation,negative,test,0.0,negative,lower,0.0,1.0,0.0,0.0,1.0,"When comparing studies where matching is stranger and studies where matching is partner, cooperation is significantly lower when real partner is real."
17320,https://data.cooperationdatabank.org/vocab/prop/MatchingVariable,https://data.cooperationdatabank.org/vocab/prop/matching,Matching,https://data.cooperationdatabank.org/id/matching/stranger,Stranger,https://data.cooperationdatabank.org/vocab/prop/matching,Matching,https://data.cooperationdatabank.org/id/matching/partner,Partner,https://data.cooperationdatabank.org/vocab/prop/publicationStatus,Published,https://data.cooperationdatabank.org/id/publicationstatus/1,Published Article,https://data.cooperationdatabank.org/id/dependentvariable/cooperation,negative,test,0.0,negative,lower,0.0,1.0,0.0,0.0,1.0,"When comparing studies where matching is stranger and studies where matching is partner, cooperation is significantly lower when published is published article."
17331,https://data.cooperationdatabank.org/vocab/prop/MatchingVariable,https://data.cooperationdatabank.org/vocab/prop/matching,Matching,https://data.cooperationdatabank.org/id/matching/stranger,Stranger,https://data.cooperationdatabank.org/vocab/prop/matching,Matching,https://data.cooperationdatabank.org/id/matching/partner,Partner,https://data.cooperationdatabank.org/vocab/prop/recruitmentMethod,Recruitment method,https://data.cooperationdatabank.org/id/recruitmentmethod/1,Participant pool,https://data.cooperationdatabank.org/id/dependentvariable/cooperation,negative,test,0.0,negative,lower,0.0,1.0,0.0,0.0,1.0,"When comparing studies where matching is stranger and studies where matching is partner, cooperation is significantly lower when recruitment method is participant pool."
17329,https://data.cooperationdatabank.org/vocab/prop/MatchingVariable,https://data.cooperationdatabank.org/vocab/prop/matching,Matching,https://data.cooperationdatabank.org/id/matching/stranger,Stranger,https://data.cooperationdatabank.org/vocab/prop/matching,Matching,https://data.cooperationdatabank.org/id/matching/partner,Partner,https://data.cooperationdatabank.org/vocab/prop/yearSource,Source of year of data collection,https://data.cooperationdatabank.org/id/yearsource/4,Received/Submitted,https://data.cooperationdatabank.org/id/dependentvariable/cooperation,negative,test,0.0,negative,lower,0.0,1.0,0.0,0.0,1.0,"When comparing studies where matching is stranger and studies where matching is partner, cooperation is significantly lower when source of year of data collection is submitted."
17337,https://data.cooperationdatabank.org/vocab/prop/MatchingVariable,https://data.cooperationdatabank.org/vocab/prop/matching,Matching,https://data.cooperationdatabank.org/id/matching/stranger,Partner,https://data.cooperationdatabank.org/vocab/prop/matching,Matching,https://data.cooperationdatabank.org/id/matching/partner,Stranger,https://data.cooperationdatabank.org/vocab/prop/studyDilemmaType,Game type,https://data.cooperationdatabank.org/id/studydilemmatype/1,Prisoner's Dilemma Game,https://data.cooperationdatabank.org/id/dependentvariable/cooperation,negative,test,0.0,negative,lower,0.0,1.0,0.0,0.0,1.0,"When comparing studies where matching is partner and studies where matching is stranger, cooperation is significantly lower when game type is prisoner's dilemma game."
27472,https://data.cooperationdatabank.org/vocab/prop/MatchingVariable,https://data.cooperationdatabank.org/vocab/prop/matching,Matching,https://data.cooperationdatabank.org/id/matching/partner,Partner,https://data.cooperationdatabank.org/vocab/prop/matching,Matching,https://data.cooperationdatabank.org/id/matching/partner's_choice,Partner's choice,https://data.cooperationdatabank.org/vocab/prop/studyAcquaintance,Acquaintance,https://data.cooperationdatabank.org/id/studyacquaintance/0,Strangers,https://data.cooperationdatabank.org/id/dependentvariable/contributions,negative,test,0.0,negative,lower,0.0,1.0,0.0,0.0,1.0,"When comparing studies where matching is partner and studies where matching is partner's choice, cooperation is significantly lower when acquaintance is strangers."
27544,https://data.cooperationdatabank.org/vocab/prop/MatchingVariable,https://data.cooperationdatabank.org/vocab/prop/matching,Matching,https://data.cooperationdatabank.org/id/matching/partner,Partner's choice,https://data.cooperationdatabank.org/vocab/prop/matching,Matching,https://data.cooperationdatabank.org/id/matching/partner's_choice,Partner,https://data.cooperationdatabank.org/vocab/prop/yearSource,Source of year of data collection,https://data.cooperationdatabank.org/id/yearsource/3,Working paper published,https://data.cooperationdatabank.org/id/dependentvariable/contributions,negative,test,0.0,negative,lower,0.0,1.0,0.0,0.0,1.0,"When comparing studies where matching is partner's choice and studies where matching is partner, cooperation is significantly lower when source of year of data collection is working paper published."
27532,https://data.cooperationdatabank.org/vocab/prop/MatchingVariable,https://data.cooperationdatabank.org/vocab/prop/matching,Matching,https://data.cooperationdatabank.org/id/matching/partner,Partner's choice,https://data.cooperationdatabank.org/vocab/prop/matching,Matching,https://data.cooperationdatabank.org/id/matching/partner's_choice,Partner,https://data.cooperationdatabank.org/vocab/prop/studyExperimentalSetting,Experimental setting,https://data.cooperationdatabank.org/id/studyexperimentalsetting/2,Lab,https://data.cooperationdatabank.org/id/dependentvariable/contributions,negative,test,0.0,negative,lower,0.0,1.0,0.0,0.0,1.0,"When comparing studies where matching is partner's choice and studies where matching is partner, cooperation is significantly lower when experimental setting is lab."
27523,https://data.cooperationdatabank.org/vocab/prop/MatchingVariable,https://data.cooperationdatabank.org/vocab/prop/partnerChoice,Partner choice,https://data.cooperationdatabank.org/id/partnerchoice/exogenous,Endogenous,https://data.cooperationdatabank.org/vocab/prop/partnerChoice,Partner choice,https://data.cooperationdatabank.org/id/partnerchoice/endogenous,Exogenous,https://data.cooperationdatabank.org/vocab/prop/discussion,Discussion,https://data.cooperationdatabank.org/id/discussion/0,Absent,https://data.cooperationdatabank.org/id/dependentvariable/contributions,negative,test,0.0,negative,lower,0.0,0.6666666666666666,0.0,0.3333333333333333,0.6666666666666666,"When comparing studies where partner choice is endogenous and studies where partner choice is exogenous, cooperation is significantly lower when discussion is absent."
27497,https://data.cooperationdatabank.org/vocab/prop/MatchingVariable,https://data.cooperationdatabank.org/vocab/prop/partnerChoice,Partner choice,https://data.cooperationdatabank.org/id/partnerchoice/exogenous,Endogenous,https://data.cooperationdatabank.org/vocab/prop/partnerChoice,Partner choice,https://data.cooperationdatabank.org/id/partnerchoice/endogenous,Exogenous,https://data.cooperationdatabank.org/vocab/prop/publicationStatus,Published,https://data.cooperationdatabank.org/id/publicationstatus/1,Published Article,https://data.cooperationdatabank.org/id/dependentvariable/contributions,negative,test,0.0,negative,lower,0.0,0.6666666666666666,0.0,0.3333333333333333,0.6666666666666666,"When comparing studies where partner choice is endogenous and studies where partner choice is exogenous, cooperation is significantly lower when published is published article."
55093,https://data.cooperationdatabank.org/vocab/prop/MatchingVariable,https://data.cooperationdatabank.org/vocab/prop/partnerChoice,Partner choice,https://data.cooperationdatabank.org/id/partnerchoice/exogenous,Endogenous,https://data.cooperationdatabank.org/vocab/prop/partnerChoice,Partner choice,https://data.cooperationdatabank.org/id/partnerchoice/endogenous,Exogenous,https://data.cooperationdatabank.org/vocab/prop/studyOneShot,One-shot vs repeated,https://data.cooperationdatabank.org/id/studyoneshot/1,One-shot,https://data.cooperationdatabank.org/id/dependentvariable/contributions,positive,test,0.0,negative,lower,2.0,0.6666666666666666,0.0,0.3333333333333333,0.6666666666666666,"When comparing studies where partner choice is endogenous and studies where partner choice is exogenous, cooperation is significantly lower when one-shot vs repeated is one-shot."
12961,https://data.cooperationdatabank.org/vocab/prop/MatchingVariable,https://data.cooperationdatabank.org/vocab/prop/matching,Matching,https://data.cooperationdatabank.org/id/matching/stranger,Stranger,https://data.cooperationdatabank.org/vocab/prop/matching,Matching,https://data.cooperationdatabank.org/id/matching/partner,Partner,https://data.cooperationdatabank.org/vocab/prop/studyTrialOfCooperation,Trial of cooperation,https://data.cooperationdatabank.org/id/studytrialofcooperation/1,All trials,https://data.cooperationdatabank.org/id/dependentvariable/contributions,noEffect,test,0.0,negative,lower,1.0,0.5833333333333334,0.25,0.16666666666666666,0.5833333333333334,"When comparing studies where matching is stranger and studies where matching is partner, cooperation is significantly lower when trial of cooperation is all trials."
12889,https://data.cooperationdatabank.org/vocab/prop/MatchingVariable,https://data.cooperationdatabank.org/vocab/prop/matching,Matching,https://data.cooperationdatabank.org/id/matching/stranger,Stranger,https://data.cooperationdatabank.org/vocab/prop/matching,Matching,https://data.cooperationdatabank.org/id/matching/partner,Partner,https://data.cooperationdatabank.org/vocab/prop/studyTrialOfCooperation,Trial of cooperation,https://data.cooperationdatabank.org/id/studytrialofcooperation/1,All trials,https://data.cooperationdatabank.org/id/dependentvariable/contributions,noEffect,test,0.0,negative,lower,1.0,0.5833333333333334,0.25,0.16666666666666666,0.5833333333333334,"When comparing studies where matching is stranger and studies where matching is partner, cooperation is significantly lower when trial of cooperation is all trials."
12901,https://data.cooperationdatabank.org/vocab/prop/MatchingVariable,https://data.cooperationdatabank.org/vocab/prop/matching,Matching,https://data.cooperationdatabank.org/id/matching/stranger,Stranger,https://data.cooperationdatabank.org/vocab/prop/matching,Matching,https://data.cooperationdatabank.org/id/matching/partner,Partner,https://data.cooperationdatabank.org/vocab/prop/studyGameIncentive,Game incentive,https://data.cooperationdatabank.org/id/studygameincentive/1,Monetary,https://data.cooperationdatabank.org/id/dependentvariable/contributions,noEffect,test,0.0,negative,lower,1.0,0.4897959183673469,0.41836734693877553,0.09183673469387756,0.4897959183673469,"When comparing studies where matching is stranger and studies where matching is partner, cooperation is significantly lower when game incentive is monetary."
12949,https://data.cooperationdatabank.org/vocab/prop/MatchingVariable,https://data.cooperationdatabank.org/vocab/prop/matching,Matching,https://data.cooperationdatabank.org/id/matching/stranger,Stranger,https://data.cooperationdatabank.org/vocab/prop/matching,Matching,https://data.cooperationdatabank.org/id/matching/partner,Partner,https://data.cooperationdatabank.org/vocab/prop/discussion,Discussion,https://data.cooperationdatabank.org/id/discussion/0,Absent,https://data.cooperationdatabank.org/id/dependentvariable/contributions,noEffect,test,0.0,negative,lower,1.0,0.4897959183673469,0.41836734693877553,0.09183673469387756,0.4897959183673469,"When comparing studies where matching is stranger and studies where matching is partner, cooperation is significantly lower when discussion is absent."
12909,https://data.cooperationdatabank.org/vocab/prop/MatchingVariable,https://data.cooperationdatabank.org/vocab/prop/matching,Matching,https://data.cooperationdatabank.org/id/matching/stranger,Stranger,https://data.cooperationdatabank.org/vocab/prop/matching,Matching,https://data.cooperationdatabank.org/id/matching/partner,Partner,https://data.cooperationdatabank.org/vocab/prop/studyContinuousPGG,Continuous vs step-level public goods,https://data.cooperationdatabank.org/id/studycontinuouspgg/1,Continuous,https://data.cooperationdatabank.org/id/dependentvariable/contributions,noEffect,test,0.0,negative,lower,1.0,0.4897959183673469,0.41836734693877553,0.09183673469387756,0.4897959183673469,"When comparing studies where matching is stranger and studies where matching is partner, cooperation is significantly lower when continuous vs step-level public goods is continuous."
34587,https://data.cooperationdatabank.org/vocab/prop/MatchingVariable,https://data.cooperationdatabank.org/vocab/prop/matching,Matching,https://data.cooperationdatabank.org/id/matching/stranger,Partner,https://data.cooperationdatabank.org/vocab/prop/matching,Matching,https://data.cooperationdatabank.org/id/matching/partner,Stranger,https://data.cooperationdatabank.org/vocab/prop/discussion,Discussion,https://data.cooperationdatabank.org/id/discussion/0,Absent,https://data.cooperationdatabank.org/id/dependentvariable/contributions,negative,test,0.0,negative,lower,0.0,0.4897959183673469,0.41836734693877553,0.09183673469387756,0.4897959183673469,"When comparing studies where matching is partner and studies where matching is stranger, cooperation is significantly lower when discussion is absent."
34586,https://data.cooperationdatabank.org/vocab/prop/MatchingVariable,https://data.cooperationdatabank.org/vocab/prop/matching,Matching,https://data.cooperationdatabank.org/id/matching/stranger,Partner,https://data.cooperationdatabank.org/vocab/prop/matching,Matching,https://data.cooperationdatabank.org/id/matching/partner,Stranger,https://data.cooperationdatabank.org/vocab/prop/countrySource,Source of country or region,https://data.cooperationdatabank.org/id/countrysource/1,Specified country,https://data.cooperationdatabank.org/id/dependentvariable/contributions,negative,test,0.0,negative,lower,0.0,0.4897959183673469,0.41836734693877553,0.09183673469387756,0.4897959183673469,"When comparing studies where matching is partner and studies where matching is stranger, cooperation is significantly lower when source of country or region is specified country."
36578,https://data.cooperationdatabank.org/vocab/prop/MatchingVariable,https://data.cooperationdatabank.org/vocab/prop/matching,Matching,https://data.cooperationdatabank.org/id/matching/stranger,Stranger,https://data.cooperationdatabank.org/vocab/prop/matching,Matching,https://data.cooperationdatabank.org/id/matching/partner,Partner,https://data.cooperationdatabank.org/vocab/prop/studyExperimentalSetting,Experimental setting,https://data.cooperationdatabank.org/id/studyexperimentalsetting/2,Lab,https://data.cooperationdatabank.org/id/dependentvariable/contributions,noEffect,test,0.0,negative,lower,1.0,0.4897959183673469,0.41836734693877553,0.09183673469387756,0.4897959183673469,"When comparing studies where matching is stranger and studies where matching is partner, cooperation is significantly lower when experimental setting is lab."
36584,https://data.cooperationdatabank.org/vocab/prop/MatchingVariable,https://data.cooperationdatabank.org/vocab/prop/matching,Matching,https://data.cooperationdatabank.org/id/matching/stranger,Stranger,https://data.cooperationdatabank.org/vocab/prop/matching,Matching,https://data.cooperationdatabank.org/id/matching/partner,Partner,https://data.cooperationdatabank.org/vocab/prop/studyRealPartner,Real partner,https://data.cooperationdatabank.org/id/studyrealpartner/1,Real,https://data.cooperationdatabank.org/id/dependentvariable/contributions,noEffect,test,0.0,negative,lower,1.0,0.4897959183673469,0.41836734693877553,0.09183673469387756,0.4897959183673469,"When comparing studies where matching is stranger and studies where matching is partner, cooperation is significantly lower when real partner is real."
36983,https://data.cooperationdatabank.org/vocab/prop/MatchingVariable,https://data.cooperationdatabank.org/vocab/prop/matching,Matching,https://data.cooperationdatabank.org/id/matching/stranger,Stranger,https://data.cooperationdatabank.org/vocab/prop/matching,Matching,https://data.cooperationdatabank.org/id/matching/partner,Partner,https://data.cooperationdatabank.org/vocab/prop/publicationStatus,Published,https://data.cooperationdatabank.org/id/publicationstatus/1,Published Article,https://data.cooperationdatabank.org/id/dependentvariable/contributions,noEffect,test,0.0,negative,lower,1.0,0.4897959183673469,0.41836734693877553,0.09183673469387756,0.4897959183673469,"When comparing studies where matching is stranger and studies where matching is partner, cooperation is significantly lower when published is published article."
55036,https://data.cooperationdatabank.org/vocab/prop/MatchingVariable,https://data.cooperationdatabank.org/vocab/prop/matching,Matching,https://data.cooperationdatabank.org/id/matching/stranger,Stranger,https://data.cooperationdatabank.org/vocab/prop/matching,Matching,https://data.cooperationdatabank.org/id/matching/partner,Partner,https://data.cooperationdatabank.org/vocab/prop/studyContinuousPGG,Continuous vs step-level public goods,https://data.cooperationdatabank.org/id/studycontinuouspgg/1,Continuous,https://data.cooperationdatabank.org/id/dependentvariable/contributions,negative,test,0.0,negative,lower,0.0,0.4897959183673469,0.41836734693877553,0.09183673469387756,0.4897959183673469,"When comparing studies where matching is stranger and studies where matching is partner, cooperation is significantly lower when continuous vs step-level public goods is continuous."
