,giv_prop,iv,iv_label,cat_t1,cat_t1_label,iv.1,iv_label.1,cat_t2,cat_t2_label,mod,mod_label,mod_val,mod_val_label,dependent,effect,td,pred_num,pred_readable,comparative,pred_true,score_0,score_1,score_2,max_score,hypothesis
28724,https://data.cooperationdatabank.org/vocab/prop/Normative_BehaviorVariable,https://data.cooperationdatabank.org/vocab/prop/descriptiveNorm,Descriptive norm,https://data.cooperationdatabank.org/id/descriptivenorm/medium_cooperation,High Cooperation,https://data.cooperationdatabank.org/vocab/prop/descriptiveNorm,Descriptive norm,https://data.cooperationdatabank.org/id/descriptivenorm/high_cooperation,Medium Cooperation,https://data.cooperationdatabank.org/vocab/prop/publicationStatus,Published,https://data.cooperationdatabank.org/id/publicationstatus/1,Published Article,https://data.cooperationdatabank.org/id/dependentvariable/contributions,negative,test,0.0,negative,lower,0.0,1.0,0.0,0.0,1.0,"When comparing studies where descriptive norm is high cooperation and studies where descriptive norm is medium cooperation, cooperation is significantly lower when published is published article."
28714,https://data.cooperationdatabank.org/vocab/prop/Normative_BehaviorVariable,https://data.cooperationdatabank.org/vocab/prop/descriptiveNorm,Descriptive norm,https://data.cooperationdatabank.org/id/descriptivenorm/medium_cooperation,High Cooperation,https://data.cooperationdatabank.org/vocab/prop/descriptiveNorm,Descriptive norm,https://data.cooperationdatabank.org/id/descriptivenorm/high_cooperation,Medium Cooperation,https://data.cooperationdatabank.org/vocab/prop/studyOneShot,One-shot vs repeated,https://data.cooperationdatabank.org/id/studyoneshot/1,One-shot,https://data.cooperationdatabank.org/id/dependentvariable/contributions,negative,test,0.0,negative,lower,0.0,1.0,0.0,0.0,1.0,"When comparing studies where descriptive norm is high cooperation and studies where descriptive norm is medium cooperation, cooperation is significantly lower when one-shot vs repeated is one-shot."
28708,https://data.cooperationdatabank.org/vocab/prop/Normative_BehaviorVariable,https://data.cooperationdatabank.org/vocab/prop/descriptiveNorm,Descriptive norm,https://data.cooperationdatabank.org/id/descriptivenorm/medium_cooperation,High Cooperation,https://data.cooperationdatabank.org/vocab/prop/descriptiveNorm,Descriptive norm,https://data.cooperationdatabank.org/id/descriptivenorm/high_cooperation,Medium Cooperation,https://data.cooperationdatabank.org/vocab/prop/studyAcademicDiscipline,Academic discipline,https://data.cooperationdatabank.org/id/studyacademicdiscipline/2,Psychology,https://data.cooperationdatabank.org/id/dependentvariable/contributions,negative,test,0.0,negative,lower,0.0,1.0,0.0,0.0,1.0,"When comparing studies where descriptive norm is high cooperation and studies where descriptive norm is medium cooperation, cooperation is significantly lower when academic discipline is psychology."
51190,https://data.cooperationdatabank.org/vocab/prop/Normative_BehaviorVariable,https://data.cooperationdatabank.org/vocab/prop/groupVariability,Group variability,https://data.cooperationdatabank.org/id/groupvariability/high,Low,https://data.cooperationdatabank.org/vocab/prop/groupVariability,Group variability,https://data.cooperationdatabank.org/id/groupvariability/low,High,https://data.cooperationdatabank.org/vocab/prop/studyAcquaintance,Acquaintance,https://data.cooperationdatabank.org/id/studyacquaintance/0,Strangers,https://data.cooperationdatabank.org/id/dependentvariable/contributions,negative,test,0.0,negative,lower,0.0,1.0,0.0,0.0,1.0,"When comparing studies where group variability is low and studies where group variability is high, cooperation is significantly lower when acquaintance is strangers."
51198,https://data.cooperationdatabank.org/vocab/prop/Normative_BehaviorVariable,https://data.cooperationdatabank.org/vocab/prop/groupVariability,Group variability,https://data.cooperationdatabank.org/id/groupvariability/high,Low,https://data.cooperationdatabank.org/vocab/prop/groupVariability,Group variability,https://data.cooperationdatabank.org/id/groupvariability/low,High,https://data.cooperationdatabank.org/vocab/prop/yearSource,Source of year of data collection,https://data.cooperationdatabank.org/id/yearsource/6,Accepted,https://data.cooperationdatabank.org/id/dependentvariable/contributions,negative,test,0.0,negative,lower,0.0,1.0,0.0,0.0,1.0,"When comparing studies where group variability is low and studies where group variability is high, cooperation is significantly lower when source of year of data collection is accepted."
50684,https://data.cooperationdatabank.org/vocab/prop/Normative_BehaviorVariable,https://data.cooperationdatabank.org/vocab/prop/groupVariability,Group variability,https://data.cooperationdatabank.org/id/groupvariability/high,Low,https://data.cooperationdatabank.org/vocab/prop/groupVariability,Group variability,https://data.cooperationdatabank.org/id/groupvariability/low,High,https://data.cooperationdatabank.org/vocab/prop/countrySource,Source of country or region,https://data.cooperationdatabank.org/id/countrysource/1,Specified country,https://data.cooperationdatabank.org/id/dependentvariable/contributions,negative,test,0.0,negative,lower,0.0,1.0,0.0,0.0,1.0,"When comparing studies where group variability is low and studies where group variability is high, cooperation is significantly lower when source of country or region is specified country."
28735,https://data.cooperationdatabank.org/vocab/prop/Normative_BehaviorVariable,https://data.cooperationdatabank.org/vocab/prop/descriptiveNorm,Descriptive norm,https://data.cooperationdatabank.org/id/descriptivenorm/medium_cooperation,High Cooperation,https://data.cooperationdatabank.org/vocab/prop/descriptiveNorm,Descriptive norm,https://data.cooperationdatabank.org/id/descriptivenorm/high_cooperation,Medium Cooperation,https://data.cooperationdatabank.org/vocab/prop/studyContinuousPGG,Continuous vs step-level public goods,https://data.cooperationdatabank.org/id/studycontinuouspgg/1,Continuous,https://data.cooperationdatabank.org/id/dependentvariable/contributions,negative,test,0.0,negative,lower,0.0,1.0,0.0,0.0,1.0,"When comparing studies where descriptive norm is high cooperation and studies where descriptive norm is medium cooperation, cooperation is significantly lower when continuous vs step-level public goods is continuous."
50693,https://data.cooperationdatabank.org/vocab/prop/Normative_BehaviorVariable,https://data.cooperationdatabank.org/vocab/prop/groupVariability,Group variability,https://data.cooperationdatabank.org/id/groupvariability/high,Low,https://data.cooperationdatabank.org/vocab/prop/groupVariability,Group variability,https://data.cooperationdatabank.org/id/groupvariability/low,High,https://data.cooperationdatabank.org/vocab/prop/studyRealPartner,Real partner,https://data.cooperationdatabank.org/id/studyrealpartner/2,Deception,https://data.cooperationdatabank.org/id/dependentvariable/contributions,negative,test,0.0,negative,lower,0.0,1.0,0.0,0.0,1.0,"When comparing studies where group variability is low and studies where group variability is high, cooperation is significantly lower when real partner is deception."
50694,https://data.cooperationdatabank.org/vocab/prop/Normative_BehaviorVariable,https://data.cooperationdatabank.org/vocab/prop/groupVariability,Group variability,https://data.cooperationdatabank.org/id/groupvariability/high,Low,https://data.cooperationdatabank.org/vocab/prop/groupVariability,Group variability,https://data.cooperationdatabank.org/id/groupvariability/low,High,https://data.cooperationdatabank.org/vocab/prop/studyTrialOfCooperation,Trial of cooperation,https://data.cooperationdatabank.org/id/studytrialofcooperation/1,All trials,https://data.cooperationdatabank.org/id/dependentvariable/contributions,negative,test,0.0,negative,lower,0.0,1.0,0.0,0.0,1.0,"When comparing studies where group variability is low and studies where group variability is high, cooperation is significantly lower when trial of cooperation is all trials."
50685,https://data.cooperationdatabank.org/vocab/prop/Normative_BehaviorVariable,https://data.cooperationdatabank.org/vocab/prop/groupVariability,Group variability,https://data.cooperationdatabank.org/id/groupvariability/high,Low,https://data.cooperationdatabank.org/vocab/prop/groupVariability,Group variability,https://data.cooperationdatabank.org/id/groupvariability/low,High,https://data.cooperationdatabank.org/vocab/prop/discussion,Discussion,https://data.cooperationdatabank.org/id/discussion/0,Absent,https://data.cooperationdatabank.org/id/dependentvariable/contributions,negative,test,0.0,negative,lower,0.0,1.0,0.0,0.0,1.0,"When comparing studies where group variability is low and studies where group variability is high, cooperation is significantly lower when discussion is absent."
28749,https://data.cooperationdatabank.org/vocab/prop/Normative_BehaviorVariable,https://data.cooperationdatabank.org/vocab/prop/descriptiveNorm,Descriptive norm,https://data.cooperationdatabank.org/id/descriptivenorm/low_cooperation,High Cooperation,https://data.cooperationdatabank.org/vocab/prop/descriptiveNorm,Descriptive norm,https://data.cooperationdatabank.org/id/descriptivenorm/high_cooperation,Low Cooperation,https://data.cooperationdatabank.org/vocab/prop/studyRealPartner,Real partner,https://data.cooperationdatabank.org/id/studyrealpartner/2,Deception,https://data.cooperationdatabank.org/id/dependentvariable/contributions,negative,test,0.0,negative,lower,0.0,0.9615384615384616,0.038461538461538464,0.0,0.9615384615384616,"When comparing studies where descriptive norm is high cooperation and studies where descriptive norm is low cooperation, cooperation is significantly lower when real partner is deception."
3721,https://data.cooperationdatabank.org/vocab/prop/Normative_BehaviorVariable,https://data.cooperationdatabank.org/vocab/prop/descriptiveNorm,Descriptive norm,https://data.cooperationdatabank.org/id/descriptivenorm/low_cooperation,Low Cooperation,https://data.cooperationdatabank.org/vocab/prop/descriptiveNorm,Descriptive norm,https://data.cooperationdatabank.org/id/descriptivenorm/high_cooperation,High Cooperation,https://data.cooperationdatabank.org/vocab/prop/countrySource,Source of country or region,https://data.cooperationdatabank.org/id/countrysource/1,Specified country,https://data.cooperationdatabank.org/id/dependentvariable/contributions,noEffect,test,0.0,negative,lower,1.0,0.7254901960784313,0.27450980392156865,0.0,0.7254901960784313,"When comparing studies where descriptive norm is low cooperation and studies where descriptive norm is high cooperation, cooperation is significantly lower when source of country or region is specified country."
3716,https://data.cooperationdatabank.org/vocab/prop/Normative_BehaviorVariable,https://data.cooperationdatabank.org/vocab/prop/descriptiveNorm,Descriptive norm,https://data.cooperationdatabank.org/id/descriptivenorm/low_cooperation,Low Cooperation,https://data.cooperationdatabank.org/vocab/prop/descriptiveNorm,Descriptive norm,https://data.cooperationdatabank.org/id/descriptivenorm/medium_cooperation,Medium Cooperation,https://data.cooperationdatabank.org/vocab/prop/studyContinuousPGG,Continuous vs step-level public goods,https://data.cooperationdatabank.org/id/studycontinuouspgg/1,Continuous,https://data.cooperationdatabank.org/id/dependentvariable/contributions,noEffect,test,0.0,negative,lower,1.0,0.7254901960784313,0.27450980392156865,0.0,0.7254901960784313,"When comparing studies where descriptive norm is low cooperation and studies where descriptive norm is medium cooperation, cooperation is significantly lower when continuous vs step-level public goods is continuous."
3710,https://data.cooperationdatabank.org/vocab/prop/Normative_BehaviorVariable,https://data.cooperationdatabank.org/vocab/prop/descriptiveNorm,Descriptive norm,https://data.cooperationdatabank.org/id/descriptivenorm/low_cooperation,Low Cooperation,https://data.cooperationdatabank.org/vocab/prop/descriptiveNorm,Descriptive norm,https://data.cooperationdatabank.org/id/descriptivenorm/medium_cooperation,Medium Cooperation,https://data.cooperationdatabank.org/vocab/prop/studyGameIncentive,Game incentive,https://data.cooperationdatabank.org/id/studygameincentive/3,Non-monetary,https://data.cooperationdatabank.org/id/dependentvariable/contributions,noEffect,test,0.0,negative,lower,1.0,0.7254901960784313,0.27450980392156865,0.0,0.7254901960784313,"When comparing studies where descriptive norm is low cooperation and studies where descriptive norm is medium cooperation, cooperation is significantly lower when game incentive is non-monetary."
3726,https://data.cooperationdatabank.org/vocab/prop/Normative_BehaviorVariable,https://data.cooperationdatabank.org/vocab/prop/descriptiveNorm,Descriptive norm,https://data.cooperationdatabank.org/id/descriptivenorm/low_cooperation,Low Cooperation,https://data.cooperationdatabank.org/vocab/prop/descriptiveNorm,Descriptive norm,https://data.cooperationdatabank.org/id/descriptivenorm/high_cooperation,High Cooperation,https://data.cooperationdatabank.org/vocab/prop/studyExperimentalSetting,Experimental setting,https://data.cooperationdatabank.org/id/studyexperimentalsetting/4,Field,https://data.cooperationdatabank.org/id/dependentvariable/contributions,noEffect,test,0.0,negative,lower,1.0,0.7254901960784313,0.27450980392156865,0.0,0.7254901960784313,"When comparing studies where descriptive norm is low cooperation and studies where descriptive norm is high cooperation, cooperation is significantly lower when experimental setting is field."
28741,https://data.cooperationdatabank.org/vocab/prop/Normative_BehaviorVariable,https://data.cooperationdatabank.org/vocab/prop/descriptiveNorm,Descriptive norm,https://data.cooperationdatabank.org/id/descriptivenorm/low_cooperation,High Cooperation,https://data.cooperationdatabank.org/vocab/prop/descriptiveNorm,Descriptive norm,https://data.cooperationdatabank.org/id/descriptivenorm/high_cooperation,Low Cooperation,https://data.cooperationdatabank.org/vocab/prop/publicationStatus,Published,https://data.cooperationdatabank.org/id/publicationstatus/1,Published Article,https://data.cooperationdatabank.org/id/dependentvariable/contributions,negative,test,0.0,negative,lower,0.0,0.7254901960784313,0.27450980392156865,0.0,0.7254901960784313,"When comparing studies where descriptive norm is high cooperation and studies where descriptive norm is low cooperation, cooperation is significantly lower when published is published article."
28738,https://data.cooperationdatabank.org/vocab/prop/Normative_BehaviorVariable,https://data.cooperationdatabank.org/vocab/prop/descriptiveNorm,Descriptive norm,https://data.cooperationdatabank.org/id/descriptivenorm/low_cooperation,High Cooperation,https://data.cooperationdatabank.org/vocab/prop/descriptiveNorm,Descriptive norm,https://data.cooperationdatabank.org/id/descriptivenorm/high_cooperation,Low Cooperation,https://data.cooperationdatabank.org/vocab/prop/countrySource,Source of country or region,https://data.cooperationdatabank.org/id/countrysource/4,Most authors,https://data.cooperationdatabank.org/id/dependentvariable/contributions,negative,test,0.0,negative,lower,0.0,0.7254901960784313,0.27450980392156865,0.0,0.7254901960784313,"When comparing studies where descriptive norm is high cooperation and studies where descriptive norm is low cooperation, cooperation is significantly lower when source of country or region is most authors."
28751,https://data.cooperationdatabank.org/vocab/prop/Normative_BehaviorVariable,https://data.cooperationdatabank.org/vocab/prop/descriptiveNorm,Descriptive norm,https://data.cooperationdatabank.org/id/descriptivenorm/low_cooperation,High Cooperation,https://data.cooperationdatabank.org/vocab/prop/descriptiveNorm,Descriptive norm,https://data.cooperationdatabank.org/id/descriptivenorm/high_cooperation,Low Cooperation,https://data.cooperationdatabank.org/vocab/prop/yearSource,Source of year of data collection,https://data.cooperationdatabank.org/id/yearsource/4,Received/Submitted,https://data.cooperationdatabank.org/id/dependentvariable/contributions,negative,test,0.0,negative,lower,0.0,0.7254901960784313,0.27450980392156865,0.0,0.7254901960784313,"When comparing studies where descriptive norm is high cooperation and studies where descriptive norm is low cooperation, cooperation is significantly lower when source of year of data collection is submitted."
28763,https://data.cooperationdatabank.org/vocab/prop/Normative_BehaviorVariable,https://data.cooperationdatabank.org/vocab/prop/descriptiveNorm,Descriptive norm,https://data.cooperationdatabank.org/id/descriptivenorm/low_cooperation,Medium Cooperation,https://data.cooperationdatabank.org/vocab/prop/descriptiveNorm,Descriptive norm,https://data.cooperationdatabank.org/id/descriptivenorm/medium_cooperation,Low Cooperation,https://data.cooperationdatabank.org/vocab/prop/studyGameIncentive,Game incentive,https://data.cooperationdatabank.org/id/studygameincentive/2,Monetary lottery,https://data.cooperationdatabank.org/id/dependentvariable/contributions,negative,test,0.0,negative,lower,0.0,0.7254901960784313,0.27450980392156865,0.0,0.7254901960784313,"When comparing studies where descriptive norm is medium cooperation and studies where descriptive norm is low cooperation, cooperation is significantly lower when game incentive is monetary lottery."
