,giv_prop,iv,iv_label,cat_t1,cat_t1_label,iv.1,iv_label.1,cat_t2,cat_t2_label,mod,mod_label,mod_val,mod_val_label,dependent,effect,td,pred_num,pred_readable,comparative,pred_true,score_0,score_1,score_2,max_score,hypothesis
15044,https://data.cooperationdatabank.org/vocab/prop/Partner_typeVariable,https://data.cooperationdatabank.org/vocab/prop/partnerType,Partner type,https://data.cooperationdatabank.org/id/partnertype/stranger,Stranger,https://data.cooperationdatabank.org/vocab/prop/partnerType,Partner type,https://data.cooperationdatabank.org/id/partnertype/computer,Computer,https://data.cooperationdatabank.org/vocab/prop/yearSource,Source of year of data collection,https://data.cooperationdatabank.org/id/yearsource/4,Received/Submitted,https://data.cooperationdatabank.org/id/dependentvariable/contributions,positive,test,0.0,negative,lower,2.0,1.0,0.0,0.0,1.0,"When comparing studies where partner type is stranger and studies where partner type is computer, cooperation is significantly lower when source of year of data collection is submitted."
32913,https://data.cooperationdatabank.org/vocab/prop/Partner_typeVariable,https://data.cooperationdatabank.org/vocab/prop/partnerType,Partner type,https://data.cooperationdatabank.org/id/partnertype/stranger,Computer,https://data.cooperationdatabank.org/vocab/prop/partnerType,Partner type,https://data.cooperationdatabank.org/id/partnertype/computer,Stranger,https://data.cooperationdatabank.org/vocab/prop/recruitmentMethod,Recruitment method,https://data.cooperationdatabank.org/id/recruitmentmethod/3,Other,https://data.cooperationdatabank.org/id/dependentvariable/contributions,positive,test,2.0,positive,higher,2.0,0.0,0.0,1.0,1.0,"When comparing studies where partner type is computer and studies where partner type is stranger, cooperation is significantly higher when recruitment method is other."
41099,https://data.cooperationdatabank.org/vocab/prop/Partner_typeVariable,https://data.cooperationdatabank.org/vocab/prop/partnerType,Partner type,https://data.cooperationdatabank.org/id/partnertype/stranger,Stranger,https://data.cooperationdatabank.org/vocab/prop/partnerType,Partner type,https://data.cooperationdatabank.org/id/partnertype/computer,Computer,https://data.cooperationdatabank.org/vocab/prop/studyAcquaintance,Acquaintance,https://data.cooperationdatabank.org/id/studyacquaintance/1,Acquaintance,https://data.cooperationdatabank.org/id/dependentvariable/contributions,noEffect,test,2.0,positive,higher,1.0,0.0,0.0,1.0,1.0,"When comparing studies where partner type is stranger and studies where partner type is computer, cooperation is significantly higher when acquaintance is acquaintance."
41070,https://data.cooperationdatabank.org/vocab/prop/Partner_typeVariable,https://data.cooperationdatabank.org/vocab/prop/partnerType,Partner type,https://data.cooperationdatabank.org/id/partnertype/peer,Peer,https://data.cooperationdatabank.org/vocab/prop/partnerType,Partner type,https://data.cooperationdatabank.org/id/partnertype/stranger,Stranger,https://data.cooperationdatabank.org/vocab/prop/studyTrialOfCooperation,Trial of cooperation,https://data.cooperationdatabank.org/id/studytrialofcooperation/1,All trials,https://data.cooperationdatabank.org/id/dependentvariable/contributions,positive,test,2.0,positive,higher,2.0,0.0,0.0,1.0,1.0,"When comparing studies where partner type is peer and studies where partner type is stranger, cooperation is significantly higher when trial of cooperation is all trials."
41048,https://data.cooperationdatabank.org/vocab/prop/Partner_typeVariable,https://data.cooperationdatabank.org/vocab/prop/partnerType,Partner type,https://data.cooperationdatabank.org/id/partnertype/peer,Peer,https://data.cooperationdatabank.org/vocab/prop/partnerType,Partner type,https://data.cooperationdatabank.org/id/partnertype/stranger,Stranger,https://data.cooperationdatabank.org/vocab/prop/countrySource,Source of country or region,https://data.cooperationdatabank.org/id/countrysource/3,All authors,https://data.cooperationdatabank.org/id/dependentvariable/contributions,positive,test,2.0,positive,higher,2.0,0.0,0.0,1.0,1.0,"When comparing studies where partner type is peer and studies where partner type is stranger, cooperation is significantly higher when source of country or region is all authors."
41106,https://data.cooperationdatabank.org/vocab/prop/Partner_typeVariable,https://data.cooperationdatabank.org/vocab/prop/partnerType,Partner type,https://data.cooperationdatabank.org/id/partnertype/stranger,Stranger,https://data.cooperationdatabank.org/vocab/prop/partnerType,Partner type,https://data.cooperationdatabank.org/id/partnertype/computer,Computer,https://data.cooperationdatabank.org/vocab/prop/yearSource,Source of year of data collection,https://data.cooperationdatabank.org/id/yearsource/4,Received/Submitted,https://data.cooperationdatabank.org/id/dependentvariable/contributions,noEffect,test,0.0,negative,lower,1.0,1.0,0.0,0.0,1.0,"When comparing studies where partner type is stranger and studies where partner type is computer, cooperation is significantly lower when source of year of data collection is submitted."
41094,https://data.cooperationdatabank.org/vocab/prop/Partner_typeVariable,https://data.cooperationdatabank.org/vocab/prop/partnerType,Partner type,https://data.cooperationdatabank.org/id/partnertype/stranger,Stranger,https://data.cooperationdatabank.org/vocab/prop/partnerType,Partner type,https://data.cooperationdatabank.org/id/partnertype/computer,Computer,https://data.cooperationdatabank.org/vocab/prop/countrySource,Source of country or region,https://data.cooperationdatabank.org/id/countrysource/3,All authors,https://data.cooperationdatabank.org/id/dependentvariable/contributions,noEffect,test,2.0,positive,higher,1.0,0.0,0.25,0.75,0.75,"When comparing studies where partner type is stranger and studies where partner type is computer, cooperation is significantly higher when source of country or region is all authors."
48761,https://data.cooperationdatabank.org/vocab/prop/Partner_typeVariable,https://data.cooperationdatabank.org/vocab/prop/partnerType,Partner type,https://data.cooperationdatabank.org/id/partnertype/stranger,Computer,https://data.cooperationdatabank.org/vocab/prop/partnerType,Partner type,https://data.cooperationdatabank.org/id/partnertype/computer,Stranger,https://data.cooperationdatabank.org/vocab/prop/discussion,Discussion,https://data.cooperationdatabank.org/id/discussion/0,Absent,https://data.cooperationdatabank.org/id/dependentvariable/contributions,negative,test,2.0,positive,higher,0.0,0.0,0.25,0.75,0.75,"When comparing studies where partner type is computer and studies where partner type is stranger, cooperation is significantly higher when discussion is absent."
41101,https://data.cooperationdatabank.org/vocab/prop/Partner_typeVariable,https://data.cooperationdatabank.org/vocab/prop/partnerType,Partner type,https://data.cooperationdatabank.org/id/partnertype/stranger,Stranger,https://data.cooperationdatabank.org/vocab/prop/partnerType,Partner type,https://data.cooperationdatabank.org/id/partnertype/computer,Computer,https://data.cooperationdatabank.org/vocab/prop/studyExperimentalSetting,Experimental setting,https://data.cooperationdatabank.org/id/studyexperimentalsetting/2,Lab,https://data.cooperationdatabank.org/id/dependentvariable/contributions,noEffect,test,2.0,positive,higher,1.0,0.0,0.25,0.75,0.75,"When comparing studies where partner type is stranger and studies where partner type is computer, cooperation is significantly higher when experimental setting is lab."
15045,https://data.cooperationdatabank.org/vocab/prop/Partner_typeVariable,https://data.cooperationdatabank.org/vocab/prop/partnerType,Partner type,https://data.cooperationdatabank.org/id/partnertype/stranger,Stranger,https://data.cooperationdatabank.org/vocab/prop/partnerType,Partner type,https://data.cooperationdatabank.org/id/partnertype/computer,Computer,https://data.cooperationdatabank.org/vocab/prop/studyContinuousPGG,Continuous vs step-level public goods,https://data.cooperationdatabank.org/id/studycontinuouspgg/1,Continuous,https://data.cooperationdatabank.org/id/dependentvariable/contributions,positive,test,2.0,positive,higher,2.0,0.1724137931034483,0.20689655172413793,0.6206896551724138,0.6206896551724138,"When comparing studies where partner type is stranger and studies where partner type is computer, cooperation is significantly higher when continuous vs step-level public goods is continuous."
29212,https://data.cooperationdatabank.org/vocab/prop/Partner_typeVariable,https://data.cooperationdatabank.org/vocab/prop/partnerType,Partner type,https://data.cooperationdatabank.org/id/partnertype/stranger,Stranger,https://data.cooperationdatabank.org/vocab/prop/partnerType,Partner type,https://data.cooperationdatabank.org/id/partnertype/computer,Computer,https://data.cooperationdatabank.org/vocab/prop/country,has country,https://data.cooperationdatabank.org/id/country/USA,USA,https://data.cooperationdatabank.org/id/dependentvariable/cooperation,noEffect,test,2.0,positive,higher,1.0,0.0,0.45454545454545453,0.5454545454545454,0.5454545454545454,"When comparing studies where partner type is stranger and studies where partner type is computer, cooperation is significantly higher when has country is usa."
32901,https://data.cooperationdatabank.org/vocab/prop/Partner_typeVariable,https://data.cooperationdatabank.org/vocab/prop/partnerType,Partner type,https://data.cooperationdatabank.org/id/partnertype/stranger,Computer,https://data.cooperationdatabank.org/vocab/prop/partnerType,Partner type,https://data.cooperationdatabank.org/id/partnertype/computer,Stranger,https://data.cooperationdatabank.org/vocab/prop/studyAcquaintance,Acquaintance,https://data.cooperationdatabank.org/id/studyacquaintance/0,Strangers,https://data.cooperationdatabank.org/id/dependentvariable/contributions,positive,test,2.0,positive,higher,2.0,0.18181818181818182,0.2727272727272727,0.5454545454545454,0.5454545454545454,"When comparing studies where partner type is computer and studies where partner type is stranger, cooperation is significantly higher when acquaintance is strangers."
53689,https://data.cooperationdatabank.org/vocab/prop/Partner_typeVariable,https://data.cooperationdatabank.org/vocab/prop/partnerType,Partner type,https://data.cooperationdatabank.org/id/partnertype/stranger,Stranger,https://data.cooperationdatabank.org/vocab/prop/partnerType,Partner type,https://data.cooperationdatabank.org/id/partnertype/computer,Computer,https://data.cooperationdatabank.org/vocab/prop/countrySource,Source of country or region,https://data.cooperationdatabank.org/id/countrysource/1,Specified country,https://data.cooperationdatabank.org/id/dependentvariable/contributions,positive,test,2.0,positive,higher,2.0,0.18181818181818182,0.2727272727272727,0.5454545454545454,0.5454545454545454,"When comparing studies where partner type is stranger and studies where partner type is computer, cooperation is significantly higher when source of country or region is specified country."
