,giv_prop,iv,iv_label,cat_t1,cat_t1_label,iv.1,iv_label.1,cat_t2,cat_t2_label,mod,mod_label,mod_val,mod_val_label,dependent,effect,td,pred_num,pred_readable,comparative,pred_true,score_0,score_1,score_2,max_score,hypothesis
13608,https://data.cooperationdatabank.org/vocab/prop/Perception_of_the_partner(s)Variable,https://data.cooperationdatabank.org/vocab/prop/partnerPerceptionLevel,Partner perception level,https://data.cooperationdatabank.org/id/partnerperceptionlevel/high,high,https://data.cooperationdatabank.org/vocab/prop/partnerPerceptionLevel,Partner perception level,https://data.cooperationdatabank.org/id/partnerperceptionlevel/low,low,https://data.cooperationdatabank.org/vocab/prop/studyGameIncentive,Game incentive,https://data.cooperationdatabank.org/id/studygameincentive/0,Hypothetical,https://data.cooperationdatabank.org/id/dependentvariable/cooperation,positive,test,2.0,positive,higher,2.0,0.0,0.0,1.0,1.0,"When comparing studies where partner perception level is high and studies where partner perception level is low, cooperation is significantly higher when game incentive is hypothetical."
34573,https://data.cooperationdatabank.org/vocab/prop/Perception_of_the_partner(s)Variable,https://data.cooperationdatabank.org/vocab/prop/partnerPerception,Partner perception,https://data.cooperationdatabank.org/id/partnerperception/prosocial/trustworthy,Prosocial/Trustworthy,https://data.cooperationdatabank.org/vocab/prop/partnerPerception,Partner perception,https://data.cooperationdatabank.org/id/partnerperception/proself/untrustworthy,Proself/Untrustworthy,https://data.cooperationdatabank.org/vocab/prop/studyAcademicDiscipline,Academic discipline,https://data.cooperationdatabank.org/id/studyacademicdiscipline/4,Mixed,https://data.cooperationdatabank.org/id/dependentvariable/cooperation,negative,test,0.0,negative,lower,0.0,1.0,0.0,0.0,1.0,"When comparing studies where partner perception is trustworthy and studies where partner perception is untrustworthy, cooperation is significantly lower when academic discipline is mixed."
34570,https://data.cooperationdatabank.org/vocab/prop/Perception_of_the_partner(s)Variable,https://data.cooperationdatabank.org/vocab/prop/partnerPerception,Partner perception,https://data.cooperationdatabank.org/id/partnerperception/prosocial/trustworthy,Prosocial/Trustworthy,https://data.cooperationdatabank.org/vocab/prop/partnerPerception,Partner perception,https://data.cooperationdatabank.org/id/partnerperception/proself/untrustworthy,Proself/Untrustworthy,https://data.cooperationdatabank.org/vocab/prop/countrySource,Source of country or region,https://data.cooperationdatabank.org/id/countrysource/1,Specified country,https://data.cooperationdatabank.org/id/dependentvariable/cooperation,negative,test,0.0,negative,lower,0.0,1.0,0.0,0.0,1.0,"When comparing studies where partner perception is trustworthy and studies where partner perception is untrustworthy, cooperation is significantly lower when source of country or region is specified country."
34571,https://data.cooperationdatabank.org/vocab/prop/Perception_of_the_partner(s)Variable,https://data.cooperationdatabank.org/vocab/prop/partnerPerception,Partner perception,https://data.cooperationdatabank.org/id/partnerperception/prosocial/trustworthy,Prosocial/Trustworthy,https://data.cooperationdatabank.org/vocab/prop/partnerPerception,Partner perception,https://data.cooperationdatabank.org/id/partnerperception/proself/untrustworthy,Proself/Untrustworthy,https://data.cooperationdatabank.org/vocab/prop/discussion,Discussion,https://data.cooperationdatabank.org/id/discussion/0,Absent,https://data.cooperationdatabank.org/id/dependentvariable/cooperation,negative,test,0.0,negative,lower,0.0,1.0,0.0,0.0,1.0,"When comparing studies where partner perception is trustworthy and studies where partner perception is untrustworthy, cooperation is significantly lower when discussion is absent."
15026,https://data.cooperationdatabank.org/vocab/prop/Perception_of_the_partner(s)Variable,https://data.cooperationdatabank.org/vocab/prop/partnerPerceptionLevel,Partner perception level,https://data.cooperationdatabank.org/id/partnerperceptionlevel/high,high,https://data.cooperationdatabank.org/vocab/prop/partnerPerceptionLevel,Partner perception level,https://data.cooperationdatabank.org/id/partnerperceptionlevel/low,low,https://data.cooperationdatabank.org/vocab/prop/studyRealPartner,Real partner,https://data.cooperationdatabank.org/id/studyrealpartner/0,Hypothetical,https://data.cooperationdatabank.org/id/dependentvariable/cooperation,positive,test,2.0,positive,higher,2.0,0.0,0.0,1.0,1.0,"When comparing studies where partner perception level is high and studies where partner perception level is low, cooperation is significantly higher when real partner is hypothetical."
15018,https://data.cooperationdatabank.org/vocab/prop/Perception_of_the_partner(s)Variable,https://data.cooperationdatabank.org/vocab/prop/partnerPerceptionLevel,Partner perception level,https://data.cooperationdatabank.org/id/partnerperceptionlevel/high,high,https://data.cooperationdatabank.org/vocab/prop/partnerPerceptionLevel,Partner perception level,https://data.cooperationdatabank.org/id/partnerperceptionlevel/low,low,https://data.cooperationdatabank.org/vocab/prop/publicationStatus,Published,https://data.cooperationdatabank.org/id/publicationstatus/3,Doctoral Dissertation,https://data.cooperationdatabank.org/id/dependentvariable/cooperation,positive,test,2.0,positive,higher,2.0,0.1,0.0,0.9,0.9,"When comparing studies where partner perception level is high and studies where partner perception level is low, cooperation is significantly higher when published is doctoral dissertation."
13647,https://data.cooperationdatabank.org/vocab/prop/Perception_of_the_partner(s)Variable,https://data.cooperationdatabank.org/vocab/prop/partnerPerceptionLevel,Partner perception level,https://data.cooperationdatabank.org/id/partnerperceptionlevel/high,high,https://data.cooperationdatabank.org/vocab/prop/partnerPerceptionLevel,Partner perception level,https://data.cooperationdatabank.org/id/partnerperceptionlevel/low,low,https://data.cooperationdatabank.org/vocab/prop/countrySource,Source of country or region,https://data.cooperationdatabank.org/id/countrysource/1,Specified country,https://data.cooperationdatabank.org/id/dependentvariable/contributions,positive,test,2.0,positive,higher,2.0,0.0,0.25,0.75,0.75,"When comparing studies where partner perception level is high and studies where partner perception level is low, cooperation is significantly higher when source of country or region is specified country."
3798,https://data.cooperationdatabank.org/vocab/prop/Perception_of_the_partner(s)Variable,https://data.cooperationdatabank.org/vocab/prop/partnerPerceptionLevel,Partner perception level,https://data.cooperationdatabank.org/id/partnerperceptionlevel/high,high,https://data.cooperationdatabank.org/vocab/prop/partnerPerceptionLevel,Partner perception level,https://data.cooperationdatabank.org/id/partnerperceptionlevel/low,low,https://data.cooperationdatabank.org/vocab/prop/studyTrialOfCooperation,Trial of cooperation,https://data.cooperationdatabank.org/id/studytrialofcooperation/1,All trials,https://data.cooperationdatabank.org/id/dependentvariable/contributions,positive,test,2.0,positive,higher,2.0,0.0,0.25,0.75,0.75,"When comparing studies where partner perception level is high and studies where partner perception level is low, cooperation is significantly higher when trial of cooperation is all trials."
13650,https://data.cooperationdatabank.org/vocab/prop/Perception_of_the_partner(s)Variable,https://data.cooperationdatabank.org/vocab/prop/partnerPerceptionLevel,Partner perception level,https://data.cooperationdatabank.org/id/partnerperceptionlevel/high,high,https://data.cooperationdatabank.org/vocab/prop/partnerPerceptionLevel,Partner perception level,https://data.cooperationdatabank.org/id/partnerperceptionlevel/low,low,https://data.cooperationdatabank.org/vocab/prop/studyAcquaintance,Acquaintance,https://data.cooperationdatabank.org/id/studyacquaintance/0,Strangers,https://data.cooperationdatabank.org/id/dependentvariable/contributions,positive,test,2.0,positive,higher,2.0,0.0,0.3333333333333333,0.6666666666666666,0.6666666666666666,"When comparing studies where partner perception level is high and studies where partner perception level is low, cooperation is significantly higher when acquaintance is strangers."
28180,https://data.cooperationdatabank.org/vocab/prop/Perception_of_the_partner(s)Variable,https://data.cooperationdatabank.org/vocab/prop/partnerPerceptionLevel,Partner perception level,https://data.cooperationdatabank.org/id/partnerperceptionlevel/high,high,https://data.cooperationdatabank.org/vocab/prop/partnerPerceptionLevel,Partner perception level,https://data.cooperationdatabank.org/id/partnerperceptionlevel/low,low,https://data.cooperationdatabank.org/vocab/prop/studyAcquaintance,Acquaintance,https://data.cooperationdatabank.org/id/studyacquaintance/0,Strangers,https://data.cooperationdatabank.org/id/dependentvariable/cooperation,noEffect,test,2.0,positive,higher,1.0,0.12048192771084337,0.21686746987951808,0.6626506024096386,0.6626506024096386,"When comparing studies where partner perception level is high and studies where partner perception level is low, cooperation is significantly higher when acquaintance is strangers."
38407,https://data.cooperationdatabank.org/vocab/prop/Perception_of_the_partner(s)Variable,https://data.cooperationdatabank.org/vocab/prop/partnerPerceptionLevel,Partner perception level,https://data.cooperationdatabank.org/id/partnerperceptionlevel/high,high,https://data.cooperationdatabank.org/vocab/prop/partnerPerceptionLevel,Partner perception level,https://data.cooperationdatabank.org/id/partnerperceptionlevel/low,low,https://data.cooperationdatabank.org/vocab/prop/studyShowUpFee,Show-up fee,https://data.cooperationdatabank.org/id/studyshowupfee/1,Paid,https://data.cooperationdatabank.org/id/dependentvariable/cooperation,noEffect,test,2.0,positive,higher,1.0,0.12048192771084337,0.21686746987951808,0.6626506024096386,0.6626506024096386,"When comparing studies where partner perception level is high and studies where partner perception level is low, cooperation is significantly higher when show-up fee is paid."
15004,https://data.cooperationdatabank.org/vocab/prop/Perception_of_the_partner(s)Variable,https://data.cooperationdatabank.org/vocab/prop/partnerPerceptionLevel,Partner perception level,https://data.cooperationdatabank.org/id/partnerperceptionlevel/high,high,https://data.cooperationdatabank.org/vocab/prop/partnerPerceptionLevel,Partner perception level,https://data.cooperationdatabank.org/id/partnerperceptionlevel/low,low,https://data.cooperationdatabank.org/vocab/prop/studyAcquaintance,Acquaintance,https://data.cooperationdatabank.org/id/studyacquaintance/0,Strangers,https://data.cooperationdatabank.org/id/dependentvariable/cooperation,positive,test,2.0,positive,higher,2.0,0.12048192771084337,0.21686746987951808,0.6626506024096386,0.6626506024096386,"When comparing studies where partner perception level is high and studies where partner perception level is low, cooperation is significantly higher when acquaintance is strangers."
15006,https://data.cooperationdatabank.org/vocab/prop/Perception_of_the_partner(s)Variable,https://data.cooperationdatabank.org/vocab/prop/partnerPerceptionLevel,Partner perception level,https://data.cooperationdatabank.org/id/partnerperceptionlevel/high,high,https://data.cooperationdatabank.org/vocab/prop/partnerPerceptionLevel,Partner perception level,https://data.cooperationdatabank.org/id/partnerperceptionlevel/low,low,https://data.cooperationdatabank.org/vocab/prop/studyExperimentalSetting,Experimental setting,https://data.cooperationdatabank.org/id/studyexperimentalsetting/2,Lab,https://data.cooperationdatabank.org/id/dependentvariable/cooperation,positive,test,2.0,positive,higher,2.0,0.10064935064935066,0.34415584415584416,0.5551948051948052,0.5551948051948052,"When comparing studies where partner perception level is high and studies where partner perception level is low, cooperation is significantly higher when experimental setting is lab."
28186,https://data.cooperationdatabank.org/vocab/prop/Perception_of_the_partner(s)Variable,https://data.cooperationdatabank.org/vocab/prop/partnerPerceptionLevel,Partner perception level,https://data.cooperationdatabank.org/id/partnerperceptionlevel/high,high,https://data.cooperationdatabank.org/vocab/prop/partnerPerceptionLevel,Partner perception level,https://data.cooperationdatabank.org/id/partnerperceptionlevel/low,low,https://data.cooperationdatabank.org/vocab/prop/studyRealPartner,Real partner,https://data.cooperationdatabank.org/id/studyrealpartner/2,Deception,https://data.cooperationdatabank.org/id/dependentvariable/cooperation,noEffect,test,2.0,positive,higher,1.0,0.10064935064935066,0.34415584415584416,0.5551948051948052,0.5551948051948052,"When comparing studies where partner perception level is high and studies where partner perception level is low, cooperation is significantly higher when real partner is deception."
15024,https://data.cooperationdatabank.org/vocab/prop/Perception_of_the_partner(s)Variable,https://data.cooperationdatabank.org/vocab/prop/partnerPerceptionLevel,Partner perception level,https://data.cooperationdatabank.org/id/partnerperceptionlevel/high,high,https://data.cooperationdatabank.org/vocab/prop/partnerPerceptionLevel,Partner perception level,https://data.cooperationdatabank.org/id/partnerperceptionlevel/low,low,https://data.cooperationdatabank.org/vocab/prop/studyMatchingProtocol,Matching,https://data.cooperationdatabank.org/id/studymatchingprotocol/2,Partner,https://data.cooperationdatabank.org/id/dependentvariable/cooperation,positive,test,2.0,positive,higher,2.0,0.10064935064935066,0.34415584415584416,0.5551948051948052,0.5551948051948052,"When comparing studies where partner perception level is high and studies where partner perception level is low, cooperation is significantly higher when matching is partner."
38393,https://data.cooperationdatabank.org/vocab/prop/Perception_of_the_partner(s)Variable,https://data.cooperationdatabank.org/vocab/prop/partnerPerceptionLevel,Partner perception level,https://data.cooperationdatabank.org/id/partnerperceptionlevel/high,high,https://data.cooperationdatabank.org/vocab/prop/partnerPerceptionLevel,Partner perception level,https://data.cooperationdatabank.org/id/partnerperceptionlevel/low,low,https://data.cooperationdatabank.org/vocab/prop/discussion,Discussion,https://data.cooperationdatabank.org/id/discussion/0,Absent,https://data.cooperationdatabank.org/id/dependentvariable/cooperation,noEffect,test,2.0,positive,higher,1.0,0.10064935064935066,0.34415584415584416,0.5551948051948052,0.5551948051948052,"When comparing studies where partner perception level is high and studies where partner perception level is low, cooperation is significantly higher when discussion is absent."
38392,https://data.cooperationdatabank.org/vocab/prop/Perception_of_the_partner(s)Variable,https://data.cooperationdatabank.org/vocab/prop/partnerPerceptionLevel,Partner perception level,https://data.cooperationdatabank.org/id/partnerperceptionlevel/high,high,https://data.cooperationdatabank.org/vocab/prop/partnerPerceptionLevel,Partner perception level,https://data.cooperationdatabank.org/id/partnerperceptionlevel/low,low,https://data.cooperationdatabank.org/vocab/prop/countrySource,Source of country or region,https://data.cooperationdatabank.org/id/countrysource/1,Specified country,https://data.cooperationdatabank.org/id/dependentvariable/cooperation,noEffect,test,2.0,positive,higher,1.0,0.10064935064935066,0.34415584415584416,0.5551948051948052,0.5551948051948052,"When comparing studies where partner perception level is high and studies where partner perception level is low, cooperation is significantly higher when source of country or region is specified country."
38404,https://data.cooperationdatabank.org/vocab/prop/Perception_of_the_partner(s)Variable,https://data.cooperationdatabank.org/vocab/prop/partnerPerceptionLevel,Partner perception level,https://data.cooperationdatabank.org/id/partnerperceptionlevel/high,high,https://data.cooperationdatabank.org/vocab/prop/partnerPerceptionLevel,Partner perception level,https://data.cooperationdatabank.org/id/partnerperceptionlevel/low,low,https://data.cooperationdatabank.org/vocab/prop/studyRealPartner,Real partner,https://data.cooperationdatabank.org/id/studyrealpartner/1,Real,https://data.cooperationdatabank.org/id/dependentvariable/cooperation,noEffect,test,2.0,positive,higher,1.0,0.10064935064935066,0.34415584415584416,0.5551948051948052,0.5551948051948052,"When comparing studies where partner perception level is high and studies where partner perception level is low, cooperation is significantly higher when real partner is real."
3806,https://data.cooperationdatabank.org/vocab/prop/Perception_of_the_partner(s)Variable,https://data.cooperationdatabank.org/vocab/prop/partnerPerception,Partner perception,https://data.cooperationdatabank.org/id/partnerperception/attractive,Attractive,https://data.cooperationdatabank.org/vocab/prop/partnerPerception,Partner perception,https://data.cooperationdatabank.org/id/partnerperception/unattractive,Unattractive,https://data.cooperationdatabank.org/vocab/prop/studyAcademicDiscipline,Academic discipline,https://data.cooperationdatabank.org/id/studyacademicdiscipline/1,Economics,https://data.cooperationdatabank.org/id/dependentvariable/contributions,noEffect,test,0.0,negative,lower,1.0,0.5188216039279869,0.4582651391162029,0.022913256955810146,0.5188216039279869,"When comparing studies where partner perception is attractive and studies where partner perception is unattractive, cooperation is significantly lower when academic discipline is economics."
3808,https://data.cooperationdatabank.org/vocab/prop/Perception_of_the_partner(s)Variable,https://data.cooperationdatabank.org/vocab/prop/partnerPerception,Partner perception,https://data.cooperationdatabank.org/id/partnerperception/attractive,Attractive,https://data.cooperationdatabank.org/vocab/prop/partnerPerception,Partner perception,https://data.cooperationdatabank.org/id/partnerperception/unattractive,Unattractive,https://data.cooperationdatabank.org/vocab/prop/studyAcquaintance,Acquaintance,https://data.cooperationdatabank.org/id/studyacquaintance/0,Strangers,https://data.cooperationdatabank.org/id/dependentvariable/contributions,noEffect,test,0.0,negative,lower,1.0,0.5188216039279869,0.4582651391162029,0.022913256955810146,0.5188216039279869,"When comparing studies where partner perception is attractive and studies where partner perception is unattractive, cooperation is significantly lower when acquaintance is strangers."
3813,https://data.cooperationdatabank.org/vocab/prop/Perception_of_the_partner(s)Variable,https://data.cooperationdatabank.org/vocab/prop/partnerPerception,Partner perception,https://data.cooperationdatabank.org/id/partnerperception/attractive,Attractive,https://data.cooperationdatabank.org/vocab/prop/partnerPerception,Partner perception,https://data.cooperationdatabank.org/id/partnerperception/unattractive,Unattractive,https://data.cooperationdatabank.org/vocab/prop/studyMatchingProtocol,Matching,https://data.cooperationdatabank.org/id/studymatchingprotocol/2,Partner,https://data.cooperationdatabank.org/id/dependentvariable/contributions,noEffect,test,0.0,negative,lower,1.0,0.5188216039279869,0.4582651391162029,0.022913256955810146,0.5188216039279869,"When comparing studies where partner perception is attractive and studies where partner perception is unattractive, cooperation is significantly lower when matching is partner."
3821,https://data.cooperationdatabank.org/vocab/prop/Perception_of_the_partner(s)Variable,https://data.cooperationdatabank.org/vocab/prop/partnerPerception,Partner perception,https://data.cooperationdatabank.org/id/partnerperception/attractive,Attractive,https://data.cooperationdatabank.org/vocab/prop/partnerPerception,Partner perception,https://data.cooperationdatabank.org/id/partnerperception/unattractive,Unattractive,https://data.cooperationdatabank.org/vocab/prop/countrySource,Source of country or region,https://data.cooperationdatabank.org/id/countrysource/1,Specified country,https://data.cooperationdatabank.org/id/dependentvariable/contributions,negative,test,0.0,negative,lower,0.0,0.5188216039279869,0.4582651391162029,0.022913256955810146,0.5188216039279869,"When comparing studies where partner perception is attractive and studies where partner perception is unattractive, cooperation is significantly lower when source of country or region is specified country."
3829,https://data.cooperationdatabank.org/vocab/prop/Perception_of_the_partner(s)Variable,https://data.cooperationdatabank.org/vocab/prop/partnerPerception,Partner perception,https://data.cooperationdatabank.org/id/partnerperception/attractive,Attractive,https://data.cooperationdatabank.org/vocab/prop/partnerPerception,Partner perception,https://data.cooperationdatabank.org/id/partnerperception/unattractive,Unattractive,https://data.cooperationdatabank.org/vocab/prop/studyGameIncentive,Game incentive,https://data.cooperationdatabank.org/id/studygameincentive/1,Monetary,https://data.cooperationdatabank.org/id/dependentvariable/contributions,negative,test,0.0,negative,lower,0.0,0.5188216039279869,0.4582651391162029,0.022913256955810146,0.5188216039279869,"When comparing studies where partner perception is attractive and studies where partner perception is unattractive, cooperation is significantly lower when game incentive is monetary."
3835,https://data.cooperationdatabank.org/vocab/prop/Perception_of_the_partner(s)Variable,https://data.cooperationdatabank.org/vocab/prop/partnerPerception,Partner perception,https://data.cooperationdatabank.org/id/partnerperception/attractive,Attractive,https://data.cooperationdatabank.org/vocab/prop/partnerPerception,Partner perception,https://data.cooperationdatabank.org/id/partnerperception/unattractive,Unattractive,https://data.cooperationdatabank.org/vocab/prop/yearSource,Source of year of data collection,https://data.cooperationdatabank.org/id/yearsource/4,Received/Submitted,https://data.cooperationdatabank.org/id/dependentvariable/contributions,negative,test,0.0,negative,lower,0.0,0.5188216039279869,0.4582651391162029,0.022913256955810146,0.5188216039279869,"When comparing studies where partner perception is attractive and studies where partner perception is unattractive, cooperation is significantly lower when source of year of data collection is submitted."
3836,https://data.cooperationdatabank.org/vocab/prop/Perception_of_the_partner(s)Variable,https://data.cooperationdatabank.org/vocab/prop/partnerPerception,Partner perception,https://data.cooperationdatabank.org/id/partnerperception/attractive,Attractive,https://data.cooperationdatabank.org/vocab/prop/partnerPerception,Partner perception,https://data.cooperationdatabank.org/id/partnerperception/unattractive,Unattractive,https://data.cooperationdatabank.org/vocab/prop/studyContinuousPGG,Continuous vs step-level public goods,https://data.cooperationdatabank.org/id/studycontinuouspgg/1,Continuous,https://data.cooperationdatabank.org/id/dependentvariable/contributions,negative,test,0.0,negative,lower,0.0,0.5188216039279869,0.4582651391162029,0.022913256955810146,0.5188216039279869,"When comparing studies where partner perception is attractive and studies where partner perception is unattractive, cooperation is significantly lower when continuous vs step-level public goods is continuous."
3803,https://data.cooperationdatabank.org/vocab/prop/Perception_of_the_partner(s)Variable,https://data.cooperationdatabank.org/vocab/prop/partnerPerception,Partner perception,https://data.cooperationdatabank.org/id/partnerperception/attractive,Attractive,https://data.cooperationdatabank.org/vocab/prop/partnerPerception,Partner perception,https://data.cooperationdatabank.org/id/partnerperception/unattractive,Unattractive,https://data.cooperationdatabank.org/vocab/prop/countrySource,Source of country or region,https://data.cooperationdatabank.org/id/countrysource/1,Specified country,https://data.cooperationdatabank.org/id/dependentvariable/contributions,noEffect,test,0.0,negative,lower,1.0,0.5188216039279869,0.4582651391162029,0.022913256955810146,0.5188216039279869,"When comparing studies where partner perception is attractive and studies where partner perception is unattractive, cooperation is significantly lower when source of country or region is specified country."
35116,https://data.cooperationdatabank.org/vocab/prop/Perception_of_the_partner(s)Variable,https://data.cooperationdatabank.org/vocab/prop/similarityLevel,Similarity level,https://data.cooperationdatabank.org/id/similaritylevel/high,High,https://data.cooperationdatabank.org/vocab/prop/similarityLevel,Similarity level,https://data.cooperationdatabank.org/id/similaritylevel/low,Low,https://data.cooperationdatabank.org/vocab/prop/country,has country,https://data.cooperationdatabank.org/id/country/USA,USA,https://data.cooperationdatabank.org/id/dependentvariable/cooperation,noEffect,test,0.0,negative,lower,1.0,0.5,0.5,0.0,0.5,"When comparing studies where similarity level is high and studies where similarity level is low, cooperation is significantly lower when has country is usa."
42382,https://data.cooperationdatabank.org/vocab/prop/Perception_of_the_partner(s)Variable,https://data.cooperationdatabank.org/vocab/prop/similarityLevel,Similarity level,https://data.cooperationdatabank.org/id/similaritylevel/high,High,https://data.cooperationdatabank.org/vocab/prop/similarityLevel,Similarity level,https://data.cooperationdatabank.org/id/similaritylevel/low,Low,https://data.cooperationdatabank.org/vocab/prop/country,has country,https://data.cooperationdatabank.org/id/country/USA,USA,https://data.cooperationdatabank.org/id/dependentvariable/cooperation,noEffect,test,0.0,negative,lower,1.0,0.5,0.5,0.0,0.5,"When comparing studies where similarity level is high and studies where similarity level is low, cooperation is significantly lower when has country is usa."
47281,https://data.cooperationdatabank.org/vocab/prop/Perception_of_the_partner(s)Variable,https://data.cooperationdatabank.org/vocab/prop/similarityLevel,Similarity level,https://data.cooperationdatabank.org/id/similaritylevel/high,High,https://data.cooperationdatabank.org/vocab/prop/similarityLevel,Similarity level,https://data.cooperationdatabank.org/id/similaritylevel/low,Low,https://data.cooperationdatabank.org/vocab/prop/country,has country,https://data.cooperationdatabank.org/id/country/USA,USA,https://data.cooperationdatabank.org/id/dependentvariable/cooperation,noEffect,test,0.0,negative,lower,1.0,0.5,0.5,0.0,0.5,"When comparing studies where similarity level is high and studies where similarity level is low, cooperation is significantly lower when has country is usa."
