,giv_prop,iv,iv_label,cat_t1,cat_t1_label,iv.1,iv_label.1,cat_t2,cat_t2_label,mod,mod_label,mod_val,mod_val_label,dependent,effect,td,pred_num,pred_readable,comparative,pred_true,score_0,score_1,score_2,max_score,hypothesis
14360,https://data.cooperationdatabank.org/vocab/prop/PeriodVariable,https://data.cooperationdatabank.org/vocab/prop/trialOfCooperationOrdinal,Trial of cooperation (ordinal),https://data.cooperationdatabank.org/id/trialofcooperationordinal/first,first,https://data.cooperationdatabank.org/vocab/prop/trialOfCooperationOrdinal,Trial of cooperation (ordinal),https://data.cooperationdatabank.org/id/trialofcooperationordinal/last,last,https://data.cooperationdatabank.org/vocab/prop/discussion,Discussion,https://data.cooperationdatabank.org/id/discussion/0,Absent,https://data.cooperationdatabank.org/id/dependentvariable/cooperation,negative,test,0.0,negative,lower,0.0,1.0,0.0,0.0,1.0,"When comparing studies where trial of cooperation (ordinal) is first and studies where trial of cooperation (ordinal) is last, cooperation is significantly lower when discussion is absent."
12146,https://data.cooperationdatabank.org/vocab/prop/PeriodVariable,https://data.cooperationdatabank.org/vocab/prop/trialOfCooperationOrdinal,Trial of cooperation (ordinal),https://data.cooperationdatabank.org/id/trialofcooperationordinal/first,first,https://data.cooperationdatabank.org/vocab/prop/trialOfCooperationOrdinal,Trial of cooperation (ordinal),https://data.cooperationdatabank.org/id/trialofcooperationordinal/last,last,https://data.cooperationdatabank.org/vocab/prop/recruitmentMethod,Recruitment method,https://data.cooperationdatabank.org/id/recruitmentmethod/3,Other,https://data.cooperationdatabank.org/id/dependentvariable/contributions,noEffect,test,2.0,positive,higher,1.0,0.0,0.0,1.0,1.0,"When comparing studies where trial of cooperation (ordinal) is first and studies where trial of cooperation (ordinal) is last, cooperation is significantly higher when recruitment method is other."
20136,https://data.cooperationdatabank.org/vocab/prop/PeriodVariable,https://data.cooperationdatabank.org/vocab/prop/trialOfCooperationOrdinal,Trial of cooperation (ordinal),https://data.cooperationdatabank.org/id/trialofcooperationordinal/first,first,https://data.cooperationdatabank.org/vocab/prop/trialOfCooperationOrdinal,Trial of cooperation (ordinal),https://data.cooperationdatabank.org/id/trialofcooperationordinal/last,last,https://data.cooperationdatabank.org/vocab/prop/country,has country,https://data.cooperationdatabank.org/id/country/CHE,CHE,https://data.cooperationdatabank.org/id/dependentvariable/contributions,positive,test,2.0,positive,higher,2.0,0.0,0.0,1.0,1.0,"When comparing studies where trial of cooperation (ordinal) is first and studies where trial of cooperation (ordinal) is last, cooperation is significantly higher when has country is che."
14372,https://data.cooperationdatabank.org/vocab/prop/PeriodVariable,https://data.cooperationdatabank.org/vocab/prop/trialOfCooperationOrdinal,Trial of cooperation (ordinal),https://data.cooperationdatabank.org/id/trialofcooperationordinal/first,first,https://data.cooperationdatabank.org/vocab/prop/trialOfCooperationOrdinal,Trial of cooperation (ordinal),https://data.cooperationdatabank.org/id/trialofcooperationordinal/last,last,https://data.cooperationdatabank.org/vocab/prop/studyShowUpFee,Show-up fee,https://data.cooperationdatabank.org/id/studyshowupfee/2,Course credit,https://data.cooperationdatabank.org/id/dependentvariable/cooperation,negative,test,0.0,negative,lower,0.0,1.0,0.0,0.0,1.0,"When comparing studies where trial of cooperation (ordinal) is first and studies where trial of cooperation (ordinal) is last, cooperation is significantly lower when show-up fee is course credit."
14365,https://data.cooperationdatabank.org/vocab/prop/PeriodVariable,https://data.cooperationdatabank.org/vocab/prop/trialOfCooperationOrdinal,Trial of cooperation (ordinal),https://data.cooperationdatabank.org/id/trialofcooperationordinal/first,first,https://data.cooperationdatabank.org/vocab/prop/trialOfCooperationOrdinal,Trial of cooperation (ordinal),https://data.cooperationdatabank.org/id/trialofcooperationordinal/last,last,https://data.cooperationdatabank.org/vocab/prop/studyGameIncentive,Game incentive,https://data.cooperationdatabank.org/id/studygameincentive/1,Monetary,https://data.cooperationdatabank.org/id/dependentvariable/cooperation,negative,test,0.0,negative,lower,0.0,1.0,0.0,0.0,1.0,"When comparing studies where trial of cooperation (ordinal) is first and studies where trial of cooperation (ordinal) is last, cooperation is significantly lower when game incentive is monetary."
14363,https://data.cooperationdatabank.org/vocab/prop/PeriodVariable,https://data.cooperationdatabank.org/vocab/prop/trialOfCooperationOrdinal,Trial of cooperation (ordinal),https://data.cooperationdatabank.org/id/trialofcooperationordinal/first,first,https://data.cooperationdatabank.org/vocab/prop/trialOfCooperationOrdinal,Trial of cooperation (ordinal),https://data.cooperationdatabank.org/id/trialofcooperationordinal/last,last,https://data.cooperationdatabank.org/vocab/prop/studyDilemmaType,Game type,https://data.cooperationdatabank.org/id/studydilemmatype/2,Public Goods Game,https://data.cooperationdatabank.org/id/dependentvariable/cooperation,negative,test,0.0,negative,lower,0.0,1.0,0.0,0.0,1.0,"When comparing studies where trial of cooperation (ordinal) is first and studies where trial of cooperation (ordinal) is last, cooperation is significantly lower when game type is public goods game."
20218,https://data.cooperationdatabank.org/vocab/prop/PeriodVariable,https://data.cooperationdatabank.org/vocab/prop/trialOfCooperationOrdinal,Trial of cooperation (ordinal),https://data.cooperationdatabank.org/id/trialofcooperationordinal/first,first,https://data.cooperationdatabank.org/vocab/prop/trialOfCooperationOrdinal,Trial of cooperation (ordinal),https://data.cooperationdatabank.org/id/trialofcooperationordinal/last,last,https://data.cooperationdatabank.org/vocab/prop/yearSource,Source of year of data collection,https://data.cooperationdatabank.org/id/yearsource/1,Conducted,https://data.cooperationdatabank.org/id/dependentvariable/contributions,positive,test,2.0,positive,higher,2.0,0.0,0.0,1.0,1.0,"When comparing studies where trial of cooperation (ordinal) is first and studies where trial of cooperation (ordinal) is last, cooperation is significantly higher when source of year of data collection is conducted."
37168,https://data.cooperationdatabank.org/vocab/prop/PeriodVariable,https://data.cooperationdatabank.org/vocab/prop/trialOfCooperationOrdinal,Trial of cooperation (ordinal),https://data.cooperationdatabank.org/id/trialofcooperationordinal/first,first,https://data.cooperationdatabank.org/vocab/prop/trialOfCooperationOrdinal,Trial of cooperation (ordinal),https://data.cooperationdatabank.org/id/trialofcooperationordinal/last,last,https://data.cooperationdatabank.org/vocab/prop/discussion,Discussion,https://data.cooperationdatabank.org/id/discussion/0,Absent,https://data.cooperationdatabank.org/id/dependentvariable/withdrawals,positive,test,2.0,positive,higher,2.0,0.0,0.0,1.0,1.0,"When comparing studies where trial of cooperation (ordinal) is first and studies where trial of cooperation (ordinal) is last, cooperation is significantly higher when discussion is absent."
20184,https://data.cooperationdatabank.org/vocab/prop/PeriodVariable,https://data.cooperationdatabank.org/vocab/prop/trialOfCooperationOrdinal,Trial of cooperation (ordinal),https://data.cooperationdatabank.org/id/trialofcooperationordinal/first,first,https://data.cooperationdatabank.org/vocab/prop/trialOfCooperationOrdinal,Trial of cooperation (ordinal),https://data.cooperationdatabank.org/id/trialofcooperationordinal/last,last,https://data.cooperationdatabank.org/vocab/prop/yearSource,Source of year of data collection,https://data.cooperationdatabank.org/id/yearsource/1,Conducted,https://data.cooperationdatabank.org/id/dependentvariable/contributions,positive,test,2.0,positive,higher,2.0,0.0,0.0,1.0,1.0,"When comparing studies where trial of cooperation (ordinal) is first and studies where trial of cooperation (ordinal) is last, cooperation is significantly higher when source of year of data collection is conducted."
1938,https://data.cooperationdatabank.org/vocab/prop/PeriodVariable,https://data.cooperationdatabank.org/vocab/prop/trialOfCooperationOrdinal,Trial of cooperation (ordinal),https://data.cooperationdatabank.org/id/trialofcooperationordinal/first,first,https://data.cooperationdatabank.org/vocab/prop/trialOfCooperationOrdinal,Trial of cooperation (ordinal),https://data.cooperationdatabank.org/id/trialofcooperationordinal/last,last,https://data.cooperationdatabank.org/vocab/prop/studyContinuousPGG,Continuous vs step-level public goods,https://data.cooperationdatabank.org/id/studycontinuouspgg/1,Continuous,https://data.cooperationdatabank.org/id/dependentvariable/contributions,noEffect,test,2.0,positive,higher,1.0,0.05092592592592592,0.2777777777777778,0.6712962962962963,0.6712962962962963,"When comparing studies where trial of cooperation (ordinal) is first and studies where trial of cooperation (ordinal) is last, cooperation is significantly higher when continuous vs step-level public goods is continuous."
20145,https://data.cooperationdatabank.org/vocab/prop/PeriodVariable,https://data.cooperationdatabank.org/vocab/prop/trialOfCooperationOrdinal,Trial of cooperation (ordinal),https://data.cooperationdatabank.org/id/trialofcooperationordinal/first,first,https://data.cooperationdatabank.org/vocab/prop/trialOfCooperationOrdinal,Trial of cooperation (ordinal),https://data.cooperationdatabank.org/id/trialofcooperationordinal/last,last,https://data.cooperationdatabank.org/vocab/prop/studyGameIncentive,Game incentive,https://data.cooperationdatabank.org/id/studygameincentive/1,Monetary,https://data.cooperationdatabank.org/id/dependentvariable/contributions,positive,test,2.0,positive,higher,2.0,0.05092592592592592,0.2777777777777778,0.6712962962962963,0.6712962962962963,"When comparing studies where trial of cooperation (ordinal) is first and studies where trial of cooperation (ordinal) is last, cooperation is significantly higher when game incentive is monetary."
13691,https://data.cooperationdatabank.org/vocab/prop/PeriodVariable,https://data.cooperationdatabank.org/vocab/prop/trialOfCooperationOrdinal,Trial of cooperation (ordinal),https://data.cooperationdatabank.org/id/trialofcooperationordinal/first,first,https://data.cooperationdatabank.org/vocab/prop/trialOfCooperationOrdinal,Trial of cooperation (ordinal),https://data.cooperationdatabank.org/id/trialofcooperationordinal/last,last,https://data.cooperationdatabank.org/vocab/prop/studyContinuousPGG,Continuous vs step-level public goods,https://data.cooperationdatabank.org/id/studycontinuouspgg/1,Continuous,https://data.cooperationdatabank.org/id/dependentvariable/contributions,noEffect,test,2.0,positive,higher,1.0,0.05092592592592592,0.2777777777777778,0.6712962962962963,0.6712962962962963,"When comparing studies where trial of cooperation (ordinal) is first and studies where trial of cooperation (ordinal) is last, cooperation is significantly higher when continuous vs step-level public goods is continuous."
13685,https://data.cooperationdatabank.org/vocab/prop/PeriodVariable,https://data.cooperationdatabank.org/vocab/prop/trialOfCooperationOrdinal,Trial of cooperation (ordinal),https://data.cooperationdatabank.org/id/trialofcooperationordinal/first,first,https://data.cooperationdatabank.org/vocab/prop/trialOfCooperationOrdinal,Trial of cooperation (ordinal),https://data.cooperationdatabank.org/id/trialofcooperationordinal/last,last,https://data.cooperationdatabank.org/vocab/prop/studyGameIncentive,Game incentive,https://data.cooperationdatabank.org/id/studygameincentive/1,Monetary,https://data.cooperationdatabank.org/id/dependentvariable/contributions,noEffect,test,2.0,positive,higher,1.0,0.05092592592592592,0.2777777777777778,0.6712962962962963,0.6712962962962963,"When comparing studies where trial of cooperation (ordinal) is first and studies where trial of cooperation (ordinal) is last, cooperation is significantly higher when game incentive is monetary."
13687,https://data.cooperationdatabank.org/vocab/prop/PeriodVariable,https://data.cooperationdatabank.org/vocab/prop/trialOfCooperationOrdinal,Trial of cooperation (ordinal),https://data.cooperationdatabank.org/id/trialofcooperationordinal/first,first,https://data.cooperationdatabank.org/vocab/prop/trialOfCooperationOrdinal,Trial of cooperation (ordinal),https://data.cooperationdatabank.org/id/trialofcooperationordinal/last,last,https://data.cooperationdatabank.org/vocab/prop/studyOneShot,One-shot vs repeated,https://data.cooperationdatabank.org/id/studyoneshot/0,Repeated,https://data.cooperationdatabank.org/id/dependentvariable/contributions,noEffect,test,2.0,positive,higher,1.0,0.05092592592592592,0.2777777777777778,0.6712962962962963,0.6712962962962963,"When comparing studies where trial of cooperation (ordinal) is first and studies where trial of cooperation (ordinal) is last, cooperation is significantly higher when one-shot vs repeated is repeated."
20158,https://data.cooperationdatabank.org/vocab/prop/PeriodVariable,https://data.cooperationdatabank.org/vocab/prop/trialOfCooperationOrdinal,Trial of cooperation (ordinal),https://data.cooperationdatabank.org/id/trialofcooperationordinal/first,first,https://data.cooperationdatabank.org/vocab/prop/trialOfCooperationOrdinal,Trial of cooperation (ordinal),https://data.cooperationdatabank.org/id/trialofcooperationordinal/last,last,https://data.cooperationdatabank.org/vocab/prop/studyAcademicDiscipline,Academic discipline,https://data.cooperationdatabank.org/id/studyacademicdiscipline/4,Mixed,https://data.cooperationdatabank.org/id/dependentvariable/contributions,positive,test,2.0,positive,higher,2.0,0.05092592592592592,0.2777777777777778,0.6712962962962963,0.6712962962962963,"When comparing studies where trial of cooperation (ordinal) is first and studies where trial of cooperation (ordinal) is last, cooperation is significantly higher when academic discipline is mixed."
1927,https://data.cooperationdatabank.org/vocab/prop/PeriodVariable,https://data.cooperationdatabank.org/vocab/prop/trialOfCooperationOrdinal,Trial of cooperation (ordinal),https://data.cooperationdatabank.org/id/trialofcooperationordinal/first,first,https://data.cooperationdatabank.org/vocab/prop/trialOfCooperationOrdinal,Trial of cooperation (ordinal),https://data.cooperationdatabank.org/id/trialofcooperationordinal/last,last,https://data.cooperationdatabank.org/vocab/prop/discussion,Discussion,https://data.cooperationdatabank.org/id/discussion/0,Absent,https://data.cooperationdatabank.org/id/dependentvariable/contributions,noEffect,test,2.0,positive,higher,1.0,0.05092592592592592,0.2777777777777778,0.6712962962962963,0.6712962962962963,"When comparing studies where trial of cooperation (ordinal) is first and studies where trial of cooperation (ordinal) is last, cooperation is significantly higher when discussion is absent."
12139,https://data.cooperationdatabank.org/vocab/prop/PeriodVariable,https://data.cooperationdatabank.org/vocab/prop/trialOfCooperationOrdinal,Trial of cooperation (ordinal),https://data.cooperationdatabank.org/id/trialofcooperationordinal/first,first,https://data.cooperationdatabank.org/vocab/prop/trialOfCooperationOrdinal,Trial of cooperation (ordinal),https://data.cooperationdatabank.org/id/trialofcooperationordinal/last,last,https://data.cooperationdatabank.org/vocab/prop/studyOneShot,One-shot vs repeated,https://data.cooperationdatabank.org/id/studyoneshot/0,Repeated,https://data.cooperationdatabank.org/id/dependentvariable/contributions,noEffect,test,2.0,positive,higher,1.0,0.05092592592592592,0.2777777777777778,0.6712962962962963,0.6712962962962963,"When comparing studies where trial of cooperation (ordinal) is first and studies where trial of cooperation (ordinal) is last, cooperation is significantly higher when one-shot vs repeated is repeated."
12134,https://data.cooperationdatabank.org/vocab/prop/PeriodVariable,https://data.cooperationdatabank.org/vocab/prop/trialOfCooperationOrdinal,Trial of cooperation (ordinal),https://data.cooperationdatabank.org/id/trialofcooperationordinal/first,first,https://data.cooperationdatabank.org/vocab/prop/trialOfCooperationOrdinal,Trial of cooperation (ordinal),https://data.cooperationdatabank.org/id/trialofcooperationordinal/last,last,https://data.cooperationdatabank.org/vocab/prop/studyDilemmaType,Game type,https://data.cooperationdatabank.org/id/studydilemmatype/2,Public Goods Game,https://data.cooperationdatabank.org/id/dependentvariable/contributions,noEffect,test,2.0,positive,higher,1.0,0.05092592592592592,0.2777777777777778,0.6712962962962963,0.6712962962962963,"When comparing studies where trial of cooperation (ordinal) is first and studies where trial of cooperation (ordinal) is last, cooperation is significantly higher when game type is public goods game."
39105,https://data.cooperationdatabank.org/vocab/prop/PeriodVariable,https://data.cooperationdatabank.org/vocab/prop/trialOfCooperationOrdinal,Trial of cooperation (ordinal),https://data.cooperationdatabank.org/id/trialofcooperationordinal/first,first,https://data.cooperationdatabank.org/vocab/prop/trialOfCooperationOrdinal,Trial of cooperation (ordinal),https://data.cooperationdatabank.org/id/trialofcooperationordinal/last,last,https://data.cooperationdatabank.org/vocab/prop/studyContinuousPGG,Continuous vs step-level public goods,https://data.cooperationdatabank.org/id/studycontinuouspgg/1,Continuous,https://data.cooperationdatabank.org/id/dependentvariable/contributions,positive,test,2.0,positive,higher,2.0,0.05092592592592592,0.2777777777777778,0.6712962962962963,0.6712962962962963,"When comparing studies where trial of cooperation (ordinal) is first and studies where trial of cooperation (ordinal) is last, cooperation is significantly higher when continuous vs step-level public goods is continuous."
39099,https://data.cooperationdatabank.org/vocab/prop/PeriodVariable,https://data.cooperationdatabank.org/vocab/prop/trialOfCooperationOrdinal,Trial of cooperation (ordinal),https://data.cooperationdatabank.org/id/trialofcooperationordinal/first,first,https://data.cooperationdatabank.org/vocab/prop/trialOfCooperationOrdinal,Trial of cooperation (ordinal),https://data.cooperationdatabank.org/id/trialofcooperationordinal/last,last,https://data.cooperationdatabank.org/vocab/prop/studyDilemmaType,Game type,https://data.cooperationdatabank.org/id/studydilemmatype/2,Public Goods Game,https://data.cooperationdatabank.org/id/dependentvariable/contributions,positive,test,2.0,positive,higher,2.0,0.05092592592592592,0.2777777777777778,0.6712962962962963,0.6712962962962963,"When comparing studies where trial of cooperation (ordinal) is first and studies where trial of cooperation (ordinal) is last, cooperation is significantly higher when game type is public goods game."
37001,https://data.cooperationdatabank.org/vocab/prop/PeriodVariable,https://data.cooperationdatabank.org/vocab/prop/trialOfCooperationOrdinal,Trial of cooperation (ordinal),https://data.cooperationdatabank.org/id/trialofcooperationordinal/first,first,https://data.cooperationdatabank.org/vocab/prop/trialOfCooperationOrdinal,Trial of cooperation (ordinal),https://data.cooperationdatabank.org/id/trialofcooperationordinal/last,last,https://data.cooperationdatabank.org/vocab/prop/discussion,Discussion,https://data.cooperationdatabank.org/id/discussion/0,Absent,https://data.cooperationdatabank.org/id/dependentvariable/contributions,positive,test,2.0,positive,higher,2.0,0.05092592592592592,0.2777777777777778,0.6712962962962963,0.6712962962962963,"When comparing studies where trial of cooperation (ordinal) is first and studies where trial of cooperation (ordinal) is last, cooperation is significantly higher when discussion is absent."
20189,https://data.cooperationdatabank.org/vocab/prop/PeriodVariable,https://data.cooperationdatabank.org/vocab/prop/trialOfCooperationOrdinal,Trial of cooperation (ordinal),https://data.cooperationdatabank.org/id/trialofcooperationordinal/first,first,https://data.cooperationdatabank.org/vocab/prop/trialOfCooperationOrdinal,Trial of cooperation (ordinal),https://data.cooperationdatabank.org/id/trialofcooperationordinal/last,last,https://data.cooperationdatabank.org/vocab/prop/discussion,Discussion,https://data.cooperationdatabank.org/id/discussion/0,Absent,https://data.cooperationdatabank.org/id/dependentvariable/contributions,positive,test,2.0,positive,higher,2.0,0.05092592592592592,0.2777777777777778,0.6712962962962963,0.6712962962962963,"When comparing studies where trial of cooperation (ordinal) is first and studies where trial of cooperation (ordinal) is last, cooperation is significantly higher when discussion is absent."
20206,https://data.cooperationdatabank.org/vocab/prop/PeriodVariable,https://data.cooperationdatabank.org/vocab/prop/trialOfCooperationOrdinal,Trial of cooperation (ordinal),https://data.cooperationdatabank.org/id/trialofcooperationordinal/first,first,https://data.cooperationdatabank.org/vocab/prop/trialOfCooperationOrdinal,Trial of cooperation (ordinal),https://data.cooperationdatabank.org/id/trialofcooperationordinal/last,last,https://data.cooperationdatabank.org/vocab/prop/discussion,Discussion,https://data.cooperationdatabank.org/id/discussion/0,Absent,https://data.cooperationdatabank.org/id/dependentvariable/contributions,positive,test,2.0,positive,higher,2.0,0.05092592592592592,0.2777777777777778,0.6712962962962963,0.6712962962962963,"When comparing studies where trial of cooperation (ordinal) is first and studies where trial of cooperation (ordinal) is last, cooperation is significantly higher when discussion is absent."
24147,https://data.cooperationdatabank.org/vocab/prop/PeriodVariable,https://data.cooperationdatabank.org/vocab/prop/trialOfCooperationOrdinal,Trial of cooperation (ordinal),https://data.cooperationdatabank.org/id/trialofcooperationordinal/first,first,https://data.cooperationdatabank.org/vocab/prop/trialOfCooperationOrdinal,Trial of cooperation (ordinal),https://data.cooperationdatabank.org/id/trialofcooperationordinal/last,last,https://data.cooperationdatabank.org/vocab/prop/studyTrialOfCooperation,Trial of cooperation,https://data.cooperationdatabank.org/id/studytrialofcooperation/1,All trials,https://data.cooperationdatabank.org/id/dependentvariable/contributions,noEffect,test,2.0,positive,higher,1.0,0.05092592592592592,0.2777777777777778,0.6712962962962963,0.6712962962962963,"When comparing studies where trial of cooperation (ordinal) is first and studies where trial of cooperation (ordinal) is last, cooperation is significantly higher when trial of cooperation is all trials."
24139,https://data.cooperationdatabank.org/vocab/prop/PeriodVariable,https://data.cooperationdatabank.org/vocab/prop/trialOfCooperationOrdinal,Trial of cooperation (ordinal),https://data.cooperationdatabank.org/id/trialofcooperationordinal/first,first,https://data.cooperationdatabank.org/vocab/prop/trialOfCooperationOrdinal,Trial of cooperation (ordinal),https://data.cooperationdatabank.org/id/trialofcooperationordinal/last,last,https://data.cooperationdatabank.org/vocab/prop/publicationStatus,Published,https://data.cooperationdatabank.org/id/publicationstatus/1,Published Article,https://data.cooperationdatabank.org/id/dependentvariable/contributions,noEffect,test,2.0,positive,higher,1.0,0.05092592592592592,0.2777777777777778,0.6712962962962963,0.6712962962962963,"When comparing studies where trial of cooperation (ordinal) is first and studies where trial of cooperation (ordinal) is last, cooperation is significantly higher when published is published article."
20164,https://data.cooperationdatabank.org/vocab/prop/PeriodVariable,https://data.cooperationdatabank.org/vocab/prop/trialOfCooperationOrdinal,Trial of cooperation (ordinal),https://data.cooperationdatabank.org/id/trialofcooperationordinal/first,first,https://data.cooperationdatabank.org/vocab/prop/trialOfCooperationOrdinal,Trial of cooperation (ordinal),https://data.cooperationdatabank.org/id/trialofcooperationordinal/last,last,https://data.cooperationdatabank.org/vocab/prop/studyOneShot,One-shot vs repeated,https://data.cooperationdatabank.org/id/studyoneshot/0,Repeated,https://data.cooperationdatabank.org/id/dependentvariable/contributions,positive,test,2.0,positive,higher,2.0,0.05092592592592592,0.2777777777777778,0.6712962962962963,0.6712962962962963,"When comparing studies where trial of cooperation (ordinal) is first and studies where trial of cooperation (ordinal) is last, cooperation is significantly higher when one-shot vs repeated is repeated."
24171,https://data.cooperationdatabank.org/vocab/prop/PeriodVariable,https://data.cooperationdatabank.org/vocab/prop/trialOfCooperationOrdinal,Trial of cooperation (ordinal),https://data.cooperationdatabank.org/id/trialofcooperationordinal/first,first,https://data.cooperationdatabank.org/vocab/prop/trialOfCooperationOrdinal,Trial of cooperation (ordinal),https://data.cooperationdatabank.org/id/trialofcooperationordinal/last,last,https://data.cooperationdatabank.org/vocab/prop/publicationStatus,Published,https://data.cooperationdatabank.org/id/publicationstatus/1,Published Article,https://data.cooperationdatabank.org/id/dependentvariable/contributions,positive,test,2.0,positive,higher,2.0,0.05092592592592592,0.2777777777777778,0.6712962962962963,0.6712962962962963,"When comparing studies where trial of cooperation (ordinal) is first and studies where trial of cooperation (ordinal) is last, cooperation is significantly higher when published is published article."
37047,https://data.cooperationdatabank.org/vocab/prop/PeriodVariable,https://data.cooperationdatabank.org/vocab/prop/trialOfCooperationOrdinal,Trial of cooperation (ordinal),https://data.cooperationdatabank.org/id/trialofcooperationordinal/first,first,https://data.cooperationdatabank.org/vocab/prop/trialOfCooperationOrdinal,Trial of cooperation (ordinal),https://data.cooperationdatabank.org/id/trialofcooperationordinal/last,last,https://data.cooperationdatabank.org/vocab/prop/studyContinuousPGG,Continuous vs step-level public goods,https://data.cooperationdatabank.org/id/studycontinuouspgg/1,Continuous,https://data.cooperationdatabank.org/id/dependentvariable/contributions,noEffect,test,2.0,positive,higher,1.0,0.05092592592592592,0.2777777777777778,0.6712962962962963,0.6712962962962963,"When comparing studies where trial of cooperation (ordinal) is first and studies where trial of cooperation (ordinal) is last, cooperation is significantly higher when continuous vs step-level public goods is continuous."
37065,https://data.cooperationdatabank.org/vocab/prop/PeriodVariable,https://data.cooperationdatabank.org/vocab/prop/trialOfCooperationOrdinal,Trial of cooperation (ordinal),https://data.cooperationdatabank.org/id/trialofcooperationordinal/first,first,https://data.cooperationdatabank.org/vocab/prop/trialOfCooperationOrdinal,Trial of cooperation (ordinal),https://data.cooperationdatabank.org/id/trialofcooperationordinal/last,last,https://data.cooperationdatabank.org/vocab/prop/studyShowUpFee,Show-up fee,https://data.cooperationdatabank.org/id/studyshowupfee/1,Paid,https://data.cooperationdatabank.org/id/dependentvariable/contributions,positive,test,2.0,positive,higher,2.0,0.05092592592592592,0.2777777777777778,0.6712962962962963,0.6712962962962963,"When comparing studies where trial of cooperation (ordinal) is first and studies where trial of cooperation (ordinal) is last, cooperation is significantly higher when show-up fee is paid."
37062,https://data.cooperationdatabank.org/vocab/prop/PeriodVariable,https://data.cooperationdatabank.org/vocab/prop/trialOfCooperationOrdinal,Trial of cooperation (ordinal),https://data.cooperationdatabank.org/id/trialofcooperationordinal/first,first,https://data.cooperationdatabank.org/vocab/prop/trialOfCooperationOrdinal,Trial of cooperation (ordinal),https://data.cooperationdatabank.org/id/trialofcooperationordinal/last,last,https://data.cooperationdatabank.org/vocab/prop/studyTrialOfCooperation,Trial of cooperation,https://data.cooperationdatabank.org/id/studytrialofcooperation/1,All trials,https://data.cooperationdatabank.org/id/dependentvariable/contributions,positive,test,2.0,positive,higher,2.0,0.05092592592592592,0.2777777777777778,0.6712962962962963,0.6712962962962963,"When comparing studies where trial of cooperation (ordinal) is first and studies where trial of cooperation (ordinal) is last, cooperation is significantly higher when trial of cooperation is all trials."
37014,https://data.cooperationdatabank.org/vocab/prop/PeriodVariable,https://data.cooperationdatabank.org/vocab/prop/trialOfCooperationOrdinal,Trial of cooperation (ordinal),https://data.cooperationdatabank.org/id/trialofcooperationordinal/first,first,https://data.cooperationdatabank.org/vocab/prop/trialOfCooperationOrdinal,Trial of cooperation (ordinal),https://data.cooperationdatabank.org/id/trialofcooperationordinal/last,last,https://data.cooperationdatabank.org/vocab/prop/studyShowUpFee,Show-up fee,https://data.cooperationdatabank.org/id/studyshowupfee/1,Paid,https://data.cooperationdatabank.org/id/dependentvariable/contributions,positive,test,2.0,positive,higher,2.0,0.05092592592592592,0.2777777777777778,0.6712962962962963,0.6712962962962963,"When comparing studies where trial of cooperation (ordinal) is first and studies where trial of cooperation (ordinal) is last, cooperation is significantly higher when show-up fee is paid."
37003,https://data.cooperationdatabank.org/vocab/prop/PeriodVariable,https://data.cooperationdatabank.org/vocab/prop/trialOfCooperationOrdinal,Trial of cooperation (ordinal),https://data.cooperationdatabank.org/id/trialofcooperationordinal/first,first,https://data.cooperationdatabank.org/vocab/prop/trialOfCooperationOrdinal,Trial of cooperation (ordinal),https://data.cooperationdatabank.org/id/trialofcooperationordinal/last,last,https://data.cooperationdatabank.org/vocab/prop/studyAcademicDiscipline,Academic discipline,https://data.cooperationdatabank.org/id/studyacademicdiscipline/4,Mixed,https://data.cooperationdatabank.org/id/dependentvariable/contributions,positive,test,2.0,positive,higher,2.0,0.05092592592592592,0.2777777777777778,0.6712962962962963,0.6712962962962963,"When comparing studies where trial of cooperation (ordinal) is first and studies where trial of cooperation (ordinal) is last, cooperation is significantly higher when academic discipline is mixed."
31175,https://data.cooperationdatabank.org/vocab/prop/PeriodVariable,https://data.cooperationdatabank.org/vocab/prop/trialOfCooperationOrdinal,Trial of cooperation (ordinal),https://data.cooperationdatabank.org/id/trialofcooperationordinal/first,first,https://data.cooperationdatabank.org/vocab/prop/trialOfCooperationOrdinal,Trial of cooperation (ordinal),https://data.cooperationdatabank.org/id/trialofcooperationordinal/last,last,https://data.cooperationdatabank.org/vocab/prop/studyContinuousPGG,Continuous vs step-level public goods,https://data.cooperationdatabank.org/id/studycontinuouspgg/1,Continuous,https://data.cooperationdatabank.org/id/dependentvariable/contributions,positive,test,2.0,positive,higher,2.0,0.05092592592592592,0.2777777777777778,0.6712962962962963,0.6712962962962963,"When comparing studies where trial of cooperation (ordinal) is first and studies where trial of cooperation (ordinal) is last, cooperation is significantly higher when continuous vs step-level public goods is continuous."
24138,https://data.cooperationdatabank.org/vocab/prop/PeriodVariable,https://data.cooperationdatabank.org/vocab/prop/trialOfCooperationOrdinal,Trial of cooperation (ordinal),https://data.cooperationdatabank.org/id/trialofcooperationordinal/first,first,https://data.cooperationdatabank.org/vocab/prop/trialOfCooperationOrdinal,Trial of cooperation (ordinal),https://data.cooperationdatabank.org/id/trialofcooperationordinal/last,last,https://data.cooperationdatabank.org/vocab/prop/discussion,Discussion,https://data.cooperationdatabank.org/id/discussion/0,Absent,https://data.cooperationdatabank.org/id/dependentvariable/contributions,noEffect,test,2.0,positive,higher,1.0,0.05092592592592592,0.2777777777777778,0.6712962962962963,0.6712962962962963,"When comparing studies where trial of cooperation (ordinal) is first and studies where trial of cooperation (ordinal) is last, cooperation is significantly higher when discussion is absent."
24178,https://data.cooperationdatabank.org/vocab/prop/PeriodVariable,https://data.cooperationdatabank.org/vocab/prop/trialOfCooperationOrdinal,Trial of cooperation (ordinal),https://data.cooperationdatabank.org/id/trialofcooperationordinal/first,first,https://data.cooperationdatabank.org/vocab/prop/trialOfCooperationOrdinal,Trial of cooperation (ordinal),https://data.cooperationdatabank.org/id/trialofcooperationordinal/last,last,https://data.cooperationdatabank.org/vocab/prop/studyRealPartner,Real partner,https://data.cooperationdatabank.org/id/studyrealpartner/1,Real,https://data.cooperationdatabank.org/id/dependentvariable/contributions,positive,test,2.0,positive,higher,2.0,0.11764705882352941,0.29411764705882354,0.5882352941176471,0.5882352941176471,"When comparing studies where trial of cooperation (ordinal) is first and studies where trial of cooperation (ordinal) is last, cooperation is significantly higher when real partner is real."
20165,https://data.cooperationdatabank.org/vocab/prop/PeriodVariable,https://data.cooperationdatabank.org/vocab/prop/trialOfCooperationOrdinal,Trial of cooperation (ordinal),https://data.cooperationdatabank.org/id/trialofcooperationordinal/first,first,https://data.cooperationdatabank.org/vocab/prop/trialOfCooperationOrdinal,Trial of cooperation (ordinal),https://data.cooperationdatabank.org/id/trialofcooperationordinal/last,last,https://data.cooperationdatabank.org/vocab/prop/studyRealPartner,Real partner,https://data.cooperationdatabank.org/id/studyrealpartner/1,Real,https://data.cooperationdatabank.org/id/dependentvariable/contributions,positive,test,2.0,positive,higher,2.0,0.11764705882352941,0.29411764705882354,0.5882352941176471,0.5882352941176471,"When comparing studies where trial of cooperation (ordinal) is first and studies where trial of cooperation (ordinal) is last, cooperation is significantly higher when real partner is real."
20148,https://data.cooperationdatabank.org/vocab/prop/PeriodVariable,https://data.cooperationdatabank.org/vocab/prop/trialOfCooperationOrdinal,Trial of cooperation (ordinal),https://data.cooperationdatabank.org/id/trialofcooperationordinal/first,first,https://data.cooperationdatabank.org/vocab/prop/trialOfCooperationOrdinal,Trial of cooperation (ordinal),https://data.cooperationdatabank.org/id/trialofcooperationordinal/last,last,https://data.cooperationdatabank.org/vocab/prop/studyRealPartner,Real partner,https://data.cooperationdatabank.org/id/studyrealpartner/1,Real,https://data.cooperationdatabank.org/id/dependentvariable/contributions,positive,test,2.0,positive,higher,2.0,0.11764705882352941,0.29411764705882354,0.5882352941176471,0.5882352941176471,"When comparing studies where trial of cooperation (ordinal) is first and studies where trial of cooperation (ordinal) is last, cooperation is significantly higher when real partner is real."
37044,https://data.cooperationdatabank.org/vocab/prop/PeriodVariable,https://data.cooperationdatabank.org/vocab/prop/trialOfCooperationOrdinal,Trial of cooperation (ordinal),https://data.cooperationdatabank.org/id/trialofcooperationordinal/first,first,https://data.cooperationdatabank.org/vocab/prop/trialOfCooperationOrdinal,Trial of cooperation (ordinal),https://data.cooperationdatabank.org/id/trialofcooperationordinal/last,last,https://data.cooperationdatabank.org/vocab/prop/studyRealPartner,Real partner,https://data.cooperationdatabank.org/id/studyrealpartner/1,Real,https://data.cooperationdatabank.org/id/dependentvariable/contributions,noEffect,test,2.0,positive,higher,1.0,0.11764705882352941,0.29411764705882354,0.5882352941176471,0.5882352941176471,"When comparing studies where trial of cooperation (ordinal) is first and studies where trial of cooperation (ordinal) is last, cooperation is significantly higher when real partner is real."
29901,https://data.cooperationdatabank.org/vocab/prop/PeriodVariable,https://data.cooperationdatabank.org/vocab/prop/trialOfCooperationOrdinal,Trial of cooperation (ordinal),https://data.cooperationdatabank.org/id/trialofcooperationordinal/first,first,https://data.cooperationdatabank.org/vocab/prop/trialOfCooperationOrdinal,Trial of cooperation (ordinal),https://data.cooperationdatabank.org/id/trialofcooperationordinal/last,last,https://data.cooperationdatabank.org/vocab/prop/studyRealPartner,Real partner,https://data.cooperationdatabank.org/id/studyrealpartner/1,Real,https://data.cooperationdatabank.org/id/dependentvariable/contributions,positive,test,2.0,positive,higher,2.0,0.11764705882352941,0.29411764705882354,0.5882352941176471,0.5882352941176471,"When comparing studies where trial of cooperation (ordinal) is first and studies where trial of cooperation (ordinal) is last, cooperation is significantly higher when real partner is real."
20163,https://data.cooperationdatabank.org/vocab/prop/PeriodVariable,https://data.cooperationdatabank.org/vocab/prop/trialOfCooperationOrdinal,Trial of cooperation (ordinal),https://data.cooperationdatabank.org/id/trialofcooperationordinal/first,first,https://data.cooperationdatabank.org/vocab/prop/trialOfCooperationOrdinal,Trial of cooperation (ordinal),https://data.cooperationdatabank.org/id/trialofcooperationordinal/last,last,https://data.cooperationdatabank.org/vocab/prop/studyMatchingProtocol,Matching,https://data.cooperationdatabank.org/id/studymatchingprotocol/2,Partner,https://data.cooperationdatabank.org/id/dependentvariable/contributions,positive,test,2.0,positive,higher,2.0,0.06944444444444445,0.3472222222222222,0.5833333333333334,0.5833333333333334,"When comparing studies where trial of cooperation (ordinal) is first and studies where trial of cooperation (ordinal) is last, cooperation is significantly higher when matching is partner."
39100,https://data.cooperationdatabank.org/vocab/prop/PeriodVariable,https://data.cooperationdatabank.org/vocab/prop/trialOfCooperationOrdinal,Trial of cooperation (ordinal),https://data.cooperationdatabank.org/id/trialofcooperationordinal/first,first,https://data.cooperationdatabank.org/vocab/prop/trialOfCooperationOrdinal,Trial of cooperation (ordinal),https://data.cooperationdatabank.org/id/trialofcooperationordinal/last,last,https://data.cooperationdatabank.org/vocab/prop/studyExperimentalSetting,Experimental setting,https://data.cooperationdatabank.org/id/studyexperimentalsetting/1,Online,https://data.cooperationdatabank.org/id/dependentvariable/contributions,positive,test,2.0,positive,higher,2.0,0.06944444444444445,0.3472222222222222,0.5833333333333334,0.5833333333333334,"When comparing studies where trial of cooperation (ordinal) is first and studies where trial of cooperation (ordinal) is last, cooperation is significantly higher when experimental setting is online."
20193,https://data.cooperationdatabank.org/vocab/prop/PeriodVariable,https://data.cooperationdatabank.org/vocab/prop/trialOfCooperationOrdinal,Trial of cooperation (ordinal),https://data.cooperationdatabank.org/id/trialofcooperationordinal/first,first,https://data.cooperationdatabank.org/vocab/prop/trialOfCooperationOrdinal,Trial of cooperation (ordinal),https://data.cooperationdatabank.org/id/trialofcooperationordinal/last,last,https://data.cooperationdatabank.org/vocab/prop/studyAcquaintance,Acquaintance,https://data.cooperationdatabank.org/id/studyacquaintance/0,Strangers,https://data.cooperationdatabank.org/id/dependentvariable/contributions,positive,test,2.0,positive,higher,2.0,0.06944444444444445,0.3472222222222222,0.5833333333333334,0.5833333333333334,"When comparing studies where trial of cooperation (ordinal) is first and studies where trial of cooperation (ordinal) is last, cooperation is significantly higher when acquaintance is strangers."
24172,https://data.cooperationdatabank.org/vocab/prop/PeriodVariable,https://data.cooperationdatabank.org/vocab/prop/trialOfCooperationOrdinal,Trial of cooperation (ordinal),https://data.cooperationdatabank.org/id/trialofcooperationordinal/first,first,https://data.cooperationdatabank.org/vocab/prop/trialOfCooperationOrdinal,Trial of cooperation (ordinal),https://data.cooperationdatabank.org/id/trialofcooperationordinal/last,last,https://data.cooperationdatabank.org/vocab/prop/studyAcquaintance,Acquaintance,https://data.cooperationdatabank.org/id/studyacquaintance/0,Strangers,https://data.cooperationdatabank.org/id/dependentvariable/contributions,positive,test,2.0,positive,higher,2.0,0.06944444444444445,0.3472222222222222,0.5833333333333334,0.5833333333333334,"When comparing studies where trial of cooperation (ordinal) is first and studies where trial of cooperation (ordinal) is last, cooperation is significantly higher when acquaintance is strangers."
29878,https://data.cooperationdatabank.org/vocab/prop/PeriodVariable,https://data.cooperationdatabank.org/vocab/prop/trialOfCooperationOrdinal,Trial of cooperation (ordinal),https://data.cooperationdatabank.org/id/trialofcooperationordinal/first,first,https://data.cooperationdatabank.org/vocab/prop/trialOfCooperationOrdinal,Trial of cooperation (ordinal),https://data.cooperationdatabank.org/id/trialofcooperationordinal/last,last,https://data.cooperationdatabank.org/vocab/prop/studyAcquaintance,Acquaintance,https://data.cooperationdatabank.org/id/studyacquaintance/0,Strangers,https://data.cooperationdatabank.org/id/dependentvariable/contributions,positive,test,2.0,positive,higher,2.0,0.06944444444444445,0.3472222222222222,0.5833333333333334,0.5833333333333334,"When comparing studies where trial of cooperation (ordinal) is first and studies where trial of cooperation (ordinal) is last, cooperation is significantly higher when acquaintance is strangers."
2164,https://data.cooperationdatabank.org/vocab/prop/PeriodVariable,https://data.cooperationdatabank.org/vocab/prop/trialOfCooperationOrdinal,Trial of cooperation (ordinal),https://data.cooperationdatabank.org/id/trialofcooperationordinal/first,first,https://data.cooperationdatabank.org/vocab/prop/trialOfCooperationOrdinal,Trial of cooperation (ordinal),https://data.cooperationdatabank.org/id/trialofcooperationordinal/last,last,https://data.cooperationdatabank.org/vocab/prop/countrySource,Source of country or region,https://data.cooperationdatabank.org/id/countrysource/1,Specified country,https://data.cooperationdatabank.org/id/dependentvariable/contributions,noEffect,test,2.0,positive,higher,1.0,0.07894736842105263,0.34210526315789475,0.5789473684210527,0.5789473684210527,"When comparing studies where trial of cooperation (ordinal) is first and studies where trial of cooperation (ordinal) is last, cooperation is significantly higher when source of country or region is specified country."
24120,https://data.cooperationdatabank.org/vocab/prop/PeriodVariable,https://data.cooperationdatabank.org/vocab/prop/trialOfCooperationOrdinal,Trial of cooperation (ordinal),https://data.cooperationdatabank.org/id/trialofcooperationordinal/first,first,https://data.cooperationdatabank.org/vocab/prop/trialOfCooperationOrdinal,Trial of cooperation (ordinal),https://data.cooperationdatabank.org/id/trialofcooperationordinal/last,last,https://data.cooperationdatabank.org/vocab/prop/country,has country,https://data.cooperationdatabank.org/id/country/USA,USA,https://data.cooperationdatabank.org/id/dependentvariable/contributions,positive,test,2.0,positive,higher,2.0,0.07894736842105263,0.34210526315789475,0.5789473684210527,0.5789473684210527,"When comparing studies where trial of cooperation (ordinal) is first and studies where trial of cooperation (ordinal) is last, cooperation is significantly higher when has country is usa."
29891,https://data.cooperationdatabank.org/vocab/prop/PeriodVariable,https://data.cooperationdatabank.org/vocab/prop/trialOfCooperationOrdinal,Trial of cooperation (ordinal),https://data.cooperationdatabank.org/id/trialofcooperationordinal/first,first,https://data.cooperationdatabank.org/vocab/prop/trialOfCooperationOrdinal,Trial of cooperation (ordinal),https://data.cooperationdatabank.org/id/trialofcooperationordinal/last,last,https://data.cooperationdatabank.org/vocab/prop/countrySource,Source of country or region,https://data.cooperationdatabank.org/id/countrysource/1,Specified country,https://data.cooperationdatabank.org/id/dependentvariable/contributions,positive,test,2.0,positive,higher,2.0,0.07894736842105263,0.34210526315789475,0.5789473684210527,0.5789473684210527,"When comparing studies where trial of cooperation (ordinal) is first and studies where trial of cooperation (ordinal) is last, cooperation is significantly higher when source of country or region is specified country."
32699,https://data.cooperationdatabank.org/vocab/prop/PeriodVariable,https://data.cooperationdatabank.org/vocab/prop/trialOfCooperationOrdinal,Trial of cooperation (ordinal),https://data.cooperationdatabank.org/id/trialofcooperationordinal/first,first,https://data.cooperationdatabank.org/vocab/prop/trialOfCooperationOrdinal,Trial of cooperation (ordinal),https://data.cooperationdatabank.org/id/trialofcooperationordinal/last,last,https://data.cooperationdatabank.org/vocab/prop/country,has country,https://data.cooperationdatabank.org/id/country/USA,USA,https://data.cooperationdatabank.org/id/dependentvariable/contributions,positive,test,2.0,positive,higher,2.0,0.07894736842105263,0.34210526315789475,0.5789473684210527,0.5789473684210527,"When comparing studies where trial of cooperation (ordinal) is first and studies where trial of cooperation (ordinal) is last, cooperation is significantly higher when has country is usa."
37017,https://data.cooperationdatabank.org/vocab/prop/PeriodVariable,https://data.cooperationdatabank.org/vocab/prop/trialOfCooperationOrdinal,Trial of cooperation (ordinal),https://data.cooperationdatabank.org/id/trialofcooperationordinal/first,first,https://data.cooperationdatabank.org/vocab/prop/trialOfCooperationOrdinal,Trial of cooperation (ordinal),https://data.cooperationdatabank.org/id/trialofcooperationordinal/last,last,https://data.cooperationdatabank.org/vocab/prop/countrySource,Source of country or region,https://data.cooperationdatabank.org/id/countrysource/1,Specified country,https://data.cooperationdatabank.org/id/dependentvariable/contributions,noEffect,test,2.0,positive,higher,1.0,0.07894736842105263,0.34210526315789475,0.5789473684210527,0.5789473684210527,"When comparing studies where trial of cooperation (ordinal) is first and studies where trial of cooperation (ordinal) is last, cooperation is significantly higher when source of country or region is specified country."
31170,https://data.cooperationdatabank.org/vocab/prop/PeriodVariable,https://data.cooperationdatabank.org/vocab/prop/trialOfCooperationOrdinal,Trial of cooperation (ordinal),https://data.cooperationdatabank.org/id/trialofcooperationordinal/first,first,https://data.cooperationdatabank.org/vocab/prop/trialOfCooperationOrdinal,Trial of cooperation (ordinal),https://data.cooperationdatabank.org/id/trialofcooperationordinal/last,last,https://data.cooperationdatabank.org/vocab/prop/studyMatchingProtocol,Matching,https://data.cooperationdatabank.org/id/studymatchingprotocol/1,Stranger,https://data.cooperationdatabank.org/id/dependentvariable/contributions,positive,test,2.0,positive,higher,2.0,0.25,0.25,0.5,0.5,"When comparing studies where trial of cooperation (ordinal) is first and studies where trial of cooperation (ordinal) is last, cooperation is significantly higher when matching is stranger."
