,giv_prop,iv,iv_label,cat_t1,cat_t1_label,iv.1,iv_label.1,cat_t2,cat_t2_label,mod,mod_label,mod_val,mod_val_label,dependent,effect,td,pred_num,pred_readable,comparative,pred_true,score_0,score_1,score_2,max_score,hypothesis
16704,https://data.cooperationdatabank.org/vocab/prop/PowerVariable,https://data.cooperationdatabank.org/vocab/prop/powerLevel,Power level,https://data.cooperationdatabank.org/id/powerlevel/high,Low,https://data.cooperationdatabank.org/vocab/prop/powerLevel,Power level,https://data.cooperationdatabank.org/id/powerlevel/low,High,https://data.cooperationdatabank.org/vocab/prop/country,has country,https://data.cooperationdatabank.org/id/country/NLD,NLD,https://data.cooperationdatabank.org/id/dependentvariable/cooperation,positive,test,2.0,positive,higher,2.0,0.0,0.0,1.0,1.0,"When comparing studies where power level is low and studies where power level is high, cooperation is significantly higher when has country is nld."
20784,https://data.cooperationdatabank.org/vocab/prop/PowerVariable,https://data.cooperationdatabank.org/vocab/prop/powerLevel,Power level,https://data.cooperationdatabank.org/id/powerlevel/high,High,https://data.cooperationdatabank.org/vocab/prop/powerLevel,Power level,https://data.cooperationdatabank.org/id/powerlevel/low,Low,https://data.cooperationdatabank.org/vocab/prop/studyGameIncentive,Game incentive,https://data.cooperationdatabank.org/id/studygameincentive/2,Monetary lottery,https://data.cooperationdatabank.org/id/dependentvariable/withdrawals,noEffect,test,2.0,positive,higher,1.0,0.0,0.0,1.0,1.0,"When comparing studies where power level is high and studies where power level is low, cooperation is significantly higher when game incentive is monetary lottery."
16800,https://data.cooperationdatabank.org/vocab/prop/PowerVariable,https://data.cooperationdatabank.org/vocab/prop/powerLevel,Power level,https://data.cooperationdatabank.org/id/powerlevel/high,Low,https://data.cooperationdatabank.org/vocab/prop/powerLevel,Power level,https://data.cooperationdatabank.org/id/powerlevel/low,High,https://data.cooperationdatabank.org/vocab/prop/studyShowUpFee,Show-up fee,https://data.cooperationdatabank.org/id/studyshowupfee/0,Absent,https://data.cooperationdatabank.org/id/dependentvariable/cooperation,positive,test,2.0,positive,higher,2.0,0.0,0.0,1.0,1.0,"When comparing studies where power level is low and studies where power level is high, cooperation is significantly higher when show-up fee is absent."
45875,https://data.cooperationdatabank.org/vocab/prop/PowerVariable,https://data.cooperationdatabank.org/vocab/prop/powerLevel,Power level,https://data.cooperationdatabank.org/id/powerlevel/high,Low,https://data.cooperationdatabank.org/vocab/prop/powerLevel,Power level,https://data.cooperationdatabank.org/id/powerlevel/low,High,https://data.cooperationdatabank.org/vocab/prop/studyShowUpFee,Show-up fee,https://data.cooperationdatabank.org/id/studyshowupfee/2,Course credit,https://data.cooperationdatabank.org/id/dependentvariable/contributions,positive,test,2.0,positive,higher,2.0,0.0,0.0,1.0,1.0,"When comparing studies where power level is low and studies where power level is high, cooperation is significantly higher when show-up fee is course credit."
45148,https://data.cooperationdatabank.org/vocab/prop/PowerVariable,https://data.cooperationdatabank.org/vocab/prop/powerLevel,Power level,https://data.cooperationdatabank.org/id/powerlevel/low,Control,https://data.cooperationdatabank.org/vocab/prop/powerLevel,Power level,https://data.cooperationdatabank.org/id/powerlevel/control,Low,https://data.cooperationdatabank.org/vocab/prop/country,has country,https://data.cooperationdatabank.org/id/country/USA,USA,https://data.cooperationdatabank.org/id/dependentvariable/cooperation,positive,test,2.0,positive,higher,2.0,0.0,0.0,1.0,1.0,"When comparing studies where power level is control and studies where power level is low, cooperation is significantly higher when has country is usa."
45172,https://data.cooperationdatabank.org/vocab/prop/PowerVariable,https://data.cooperationdatabank.org/vocab/prop/powerLevel,Power level,https://data.cooperationdatabank.org/id/powerlevel/low,Control,https://data.cooperationdatabank.org/vocab/prop/powerLevel,Power level,https://data.cooperationdatabank.org/id/powerlevel/control,Low,https://data.cooperationdatabank.org/vocab/prop/studyContinuousPGG,Continuous vs step-level public goods,https://data.cooperationdatabank.org/id/studycontinuouspgg/2,Step-level,https://data.cooperationdatabank.org/id/dependentvariable/cooperation,positive,test,2.0,positive,higher,2.0,0.0,0.0,1.0,1.0,"When comparing studies where power level is control and studies where power level is low, cooperation is significantly higher when continuous vs step-level public goods is step-level."
33943,https://data.cooperationdatabank.org/vocab/prop/PowerVariable,https://data.cooperationdatabank.org/vocab/prop/powerLevel,Power level,https://data.cooperationdatabank.org/id/powerlevel/high,Control,https://data.cooperationdatabank.org/vocab/prop/powerLevel,Power level,https://data.cooperationdatabank.org/id/powerlevel/control,High,https://data.cooperationdatabank.org/vocab/prop/studyDilemmaType,Game type,https://data.cooperationdatabank.org/id/studydilemmatype/2,Public Goods Game,https://data.cooperationdatabank.org/id/dependentvariable/contributions,positive,test,2.0,positive,higher,2.0,0.0,0.0,1.0,1.0,"When comparing studies where power level is control and studies where power level is high, cooperation is significantly higher when game type is public goods game."
49640,https://data.cooperationdatabank.org/vocab/prop/PowerVariable,https://data.cooperationdatabank.org/vocab/prop/powerLevel,Power level,https://data.cooperationdatabank.org/id/powerlevel/high,High,https://data.cooperationdatabank.org/vocab/prop/powerLevel,Power level,https://data.cooperationdatabank.org/id/powerlevel/low,Low,https://data.cooperationdatabank.org/vocab/prop/studyAcademicDiscipline,Academic discipline,https://data.cooperationdatabank.org/id/studyacademicdiscipline/4,Mixed,https://data.cooperationdatabank.org/id/dependentvariable/contributions,positive,test,2.0,positive,higher,2.0,0.0,0.0,1.0,1.0,"When comparing studies where power level is high and studies where power level is low, cooperation is significantly higher when academic discipline is mixed."
25392,https://data.cooperationdatabank.org/vocab/prop/PowerVariable,https://data.cooperationdatabank.org/vocab/prop/powerLevel,Power level,https://data.cooperationdatabank.org/id/powerlevel/high,High,https://data.cooperationdatabank.org/vocab/prop/powerLevel,Power level,https://data.cooperationdatabank.org/id/powerlevel/low,Low,https://data.cooperationdatabank.org/vocab/prop/studyGameIncentive,Game incentive,https://data.cooperationdatabank.org/id/studygameincentive/1,Monetary,https://data.cooperationdatabank.org/id/dependentvariable/cooperation,noEffect,test,2.0,positive,higher,1.0,0.25,0.125,0.625,0.625,"When comparing studies where power level is high and studies where power level is low, cooperation is significantly higher when game incentive is monetary."
39046,https://data.cooperationdatabank.org/vocab/prop/PowerVariable,https://data.cooperationdatabank.org/vocab/prop/powerLevel,Power level,https://data.cooperationdatabank.org/id/powerlevel/high,High,https://data.cooperationdatabank.org/vocab/prop/powerLevel,Power level,https://data.cooperationdatabank.org/id/powerlevel/low,Low,https://data.cooperationdatabank.org/vocab/prop/studyGameIncentive,Game incentive,https://data.cooperationdatabank.org/id/studygameincentive/1,Monetary,https://data.cooperationdatabank.org/id/dependentvariable/cooperation,noEffect,test,2.0,positive,higher,1.0,0.25,0.125,0.625,0.625,"When comparing studies where power level is high and studies where power level is low, cooperation is significantly higher when game incentive is monetary."
45282,https://data.cooperationdatabank.org/vocab/prop/PowerVariable,https://data.cooperationdatabank.org/vocab/prop/powerLevel,Power level,https://data.cooperationdatabank.org/id/powerlevel/high,High,https://data.cooperationdatabank.org/vocab/prop/powerLevel,Power level,https://data.cooperationdatabank.org/id/powerlevel/low,Low,https://data.cooperationdatabank.org/vocab/prop/studyOneShot,One-shot vs repeated,https://data.cooperationdatabank.org/id/studyoneshot/1,One-shot,https://data.cooperationdatabank.org/id/dependentvariable/cooperation,negative,test,2.0,positive,higher,0.0,0.25,0.125,0.625,0.625,"When comparing studies where power level is high and studies where power level is low, cooperation is significantly higher when one-shot vs repeated is one-shot."
45190,https://data.cooperationdatabank.org/vocab/prop/PowerVariable,https://data.cooperationdatabank.org/vocab/prop/powerLevel,Power level,https://data.cooperationdatabank.org/id/powerlevel/high,High,https://data.cooperationdatabank.org/vocab/prop/powerLevel,Power level,https://data.cooperationdatabank.org/id/powerlevel/low,Low,https://data.cooperationdatabank.org/vocab/prop/studyMatchingProtocol,Matching,https://data.cooperationdatabank.org/id/studymatchingprotocol/1,Stranger,https://data.cooperationdatabank.org/id/dependentvariable/cooperation,noEffect,test,0.0,negative,lower,1.0,0.6,0.0,0.4,0.6,"When comparing studies where power level is high and studies where power level is low, cooperation is significantly lower when matching is stranger."
43,https://data.cooperationdatabank.org/vocab/prop/PowerVariable,https://data.cooperationdatabank.org/vocab/prop/powerLevel,Power level,https://data.cooperationdatabank.org/id/powerlevel/high,High,https://data.cooperationdatabank.org/vocab/prop/powerLevel,Power level,https://data.cooperationdatabank.org/id/powerlevel/low,Low,https://data.cooperationdatabank.org/vocab/prop/countrySource,Source of country or region,https://data.cooperationdatabank.org/id/countrysource/1,Specified country,https://data.cooperationdatabank.org/id/dependentvariable/contributions,negative,test,2.0,positive,higher,0.0,0.30434782608695654,0.11801242236024845,0.577639751552795,0.577639751552795,"When comparing studies where power level is high and studies where power level is low, cooperation is significantly higher when source of country or region is specified country."
33,https://data.cooperationdatabank.org/vocab/prop/PowerVariable,https://data.cooperationdatabank.org/vocab/prop/powerLevel,Power level,https://data.cooperationdatabank.org/id/powerlevel/high,High,https://data.cooperationdatabank.org/vocab/prop/powerLevel,Power level,https://data.cooperationdatabank.org/id/powerlevel/low,Low,https://data.cooperationdatabank.org/vocab/prop/studyAcquaintance,Acquaintance,https://data.cooperationdatabank.org/id/studyacquaintance/0,Strangers,https://data.cooperationdatabank.org/id/dependentvariable/contributions,noEffect,test,2.0,positive,higher,1.0,0.30434782608695654,0.11801242236024845,0.577639751552795,0.577639751552795,"When comparing studies where power level is high and studies where power level is low, cooperation is significantly higher when acquaintance is strangers."
28,https://data.cooperationdatabank.org/vocab/prop/PowerVariable,https://data.cooperationdatabank.org/vocab/prop/powerLevel,Power level,https://data.cooperationdatabank.org/id/powerlevel/high,High,https://data.cooperationdatabank.org/vocab/prop/powerLevel,Power level,https://data.cooperationdatabank.org/id/powerlevel/low,Low,https://data.cooperationdatabank.org/vocab/prop/country,has country,https://data.cooperationdatabank.org/id/country/CHN,CHN,https://data.cooperationdatabank.org/id/dependentvariable/contributions,noEffect,test,2.0,positive,higher,1.0,0.30434782608695654,0.11801242236024845,0.577639751552795,0.577639751552795,"When comparing studies where power level is high and studies where power level is low, cooperation is significantly higher when has country is chn."
30023,https://data.cooperationdatabank.org/vocab/prop/PowerVariable,https://data.cooperationdatabank.org/vocab/prop/powerLevel,Power level,https://data.cooperationdatabank.org/id/powerlevel/high,Low,https://data.cooperationdatabank.org/vocab/prop/powerLevel,Power level,https://data.cooperationdatabank.org/id/powerlevel/low,High,https://data.cooperationdatabank.org/vocab/prop/studyTrialOfCooperation,Trial of cooperation,https://data.cooperationdatabank.org/id/studytrialofcooperation/1,All trials,https://data.cooperationdatabank.org/id/dependentvariable/contributions,positive,test,2.0,positive,higher,2.0,0.30434782608695654,0.11801242236024845,0.577639751552795,0.577639751552795,"When comparing studies where power level is low and studies where power level is high, cooperation is significantly higher when trial of cooperation is all trials."
30018,https://data.cooperationdatabank.org/vocab/prop/PowerVariable,https://data.cooperationdatabank.org/vocab/prop/powerLevel,Power level,https://data.cooperationdatabank.org/id/powerlevel/high,Low,https://data.cooperationdatabank.org/vocab/prop/powerLevel,Power level,https://data.cooperationdatabank.org/id/powerlevel/low,High,https://data.cooperationdatabank.org/vocab/prop/studyExperimentalSetting,Experimental setting,https://data.cooperationdatabank.org/id/studyexperimentalsetting/2,Lab,https://data.cooperationdatabank.org/id/dependentvariable/contributions,positive,test,2.0,positive,higher,2.0,0.30434782608695654,0.11801242236024845,0.577639751552795,0.577639751552795,"When comparing studies where power level is low and studies where power level is high, cooperation is significantly higher when experimental setting is lab."
30017,https://data.cooperationdatabank.org/vocab/prop/PowerVariable,https://data.cooperationdatabank.org/vocab/prop/powerLevel,Power level,https://data.cooperationdatabank.org/id/powerlevel/high,Low,https://data.cooperationdatabank.org/vocab/prop/powerLevel,Power level,https://data.cooperationdatabank.org/id/powerlevel/low,High,https://data.cooperationdatabank.org/vocab/prop/studyDilemmaType,Game type,https://data.cooperationdatabank.org/id/studydilemmatype/2,Public Goods Game,https://data.cooperationdatabank.org/id/dependentvariable/contributions,positive,test,2.0,positive,higher,2.0,0.30434782608695654,0.11801242236024845,0.577639751552795,0.577639751552795,"When comparing studies where power level is low and studies where power level is high, cooperation is significantly higher when game type is public goods game."
30026,https://data.cooperationdatabank.org/vocab/prop/PowerVariable,https://data.cooperationdatabank.org/vocab/prop/powerLevel,Power level,https://data.cooperationdatabank.org/id/powerlevel/high,Low,https://data.cooperationdatabank.org/vocab/prop/powerLevel,Power level,https://data.cooperationdatabank.org/id/powerlevel/low,High,https://data.cooperationdatabank.org/vocab/prop/recruitmentMethod,Recruitment method,https://data.cooperationdatabank.org/id/recruitmentmethod/3,Other,https://data.cooperationdatabank.org/id/dependentvariable/contributions,positive,test,2.0,positive,higher,2.0,0.30434782608695654,0.11801242236024845,0.577639751552795,0.577639751552795,"When comparing studies where power level is low and studies where power level is high, cooperation is significantly higher when recruitment method is other."
49581,https://data.cooperationdatabank.org/vocab/prop/PowerVariable,https://data.cooperationdatabank.org/vocab/prop/powerLevel,Power level,https://data.cooperationdatabank.org/id/powerlevel/high,High,https://data.cooperationdatabank.org/vocab/prop/powerLevel,Power level,https://data.cooperationdatabank.org/id/powerlevel/low,Low,https://data.cooperationdatabank.org/vocab/prop/country,has country,https://data.cooperationdatabank.org/id/country/CHN,CHN,https://data.cooperationdatabank.org/id/dependentvariable/contributions,positive,test,2.0,positive,higher,2.0,0.30434782608695654,0.11801242236024845,0.577639751552795,0.577639751552795,"When comparing studies where power level is high and studies where power level is low, cooperation is significantly higher when has country is chn."
49644,https://data.cooperationdatabank.org/vocab/prop/PowerVariable,https://data.cooperationdatabank.org/vocab/prop/powerLevel,Power level,https://data.cooperationdatabank.org/id/powerlevel/high,High,https://data.cooperationdatabank.org/vocab/prop/powerLevel,Power level,https://data.cooperationdatabank.org/id/powerlevel/low,Low,https://data.cooperationdatabank.org/vocab/prop/studyDilemmaType,Game type,https://data.cooperationdatabank.org/id/studydilemmatype/2,Public Goods Game,https://data.cooperationdatabank.org/id/dependentvariable/contributions,positive,test,2.0,positive,higher,2.0,0.30434782608695654,0.11801242236024845,0.577639751552795,0.577639751552795,"When comparing studies where power level is high and studies where power level is low, cooperation is significantly higher when game type is public goods game."
47553,https://data.cooperationdatabank.org/vocab/prop/PowerVariable,https://data.cooperationdatabank.org/vocab/prop/powerLevel,Power level,https://data.cooperationdatabank.org/id/powerlevel/high,High,https://data.cooperationdatabank.org/vocab/prop/powerLevel,Power level,https://data.cooperationdatabank.org/id/powerlevel/low,Low,https://data.cooperationdatabank.org/vocab/prop/discussion,Discussion,https://data.cooperationdatabank.org/id/discussion/0,Absent,https://data.cooperationdatabank.org/id/dependentvariable/contributions,noEffect,test,2.0,positive,higher,1.0,0.30434782608695654,0.11801242236024845,0.577639751552795,0.577639751552795,"When comparing studies where power level is high and studies where power level is low, cooperation is significantly higher when discussion is absent."
49611,https://data.cooperationdatabank.org/vocab/prop/PowerVariable,https://data.cooperationdatabank.org/vocab/prop/powerLevel,Power level,https://data.cooperationdatabank.org/id/powerlevel/high,High,https://data.cooperationdatabank.org/vocab/prop/powerLevel,Power level,https://data.cooperationdatabank.org/id/powerlevel/low,Low,https://data.cooperationdatabank.org/vocab/prop/studyShowUpFee,Show-up fee,https://data.cooperationdatabank.org/id/studyshowupfee/1,Paid,https://data.cooperationdatabank.org/id/dependentvariable/contributions,positive,test,2.0,positive,higher,2.0,0.30434782608695654,0.11801242236024845,0.577639751552795,0.577639751552795,"When comparing studies where power level is high and studies where power level is low, cooperation is significantly higher when show-up fee is paid."
16823,https://data.cooperationdatabank.org/vocab/prop/PowerVariable,https://data.cooperationdatabank.org/vocab/prop/powerLevel,Power level,https://data.cooperationdatabank.org/id/powerlevel/high,Low,https://data.cooperationdatabank.org/vocab/prop/powerLevel,Power level,https://data.cooperationdatabank.org/id/powerlevel/low,High,https://data.cooperationdatabank.org/vocab/prop/studyDilemmaType,Game type,https://data.cooperationdatabank.org/id/studydilemmatype/2,Public Goods Game,https://data.cooperationdatabank.org/id/dependentvariable/contributions,negative,test,2.0,positive,higher,0.0,0.30434782608695654,0.11801242236024845,0.577639751552795,0.577639751552795,"When comparing studies where power level is low and studies where power level is high, cooperation is significantly higher when game type is public goods game."
25493,https://data.cooperationdatabank.org/vocab/prop/PowerVariable,https://data.cooperationdatabank.org/vocab/prop/powerLevel,Power level,https://data.cooperationdatabank.org/id/powerlevel/high,High,https://data.cooperationdatabank.org/vocab/prop/powerLevel,Power level,https://data.cooperationdatabank.org/id/powerlevel/low,Low,https://data.cooperationdatabank.org/vocab/prop/studyTrialOfCooperation,Trial of cooperation,https://data.cooperationdatabank.org/id/studytrialofcooperation/1,All trials,https://data.cooperationdatabank.org/id/dependentvariable/contributions,negative,test,2.0,positive,higher,0.0,0.30434782608695654,0.11801242236024845,0.577639751552795,0.577639751552795,"When comparing studies where power level is high and studies where power level is low, cooperation is significantly higher when trial of cooperation is all trials."
30016,https://data.cooperationdatabank.org/vocab/prop/PowerVariable,https://data.cooperationdatabank.org/vocab/prop/powerLevel,Power level,https://data.cooperationdatabank.org/id/powerlevel/high,Low,https://data.cooperationdatabank.org/vocab/prop/powerLevel,Power level,https://data.cooperationdatabank.org/id/powerlevel/low,High,https://data.cooperationdatabank.org/vocab/prop/studyAcquaintance,Acquaintance,https://data.cooperationdatabank.org/id/studyacquaintance/0,Strangers,https://data.cooperationdatabank.org/id/dependentvariable/contributions,positive,test,2.0,positive,higher,2.0,0.30434782608695654,0.11801242236024845,0.577639751552795,0.577639751552795,"When comparing studies where power level is low and studies where power level is high, cooperation is significantly higher when acquaintance is strangers."
20743,https://data.cooperationdatabank.org/vocab/prop/PowerVariable,https://data.cooperationdatabank.org/vocab/prop/powerLevel,Power level,https://data.cooperationdatabank.org/id/powerlevel/high,High,https://data.cooperationdatabank.org/vocab/prop/powerLevel,Power level,https://data.cooperationdatabank.org/id/powerlevel/low,Low,https://data.cooperationdatabank.org/vocab/prop/recruitmentMethod,Recruitment method,https://data.cooperationdatabank.org/id/recruitmentmethod/1,Participant pool,https://data.cooperationdatabank.org/id/dependentvariable/contributions,positive,test,2.0,positive,higher,2.0,0.30434782608695654,0.11801242236024845,0.577639751552795,0.577639751552795,"When comparing studies where power level is high and studies where power level is low, cooperation is significantly higher when recruitment method is participant pool."
20570,https://data.cooperationdatabank.org/vocab/prop/PowerVariable,https://data.cooperationdatabank.org/vocab/prop/powerLevel,Power level,https://data.cooperationdatabank.org/id/powerlevel/high,Low,https://data.cooperationdatabank.org/vocab/prop/powerLevel,Power level,https://data.cooperationdatabank.org/id/powerlevel/low,High,https://data.cooperationdatabank.org/vocab/prop/discussion,Discussion,https://data.cooperationdatabank.org/id/discussion/0,Absent,https://data.cooperationdatabank.org/id/dependentvariable/contributions,positive,test,2.0,positive,higher,2.0,0.30434782608695654,0.11801242236024845,0.577639751552795,0.577639751552795,"When comparing studies where power level is low and studies where power level is high, cooperation is significantly higher when discussion is absent."
14004,https://data.cooperationdatabank.org/vocab/prop/PowerVariable,https://data.cooperationdatabank.org/vocab/prop/powerLevel,Power level,https://data.cooperationdatabank.org/id/powerlevel/high,Low,https://data.cooperationdatabank.org/vocab/prop/powerLevel,Power level,https://data.cooperationdatabank.org/id/powerlevel/low,High,https://data.cooperationdatabank.org/vocab/prop/studyMatchingProtocol,Matching,https://data.cooperationdatabank.org/id/studymatchingprotocol/2,Partner,https://data.cooperationdatabank.org/id/dependentvariable/contributions,positive,test,2.0,positive,higher,2.0,0.30434782608695654,0.11801242236024845,0.577639751552795,0.577639751552795,"When comparing studies where power level is low and studies where power level is high, cooperation is significantly higher when matching is partner."
14006,https://data.cooperationdatabank.org/vocab/prop/PowerVariable,https://data.cooperationdatabank.org/vocab/prop/powerLevel,Power level,https://data.cooperationdatabank.org/id/powerlevel/high,Low,https://data.cooperationdatabank.org/vocab/prop/powerLevel,Power level,https://data.cooperationdatabank.org/id/powerlevel/low,High,https://data.cooperationdatabank.org/vocab/prop/studyOneShot,One-shot vs repeated,https://data.cooperationdatabank.org/id/studyoneshot/0,Repeated,https://data.cooperationdatabank.org/id/dependentvariable/contributions,positive,test,2.0,positive,higher,2.0,0.30434782608695654,0.11801242236024845,0.577639751552795,0.577639751552795,"When comparing studies where power level is low and studies where power level is high, cooperation is significantly higher when one-shot vs repeated is repeated."
39,https://data.cooperationdatabank.org/vocab/prop/PowerVariable,https://data.cooperationdatabank.org/vocab/prop/powerLevel,Power level,https://data.cooperationdatabank.org/id/powerlevel/high,High,https://data.cooperationdatabank.org/vocab/prop/powerLevel,Power level,https://data.cooperationdatabank.org/id/powerlevel/low,Low,https://data.cooperationdatabank.org/vocab/prop/studyRealPartner,Real partner,https://data.cooperationdatabank.org/id/studyrealpartner/2,Deception,https://data.cooperationdatabank.org/id/dependentvariable/contributions,noEffect,test,2.0,positive,higher,1.0,0.30434782608695654,0.11801242236024845,0.577639751552795,0.577639751552795,"When comparing studies where power level is high and studies where power level is low, cooperation is significantly higher when real partner is deception."
49620,https://data.cooperationdatabank.org/vocab/prop/PowerVariable,https://data.cooperationdatabank.org/vocab/prop/powerLevel,Power level,https://data.cooperationdatabank.org/id/powerlevel/high,High,https://data.cooperationdatabank.org/vocab/prop/powerLevel,Power level,https://data.cooperationdatabank.org/id/powerlevel/low,Low,https://data.cooperationdatabank.org/vocab/prop/studyAcquaintance,Acquaintance,https://data.cooperationdatabank.org/id/studyacquaintance/0,Strangers,https://data.cooperationdatabank.org/id/dependentvariable/contributions,positive,test,2.0,positive,higher,2.0,0.30434782608695654,0.11801242236024845,0.577639751552795,0.577639751552795,"When comparing studies where power level is high and studies where power level is low, cooperation is significantly higher when acquaintance is strangers."
45228,https://data.cooperationdatabank.org/vocab/prop/PowerVariable,https://data.cooperationdatabank.org/vocab/prop/powerLevel,Power level,https://data.cooperationdatabank.org/id/powerlevel/high,Control,https://data.cooperationdatabank.org/vocab/prop/powerLevel,Power level,https://data.cooperationdatabank.org/id/powerlevel/control,High,https://data.cooperationdatabank.org/vocab/prop/yearSource,Source of year of data collection,https://data.cooperationdatabank.org/id/yearsource/5,Published,https://data.cooperationdatabank.org/id/dependentvariable/cooperation,negative,test,0.0,negative,lower,0.0,0.5168539325842697,0.3595505617977528,0.12359550561797752,0.5168539325842697,"When comparing studies where power level is control and studies where power level is high, cooperation is significantly lower when source of year of data collection is published."
45326,https://data.cooperationdatabank.org/vocab/prop/PowerVariable,https://data.cooperationdatabank.org/vocab/prop/powerLevel,Power level,https://data.cooperationdatabank.org/id/powerlevel/high,Control,https://data.cooperationdatabank.org/vocab/prop/powerLevel,Power level,https://data.cooperationdatabank.org/id/powerlevel/control,High,https://data.cooperationdatabank.org/vocab/prop/recruitmentMethod,Recruitment method,https://data.cooperationdatabank.org/id/recruitmentmethod/1,Participant pool,https://data.cooperationdatabank.org/id/dependentvariable/cooperation,negative,test,0.0,negative,lower,0.0,0.5161290322580645,0.45161290322580644,0.03225806451612903,0.5161290322580645,"When comparing studies where power level is control and studies where power level is high, cooperation is significantly lower when recruitment method is participant pool."
45132,https://data.cooperationdatabank.org/vocab/prop/PowerVariable,https://data.cooperationdatabank.org/vocab/prop/powerLevel,Power level,https://data.cooperationdatabank.org/id/powerlevel/high,Control,https://data.cooperationdatabank.org/vocab/prop/powerLevel,Power level,https://data.cooperationdatabank.org/id/powerlevel/control,High,https://data.cooperationdatabank.org/vocab/prop/studyExperimentalSetting,Experimental setting,https://data.cooperationdatabank.org/id/studyexperimentalsetting/2,Lab,https://data.cooperationdatabank.org/id/dependentvariable/cooperation,negative,test,0.0,negative,lower,0.0,0.5161290322580645,0.45161290322580644,0.03225806451612903,0.5161290322580645,"When comparing studies where power level is control and studies where power level is high, cooperation is significantly lower when experimental setting is lab."
33944,https://data.cooperationdatabank.org/vocab/prop/PowerVariable,https://data.cooperationdatabank.org/vocab/prop/powerLevel,Power level,https://data.cooperationdatabank.org/id/powerlevel/high,Control,https://data.cooperationdatabank.org/vocab/prop/powerLevel,Power level,https://data.cooperationdatabank.org/id/powerlevel/control,High,https://data.cooperationdatabank.org/vocab/prop/studyExperimentalSetting,Experimental setting,https://data.cooperationdatabank.org/id/studyexperimentalsetting/4,Field,https://data.cooperationdatabank.org/id/dependentvariable/contributions,positive,test,0.0,negative,lower,2.0,0.5161290322580645,0.45161290322580644,0.03225806451612903,0.5161290322580645,"When comparing studies where power level is control and studies where power level is high, cooperation is significantly lower when experimental setting is field."
33948,https://data.cooperationdatabank.org/vocab/prop/PowerVariable,https://data.cooperationdatabank.org/vocab/prop/powerLevel,Power level,https://data.cooperationdatabank.org/id/powerlevel/high,Control,https://data.cooperationdatabank.org/vocab/prop/powerLevel,Power level,https://data.cooperationdatabank.org/id/powerlevel/control,High,https://data.cooperationdatabank.org/vocab/prop/studyRealPartner,Real partner,https://data.cooperationdatabank.org/id/studyrealpartner/2,Deception,https://data.cooperationdatabank.org/id/dependentvariable/contributions,positive,test,0.0,negative,lower,2.0,0.5161290322580645,0.45161290322580644,0.03225806451612903,0.5161290322580645,"When comparing studies where power level is control and studies where power level is high, cooperation is significantly lower when real partner is deception."
45308,https://data.cooperationdatabank.org/vocab/prop/PowerVariable,https://data.cooperationdatabank.org/vocab/prop/powerLevel,Power level,https://data.cooperationdatabank.org/id/powerlevel/high,Control,https://data.cooperationdatabank.org/vocab/prop/powerLevel,Power level,https://data.cooperationdatabank.org/id/powerlevel/control,High,https://data.cooperationdatabank.org/vocab/prop/studyExperimentalSetting,Experimental setting,https://data.cooperationdatabank.org/id/studyexperimentalsetting/2,Lab,https://data.cooperationdatabank.org/id/dependentvariable/cooperation,negative,test,0.0,negative,lower,0.0,0.5161290322580645,0.45161290322580644,0.03225806451612903,0.5161290322580645,"When comparing studies where power level is control and studies where power level is high, cooperation is significantly lower when experimental setting is lab."
33940,https://data.cooperationdatabank.org/vocab/prop/PowerVariable,https://data.cooperationdatabank.org/vocab/prop/powerLevel,Power level,https://data.cooperationdatabank.org/id/powerlevel/high,Control,https://data.cooperationdatabank.org/vocab/prop/powerLevel,Power level,https://data.cooperationdatabank.org/id/powerlevel/control,High,https://data.cooperationdatabank.org/vocab/prop/discussion,Discussion,https://data.cooperationdatabank.org/id/discussion/0,Absent,https://data.cooperationdatabank.org/id/dependentvariable/contributions,positive,test,0.0,negative,lower,2.0,0.5161290322580645,0.45161290322580644,0.03225806451612903,0.5161290322580645,"When comparing studies where power level is control and studies where power level is high, cooperation is significantly lower when discussion is absent."
26119,https://data.cooperationdatabank.org/vocab/prop/PowerVariable,https://data.cooperationdatabank.org/vocab/prop/powerLevel,Power level,https://data.cooperationdatabank.org/id/powerlevel/high,High,https://data.cooperationdatabank.org/vocab/prop/powerLevel,Power level,https://data.cooperationdatabank.org/id/powerlevel/control,Control,https://data.cooperationdatabank.org/vocab/prop/studyExperimentalSetting,Experimental setting,https://data.cooperationdatabank.org/id/studyexperimentalsetting/2,Lab,https://data.cooperationdatabank.org/id/dependentvariable/cooperation,noEffect,test,0.0,negative,lower,1.0,0.5161290322580645,0.45161290322580644,0.03225806451612903,0.5161290322580645,"When comparing studies where power level is high and studies where power level is control, cooperation is significantly lower when experimental setting is lab."
45314,https://data.cooperationdatabank.org/vocab/prop/PowerVariable,https://data.cooperationdatabank.org/vocab/prop/powerLevel,Power level,https://data.cooperationdatabank.org/id/powerlevel/high,Control,https://data.cooperationdatabank.org/vocab/prop/powerLevel,Power level,https://data.cooperationdatabank.org/id/powerlevel/control,High,https://data.cooperationdatabank.org/vocab/prop/studyOneShot,One-shot vs repeated,https://data.cooperationdatabank.org/id/studyoneshot/1,One-shot,https://data.cooperationdatabank.org/id/dependentvariable/cooperation,negative,test,0.0,negative,lower,0.0,0.5161290322580645,0.45161290322580644,0.03225806451612903,0.5161290322580645,"When comparing studies where power level is control and studies where power level is high, cooperation is significantly lower when one-shot vs repeated is one-shot."
45136,https://data.cooperationdatabank.org/vocab/prop/PowerVariable,https://data.cooperationdatabank.org/vocab/prop/powerLevel,Power level,https://data.cooperationdatabank.org/id/powerlevel/high,Control,https://data.cooperationdatabank.org/vocab/prop/powerLevel,Power level,https://data.cooperationdatabank.org/id/powerlevel/control,High,https://data.cooperationdatabank.org/vocab/prop/studyOneShot,One-shot vs repeated,https://data.cooperationdatabank.org/id/studyoneshot/1,One-shot,https://data.cooperationdatabank.org/id/dependentvariable/cooperation,negative,test,0.0,negative,lower,0.0,0.5161290322580645,0.45161290322580644,0.03225806451612903,0.5161290322580645,"When comparing studies where power level is control and studies where power level is high, cooperation is significantly lower when one-shot vs repeated is one-shot."
45388,https://data.cooperationdatabank.org/vocab/prop/PowerVariable,https://data.cooperationdatabank.org/vocab/prop/powerLevel,Power level,https://data.cooperationdatabank.org/id/powerlevel/high,High,https://data.cooperationdatabank.org/vocab/prop/powerLevel,Power level,https://data.cooperationdatabank.org/id/powerlevel/low,Low,https://data.cooperationdatabank.org/vocab/prop/yearSource,Source of year of data collection,https://data.cooperationdatabank.org/id/yearsource/5,Published,https://data.cooperationdatabank.org/id/dependentvariable/cooperation,negative,test,2.0,positive,higher,0.0,0.25,0.25,0.5,0.5,"When comparing studies where power level is high and studies where power level is low, cooperation is significantly higher when source of year of data collection is published."
45862,https://data.cooperationdatabank.org/vocab/prop/PowerVariable,https://data.cooperationdatabank.org/vocab/prop/powerLevel,Power level,https://data.cooperationdatabank.org/id/powerlevel/high,Low,https://data.cooperationdatabank.org/vocab/prop/powerLevel,Power level,https://data.cooperationdatabank.org/id/powerlevel/low,High,https://data.cooperationdatabank.org/vocab/prop/country,has country,https://data.cooperationdatabank.org/id/country/NLD,NLD,https://data.cooperationdatabank.org/id/dependentvariable/contributions,positive,test,2.0,positive,higher,2.0,0.25,0.25,0.5,0.5,"When comparing studies where power level is low and studies where power level is high, cooperation is significantly higher when has country is nld."
16717,https://data.cooperationdatabank.org/vocab/prop/PowerVariable,https://data.cooperationdatabank.org/vocab/prop/powerLevel,Power level,https://data.cooperationdatabank.org/id/powerlevel/high,Low,https://data.cooperationdatabank.org/vocab/prop/powerLevel,Power level,https://data.cooperationdatabank.org/id/powerlevel/low,High,https://data.cooperationdatabank.org/vocab/prop/yearSource,Source of year of data collection,https://data.cooperationdatabank.org/id/yearsource/4,Received/Submitted,https://data.cooperationdatabank.org/id/dependentvariable/cooperation,positive,test,2.0,positive,higher,2.0,0.0967741935483871,0.41935483870967744,0.4838709677419355,0.4838709677419355,"When comparing studies where power level is low and studies where power level is high, cooperation is significantly higher when source of year of data collection is submitted."
16792,https://data.cooperationdatabank.org/vocab/prop/PowerVariable,https://data.cooperationdatabank.org/vocab/prop/powerLevel,Power level,https://data.cooperationdatabank.org/id/powerlevel/high,Low,https://data.cooperationdatabank.org/vocab/prop/powerLevel,Power level,https://data.cooperationdatabank.org/id/powerlevel/low,High,https://data.cooperationdatabank.org/vocab/prop/studyDilemmaType,Game type,https://data.cooperationdatabank.org/id/studydilemmatype/2,Public Goods Game,https://data.cooperationdatabank.org/id/dependentvariable/cooperation,positive,test,2.0,positive,higher,2.0,0.21818181818181817,0.3,0.4818181818181818,0.4818181818181818,"When comparing studies where power level is low and studies where power level is high, cooperation is significantly higher when game type is public goods game."
44928,https://data.cooperationdatabank.org/vocab/prop/PowerVariable,https://data.cooperationdatabank.org/vocab/prop/powerLevel,Power level,https://data.cooperationdatabank.org/id/powerlevel/high,Low,https://data.cooperationdatabank.org/vocab/prop/powerLevel,Power level,https://data.cooperationdatabank.org/id/powerlevel/low,High,https://data.cooperationdatabank.org/vocab/prop/publicationStatus,Published,https://data.cooperationdatabank.org/id/publicationstatus/1,Published Article,https://data.cooperationdatabank.org/id/dependentvariable/cooperation,positive,test,2.0,positive,higher,2.0,0.21818181818181817,0.3,0.4818181818181818,0.4818181818181818,"When comparing studies where power level is low and studies where power level is high, cooperation is significantly higher when published is published article."
39043,https://data.cooperationdatabank.org/vocab/prop/PowerVariable,https://data.cooperationdatabank.org/vocab/prop/powerLevel,Power level,https://data.cooperationdatabank.org/id/powerlevel/high,High,https://data.cooperationdatabank.org/vocab/prop/powerLevel,Power level,https://data.cooperationdatabank.org/id/powerlevel/low,Low,https://data.cooperationdatabank.org/vocab/prop/studyAcquaintance,Acquaintance,https://data.cooperationdatabank.org/id/studyacquaintance/0,Strangers,https://data.cooperationdatabank.org/id/dependentvariable/cooperation,noEffect,test,2.0,positive,higher,1.0,0.21818181818181817,0.3,0.4818181818181818,0.4818181818181818,"When comparing studies where power level is high and studies where power level is low, cooperation is significantly higher when acquaintance is strangers."
13831,https://data.cooperationdatabank.org/vocab/prop/PowerVariable,https://data.cooperationdatabank.org/vocab/prop/powerLevel,Power level,https://data.cooperationdatabank.org/id/powerlevel/high,Low,https://data.cooperationdatabank.org/vocab/prop/powerLevel,Power level,https://data.cooperationdatabank.org/id/powerlevel/low,High,https://data.cooperationdatabank.org/vocab/prop/publicationStatus,Published,https://data.cooperationdatabank.org/id/publicationstatus/1,Published Article,https://data.cooperationdatabank.org/id/dependentvariable/contributions,positive,test,0.0,negative,lower,2.0,0.45901639344262296,0.09836065573770492,0.4426229508196721,0.45901639344262296,"When comparing studies where power level is low and studies where power level is high, cooperation is significantly lower when published is published article."
36,https://data.cooperationdatabank.org/vocab/prop/PowerVariable,https://data.cooperationdatabank.org/vocab/prop/powerLevel,Power level,https://data.cooperationdatabank.org/id/powerlevel/high,High,https://data.cooperationdatabank.org/vocab/prop/powerLevel,Power level,https://data.cooperationdatabank.org/id/powerlevel/low,Low,https://data.cooperationdatabank.org/vocab/prop/studyGameIncentive,Game incentive,https://data.cooperationdatabank.org/id/studygameincentive/1,Monetary,https://data.cooperationdatabank.org/id/dependentvariable/contributions,noEffect,test,0.0,negative,lower,1.0,0.45901639344262296,0.09836065573770492,0.4426229508196721,0.45901639344262296,"When comparing studies where power level is high and studies where power level is low, cooperation is significantly lower when game incentive is monetary."
16821,https://data.cooperationdatabank.org/vocab/prop/PowerVariable,https://data.cooperationdatabank.org/vocab/prop/powerLevel,Power level,https://data.cooperationdatabank.org/id/powerlevel/high,Low,https://data.cooperationdatabank.org/vocab/prop/powerLevel,Power level,https://data.cooperationdatabank.org/id/powerlevel/low,High,https://data.cooperationdatabank.org/vocab/prop/publicationStatus,Published,https://data.cooperationdatabank.org/id/publicationstatus/1,Published Article,https://data.cooperationdatabank.org/id/dependentvariable/contributions,negative,test,0.0,negative,lower,0.0,0.45901639344262296,0.09836065573770492,0.4426229508196721,0.45901639344262296,"When comparing studies where power level is low and studies where power level is high, cooperation is significantly lower when published is published article."
14022,https://data.cooperationdatabank.org/vocab/prop/PowerVariable,https://data.cooperationdatabank.org/vocab/prop/powerLevel,Power level,https://data.cooperationdatabank.org/id/powerlevel/high,Low,https://data.cooperationdatabank.org/vocab/prop/powerLevel,Power level,https://data.cooperationdatabank.org/id/powerlevel/low,High,https://data.cooperationdatabank.org/vocab/prop/publicationStatus,Published,https://data.cooperationdatabank.org/id/publicationstatus/1,Published Article,https://data.cooperationdatabank.org/id/dependentvariable/contributions,negative,test,0.0,negative,lower,0.0,0.45901639344262296,0.09836065573770492,0.4426229508196721,0.45901639344262296,"When comparing studies where power level is low and studies where power level is high, cooperation is significantly lower when published is published article."
13994,https://data.cooperationdatabank.org/vocab/prop/PowerVariable,https://data.cooperationdatabank.org/vocab/prop/powerLevel,Power level,https://data.cooperationdatabank.org/id/powerlevel/high,Low,https://data.cooperationdatabank.org/vocab/prop/powerLevel,Power level,https://data.cooperationdatabank.org/id/powerlevel/low,High,https://data.cooperationdatabank.org/vocab/prop/publicationStatus,Published,https://data.cooperationdatabank.org/id/publicationstatus/1,Published Article,https://data.cooperationdatabank.org/id/dependentvariable/contributions,positive,test,0.0,negative,lower,2.0,0.45901639344262296,0.09836065573770492,0.4426229508196721,0.45901639344262296,"When comparing studies where power level is low and studies where power level is high, cooperation is significantly lower when published is published article."
16825,https://data.cooperationdatabank.org/vocab/prop/PowerVariable,https://data.cooperationdatabank.org/vocab/prop/powerLevel,Power level,https://data.cooperationdatabank.org/id/powerlevel/high,Low,https://data.cooperationdatabank.org/vocab/prop/powerLevel,Power level,https://data.cooperationdatabank.org/id/powerlevel/low,High,https://data.cooperationdatabank.org/vocab/prop/studyGameIncentive,Game incentive,https://data.cooperationdatabank.org/id/studygameincentive/1,Monetary,https://data.cooperationdatabank.org/id/dependentvariable/contributions,negative,test,0.0,negative,lower,0.0,0.45901639344262296,0.09836065573770492,0.4426229508196721,0.45901639344262296,"When comparing studies where power level is low and studies where power level is high, cooperation is significantly lower when game incentive is monetary."
20571,https://data.cooperationdatabank.org/vocab/prop/PowerVariable,https://data.cooperationdatabank.org/vocab/prop/powerLevel,Power level,https://data.cooperationdatabank.org/id/powerlevel/high,Low,https://data.cooperationdatabank.org/vocab/prop/powerLevel,Power level,https://data.cooperationdatabank.org/id/powerlevel/low,High,https://data.cooperationdatabank.org/vocab/prop/publicationStatus,Published,https://data.cooperationdatabank.org/id/publicationstatus/1,Published Article,https://data.cooperationdatabank.org/id/dependentvariable/contributions,positive,test,0.0,negative,lower,2.0,0.45901639344262296,0.09836065573770492,0.4426229508196721,0.45901639344262296,"When comparing studies where power level is low and studies where power level is high, cooperation is significantly lower when published is published article."
47399,https://data.cooperationdatabank.org/vocab/prop/PowerVariable,https://data.cooperationdatabank.org/vocab/prop/powerLevel,Power level,https://data.cooperationdatabank.org/id/powerlevel/high,Low,https://data.cooperationdatabank.org/vocab/prop/powerLevel,Power level,https://data.cooperationdatabank.org/id/powerlevel/low,High,https://data.cooperationdatabank.org/vocab/prop/studyGameIncentive,Game incentive,https://data.cooperationdatabank.org/id/studygameincentive/1,Monetary,https://data.cooperationdatabank.org/id/dependentvariable/contributions,positive,test,0.0,negative,lower,2.0,0.45901639344262296,0.09836065573770492,0.4426229508196721,0.45901639344262296,"When comparing studies where power level is low and studies where power level is high, cooperation is significantly lower when game incentive is monetary."
47391,https://data.cooperationdatabank.org/vocab/prop/PowerVariable,https://data.cooperationdatabank.org/vocab/prop/powerLevel,Power level,https://data.cooperationdatabank.org/id/powerlevel/high,Low,https://data.cooperationdatabank.org/vocab/prop/powerLevel,Power level,https://data.cooperationdatabank.org/id/powerlevel/low,High,https://data.cooperationdatabank.org/vocab/prop/publicationStatus,Published,https://data.cooperationdatabank.org/id/publicationstatus/1,Published Article,https://data.cooperationdatabank.org/id/dependentvariable/contributions,positive,test,0.0,negative,lower,2.0,0.45901639344262296,0.09836065573770492,0.4426229508196721,0.45901639344262296,"When comparing studies where power level is low and studies where power level is high, cooperation is significantly lower when published is published article."
30024,https://data.cooperationdatabank.org/vocab/prop/PowerVariable,https://data.cooperationdatabank.org/vocab/prop/powerLevel,Power level,https://data.cooperationdatabank.org/id/powerlevel/high,Low,https://data.cooperationdatabank.org/vocab/prop/powerLevel,Power level,https://data.cooperationdatabank.org/id/powerlevel/low,High,https://data.cooperationdatabank.org/vocab/prop/yearSource,Source of year of data collection,https://data.cooperationdatabank.org/id/yearsource/4,Received/Submitted,https://data.cooperationdatabank.org/id/dependentvariable/contributions,positive,test,0.0,negative,lower,2.0,0.45901639344262296,0.09836065573770492,0.4426229508196721,0.45901639344262296,"When comparing studies where power level is low and studies where power level is high, cooperation is significantly lower when source of year of data collection is submitted."
45865,https://data.cooperationdatabank.org/vocab/prop/PowerVariable,https://data.cooperationdatabank.org/vocab/prop/powerLevel,Power level,https://data.cooperationdatabank.org/id/powerlevel/high,Low,https://data.cooperationdatabank.org/vocab/prop/powerLevel,Power level,https://data.cooperationdatabank.org/id/powerlevel/low,High,https://data.cooperationdatabank.org/vocab/prop/publicationStatus,Published,https://data.cooperationdatabank.org/id/publicationstatus/1,Published Article,https://data.cooperationdatabank.org/id/dependentvariable/contributions,positive,test,0.0,negative,lower,2.0,0.45901639344262296,0.09836065573770492,0.4426229508196721,0.45901639344262296,"When comparing studies where power level is low and studies where power level is high, cooperation is significantly lower when published is published article."
47564,https://data.cooperationdatabank.org/vocab/prop/PowerVariable,https://data.cooperationdatabank.org/vocab/prop/powerLevel,Power level,https://data.cooperationdatabank.org/id/powerlevel/high,High,https://data.cooperationdatabank.org/vocab/prop/powerLevel,Power level,https://data.cooperationdatabank.org/id/powerlevel/low,Low,https://data.cooperationdatabank.org/vocab/prop/yearSource,Source of year of data collection,https://data.cooperationdatabank.org/id/yearsource/4,Received/Submitted,https://data.cooperationdatabank.org/id/dependentvariable/contributions,noEffect,test,0.0,negative,lower,1.0,0.45901639344262296,0.09836065573770492,0.4426229508196721,0.45901639344262296,"When comparing studies where power level is high and studies where power level is low, cooperation is significantly lower when source of year of data collection is submitted."
49638,https://data.cooperationdatabank.org/vocab/prop/PowerVariable,https://data.cooperationdatabank.org/vocab/prop/powerLevel,Power level,https://data.cooperationdatabank.org/id/powerlevel/high,High,https://data.cooperationdatabank.org/vocab/prop/powerLevel,Power level,https://data.cooperationdatabank.org/id/powerlevel/low,Low,https://data.cooperationdatabank.org/vocab/prop/publicationStatus,Published,https://data.cooperationdatabank.org/id/publicationstatus/1,Published Article,https://data.cooperationdatabank.org/id/dependentvariable/contributions,positive,test,0.0,negative,lower,2.0,0.45901639344262296,0.09836065573770492,0.4426229508196721,0.45901639344262296,"When comparing studies where power level is high and studies where power level is low, cooperation is significantly lower when published is published article."
38,https://data.cooperationdatabank.org/vocab/prop/PowerVariable,https://data.cooperationdatabank.org/vocab/prop/powerLevel,Power level,https://data.cooperationdatabank.org/id/powerlevel/high,High,https://data.cooperationdatabank.org/vocab/prop/powerLevel,Power level,https://data.cooperationdatabank.org/id/powerlevel/low,Low,https://data.cooperationdatabank.org/vocab/prop/studyOneShot,One-shot vs repeated,https://data.cooperationdatabank.org/id/studyoneshot/1,One-shot,https://data.cooperationdatabank.org/id/dependentvariable/contributions,noEffect,test,0.0,negative,lower,1.0,0.36363636363636365,0.2727272727272727,0.36363636363636365,0.36363636363636365,"When comparing studies where power level is high and studies where power level is low, cooperation is significantly lower when one-shot vs repeated is one-shot."
13843,https://data.cooperationdatabank.org/vocab/prop/PowerVariable,https://data.cooperationdatabank.org/vocab/prop/powerLevel,Power level,https://data.cooperationdatabank.org/id/powerlevel/high,Low,https://data.cooperationdatabank.org/vocab/prop/powerLevel,Power level,https://data.cooperationdatabank.org/id/powerlevel/low,High,https://data.cooperationdatabank.org/vocab/prop/studyOneShot,One-shot vs repeated,https://data.cooperationdatabank.org/id/studyoneshot/1,One-shot,https://data.cooperationdatabank.org/id/dependentvariable/contributions,positive,test,0.0,negative,lower,2.0,0.36363636363636365,0.2727272727272727,0.36363636363636365,0.36363636363636365,"When comparing studies where power level is low and studies where power level is high, cooperation is significantly lower when one-shot vs repeated is one-shot."
