,giv_prop,iv,iv_label,cat_t1,cat_t1_label,iv.1,iv_label.1,cat_t2,cat_t2_label,mod,mod_label,mod_val,mod_val_label,dependent,effect,td,pred_num,pred_readable,comparative,pred_true,score_0,score_1,score_2,max_score,hypothesis
19041,https://data.cooperationdatabank.org/vocab/prop/Preferences_for_Conditional_CooperationVariable,https://data.cooperationdatabank.org/vocab/prop/preferenceConditionalCooperation,Preference for conditional cooperation,https://data.cooperationdatabank.org/id/preferenceconditionalcooperation/conditional_cooperators,Conditional cooperators,https://data.cooperationdatabank.org/vocab/prop/preferenceConditionalCooperation,Preference for conditional cooperation,https://data.cooperationdatabank.org/id/preferenceconditionalcooperation/freeriders,Freeriders,https://data.cooperationdatabank.org/vocab/prop/discussion,Discussion,https://data.cooperationdatabank.org/id/discussion/0,Absent,https://data.cooperationdatabank.org/id/dependentvariable/contributions,positive,test,2.0,positive,higher,2.0,0.0,0.0,1.0,1.0,"When comparing studies where preference for conditional cooperation is conditional cooperators and studies where preference for conditional cooperation is freeriders, cooperation is significantly higher when discussion is absent."
19044,https://data.cooperationdatabank.org/vocab/prop/Preferences_for_Conditional_CooperationVariable,https://data.cooperationdatabank.org/vocab/prop/preferenceConditionalCooperation,Preference for conditional cooperation,https://data.cooperationdatabank.org/id/preferenceconditionalcooperation/conditional_cooperators,Conditional cooperators,https://data.cooperationdatabank.org/vocab/prop/preferenceConditionalCooperation,Preference for conditional cooperation,https://data.cooperationdatabank.org/id/preferenceconditionalcooperation/freeriders,Freeriders,https://data.cooperationdatabank.org/vocab/prop/studyAcquaintance,Acquaintance,https://data.cooperationdatabank.org/id/studyacquaintance/0,Strangers,https://data.cooperationdatabank.org/id/dependentvariable/contributions,positive,test,2.0,positive,higher,2.0,0.0,0.0,1.0,1.0,"When comparing studies where preference for conditional cooperation is conditional cooperators and studies where preference for conditional cooperation is freeriders, cooperation is significantly higher when acquaintance is strangers."
19049,https://data.cooperationdatabank.org/vocab/prop/Preferences_for_Conditional_CooperationVariable,https://data.cooperationdatabank.org/vocab/prop/preferenceConditionalCooperation,Preference for conditional cooperation,https://data.cooperationdatabank.org/id/preferenceconditionalcooperation/conditional_cooperators,Conditional cooperators,https://data.cooperationdatabank.org/vocab/prop/preferenceConditionalCooperation,Preference for conditional cooperation,https://data.cooperationdatabank.org/id/preferenceconditionalcooperation/freeriders,Freeriders,https://data.cooperationdatabank.org/vocab/prop/studyOneShot,One-shot vs repeated,https://data.cooperationdatabank.org/id/studyoneshot/1,One-shot,https://data.cooperationdatabank.org/id/dependentvariable/contributions,positive,test,2.0,positive,higher,2.0,0.0,0.0,1.0,1.0,"When comparing studies where preference for conditional cooperation is conditional cooperators and studies where preference for conditional cooperation is freeriders, cooperation is significantly higher when one-shot vs repeated is one-shot."
19134,https://data.cooperationdatabank.org/vocab/prop/Preferences_for_Conditional_CooperationVariable,https://data.cooperationdatabank.org/vocab/prop/preferenceConditionalCooperation,Preference for conditional cooperation,https://data.cooperationdatabank.org/id/preferenceconditionalcooperation/conditional_cooperators,Conditional cooperators,https://data.cooperationdatabank.org/vocab/prop/preferenceConditionalCooperation,Preference for conditional cooperation,https://data.cooperationdatabank.org/id/preferenceconditionalcooperation/freeriders,Freeriders,https://data.cooperationdatabank.org/vocab/prop/studyAcquaintance,Acquaintance,https://data.cooperationdatabank.org/id/studyacquaintance/0,Strangers,https://data.cooperationdatabank.org/id/dependentvariable/contributions,positive,test,2.0,positive,higher,2.0,0.0,0.0,1.0,1.0,"When comparing studies where preference for conditional cooperation is conditional cooperators and studies where preference for conditional cooperation is freeriders, cooperation is significantly higher when acquaintance is strangers."
19133,https://data.cooperationdatabank.org/vocab/prop/Preferences_for_Conditional_CooperationVariable,https://data.cooperationdatabank.org/vocab/prop/preferenceConditionalCooperation,Preference for conditional cooperation,https://data.cooperationdatabank.org/id/preferenceconditionalcooperation/conditional_cooperators,Conditional cooperators,https://data.cooperationdatabank.org/vocab/prop/preferenceConditionalCooperation,Preference for conditional cooperation,https://data.cooperationdatabank.org/id/preferenceconditionalcooperation/freeriders,Freeriders,https://data.cooperationdatabank.org/vocab/prop/studyAcademicDiscipline,Academic discipline,https://data.cooperationdatabank.org/id/studyacademicdiscipline/4,Mixed,https://data.cooperationdatabank.org/id/dependentvariable/contributions,positive,test,2.0,positive,higher,2.0,0.0,0.0,1.0,1.0,"When comparing studies where preference for conditional cooperation is conditional cooperators and studies where preference for conditional cooperation is freeriders, cooperation is significantly higher when academic discipline is mixed."
19153,https://data.cooperationdatabank.org/vocab/prop/Preferences_for_Conditional_CooperationVariable,https://data.cooperationdatabank.org/vocab/prop/preferenceConditionalCooperation,Preference for conditional cooperation,https://data.cooperationdatabank.org/id/preferenceconditionalcooperation/conditional_cooperators,Conditional cooperators,https://data.cooperationdatabank.org/vocab/prop/preferenceConditionalCooperation,Preference for conditional cooperation,https://data.cooperationdatabank.org/id/preferenceconditionalcooperation/freeriders,Freeriders,https://data.cooperationdatabank.org/vocab/prop/studyGameIncentive,Game incentive,https://data.cooperationdatabank.org/id/studygameincentive/1,Monetary,https://data.cooperationdatabank.org/id/dependentvariable/contributions,positive,test,2.0,positive,higher,2.0,0.0,0.0,1.0,1.0,"When comparing studies where preference for conditional cooperation is conditional cooperators and studies where preference for conditional cooperation is freeriders, cooperation is significantly higher when game incentive is monetary."
19139,https://data.cooperationdatabank.org/vocab/prop/Preferences_for_Conditional_CooperationVariable,https://data.cooperationdatabank.org/vocab/prop/preferenceConditionalCooperation,Preference for conditional cooperation,https://data.cooperationdatabank.org/id/preferenceconditionalcooperation/conditional_cooperators,Conditional cooperators,https://data.cooperationdatabank.org/vocab/prop/preferenceConditionalCooperation,Preference for conditional cooperation,https://data.cooperationdatabank.org/id/preferenceconditionalcooperation/freeriders,Freeriders,https://data.cooperationdatabank.org/vocab/prop/studyOneShot,One-shot vs repeated,https://data.cooperationdatabank.org/id/studyoneshot/1,One-shot,https://data.cooperationdatabank.org/id/dependentvariable/contributions,positive,test,2.0,positive,higher,2.0,0.0,0.0,1.0,1.0,"When comparing studies where preference for conditional cooperation is conditional cooperators and studies where preference for conditional cooperation is freeriders, cooperation is significantly higher when one-shot vs repeated is one-shot."
19157,https://data.cooperationdatabank.org/vocab/prop/Preferences_for_Conditional_CooperationVariable,https://data.cooperationdatabank.org/vocab/prop/preferenceConditionalCooperation,Preference for conditional cooperation,https://data.cooperationdatabank.org/id/preferenceconditionalcooperation/conditional_cooperators,Conditional cooperators,https://data.cooperationdatabank.org/vocab/prop/preferenceConditionalCooperation,Preference for conditional cooperation,https://data.cooperationdatabank.org/id/preferenceconditionalcooperation/freeriders,Freeriders,https://data.cooperationdatabank.org/vocab/prop/yearSource,Source of year of data collection,https://data.cooperationdatabank.org/id/yearsource/4,Received/Submitted,https://data.cooperationdatabank.org/id/dependentvariable/contributions,positive,test,2.0,positive,higher,2.0,0.0,0.0,1.0,1.0,"When comparing studies where preference for conditional cooperation is conditional cooperators and studies where preference for conditional cooperation is freeriders, cooperation is significantly higher when source of year of data collection is submitted."
19161,https://data.cooperationdatabank.org/vocab/prop/Preferences_for_Conditional_CooperationVariable,https://data.cooperationdatabank.org/vocab/prop/preferenceConditionalCooperation,Preference for conditional cooperation,https://data.cooperationdatabank.org/id/preferenceconditionalcooperation/conditional_cooperators,Conditional cooperators,https://data.cooperationdatabank.org/vocab/prop/preferenceConditionalCooperation,Preference for conditional cooperation,https://data.cooperationdatabank.org/id/preferenceconditionalcooperation/freeriders,Freeriders,https://data.cooperationdatabank.org/vocab/prop/country,has country,https://data.cooperationdatabank.org/id/country/GBR,GBR,https://data.cooperationdatabank.org/id/dependentvariable/contributions,positive,test,2.0,positive,higher,2.0,0.0,0.0,1.0,1.0,"When comparing studies where preference for conditional cooperation is conditional cooperators and studies where preference for conditional cooperation is freeriders, cooperation is significantly higher when has country is gbr."
19089,https://data.cooperationdatabank.org/vocab/prop/Preferences_for_Conditional_CooperationVariable,https://data.cooperationdatabank.org/vocab/prop/preferenceConditionalCooperation,Preference for conditional cooperation,https://data.cooperationdatabank.org/id/preferenceconditionalcooperation/freeriders,Freeriders,https://data.cooperationdatabank.org/vocab/prop/preferenceConditionalCooperation,Preference for conditional cooperation,https://data.cooperationdatabank.org/id/preferenceconditionalcooperation/hump-shaped_contributors,Hump-shaped contributors,https://data.cooperationdatabank.org/vocab/prop/studyAcquaintance,Acquaintance,https://data.cooperationdatabank.org/id/studyacquaintance/0,Strangers,https://data.cooperationdatabank.org/id/dependentvariable/contributions,negative,test,0.0,negative,lower,0.0,0.8133333333333334,0.08,0.10666666666666667,0.8133333333333334,"When comparing studies where preference for conditional cooperation is freeriders and studies where preference for conditional cooperation is hump-shaped contributors, cooperation is significantly lower when acquaintance is strangers."
19090,https://data.cooperationdatabank.org/vocab/prop/Preferences_for_Conditional_CooperationVariable,https://data.cooperationdatabank.org/vocab/prop/preferenceConditionalCooperation,Preference for conditional cooperation,https://data.cooperationdatabank.org/id/preferenceconditionalcooperation/freeriders,Freeriders,https://data.cooperationdatabank.org/vocab/prop/preferenceConditionalCooperation,Preference for conditional cooperation,https://data.cooperationdatabank.org/id/preferenceconditionalcooperation/hump-shaped_contributors,Hump-shaped contributors,https://data.cooperationdatabank.org/vocab/prop/studyDilemmaType,Game type,https://data.cooperationdatabank.org/id/studydilemmatype/2,Public Goods Game,https://data.cooperationdatabank.org/id/dependentvariable/contributions,negative,test,0.0,negative,lower,0.0,0.8133333333333334,0.08,0.10666666666666667,0.8133333333333334,"When comparing studies where preference for conditional cooperation is freeriders and studies where preference for conditional cooperation is hump-shaped contributors, cooperation is significantly lower when game type is public goods game."
