,giv_prop,iv,iv_label,cat_t1,cat_t1_label,iv.1,iv_label.1,cat_t2,cat_t2_label,mod,mod_label,mod_val,mod_val_label,dependent,effect,td,pred_num,pred_readable,comparative,pred_true,score_0,score_1,score_2,max_score,hypothesis
2540,https://data.cooperationdatabank.org/vocab/prop/PrimingVariable,https://data.cooperationdatabank.org/vocab/prop/primingConcept,Primed construct,https://data.cooperationdatabank.org/id/primingconcept/religion,Religion,https://data.cooperationdatabank.org/vocab/prop/primingConcept,Primed construct,https://data.cooperationdatabank.org/id/primingconcept/neutral,Neutral,https://data.cooperationdatabank.org/vocab/prop/countrySource,Source of country or region,https://data.cooperationdatabank.org/id/countrysource/1,Specified country,https://data.cooperationdatabank.org/id/dependentvariable/contributions,positive,test,2.0,positive,higher,2.0,0.0,0.0,1.0,1.0,"When comparing studies where primed construct is religion and studies where primed construct is neutral, cooperation is significantly higher when source of country or region is specified country."
2554,https://data.cooperationdatabank.org/vocab/prop/PrimingVariable,https://data.cooperationdatabank.org/vocab/prop/primingConcept,Primed construct,https://data.cooperationdatabank.org/id/primingconcept/religion,Religion,https://data.cooperationdatabank.org/vocab/prop/primingConcept,Primed construct,https://data.cooperationdatabank.org/id/primingconcept/neutral,Neutral,https://data.cooperationdatabank.org/vocab/prop/studyGameIncentive,Game incentive,https://data.cooperationdatabank.org/id/studygameincentive/2,Monetary lottery,https://data.cooperationdatabank.org/id/dependentvariable/contributions,positive,test,2.0,positive,higher,2.0,0.0,0.0,1.0,1.0,"When comparing studies where primed construct is religion and studies where primed construct is neutral, cooperation is significantly higher when game incentive is monetary lottery."
2556,https://data.cooperationdatabank.org/vocab/prop/PrimingVariable,https://data.cooperationdatabank.org/vocab/prop/primingConcept,Primed construct,https://data.cooperationdatabank.org/id/primingconcept/religion,Religion,https://data.cooperationdatabank.org/vocab/prop/primingConcept,Primed construct,https://data.cooperationdatabank.org/id/primingconcept/neutral,Neutral,https://data.cooperationdatabank.org/vocab/prop/studyMatchingProtocol,Matching,https://data.cooperationdatabank.org/id/studymatchingprotocol/1,Stranger,https://data.cooperationdatabank.org/id/dependentvariable/contributions,positive,test,2.0,positive,higher,2.0,0.0,0.0,1.0,1.0,"When comparing studies where primed construct is religion and studies where primed construct is neutral, cooperation is significantly higher when matching is stranger."
2560,https://data.cooperationdatabank.org/vocab/prop/PrimingVariable,https://data.cooperationdatabank.org/vocab/prop/primingConcept,Primed construct,https://data.cooperationdatabank.org/id/primingconcept/religion,Religion,https://data.cooperationdatabank.org/vocab/prop/primingConcept,Primed construct,https://data.cooperationdatabank.org/id/primingconcept/neutral,Neutral,https://data.cooperationdatabank.org/vocab/prop/studyRealPartner,Real partner,https://data.cooperationdatabank.org/id/studyrealpartner/1,Real,https://data.cooperationdatabank.org/id/dependentvariable/contributions,positive,test,2.0,positive,higher,2.0,0.0,0.0,1.0,1.0,"When comparing studies where primed construct is religion and studies where primed construct is neutral, cooperation is significantly higher when real partner is real."
13905,https://data.cooperationdatabank.org/vocab/prop/PrimingVariable,https://data.cooperationdatabank.org/vocab/prop/primingConcept,Primed construct,https://data.cooperationdatabank.org/id/primingconcept/morality,Morality,https://data.cooperationdatabank.org/vocab/prop/primingConcept,Primed construct,https://data.cooperationdatabank.org/id/primingconcept/neutral,Neutral,https://data.cooperationdatabank.org/vocab/prop/studyOneShot,One-shot vs repeated,https://data.cooperationdatabank.org/id/studyoneshot/1,One-shot,https://data.cooperationdatabank.org/id/dependentvariable/withdrawals,noEffect,test,0.0,negative,lower,1.0,1.0,0.0,0.0,1.0,"When comparing studies where primed construct is morality and studies where primed construct is neutral, cooperation is significantly lower when one-shot vs repeated is one-shot."
39680,https://data.cooperationdatabank.org/vocab/prop/PrimingVariable,https://data.cooperationdatabank.org/vocab/prop/primingConcept,Primed construct,https://data.cooperationdatabank.org/id/primingconcept/religion,Neutral,https://data.cooperationdatabank.org/vocab/prop/primingConcept,Primed construct,https://data.cooperationdatabank.org/id/primingconcept/neutral,Religion,https://data.cooperationdatabank.org/vocab/prop/recruitmentMethod,Recruitment method,https://data.cooperationdatabank.org/id/recruitmentmethod/1,Participant pool,https://data.cooperationdatabank.org/id/dependentvariable/cooperation,positive,test,2.0,positive,higher,2.0,0.0,0.0,1.0,1.0,"When comparing studies where primed construct is neutral and studies where primed construct is religion, cooperation is significantly higher when recruitment method is participant pool."
39690,https://data.cooperationdatabank.org/vocab/prop/PrimingVariable,https://data.cooperationdatabank.org/vocab/prop/primingConcept,Primed construct,https://data.cooperationdatabank.org/id/primingconcept/religion,Neutral,https://data.cooperationdatabank.org/vocab/prop/primingConcept,Primed construct,https://data.cooperationdatabank.org/id/primingconcept/neutral,Religion,https://data.cooperationdatabank.org/vocab/prop/studyOneShot,One-shot vs repeated,https://data.cooperationdatabank.org/id/studyoneshot/1,One-shot,https://data.cooperationdatabank.org/id/dependentvariable/cooperation,positive,test,2.0,positive,higher,2.0,0.0,0.0,1.0,1.0,"When comparing studies where primed construct is neutral and studies where primed construct is religion, cooperation is significantly higher when one-shot vs repeated is one-shot."
36230,https://data.cooperationdatabank.org/vocab/prop/PrimingVariable,https://data.cooperationdatabank.org/vocab/prop/primingConcept,Primed construct,https://data.cooperationdatabank.org/id/primingconcept/other,Neutral,https://data.cooperationdatabank.org/vocab/prop/primingConcept,Primed construct,https://data.cooperationdatabank.org/id/primingconcept/neutral,Other,https://data.cooperationdatabank.org/vocab/prop/studyAcquaintance,Acquaintance,https://data.cooperationdatabank.org/id/studyacquaintance/0,Strangers,https://data.cooperationdatabank.org/id/dependentvariable/contributions,negative,test,0.0,negative,lower,0.0,1.0,0.0,0.0,1.0,"When comparing studies where primed construct is neutral and studies where primed construct is other, cooperation is significantly lower when acquaintance is strangers."
36240,https://data.cooperationdatabank.org/vocab/prop/PrimingVariable,https://data.cooperationdatabank.org/vocab/prop/primingConcept,Primed construct,https://data.cooperationdatabank.org/id/primingconcept/other,Neutral,https://data.cooperationdatabank.org/vocab/prop/primingConcept,Primed construct,https://data.cooperationdatabank.org/id/primingconcept/neutral,Other,https://data.cooperationdatabank.org/vocab/prop/studyShowUpFee,Show-up fee,https://data.cooperationdatabank.org/id/studyshowupfee/1,Paid,https://data.cooperationdatabank.org/id/dependentvariable/contributions,negative,test,0.0,negative,lower,0.0,1.0,0.0,0.0,1.0,"When comparing studies where primed construct is neutral and studies where primed construct is other, cooperation is significantly lower when show-up fee is paid."
42803,https://data.cooperationdatabank.org/vocab/prop/PrimingVariable,https://data.cooperationdatabank.org/vocab/prop/primingConcept,Primed construct,https://data.cooperationdatabank.org/id/primingconcept/cooperation,Neutral,https://data.cooperationdatabank.org/vocab/prop/primingConcept,Primed construct,https://data.cooperationdatabank.org/id/primingconcept/neutral,Cooperation,https://data.cooperationdatabank.org/vocab/prop/publicationStatus,Published,https://data.cooperationdatabank.org/id/publicationstatus/1,Published Article,https://data.cooperationdatabank.org/id/dependentvariable/withdrawals,positive,test,2.0,positive,higher,2.0,0.0,0.0,1.0,1.0,"When comparing studies where primed construct is neutral and studies where primed construct is cooperation, cooperation is significantly higher when published is published article."
42802,https://data.cooperationdatabank.org/vocab/prop/PrimingVariable,https://data.cooperationdatabank.org/vocab/prop/primingConcept,Primed construct,https://data.cooperationdatabank.org/id/primingconcept/cooperation,Neutral,https://data.cooperationdatabank.org/vocab/prop/primingConcept,Primed construct,https://data.cooperationdatabank.org/id/primingconcept/neutral,Cooperation,https://data.cooperationdatabank.org/vocab/prop/discussion,Discussion,https://data.cooperationdatabank.org/id/discussion/0,Absent,https://data.cooperationdatabank.org/id/dependentvariable/withdrawals,positive,test,2.0,positive,higher,2.0,0.0,0.0,1.0,1.0,"When comparing studies where primed construct is neutral and studies where primed construct is cooperation, cooperation is significantly higher when discussion is absent."
49971,https://data.cooperationdatabank.org/vocab/prop/PrimingVariable,https://data.cooperationdatabank.org/vocab/prop/primingConcept,Primed construct,https://data.cooperationdatabank.org/id/primingconcept/competition,Cooperation,https://data.cooperationdatabank.org/vocab/prop/primingConcept,Primed construct,https://data.cooperationdatabank.org/id/primingconcept/cooperation,Competition,https://data.cooperationdatabank.org/vocab/prop/studyRealPartner,Real partner,https://data.cooperationdatabank.org/id/studyrealpartner/2,Deception,https://data.cooperationdatabank.org/id/dependentvariable/contributions,negative,test,0.0,negative,lower,0.0,1.0,0.0,0.0,1.0,"When comparing studies where primed construct is cooperation and studies where primed construct is competition, cooperation is significantly lower when real partner is deception."
50049,https://data.cooperationdatabank.org/vocab/prop/PrimingVariable,https://data.cooperationdatabank.org/vocab/prop/primingConcept,Primed construct,https://data.cooperationdatabank.org/id/primingconcept/competition,Cooperation,https://data.cooperationdatabank.org/vocab/prop/primingConcept,Primed construct,https://data.cooperationdatabank.org/id/primingconcept/cooperation,Competition,https://data.cooperationdatabank.org/vocab/prop/studyRealPartner,Real partner,https://data.cooperationdatabank.org/id/studyrealpartner/2,Deception,https://data.cooperationdatabank.org/id/dependentvariable/contributions,positive,test,0.0,negative,lower,2.0,1.0,0.0,0.0,1.0,"When comparing studies where primed construct is cooperation and studies where primed construct is competition, cooperation is significantly lower when real partner is deception."
50042,https://data.cooperationdatabank.org/vocab/prop/PrimingVariable,https://data.cooperationdatabank.org/vocab/prop/primingConcept,Primed construct,https://data.cooperationdatabank.org/id/primingconcept/competition,Cooperation,https://data.cooperationdatabank.org/vocab/prop/primingConcept,Primed construct,https://data.cooperationdatabank.org/id/primingconcept/cooperation,Competition,https://data.cooperationdatabank.org/vocab/prop/discussion,Discussion,https://data.cooperationdatabank.org/id/discussion/0,Absent,https://data.cooperationdatabank.org/id/dependentvariable/contributions,positive,test,0.0,negative,lower,2.0,1.0,0.0,0.0,1.0,"When comparing studies where primed construct is cooperation and studies where primed construct is competition, cooperation is significantly lower when discussion is absent."
49936,https://data.cooperationdatabank.org/vocab/prop/PrimingVariable,https://data.cooperationdatabank.org/vocab/prop/primingConcept,Primed construct,https://data.cooperationdatabank.org/id/primingconcept/competition,Cooperation,https://data.cooperationdatabank.org/vocab/prop/primingConcept,Primed construct,https://data.cooperationdatabank.org/id/primingconcept/cooperation,Competition,https://data.cooperationdatabank.org/vocab/prop/country,has country,https://data.cooperationdatabank.org/id/country/NLD,NLD,https://data.cooperationdatabank.org/id/dependentvariable/contributions,negative,test,0.0,negative,lower,0.0,1.0,0.0,0.0,1.0,"When comparing studies where primed construct is cooperation and studies where primed construct is competition, cooperation is significantly lower when has country is nld."
45056,https://data.cooperationdatabank.org/vocab/prop/PrimingVariable,https://data.cooperationdatabank.org/vocab/prop/primingConcept,Primed construct,https://data.cooperationdatabank.org/id/primingconcept/religion,Religion,https://data.cooperationdatabank.org/vocab/prop/primingConcept,Primed construct,https://data.cooperationdatabank.org/id/primingconcept/neutral,Neutral,https://data.cooperationdatabank.org/vocab/prop/yearSource,Source of year of data collection,https://data.cooperationdatabank.org/id/yearsource/3,Working paper published,https://data.cooperationdatabank.org/id/dependentvariable/contributions,positive,test,2.0,positive,higher,2.0,0.0,0.0,1.0,1.0,"When comparing studies where primed construct is religion and studies where primed construct is neutral, cooperation is significantly higher when source of year of data collection is working paper published."
42815,https://data.cooperationdatabank.org/vocab/prop/PrimingVariable,https://data.cooperationdatabank.org/vocab/prop/primingConcept,Primed construct,https://data.cooperationdatabank.org/id/primingconcept/cooperation,Neutral,https://data.cooperationdatabank.org/vocab/prop/primingConcept,Primed construct,https://data.cooperationdatabank.org/id/primingconcept/neutral,Cooperation,https://data.cooperationdatabank.org/vocab/prop/recruitmentMethod,Recruitment method,https://data.cooperationdatabank.org/id/recruitmentmethod/1,Participant pool,https://data.cooperationdatabank.org/id/dependentvariable/withdrawals,positive,test,2.0,positive,higher,2.0,0.0,0.0,1.0,1.0,"When comparing studies where primed construct is neutral and studies where primed construct is cooperation, cooperation is significantly higher when recruitment method is participant pool."
49967,https://data.cooperationdatabank.org/vocab/prop/PrimingVariable,https://data.cooperationdatabank.org/vocab/prop/primingConcept,Primed construct,https://data.cooperationdatabank.org/id/primingconcept/competition,Cooperation,https://data.cooperationdatabank.org/vocab/prop/primingConcept,Primed construct,https://data.cooperationdatabank.org/id/primingconcept/cooperation,Competition,https://data.cooperationdatabank.org/vocab/prop/studyDilemmaType,Game type,https://data.cooperationdatabank.org/id/studydilemmatype/1,Prisoner's Dilemma Game,https://data.cooperationdatabank.org/id/dependentvariable/contributions,negative,test,0.0,negative,lower,0.0,0.819672131147541,0.0,0.18032786885245902,0.819672131147541,"When comparing studies where primed construct is cooperation and studies where primed construct is competition, cooperation is significantly lower when game type is prisoner's dilemma game."
49968,https://data.cooperationdatabank.org/vocab/prop/PrimingVariable,https://data.cooperationdatabank.org/vocab/prop/primingConcept,Primed construct,https://data.cooperationdatabank.org/id/primingconcept/competition,Cooperation,https://data.cooperationdatabank.org/vocab/prop/primingConcept,Primed construct,https://data.cooperationdatabank.org/id/primingconcept/cooperation,Competition,https://data.cooperationdatabank.org/vocab/prop/studyExperimentalSetting,Experimental setting,https://data.cooperationdatabank.org/id/studyexperimentalsetting/2,Lab,https://data.cooperationdatabank.org/id/dependentvariable/contributions,negative,test,0.0,negative,lower,0.0,0.819672131147541,0.0,0.18032786885245902,0.819672131147541,"When comparing studies where primed construct is cooperation and studies where primed construct is competition, cooperation is significantly lower when experimental setting is lab."
49976,https://data.cooperationdatabank.org/vocab/prop/PrimingVariable,https://data.cooperationdatabank.org/vocab/prop/primingConcept,Primed construct,https://data.cooperationdatabank.org/id/primingconcept/competition,Cooperation,https://data.cooperationdatabank.org/vocab/prop/primingConcept,Primed construct,https://data.cooperationdatabank.org/id/primingconcept/cooperation,Competition,https://data.cooperationdatabank.org/vocab/prop/countrySource,Source of country or region,https://data.cooperationdatabank.org/id/countrysource/1,Specified country,https://data.cooperationdatabank.org/id/dependentvariable/contributions,negative,test,0.0,negative,lower,0.0,0.819672131147541,0.0,0.18032786885245902,0.819672131147541,"When comparing studies where primed construct is cooperation and studies where primed construct is competition, cooperation is significantly lower when source of country or region is specified country."
49973,https://data.cooperationdatabank.org/vocab/prop/PrimingVariable,https://data.cooperationdatabank.org/vocab/prop/primingConcept,Primed construct,https://data.cooperationdatabank.org/id/primingconcept/competition,Cooperation,https://data.cooperationdatabank.org/vocab/prop/primingConcept,Primed construct,https://data.cooperationdatabank.org/id/primingconcept/cooperation,Competition,https://data.cooperationdatabank.org/vocab/prop/yearSource,Source of year of data collection,https://data.cooperationdatabank.org/id/yearsource/4,Received/Submitted,https://data.cooperationdatabank.org/id/dependentvariable/contributions,negative,test,0.0,negative,lower,0.0,0.819672131147541,0.0,0.18032786885245902,0.819672131147541,"When comparing studies where primed construct is cooperation and studies where primed construct is competition, cooperation is significantly lower when source of year of data collection is submitted."
49944,https://data.cooperationdatabank.org/vocab/prop/PrimingVariable,https://data.cooperationdatabank.org/vocab/prop/primingConcept,Primed construct,https://data.cooperationdatabank.org/id/primingconcept/competition,Cooperation,https://data.cooperationdatabank.org/vocab/prop/primingConcept,Primed construct,https://data.cooperationdatabank.org/id/primingconcept/cooperation,Competition,https://data.cooperationdatabank.org/vocab/prop/studyOneShot,One-shot vs repeated,https://data.cooperationdatabank.org/id/studyoneshot/1,One-shot,https://data.cooperationdatabank.org/id/dependentvariable/contributions,negative,test,0.0,negative,lower,0.0,0.819672131147541,0.0,0.18032786885245902,0.819672131147541,"When comparing studies where primed construct is cooperation and studies where primed construct is competition, cooperation is significantly lower when one-shot vs repeated is one-shot."
49972,https://data.cooperationdatabank.org/vocab/prop/PrimingVariable,https://data.cooperationdatabank.org/vocab/prop/primingConcept,Primed construct,https://data.cooperationdatabank.org/id/primingconcept/competition,Cooperation,https://data.cooperationdatabank.org/vocab/prop/primingConcept,Primed construct,https://data.cooperationdatabank.org/id/primingconcept/cooperation,Competition,https://data.cooperationdatabank.org/vocab/prop/studyTrialOfCooperation,Trial of cooperation,https://data.cooperationdatabank.org/id/studytrialofcooperation/1,All trials,https://data.cooperationdatabank.org/id/dependentvariable/contributions,negative,test,0.0,negative,lower,0.0,0.819672131147541,0.0,0.18032786885245902,0.819672131147541,"When comparing studies where primed construct is cooperation and studies where primed construct is competition, cooperation is significantly lower when trial of cooperation is all trials."
50026,https://data.cooperationdatabank.org/vocab/prop/PrimingVariable,https://data.cooperationdatabank.org/vocab/prop/primingConcept,Primed construct,https://data.cooperationdatabank.org/id/primingconcept/competition,Cooperation,https://data.cooperationdatabank.org/vocab/prop/primingConcept,Primed construct,https://data.cooperationdatabank.org/id/primingconcept/cooperation,Competition,https://data.cooperationdatabank.org/vocab/prop/studyShowUpFee,Show-up fee,https://data.cooperationdatabank.org/id/studyshowupfee/2,Course credit,https://data.cooperationdatabank.org/id/dependentvariable/contributions,negative,test,0.0,negative,lower,0.0,0.819672131147541,0.0,0.18032786885245902,0.819672131147541,"When comparing studies where primed construct is cooperation and studies where primed construct is competition, cooperation is significantly lower when show-up fee is course credit."
49982,https://data.cooperationdatabank.org/vocab/prop/PrimingVariable,https://data.cooperationdatabank.org/vocab/prop/primingConcept,Primed construct,https://data.cooperationdatabank.org/id/primingconcept/competition,Cooperation,https://data.cooperationdatabank.org/vocab/prop/primingConcept,Primed construct,https://data.cooperationdatabank.org/id/primingconcept/cooperation,Competition,https://data.cooperationdatabank.org/vocab/prop/studyMatchingProtocol,Matching,https://data.cooperationdatabank.org/id/studymatchingprotocol/1,Stranger,https://data.cooperationdatabank.org/id/dependentvariable/contributions,negative,test,0.0,negative,lower,0.0,0.819672131147541,0.0,0.18032786885245902,0.819672131147541,"When comparing studies where primed construct is cooperation and studies where primed construct is competition, cooperation is significantly lower when matching is stranger."
3481,https://data.cooperationdatabank.org/vocab/prop/PrimingVariable,https://data.cooperationdatabank.org/vocab/prop/primingConcept,Primed construct,https://data.cooperationdatabank.org/id/primingconcept/competition,Competition,https://data.cooperationdatabank.org/vocab/prop/primingConcept,Primed construct,https://data.cooperationdatabank.org/id/primingconcept/cooperation,Cooperation,https://data.cooperationdatabank.org/vocab/prop/recruitmentMethod,Recruitment method,https://data.cooperationdatabank.org/id/recruitmentmethod/1,Participant pool,https://data.cooperationdatabank.org/id/dependentvariable/cooperation,noEffect,test,2.0,positive,higher,1.0,0.125,0.16666666666666666,0.7083333333333334,0.7083333333333334,"When comparing studies where primed construct is competition and studies where primed construct is cooperation, cooperation is significantly higher when recruitment method is participant pool."
17167,https://data.cooperationdatabank.org/vocab/prop/PrimingVariable,https://data.cooperationdatabank.org/vocab/prop/primingConcept,Primed construct,https://data.cooperationdatabank.org/id/primingconcept/cooperation,Cooperation,https://data.cooperationdatabank.org/vocab/prop/primingConcept,Primed construct,https://data.cooperationdatabank.org/id/primingconcept/neutral,Neutral,https://data.cooperationdatabank.org/vocab/prop/countrySource,Source of country or region,https://data.cooperationdatabank.org/id/countrysource/1,Specified country,https://data.cooperationdatabank.org/id/dependentvariable/contributions,positive,test,2.0,positive,higher,2.0,0.0,0.373015873015873,0.626984126984127,0.626984126984127,"When comparing studies where primed construct is cooperation and studies where primed construct is neutral, cooperation is significantly higher when source of country or region is specified country."
17173,https://data.cooperationdatabank.org/vocab/prop/PrimingVariable,https://data.cooperationdatabank.org/vocab/prop/primingConcept,Primed construct,https://data.cooperationdatabank.org/id/primingconcept/cooperation,Cooperation,https://data.cooperationdatabank.org/vocab/prop/primingConcept,Primed construct,https://data.cooperationdatabank.org/id/primingconcept/neutral,Neutral,https://data.cooperationdatabank.org/vocab/prop/studyGameIncentive,Game incentive,https://data.cooperationdatabank.org/id/studygameincentive/1,Monetary,https://data.cooperationdatabank.org/id/dependentvariable/contributions,positive,test,2.0,positive,higher,2.0,0.0,0.373015873015873,0.626984126984127,0.626984126984127,"When comparing studies where primed construct is cooperation and studies where primed construct is neutral, cooperation is significantly higher when game incentive is monetary."
17170,https://data.cooperationdatabank.org/vocab/prop/PrimingVariable,https://data.cooperationdatabank.org/vocab/prop/primingConcept,Primed construct,https://data.cooperationdatabank.org/id/primingconcept/cooperation,Cooperation,https://data.cooperationdatabank.org/vocab/prop/primingConcept,Primed construct,https://data.cooperationdatabank.org/id/primingconcept/neutral,Neutral,https://data.cooperationdatabank.org/vocab/prop/studyAcquaintance,Acquaintance,https://data.cooperationdatabank.org/id/studyacquaintance/0,Strangers,https://data.cooperationdatabank.org/id/dependentvariable/contributions,positive,test,2.0,positive,higher,2.0,0.0,0.373015873015873,0.626984126984127,0.626984126984127,"When comparing studies where primed construct is cooperation and studies where primed construct is neutral, cooperation is significantly higher when acquaintance is strangers."
31154,https://data.cooperationdatabank.org/vocab/prop/PrimingVariable,https://data.cooperationdatabank.org/vocab/prop/primingConcept,Primed construct,https://data.cooperationdatabank.org/id/primingconcept/cooperation,Cooperation,https://data.cooperationdatabank.org/vocab/prop/primingConcept,Primed construct,https://data.cooperationdatabank.org/id/primingconcept/neutral,Neutral,https://data.cooperationdatabank.org/vocab/prop/yearSource,Source of year of data collection,https://data.cooperationdatabank.org/id/yearsource/4,Received/Submitted,https://data.cooperationdatabank.org/id/dependentvariable/contributions,noEffect,test,2.0,positive,higher,1.0,0.0,0.373015873015873,0.626984126984127,0.626984126984127,"When comparing studies where primed construct is cooperation and studies where primed construct is neutral, cooperation is significantly higher when source of year of data collection is submitted."
31110,https://data.cooperationdatabank.org/vocab/prop/PrimingVariable,https://data.cooperationdatabank.org/vocab/prop/primingConcept,Primed construct,https://data.cooperationdatabank.org/id/primingconcept/cooperation,Cooperation,https://data.cooperationdatabank.org/vocab/prop/primingConcept,Primed construct,https://data.cooperationdatabank.org/id/primingconcept/neutral,Neutral,https://data.cooperationdatabank.org/vocab/prop/studyExperimentalSetting,Experimental setting,https://data.cooperationdatabank.org/id/studyexperimentalsetting/2,Lab,https://data.cooperationdatabank.org/id/dependentvariable/contributions,positive,test,2.0,positive,higher,2.0,0.0,0.373015873015873,0.626984126984127,0.626984126984127,"When comparing studies where primed construct is cooperation and studies where primed construct is neutral, cooperation is significantly higher when experimental setting is lab."
31138,https://data.cooperationdatabank.org/vocab/prop/PrimingVariable,https://data.cooperationdatabank.org/vocab/prop/primingConcept,Primed construct,https://data.cooperationdatabank.org/id/primingconcept/cooperation,Cooperation,https://data.cooperationdatabank.org/vocab/prop/primingConcept,Primed construct,https://data.cooperationdatabank.org/id/primingconcept/neutral,Neutral,https://data.cooperationdatabank.org/vocab/prop/studyAcquaintance,Acquaintance,https://data.cooperationdatabank.org/id/studyacquaintance/0,Strangers,https://data.cooperationdatabank.org/id/dependentvariable/contributions,noEffect,test,2.0,positive,higher,1.0,0.0,0.373015873015873,0.626984126984127,0.626984126984127,"When comparing studies where primed construct is cooperation and studies where primed construct is neutral, cooperation is significantly higher when acquaintance is strangers."
28468,https://data.cooperationdatabank.org/vocab/prop/PrimingVariable,https://data.cooperationdatabank.org/vocab/prop/primingConcept,Primed construct,https://data.cooperationdatabank.org/id/primingconcept/competition,Cooperation,https://data.cooperationdatabank.org/vocab/prop/primingConcept,Primed construct,https://data.cooperationdatabank.org/id/primingconcept/cooperation,Competition,https://data.cooperationdatabank.org/vocab/prop/studyExperimentalSetting,Experimental setting,https://data.cooperationdatabank.org/id/studyexperimentalsetting/1,Online,https://data.cooperationdatabank.org/id/dependentvariable/cooperation,positive,test,0.0,negative,lower,2.0,0.3543307086614173,0.3425196850393701,0.3031496062992126,0.3543307086614173,"When comparing studies where primed construct is cooperation and studies where primed construct is competition, cooperation is significantly lower when experimental setting is online."
9713,https://data.cooperationdatabank.org/vocab/prop/PrimingVariable,https://data.cooperationdatabank.org/vocab/prop/primingConcept,Primed construct,https://data.cooperationdatabank.org/id/primingconcept/competition,Cooperation,https://data.cooperationdatabank.org/vocab/prop/primingConcept,Primed construct,https://data.cooperationdatabank.org/id/primingconcept/cooperation,Competition,https://data.cooperationdatabank.org/vocab/prop/studyAcquaintance,Acquaintance,https://data.cooperationdatabank.org/id/studyacquaintance/0,Strangers,https://data.cooperationdatabank.org/id/dependentvariable/cooperation,negative,test,0.0,negative,lower,0.0,0.3543307086614173,0.3425196850393701,0.3031496062992126,0.3543307086614173,"When comparing studies where primed construct is cooperation and studies where primed construct is competition, cooperation is significantly lower when acquaintance is strangers."
28467,https://data.cooperationdatabank.org/vocab/prop/PrimingVariable,https://data.cooperationdatabank.org/vocab/prop/primingConcept,Primed construct,https://data.cooperationdatabank.org/id/primingconcept/competition,Cooperation,https://data.cooperationdatabank.org/vocab/prop/primingConcept,Primed construct,https://data.cooperationdatabank.org/id/primingconcept/cooperation,Competition,https://data.cooperationdatabank.org/vocab/prop/studyDilemmaType,Game type,https://data.cooperationdatabank.org/id/studydilemmatype/1,Prisoner's Dilemma Game,https://data.cooperationdatabank.org/id/dependentvariable/cooperation,positive,test,0.0,negative,lower,2.0,0.3543307086614173,0.3425196850393701,0.3031496062992126,0.3543307086614173,"When comparing studies where primed construct is cooperation and studies where primed construct is competition, cooperation is significantly lower when game type is prisoner's dilemma game."
