,giv_prop,iv,iv_label,cat_t1,cat_t1_label,iv.1,iv_label.1,cat_t2,cat_t2_label,mod,mod_label,mod_val,mod_val_label,dependent,effect,td,pred_num,pred_readable,comparative,pred_true,score_0,score_1,score_2,max_score,hypothesis
8925,https://data.cooperationdatabank.org/vocab/prop/Resource_Dilemma_GameVariable,https://data.cooperationdatabank.org/vocab/prop/resourceSizeLevel,Resource size level,https://data.cooperationdatabank.org/id/resourcesizelevel/high,High,https://data.cooperationdatabank.org/vocab/prop/resourceSizeLevel,Resource size level,https://data.cooperationdatabank.org/id/resourcesizelevel/medium,Medium,https://data.cooperationdatabank.org/vocab/prop/country,has country,https://data.cooperationdatabank.org/id/country/USA,USA,https://data.cooperationdatabank.org/id/dependentvariable/withdrawals,negative,test,0.0,negative,lower,0.0,1.0,0.0,0.0,1.0,"When comparing studies where resource size level is high and studies where resource size level is medium, cooperation is significantly lower when has country is usa."
8927,https://data.cooperationdatabank.org/vocab/prop/Resource_Dilemma_GameVariable,https://data.cooperationdatabank.org/vocab/prop/resourceSizeLevel,Resource size level,https://data.cooperationdatabank.org/id/resourcesizelevel/high,High,https://data.cooperationdatabank.org/vocab/prop/resourceSizeLevel,Resource size level,https://data.cooperationdatabank.org/id/resourcesizelevel/medium,Medium,https://data.cooperationdatabank.org/vocab/prop/discussion,Discussion,https://data.cooperationdatabank.org/id/discussion/0,Absent,https://data.cooperationdatabank.org/id/dependentvariable/withdrawals,negative,test,0.0,negative,lower,0.0,1.0,0.0,0.0,1.0,"When comparing studies where resource size level is high and studies where resource size level is medium, cooperation is significantly lower when discussion is absent."
8932,https://data.cooperationdatabank.org/vocab/prop/Resource_Dilemma_GameVariable,https://data.cooperationdatabank.org/vocab/prop/resourceSizeLevel,Resource size level,https://data.cooperationdatabank.org/id/resourcesizelevel/high,High,https://data.cooperationdatabank.org/vocab/prop/resourceSizeLevel,Resource size level,https://data.cooperationdatabank.org/id/resourcesizelevel/medium,Medium,https://data.cooperationdatabank.org/vocab/prop/studyGameIncentive,Game incentive,https://data.cooperationdatabank.org/id/studygameincentive/2,Monetary lottery,https://data.cooperationdatabank.org/id/dependentvariable/withdrawals,negative,test,0.0,negative,lower,0.0,1.0,0.0,0.0,1.0,"When comparing studies where resource size level is high and studies where resource size level is medium, cooperation is significantly lower when game incentive is monetary lottery."
8936,https://data.cooperationdatabank.org/vocab/prop/Resource_Dilemma_GameVariable,https://data.cooperationdatabank.org/vocab/prop/resourceSizeLevel,Resource size level,https://data.cooperationdatabank.org/id/resourcesizelevel/high,High,https://data.cooperationdatabank.org/vocab/prop/resourceSizeLevel,Resource size level,https://data.cooperationdatabank.org/id/resourcesizelevel/medium,Medium,https://data.cooperationdatabank.org/vocab/prop/studyTrialOfCooperation,Trial of cooperation,https://data.cooperationdatabank.org/id/studytrialofcooperation/1,All trials,https://data.cooperationdatabank.org/id/dependentvariable/withdrawals,negative,test,0.0,negative,lower,0.0,1.0,0.0,0.0,1.0,"When comparing studies where resource size level is high and studies where resource size level is medium, cooperation is significantly lower when trial of cooperation is all trials."
8938,https://data.cooperationdatabank.org/vocab/prop/Resource_Dilemma_GameVariable,https://data.cooperationdatabank.org/vocab/prop/resourceSizeLevel,Resource size level,https://data.cooperationdatabank.org/id/resourcesizelevel/high,High,https://data.cooperationdatabank.org/vocab/prop/resourceSizeLevel,Resource size level,https://data.cooperationdatabank.org/id/resourcesizelevel/medium,Medium,https://data.cooperationdatabank.org/vocab/prop/recruitmentMethod,Recruitment method,https://data.cooperationdatabank.org/id/recruitmentmethod/3,Other,https://data.cooperationdatabank.org/id/dependentvariable/withdrawals,negative,test,0.0,negative,lower,0.0,1.0,0.0,0.0,1.0,"When comparing studies where resource size level is high and studies where resource size level is medium, cooperation is significantly lower when recruitment method is other."
19231,https://data.cooperationdatabank.org/vocab/prop/Resource_Dilemma_GameVariable,https://data.cooperationdatabank.org/vocab/prop/replenishmentRateLevel,Replenishment rate level,https://data.cooperationdatabank.org/id/replenishmentratelevel/high,High,https://data.cooperationdatabank.org/vocab/prop/replenishmentRateLevel,Replenishment rate level,https://data.cooperationdatabank.org/id/replenishmentratelevel/medium,Medium,https://data.cooperationdatabank.org/vocab/prop/yearSource,Source of year of data collection,https://data.cooperationdatabank.org/id/yearsource/3,Working paper published,https://data.cooperationdatabank.org/id/dependentvariable/withdrawals,positive,test,2.0,positive,higher,2.0,0.0,0.0,1.0,1.0,"When comparing studies where replenishment rate level is high and studies where replenishment rate level is medium, cooperation is significantly higher when source of year of data collection is working paper published."
19242,https://data.cooperationdatabank.org/vocab/prop/Resource_Dilemma_GameVariable,https://data.cooperationdatabank.org/vocab/prop/replenishmentRateLevel,Replenishment rate level,https://data.cooperationdatabank.org/id/replenishmentratelevel/high,High,https://data.cooperationdatabank.org/vocab/prop/replenishmentRateLevel,Replenishment rate level,https://data.cooperationdatabank.org/id/replenishmentratelevel/low,Low,https://data.cooperationdatabank.org/vocab/prop/studyOneShot,One-shot vs repeated,https://data.cooperationdatabank.org/id/studyoneshot/1,One-shot,https://data.cooperationdatabank.org/id/dependentvariable/withdrawals,positive,test,2.0,positive,higher,2.0,0.0,0.0,1.0,1.0,"When comparing studies where replenishment rate level is high and studies where replenishment rate level is low, cooperation is significantly higher when one-shot vs repeated is one-shot."
37121,https://data.cooperationdatabank.org/vocab/prop/Resource_Dilemma_GameVariable,https://data.cooperationdatabank.org/vocab/prop/resourceSizeLevel,Resource size level,https://data.cooperationdatabank.org/id/resourcesizelevel/medium,Low,https://data.cooperationdatabank.org/vocab/prop/resourceSizeLevel,Resource size level,https://data.cooperationdatabank.org/id/resourcesizelevel/low,Medium,https://data.cooperationdatabank.org/vocab/prop/country,has country,https://data.cooperationdatabank.org/id/country/ESP,ESP,https://data.cooperationdatabank.org/id/dependentvariable/withdrawals,negative,test,0.0,negative,lower,0.0,1.0,0.0,0.0,1.0,"When comparing studies where resource size level is low and studies where resource size level is medium, cooperation is significantly lower when has country is esp."
37122,https://data.cooperationdatabank.org/vocab/prop/Resource_Dilemma_GameVariable,https://data.cooperationdatabank.org/vocab/prop/resourceSizeLevel,Resource size level,https://data.cooperationdatabank.org/id/resourcesizelevel/medium,Low,https://data.cooperationdatabank.org/vocab/prop/resourceSizeLevel,Resource size level,https://data.cooperationdatabank.org/id/resourcesizelevel/low,Medium,https://data.cooperationdatabank.org/vocab/prop/countrySource,Source of country or region,https://data.cooperationdatabank.org/id/countrysource/1,Specified country,https://data.cooperationdatabank.org/id/dependentvariable/withdrawals,negative,test,0.0,negative,lower,0.0,1.0,0.0,0.0,1.0,"When comparing studies where resource size level is low and studies where resource size level is medium, cooperation is significantly lower when source of country or region is specified country."
37124,https://data.cooperationdatabank.org/vocab/prop/Resource_Dilemma_GameVariable,https://data.cooperationdatabank.org/vocab/prop/resourceSizeLevel,Resource size level,https://data.cooperationdatabank.org/id/resourcesizelevel/medium,Low,https://data.cooperationdatabank.org/vocab/prop/resourceSizeLevel,Resource size level,https://data.cooperationdatabank.org/id/resourcesizelevel/low,Medium,https://data.cooperationdatabank.org/vocab/prop/publicationStatus,Published,https://data.cooperationdatabank.org/id/publicationstatus/1,Published Article,https://data.cooperationdatabank.org/id/dependentvariable/withdrawals,negative,test,0.0,negative,lower,0.0,1.0,0.0,0.0,1.0,"When comparing studies where resource size level is low and studies where resource size level is medium, cooperation is significantly lower when published is published article."
37125,https://data.cooperationdatabank.org/vocab/prop/Resource_Dilemma_GameVariable,https://data.cooperationdatabank.org/vocab/prop/resourceSizeLevel,Resource size level,https://data.cooperationdatabank.org/id/resourcesizelevel/medium,Low,https://data.cooperationdatabank.org/vocab/prop/resourceSizeLevel,Resource size level,https://data.cooperationdatabank.org/id/resourcesizelevel/low,Medium,https://data.cooperationdatabank.org/vocab/prop/studyAcademicDiscipline,Academic discipline,https://data.cooperationdatabank.org/id/studyacademicdiscipline/4,Mixed,https://data.cooperationdatabank.org/id/dependentvariable/withdrawals,negative,test,0.0,negative,lower,0.0,1.0,0.0,0.0,1.0,"When comparing studies where resource size level is low and studies where resource size level is medium, cooperation is significantly lower when academic discipline is mixed."
37161,https://data.cooperationdatabank.org/vocab/prop/Resource_Dilemma_GameVariable,https://data.cooperationdatabank.org/vocab/prop/resourceSizeLevel,Resource size level,https://data.cooperationdatabank.org/id/resourcesizelevel/high,Medium,https://data.cooperationdatabank.org/vocab/prop/resourceSizeLevel,Resource size level,https://data.cooperationdatabank.org/id/resourcesizelevel/medium,High,https://data.cooperationdatabank.org/vocab/prop/studyOneShot,One-shot vs repeated,https://data.cooperationdatabank.org/id/studyoneshot/0,Repeated,https://data.cooperationdatabank.org/id/dependentvariable/withdrawals,negative,test,0.0,negative,lower,0.0,1.0,0.0,0.0,1.0,"When comparing studies where resource size level is medium and studies where resource size level is high, cooperation is significantly lower when one-shot vs repeated is repeated."
37165,https://data.cooperationdatabank.org/vocab/prop/Resource_Dilemma_GameVariable,https://data.cooperationdatabank.org/vocab/prop/resourceSizeLevel,Resource size level,https://data.cooperationdatabank.org/id/resourcesizelevel/high,Medium,https://data.cooperationdatabank.org/vocab/prop/resourceSizeLevel,Resource size level,https://data.cooperationdatabank.org/id/resourcesizelevel/medium,High,https://data.cooperationdatabank.org/vocab/prop/recruitmentMethod,Recruitment method,https://data.cooperationdatabank.org/id/recruitmentmethod/1,Participant pool,https://data.cooperationdatabank.org/id/dependentvariable/withdrawals,negative,test,0.0,negative,lower,0.0,1.0,0.0,0.0,1.0,"When comparing studies where resource size level is medium and studies where resource size level is high, cooperation is significantly lower when recruitment method is participant pool."
