,giv_prop,iv,iv_label,cat_t1,cat_t1_label,iv.1,iv_label.1,cat_t2,cat_t2_label,mod,mod_label,mod_val,mod_val_label,dependent,effect,td,pred_num,pred_readable,comparative,pred_true,score_0,score_1,score_2,max_score,hypothesis
43677,https://data.cooperationdatabank.org/vocab/prop/SequentialityVariable,https://data.cooperationdatabank.org/vocab/prop/sequentiality,Sequentiality,https://data.cooperationdatabank.org/id/sequentiality/sequential_leadership-by-example,Sequential leadership-by-example,https://data.cooperationdatabank.org/vocab/prop/sequentiality,Sequentiality,https://data.cooperationdatabank.org/id/sequentiality/simultaneous,Simultaneous,https://data.cooperationdatabank.org/vocab/prop/recruitmentMethod,Recruitment method,https://data.cooperationdatabank.org/id/recruitmentmethod/3,Other,https://data.cooperationdatabank.org/id/dependentvariable/cooperation,positive,test,2.0,positive,higher,2.0,0.0,0.0,1.0,1.0,"When comparing studies where sequentiality is sequential leadership-by-example and studies where sequentiality is simultaneous, cooperation is significantly higher when recruitment method is other."
31954,https://data.cooperationdatabank.org/vocab/prop/SequentialityVariable,https://data.cooperationdatabank.org/vocab/prop/sequentiality,Sequentiality,https://data.cooperationdatabank.org/id/sequentiality/simultaneous,Sequential turn-taking,https://data.cooperationdatabank.org/vocab/prop/sequentiality,Sequentiality,https://data.cooperationdatabank.org/id/sequentiality/sequential_turn-taking,Simultaneous,https://data.cooperationdatabank.org/vocab/prop/country,has country,https://data.cooperationdatabank.org/id/country/CHN,CHN,https://data.cooperationdatabank.org/id/dependentvariable/cooperation,positive,test,0.0,negative,lower,2.0,1.0,0.0,0.0,1.0,"When comparing studies where sequentiality is sequential turn-taking and studies where sequentiality is simultaneous, cooperation is significantly lower when has country is chn."
43694,https://data.cooperationdatabank.org/vocab/prop/SequentialityVariable,https://data.cooperationdatabank.org/vocab/prop/sequentiality,Sequentiality,https://data.cooperationdatabank.org/id/sequentiality/sequential_leadership-by-example,Sequential leadership-by-example,https://data.cooperationdatabank.org/vocab/prop/sequentiality,Sequentiality,https://data.cooperationdatabank.org/id/sequentiality/simultaneous,Simultaneous,https://data.cooperationdatabank.org/vocab/prop/country,has country,https://data.cooperationdatabank.org/id/country/NLD,NLD,https://data.cooperationdatabank.org/id/dependentvariable/cooperation,positive,test,2.0,positive,higher,2.0,0.0,0.0,1.0,1.0,"When comparing studies where sequentiality is sequential leadership-by-example and studies where sequentiality is simultaneous, cooperation is significantly higher when has country is nld."
43692,https://data.cooperationdatabank.org/vocab/prop/SequentialityVariable,https://data.cooperationdatabank.org/vocab/prop/sequentiality,Sequentiality,https://data.cooperationdatabank.org/id/sequentiality/sequential_leadership-by-example,Sequential leadership-by-example,https://data.cooperationdatabank.org/vocab/prop/sequentiality,Sequentiality,https://data.cooperationdatabank.org/id/sequentiality/simultaneous,Simultaneous,https://data.cooperationdatabank.org/vocab/prop/studyShowUpFee,Show-up fee,https://data.cooperationdatabank.org/id/studyshowupfee/0,Absent,https://data.cooperationdatabank.org/id/dependentvariable/cooperation,positive,test,2.0,positive,higher,2.0,0.0,0.0,1.0,1.0,"When comparing studies where sequentiality is sequential leadership-by-example and studies where sequentiality is simultaneous, cooperation is significantly higher when show-up fee is absent."
43699,https://data.cooperationdatabank.org/vocab/prop/SequentialityVariable,https://data.cooperationdatabank.org/vocab/prop/sequentiality,Sequentiality,https://data.cooperationdatabank.org/id/sequentiality/sequential_leadership-by-example,Sequential leadership-by-example,https://data.cooperationdatabank.org/vocab/prop/sequentiality,Sequentiality,https://data.cooperationdatabank.org/id/sequentiality/simultaneous,Simultaneous,https://data.cooperationdatabank.org/vocab/prop/studyAcquaintance,Acquaintance,https://data.cooperationdatabank.org/id/studyacquaintance/0,Strangers,https://data.cooperationdatabank.org/id/dependentvariable/cooperation,positive,test,2.0,positive,higher,2.0,0.0,0.0,1.0,1.0,"When comparing studies where sequentiality is sequential leadership-by-example and studies where sequentiality is simultaneous, cooperation is significantly higher when acquaintance is strangers."
48742,https://data.cooperationdatabank.org/vocab/prop/SequentialityVariable,https://data.cooperationdatabank.org/vocab/prop/sequentiality,Sequentiality,https://data.cooperationdatabank.org/id/sequentiality/simultaneous,Simultaneous,https://data.cooperationdatabank.org/vocab/prop/sequentiality,Sequentiality,https://data.cooperationdatabank.org/id/sequentiality/sequential_turn-taking,Sequential turn-taking,https://data.cooperationdatabank.org/vocab/prop/country,has country,https://data.cooperationdatabank.org/id/country/USA,USA,https://data.cooperationdatabank.org/id/dependentvariable/contributions,noEffect,test,0.0,negative,lower,1.0,1.0,0.0,0.0,1.0,"When comparing studies where sequentiality is simultaneous and studies where sequentiality is sequential turn-taking, cooperation is significantly lower when has country is usa."
54996,https://data.cooperationdatabank.org/vocab/prop/SequentialityVariable,https://data.cooperationdatabank.org/vocab/prop/sequentiality,Sequentiality,https://data.cooperationdatabank.org/id/sequentiality/simultaneous,Simultaneous,https://data.cooperationdatabank.org/vocab/prop/sequentiality,Sequentiality,https://data.cooperationdatabank.org/id/sequentiality/sequential_turn-taking,Sequential turn-taking,https://data.cooperationdatabank.org/vocab/prop/publicationStatus,Published,https://data.cooperationdatabank.org/id/publicationstatus/4,Working paper,https://data.cooperationdatabank.org/id/dependentvariable/cooperation,negative,test,0.0,negative,lower,0.0,0.8,0.0,0.2,0.8,"When comparing studies where sequentiality is simultaneous and studies where sequentiality is sequential turn-taking, cooperation is significantly lower when published is working paper."
2385,https://data.cooperationdatabank.org/vocab/prop/SequentialityVariable,https://data.cooperationdatabank.org/vocab/prop/sequentiality,Sequentiality,https://data.cooperationdatabank.org/id/sequentiality/simultaneous,Simultaneous,https://data.cooperationdatabank.org/vocab/prop/sequentiality,Sequentiality,https://data.cooperationdatabank.org/id/sequentiality/sequential_turn-taking,Sequential turn-taking,https://data.cooperationdatabank.org/vocab/prop/studyShowUpFee,Show-up fee,https://data.cooperationdatabank.org/id/studyshowupfee/0,Absent,https://data.cooperationdatabank.org/id/dependentvariable/contributions,noEffect,test,2.0,positive,higher,1.0,0.0,0.3333333333333333,0.6666666666666666,0.6666666666666666,"When comparing studies where sequentiality is simultaneous and studies where sequentiality is sequential turn-taking, cooperation is significantly higher when show-up fee is absent."
53668,https://data.cooperationdatabank.org/vocab/prop/SequentialityVariable,https://data.cooperationdatabank.org/vocab/prop/sequentiality,Sequentiality,https://data.cooperationdatabank.org/id/sequentiality/simultaneous,Simultaneous,https://data.cooperationdatabank.org/vocab/prop/sequentiality,Sequentiality,https://data.cooperationdatabank.org/id/sequentiality/sequential_turn-taking,Sequential turn-taking,https://data.cooperationdatabank.org/vocab/prop/studyRealPartner,Real partner,https://data.cooperationdatabank.org/id/studyrealpartner/0,Hypothetical,https://data.cooperationdatabank.org/id/dependentvariable/cooperation,negative,test,0.0,negative,lower,0.0,0.5789473684210527,0.3157894736842105,0.10526315789473684,0.5789473684210527,"When comparing studies where sequentiality is simultaneous and studies where sequentiality is sequential turn-taking, cooperation is significantly lower when real partner is hypothetical."
53616,https://data.cooperationdatabank.org/vocab/prop/SequentialityVariable,https://data.cooperationdatabank.org/vocab/prop/sequentiality,Sequentiality,https://data.cooperationdatabank.org/id/sequentiality/simultaneous,Simultaneous,https://data.cooperationdatabank.org/vocab/prop/sequentiality,Sequentiality,https://data.cooperationdatabank.org/id/sequentiality/sequential_turn-taking,Sequential turn-taking,https://data.cooperationdatabank.org/vocab/prop/country,has country,https://data.cooperationdatabank.org/id/country/JPN,JPN,https://data.cooperationdatabank.org/id/dependentvariable/cooperation,noEffect,test,0.0,negative,lower,1.0,0.5789473684210527,0.3157894736842105,0.10526315789473684,0.5789473684210527,"When comparing studies where sequentiality is simultaneous and studies where sequentiality is sequential turn-taking, cooperation is significantly lower when has country is jpn."
55211,https://data.cooperationdatabank.org/vocab/prop/SequentialityVariable,https://data.cooperationdatabank.org/vocab/prop/sequentiality,Sequentiality,https://data.cooperationdatabank.org/id/sequentiality/simultaneous,Simultaneous,https://data.cooperationdatabank.org/vocab/prop/sequentiality,Sequentiality,https://data.cooperationdatabank.org/id/sequentiality/sequential_turn-taking,Sequential turn-taking,https://data.cooperationdatabank.org/vocab/prop/country,has country,https://data.cooperationdatabank.org/id/country/JPN,JPN,https://data.cooperationdatabank.org/id/dependentvariable/cooperation,noEffect,test,0.0,negative,lower,1.0,0.5789473684210527,0.3157894736842105,0.10526315789473684,0.5789473684210527,"When comparing studies where sequentiality is simultaneous and studies where sequentiality is sequential turn-taking, cooperation is significantly lower when has country is jpn."
15964,https://data.cooperationdatabank.org/vocab/prop/SequentialityVariable,https://data.cooperationdatabank.org/vocab/prop/sequentiality,Sequentiality,https://data.cooperationdatabank.org/id/sequentiality/simultaneous,Simultaneous,https://data.cooperationdatabank.org/vocab/prop/sequentiality,Sequentiality,https://data.cooperationdatabank.org/id/sequentiality/sequential_turn-taking,Sequential turn-taking,https://data.cooperationdatabank.org/vocab/prop/discussion,Discussion,https://data.cooperationdatabank.org/id/discussion/2,Bi-directional,https://data.cooperationdatabank.org/id/dependentvariable/cooperation,positive,test,0.0,negative,lower,2.0,0.5,0.5,0.0,0.5,"When comparing studies where sequentiality is simultaneous and studies where sequentiality is sequential turn-taking, cooperation is significantly lower when discussion is bi-directional."
