,giv_prop,iv,iv_label,cat_t1,cat_t1_label,iv.1,iv_label.1,cat_t2,cat_t2_label,mod,mod_label,mod_val,mod_val_label,dependent,effect,td,pred_num,pred_readable,comparative,pred_true,score_0,score_1,score_2,max_score,hypothesis
36499,https://data.cooperationdatabank.org/vocab/prop/State_TrustVariable,https://data.cooperationdatabank.org/vocab/prop/stateTrustLevel,State trust level,https://data.cooperationdatabank.org/id/statetrustlevel/low,Low,https://data.cooperationdatabank.org/vocab/prop/stateTrustLevel,State trust level,https://data.cooperationdatabank.org/id/statetrustlevel/high,High,https://data.cooperationdatabank.org/vocab/prop/studyExperimentalSetting,Experimental setting,https://data.cooperationdatabank.org/id/studyexperimentalsetting/2,Lab,https://data.cooperationdatabank.org/id/dependentvariable/contributions,negative,test,0.0,negative,lower,0.0,1.0,0.0,0.0,1.0,"When comparing studies where state trust level is low and studies where state trust level is high, cooperation is significantly lower when experimental setting is lab."
36500,https://data.cooperationdatabank.org/vocab/prop/State_TrustVariable,https://data.cooperationdatabank.org/vocab/prop/stateTrustLevel,State trust level,https://data.cooperationdatabank.org/id/statetrustlevel/low,Low,https://data.cooperationdatabank.org/vocab/prop/stateTrustLevel,State trust level,https://data.cooperationdatabank.org/id/statetrustlevel/high,High,https://data.cooperationdatabank.org/vocab/prop/studyGameIncentive,Game incentive,https://data.cooperationdatabank.org/id/studygameincentive/0,Hypothetical,https://data.cooperationdatabank.org/id/dependentvariable/contributions,negative,test,0.0,negative,lower,0.0,1.0,0.0,0.0,1.0,"When comparing studies where state trust level is low and studies where state trust level is high, cooperation is significantly lower when game incentive is hypothetical."
36502,https://data.cooperationdatabank.org/vocab/prop/State_TrustVariable,https://data.cooperationdatabank.org/vocab/prop/stateTrustLevel,State trust level,https://data.cooperationdatabank.org/id/statetrustlevel/low,Low,https://data.cooperationdatabank.org/vocab/prop/stateTrustLevel,State trust level,https://data.cooperationdatabank.org/id/statetrustlevel/high,High,https://data.cooperationdatabank.org/vocab/prop/studyOneShot,One-shot vs repeated,https://data.cooperationdatabank.org/id/studyoneshot/0,Repeated,https://data.cooperationdatabank.org/id/dependentvariable/contributions,negative,test,0.0,negative,lower,0.0,1.0,0.0,0.0,1.0,"When comparing studies where state trust level is low and studies where state trust level is high, cooperation is significantly lower when one-shot vs repeated is repeated."
54767,https://data.cooperationdatabank.org/vocab/prop/State_TrustVariable,https://data.cooperationdatabank.org/vocab/prop/stateTrustLevel,State trust level,https://data.cooperationdatabank.org/id/statetrustlevel/medium,High,https://data.cooperationdatabank.org/vocab/prop/stateTrustLevel,State trust level,https://data.cooperationdatabank.org/id/statetrustlevel/high,Medium,https://data.cooperationdatabank.org/vocab/prop/publicationStatus,Published,https://data.cooperationdatabank.org/id/publicationstatus/1,Published Article,https://data.cooperationdatabank.org/id/dependentvariable/cooperation,positive,test,2.0,positive,higher,2.0,0.0,0.0,1.0,1.0,"When comparing studies where state trust level is high and studies where state trust level is medium, cooperation is significantly higher when published is published article."
54774,https://data.cooperationdatabank.org/vocab/prop/State_TrustVariable,https://data.cooperationdatabank.org/vocab/prop/stateTrustLevel,State trust level,https://data.cooperationdatabank.org/id/statetrustlevel/medium,High,https://data.cooperationdatabank.org/vocab/prop/stateTrustLevel,State trust level,https://data.cooperationdatabank.org/id/statetrustlevel/high,Medium,https://data.cooperationdatabank.org/vocab/prop/studyRealPartner,Real partner,https://data.cooperationdatabank.org/id/studyrealpartner/1,Real,https://data.cooperationdatabank.org/id/dependentvariable/cooperation,positive,test,2.0,positive,higher,2.0,0.0,0.0,1.0,1.0,"When comparing studies where state trust level is high and studies where state trust level is medium, cooperation is significantly higher when real partner is real."
54782,https://data.cooperationdatabank.org/vocab/prop/State_TrustVariable,https://data.cooperationdatabank.org/vocab/prop/stateTrustLevel,State trust level,https://data.cooperationdatabank.org/id/statetrustlevel/low,High,https://data.cooperationdatabank.org/vocab/prop/stateTrustLevel,State trust level,https://data.cooperationdatabank.org/id/statetrustlevel/high,Low,https://data.cooperationdatabank.org/vocab/prop/publicationStatus,Published,https://data.cooperationdatabank.org/id/publicationstatus/1,Published Article,https://data.cooperationdatabank.org/id/dependentvariable/cooperation,positive,test,2.0,positive,higher,2.0,0.0,0.0,1.0,1.0,"When comparing studies where state trust level is high and studies where state trust level is low, cooperation is significantly higher when published is published article."
54787,https://data.cooperationdatabank.org/vocab/prop/State_TrustVariable,https://data.cooperationdatabank.org/vocab/prop/stateTrustLevel,State trust level,https://data.cooperationdatabank.org/id/statetrustlevel/low,High,https://data.cooperationdatabank.org/vocab/prop/stateTrustLevel,State trust level,https://data.cooperationdatabank.org/id/statetrustlevel/high,Low,https://data.cooperationdatabank.org/vocab/prop/studyMatchingProtocol,Matching,https://data.cooperationdatabank.org/id/studymatchingprotocol/2,Partner,https://data.cooperationdatabank.org/id/dependentvariable/cooperation,positive,test,2.0,positive,higher,2.0,0.0,0.0,1.0,1.0,"When comparing studies where state trust level is high and studies where state trust level is low, cooperation is significantly higher when matching is partner."
54788,https://data.cooperationdatabank.org/vocab/prop/State_TrustVariable,https://data.cooperationdatabank.org/vocab/prop/stateTrustLevel,State trust level,https://data.cooperationdatabank.org/id/statetrustlevel/low,High,https://data.cooperationdatabank.org/vocab/prop/stateTrustLevel,State trust level,https://data.cooperationdatabank.org/id/statetrustlevel/high,Low,https://data.cooperationdatabank.org/vocab/prop/studyOneShot,One-shot vs repeated,https://data.cooperationdatabank.org/id/studyoneshot/1,One-shot,https://data.cooperationdatabank.org/id/dependentvariable/cooperation,positive,test,2.0,positive,higher,2.0,0.0,0.0,1.0,1.0,"When comparing studies where state trust level is high and studies where state trust level is low, cooperation is significantly higher when one-shot vs repeated is one-shot."
54795,https://data.cooperationdatabank.org/vocab/prop/State_TrustVariable,https://data.cooperationdatabank.org/vocab/prop/stateTrustLevel,State trust level,https://data.cooperationdatabank.org/id/statetrustlevel/low,Medium,https://data.cooperationdatabank.org/vocab/prop/stateTrustLevel,State trust level,https://data.cooperationdatabank.org/id/statetrustlevel/medium,Low,https://data.cooperationdatabank.org/vocab/prop/countrySource,Source of country or region,https://data.cooperationdatabank.org/id/countrysource/1,Specified country,https://data.cooperationdatabank.org/id/dependentvariable/cooperation,negative,test,0.0,negative,lower,0.0,1.0,0.0,0.0,1.0,"When comparing studies where state trust level is medium and studies where state trust level is low, cooperation is significantly lower when source of country or region is specified country."
54808,https://data.cooperationdatabank.org/vocab/prop/State_TrustVariable,https://data.cooperationdatabank.org/vocab/prop/stateTrustLevel,State trust level,https://data.cooperationdatabank.org/id/statetrustlevel/low,Medium,https://data.cooperationdatabank.org/vocab/prop/stateTrustLevel,State trust level,https://data.cooperationdatabank.org/id/statetrustlevel/medium,Low,https://data.cooperationdatabank.org/vocab/prop/recruitmentMethod,Recruitment method,https://data.cooperationdatabank.org/id/recruitmentmethod/1,Participant pool,https://data.cooperationdatabank.org/id/dependentvariable/cooperation,negative,test,0.0,negative,lower,0.0,1.0,0.0,0.0,1.0,"When comparing studies where state trust level is medium and studies where state trust level is low, cooperation is significantly lower when recruitment method is participant pool."
