,giv_prop,iv,iv_label,cat_t1,cat_t1_label,iv.1,iv_label.1,cat_t2,cat_t2_label,mod,mod_label,mod_val,mod_val_label,dependent,effect,td,pred_num,pred_readable,comparative,pred_true,score_0,score_1,score_2,max_score,hypothesis
3330,https://data.cooperationdatabank.org/vocab/prop/Step-level_Public_Goods_GameVariable,https://data.cooperationdatabank.org/vocab/prop/thresholdLevel,Threshold level,https://data.cooperationdatabank.org/id/thresholdlevel/medium,Medium,https://data.cooperationdatabank.org/vocab/prop/thresholdLevel,Threshold level,https://data.cooperationdatabank.org/id/thresholdlevel/low,Low,https://data.cooperationdatabank.org/vocab/prop/studyShowUpFee,Show-up fee,https://data.cooperationdatabank.org/id/studyshowupfee/1,Paid,https://data.cooperationdatabank.org/id/dependentvariable/contributions,noEffect,test,2.0,positive,higher,1.0,0.0,0.0,1.0,1.0,"When comparing studies where threshold level is medium and studies where threshold level is low, cooperation is significantly higher when show-up fee is paid."
41631,https://data.cooperationdatabank.org/vocab/prop/Step-level_Public_Goods_GameVariable,https://data.cooperationdatabank.org/vocab/prop/stepReturnLevel,Step return level,https://data.cooperationdatabank.org/id/stepreturnlevel/medium,Medium,https://data.cooperationdatabank.org/vocab/prop/stepReturnLevel,Step return level,https://data.cooperationdatabank.org/id/stepreturnlevel/high,High,https://data.cooperationdatabank.org/vocab/prop/studyTrialOfCooperation,Trial of cooperation,https://data.cooperationdatabank.org/id/studytrialofcooperation/1,All trials,https://data.cooperationdatabank.org/id/dependentvariable/cooperation,negative,test,0.0,negative,lower,0.0,1.0,0.0,0.0,1.0,"When comparing studies where step return level is medium and studies where step return level is high, cooperation is significantly lower when trial of cooperation is all trials."
41648,https://data.cooperationdatabank.org/vocab/prop/Step-level_Public_Goods_GameVariable,https://data.cooperationdatabank.org/vocab/prop/stepReturnLevel,Step return level,https://data.cooperationdatabank.org/id/stepreturnlevel/medium,Medium,https://data.cooperationdatabank.org/vocab/prop/stepReturnLevel,Step return level,https://data.cooperationdatabank.org/id/stepreturnlevel/high,High,https://data.cooperationdatabank.org/vocab/prop/studyTrialOfCooperation,Trial of cooperation,https://data.cooperationdatabank.org/id/studytrialofcooperation/1,All trials,https://data.cooperationdatabank.org/id/dependentvariable/cooperation,noEffect,test,0.0,negative,lower,1.0,1.0,0.0,0.0,1.0,"When comparing studies where step return level is medium and studies where step return level is high, cooperation is significantly lower when trial of cooperation is all trials."
40683,https://data.cooperationdatabank.org/vocab/prop/Step-level_Public_Goods_GameVariable,https://data.cooperationdatabank.org/vocab/prop/thresholdLevel,Threshold level,https://data.cooperationdatabank.org/id/thresholdlevel/medium,Low,https://data.cooperationdatabank.org/vocab/prop/thresholdLevel,Threshold level,https://data.cooperationdatabank.org/id/thresholdlevel/low,Medium,https://data.cooperationdatabank.org/vocab/prop/country,has country,https://data.cooperationdatabank.org/id/country/ISR,ISR,https://data.cooperationdatabank.org/id/dependentvariable/contributions,positive,test,2.0,positive,higher,2.0,0.0,0.0,1.0,1.0,"When comparing studies where threshold level is low and studies where threshold level is medium, cooperation is significantly higher when has country is isr."
40710,https://data.cooperationdatabank.org/vocab/prop/Step-level_Public_Goods_GameVariable,https://data.cooperationdatabank.org/vocab/prop/thresholdLevel,Threshold level,https://data.cooperationdatabank.org/id/thresholdlevel/high,Low,https://data.cooperationdatabank.org/vocab/prop/thresholdLevel,Threshold level,https://data.cooperationdatabank.org/id/thresholdlevel/low,High,https://data.cooperationdatabank.org/vocab/prop/yearSource,Source of year of data collection,https://data.cooperationdatabank.org/id/yearsource/4,Received/Submitted,https://data.cooperationdatabank.org/id/dependentvariable/contributions,positive,test,2.0,positive,higher,2.0,0.0,0.0,1.0,1.0,"When comparing studies where threshold level is low and studies where threshold level is high, cooperation is significantly higher when source of year of data collection is submitted."
41606,https://data.cooperationdatabank.org/vocab/prop/Step-level_Public_Goods_GameVariable,https://data.cooperationdatabank.org/vocab/prop/stepReturnLevel,Step return level,https://data.cooperationdatabank.org/id/stepreturnlevel/low,Low,https://data.cooperationdatabank.org/vocab/prop/stepReturnLevel,Step return level,https://data.cooperationdatabank.org/id/stepreturnlevel/high,High,https://data.cooperationdatabank.org/vocab/prop/studyAcademicDiscipline,Academic discipline,https://data.cooperationdatabank.org/id/studyacademicdiscipline/1,Economics,https://data.cooperationdatabank.org/id/dependentvariable/cooperation,negative,test,0.0,negative,lower,0.0,1.0,0.0,0.0,1.0,"When comparing studies where step return level is low and studies where step return level is high, cooperation is significantly lower when academic discipline is economics."
41616,https://data.cooperationdatabank.org/vocab/prop/Step-level_Public_Goods_GameVariable,https://data.cooperationdatabank.org/vocab/prop/stepReturnLevel,Step return level,https://data.cooperationdatabank.org/id/stepreturnlevel/low,Low,https://data.cooperationdatabank.org/vocab/prop/stepReturnLevel,Step return level,https://data.cooperationdatabank.org/id/stepreturnlevel/high,High,https://data.cooperationdatabank.org/vocab/prop/studyContinuousPGG,Continuous vs step-level public goods,https://data.cooperationdatabank.org/id/studycontinuouspgg/2,Step-level,https://data.cooperationdatabank.org/id/dependentvariable/cooperation,negative,test,0.0,negative,lower,0.0,1.0,0.0,0.0,1.0,"When comparing studies where step return level is low and studies where step return level is high, cooperation is significantly lower when continuous vs step-level public goods is step-level."
13738,https://data.cooperationdatabank.org/vocab/prop/Step-level_Public_Goods_GameVariable,https://data.cooperationdatabank.org/vocab/prop/thresholdLevel,Threshold level,https://data.cooperationdatabank.org/id/thresholdlevel/high,Low,https://data.cooperationdatabank.org/vocab/prop/thresholdLevel,Threshold level,https://data.cooperationdatabank.org/id/thresholdlevel/low,High,https://data.cooperationdatabank.org/vocab/prop/country,has country,https://data.cooperationdatabank.org/id/country/NLD,NLD,https://data.cooperationdatabank.org/id/dependentvariable/contributions,positive,test,2.0,positive,higher,2.0,0.0,0.0,1.0,1.0,"When comparing studies where threshold level is low and studies where threshold level is high, cooperation is significantly higher when has country is nld."
13750,https://data.cooperationdatabank.org/vocab/prop/Step-level_Public_Goods_GameVariable,https://data.cooperationdatabank.org/vocab/prop/thresholdLevel,Threshold level,https://data.cooperationdatabank.org/id/thresholdlevel/high,Low,https://data.cooperationdatabank.org/vocab/prop/thresholdLevel,Threshold level,https://data.cooperationdatabank.org/id/thresholdlevel/low,High,https://data.cooperationdatabank.org/vocab/prop/yearSource,Source of year of data collection,https://data.cooperationdatabank.org/id/yearsource/7,Available online,https://data.cooperationdatabank.org/id/dependentvariable/contributions,positive,test,2.0,positive,higher,2.0,0.0,0.0,1.0,1.0,"When comparing studies where threshold level is low and studies where threshold level is high, cooperation is significantly higher when source of year of data collection is available online."
27155,https://data.cooperationdatabank.org/vocab/prop/Step-level_Public_Goods_GameVariable,https://data.cooperationdatabank.org/vocab/prop/thresholdLevel,Threshold level,https://data.cooperationdatabank.org/id/thresholdlevel/high,Low,https://data.cooperationdatabank.org/vocab/prop/thresholdLevel,Threshold level,https://data.cooperationdatabank.org/id/thresholdlevel/low,High,https://data.cooperationdatabank.org/vocab/prop/studyContinuousPGG,Continuous vs step-level public goods,https://data.cooperationdatabank.org/id/studycontinuouspgg/2,Step-level,https://data.cooperationdatabank.org/id/dependentvariable/cooperation,positive,test,2.0,positive,higher,2.0,0.0,0.0,1.0,1.0,"When comparing studies where threshold level is low and studies where threshold level is high, cooperation is significantly higher when continuous vs step-level public goods is step-level."
27135,https://data.cooperationdatabank.org/vocab/prop/Step-level_Public_Goods_GameVariable,https://data.cooperationdatabank.org/vocab/prop/thresholdLevel,Threshold level,https://data.cooperationdatabank.org/id/thresholdlevel/medium,Low,https://data.cooperationdatabank.org/vocab/prop/thresholdLevel,Threshold level,https://data.cooperationdatabank.org/id/thresholdlevel/low,Medium,https://data.cooperationdatabank.org/vocab/prop/studyMatchingProtocol,Matching,https://data.cooperationdatabank.org/id/studymatchingprotocol/1,Stranger,https://data.cooperationdatabank.org/id/dependentvariable/cooperation,positive,test,2.0,positive,higher,2.0,0.0,0.0,1.0,1.0,"When comparing studies where threshold level is low and studies where threshold level is medium, cooperation is significantly higher when matching is stranger."
4789,https://data.cooperationdatabank.org/vocab/prop/Step-level_Public_Goods_GameVariable,https://data.cooperationdatabank.org/vocab/prop/thresholdLevel,Threshold level,https://data.cooperationdatabank.org/id/thresholdlevel/medium,Low,https://data.cooperationdatabank.org/vocab/prop/thresholdLevel,Threshold level,https://data.cooperationdatabank.org/id/thresholdlevel/low,Medium,https://data.cooperationdatabank.org/vocab/prop/studyTrialOfCooperation,Trial of cooperation,https://data.cooperationdatabank.org/id/studytrialofcooperation/1,All trials,https://data.cooperationdatabank.org/id/dependentvariable/contributions,positive,test,2.0,positive,higher,2.0,0.0,0.09090909090909091,0.9090909090909091,0.9090909090909091,"When comparing studies where threshold level is low and studies where threshold level is medium, cooperation is significantly higher when trial of cooperation is all trials."
3324,https://data.cooperationdatabank.org/vocab/prop/Step-level_Public_Goods_GameVariable,https://data.cooperationdatabank.org/vocab/prop/thresholdLevel,Threshold level,https://data.cooperationdatabank.org/id/thresholdlevel/medium,Medium,https://data.cooperationdatabank.org/vocab/prop/thresholdLevel,Threshold level,https://data.cooperationdatabank.org/id/thresholdlevel/low,Low,https://data.cooperationdatabank.org/vocab/prop/studyTrialOfCooperation,Trial of cooperation,https://data.cooperationdatabank.org/id/studytrialofcooperation/1,All trials,https://data.cooperationdatabank.org/id/dependentvariable/contributions,noEffect,test,2.0,positive,higher,1.0,0.0,0.09090909090909091,0.9090909090909091,0.9090909090909091,"When comparing studies where threshold level is medium and studies where threshold level is low, cooperation is significantly higher when trial of cooperation is all trials."
45966,https://data.cooperationdatabank.org/vocab/prop/Step-level_Public_Goods_GameVariable,https://data.cooperationdatabank.org/vocab/prop/thresholdLevel,Threshold level,https://data.cooperationdatabank.org/id/thresholdlevel/medium,Low,https://data.cooperationdatabank.org/vocab/prop/thresholdLevel,Threshold level,https://data.cooperationdatabank.org/id/thresholdlevel/low,Medium,https://data.cooperationdatabank.org/vocab/prop/countrySource,Source of country or region,https://data.cooperationdatabank.org/id/countrysource/1,Specified country,https://data.cooperationdatabank.org/id/dependentvariable/contributions,positive,test,2.0,positive,higher,2.0,0.0,0.09090909090909091,0.9090909090909091,0.9090909090909091,"When comparing studies where threshold level is low and studies where threshold level is medium, cooperation is significantly higher when source of country or region is specified country."
10448,https://data.cooperationdatabank.org/vocab/prop/Step-level_Public_Goods_GameVariable,https://data.cooperationdatabank.org/vocab/prop/thresholdLevel,Threshold level,https://data.cooperationdatabank.org/id/thresholdlevel/high,Low,https://data.cooperationdatabank.org/vocab/prop/thresholdLevel,Threshold level,https://data.cooperationdatabank.org/id/thresholdlevel/low,High,https://data.cooperationdatabank.org/vocab/prop/studyContinuousPGG,Continuous vs step-level public goods,https://data.cooperationdatabank.org/id/studycontinuouspgg/2,Step-level,https://data.cooperationdatabank.org/id/dependentvariable/contributions,negative,test,2.0,positive,higher,0.0,0.125,0.0,0.875,0.875,"When comparing studies where threshold level is low and studies where threshold level is high, cooperation is significantly higher when continuous vs step-level public goods is step-level."
10396,https://data.cooperationdatabank.org/vocab/prop/Step-level_Public_Goods_GameVariable,https://data.cooperationdatabank.org/vocab/prop/thresholdLevel,Threshold level,https://data.cooperationdatabank.org/id/thresholdlevel/high,Low,https://data.cooperationdatabank.org/vocab/prop/thresholdLevel,Threshold level,https://data.cooperationdatabank.org/id/thresholdlevel/low,High,https://data.cooperationdatabank.org/vocab/prop/studyDilemmaType,Game type,https://data.cooperationdatabank.org/id/studydilemmatype/2,Public Goods Game,https://data.cooperationdatabank.org/id/dependentvariable/contributions,negative,test,2.0,positive,higher,0.0,0.14285714285714285,0.0,0.8571428571428571,0.8571428571428571,"When comparing studies where threshold level is low and studies where threshold level is high, cooperation is significantly higher when game type is public goods game."
45985,https://data.cooperationdatabank.org/vocab/prop/Step-level_Public_Goods_GameVariable,https://data.cooperationdatabank.org/vocab/prop/thresholdLevel,Threshold level,https://data.cooperationdatabank.org/id/thresholdlevel/high,Low,https://data.cooperationdatabank.org/vocab/prop/thresholdLevel,Threshold level,https://data.cooperationdatabank.org/id/thresholdlevel/low,High,https://data.cooperationdatabank.org/vocab/prop/studyDilemmaType,Game type,https://data.cooperationdatabank.org/id/studydilemmatype/2,Public Goods Game,https://data.cooperationdatabank.org/id/dependentvariable/contributions,positive,test,2.0,positive,higher,2.0,0.14285714285714285,0.0,0.8571428571428571,0.8571428571428571,"When comparing studies where threshold level is low and studies where threshold level is high, cooperation is significantly higher when game type is public goods game."
10320,https://data.cooperationdatabank.org/vocab/prop/Step-level_Public_Goods_GameVariable,https://data.cooperationdatabank.org/vocab/prop/thresholdLevel,Threshold level,https://data.cooperationdatabank.org/id/thresholdlevel/high,Low,https://data.cooperationdatabank.org/vocab/prop/thresholdLevel,Threshold level,https://data.cooperationdatabank.org/id/thresholdlevel/low,High,https://data.cooperationdatabank.org/vocab/prop/studyDilemmaType,Game type,https://data.cooperationdatabank.org/id/studydilemmatype/2,Public Goods Game,https://data.cooperationdatabank.org/id/dependentvariable/contributions,negative,test,2.0,positive,higher,0.0,0.14285714285714285,0.0,0.8571428571428571,0.8571428571428571,"When comparing studies where threshold level is low and studies where threshold level is high, cooperation is significantly higher when game type is public goods game."
3175,https://data.cooperationdatabank.org/vocab/prop/Step-level_Public_Goods_GameVariable,https://data.cooperationdatabank.org/vocab/prop/thresholdLevel,Threshold level,https://data.cooperationdatabank.org/id/thresholdlevel/medium,Medium,https://data.cooperationdatabank.org/vocab/prop/thresholdLevel,Threshold level,https://data.cooperationdatabank.org/id/thresholdlevel/low,Low,https://data.cooperationdatabank.org/vocab/prop/discussion,Discussion,https://data.cooperationdatabank.org/id/discussion/0,Absent,https://data.cooperationdatabank.org/id/dependentvariable/contributions,positive,test,2.0,positive,higher,2.0,0.0,0.14814814814814814,0.8518518518518519,0.8518518518518519,"When comparing studies where threshold level is medium and studies where threshold level is low, cooperation is significantly higher when discussion is absent."
4780,https://data.cooperationdatabank.org/vocab/prop/Step-level_Public_Goods_GameVariable,https://data.cooperationdatabank.org/vocab/prop/thresholdLevel,Threshold level,https://data.cooperationdatabank.org/id/thresholdlevel/medium,Low,https://data.cooperationdatabank.org/vocab/prop/thresholdLevel,Threshold level,https://data.cooperationdatabank.org/id/thresholdlevel/low,Medium,https://data.cooperationdatabank.org/vocab/prop/publicationStatus,Published,https://data.cooperationdatabank.org/id/publicationstatus/1,Published Article,https://data.cooperationdatabank.org/id/dependentvariable/contributions,positive,test,2.0,positive,higher,2.0,0.0,0.14814814814814814,0.8518518518518519,0.8518518518518519,"When comparing studies where threshold level is low and studies where threshold level is medium, cooperation is significantly higher when published is published article."
4779,https://data.cooperationdatabank.org/vocab/prop/Step-level_Public_Goods_GameVariable,https://data.cooperationdatabank.org/vocab/prop/thresholdLevel,Threshold level,https://data.cooperationdatabank.org/id/thresholdlevel/medium,Low,https://data.cooperationdatabank.org/vocab/prop/thresholdLevel,Threshold level,https://data.cooperationdatabank.org/id/thresholdlevel/low,Medium,https://data.cooperationdatabank.org/vocab/prop/discussion,Discussion,https://data.cooperationdatabank.org/id/discussion/0,Absent,https://data.cooperationdatabank.org/id/dependentvariable/contributions,positive,test,2.0,positive,higher,2.0,0.0,0.14814814814814814,0.8518518518518519,0.8518518518518519,"When comparing studies where threshold level is low and studies where threshold level is medium, cooperation is significantly higher when discussion is absent."
41583,https://data.cooperationdatabank.org/vocab/prop/Step-level_Public_Goods_GameVariable,https://data.cooperationdatabank.org/vocab/prop/stepReturnLevel,Step return level,https://data.cooperationdatabank.org/id/stepreturnlevel/low,Low,https://data.cooperationdatabank.org/vocab/prop/stepReturnLevel,Step return level,https://data.cooperationdatabank.org/id/stepreturnlevel/medium,Medium,https://data.cooperationdatabank.org/vocab/prop/studyShowUpFee,Show-up fee,https://data.cooperationdatabank.org/id/studyshowupfee/1,Paid,https://data.cooperationdatabank.org/id/dependentvariable/cooperation,noEffect,test,0.0,negative,lower,1.0,0.8,0.2,0.0,0.8,"When comparing studies where step return level is low and studies where step return level is medium, cooperation is significantly lower when show-up fee is paid."
45977,https://data.cooperationdatabank.org/vocab/prop/Step-level_Public_Goods_GameVariable,https://data.cooperationdatabank.org/vocab/prop/thresholdLevel,Threshold level,https://data.cooperationdatabank.org/id/thresholdlevel/medium,Low,https://data.cooperationdatabank.org/vocab/prop/thresholdLevel,Threshold level,https://data.cooperationdatabank.org/id/thresholdlevel/low,Medium,https://data.cooperationdatabank.org/vocab/prop/yearSource,Source of year of data collection,https://data.cooperationdatabank.org/id/yearsource/4,Received/Submitted,https://data.cooperationdatabank.org/id/dependentvariable/contributions,positive,test,2.0,positive,higher,2.0,0.0,0.2111111111111111,0.7888888888888889,0.7888888888888889,"When comparing studies where threshold level is low and studies where threshold level is medium, cooperation is significantly higher when source of year of data collection is submitted."
4782,https://data.cooperationdatabank.org/vocab/prop/Step-level_Public_Goods_GameVariable,https://data.cooperationdatabank.org/vocab/prop/thresholdLevel,Threshold level,https://data.cooperationdatabank.org/id/thresholdlevel/medium,Low,https://data.cooperationdatabank.org/vocab/prop/thresholdLevel,Threshold level,https://data.cooperationdatabank.org/id/thresholdlevel/low,Medium,https://data.cooperationdatabank.org/vocab/prop/studyAcquaintance,Acquaintance,https://data.cooperationdatabank.org/id/studyacquaintance/0,Strangers,https://data.cooperationdatabank.org/id/dependentvariable/contributions,positive,test,2.0,positive,higher,2.0,0.0,0.2111111111111111,0.7888888888888889,0.7888888888888889,"When comparing studies where threshold level is low and studies where threshold level is medium, cooperation is significantly higher when acquaintance is strangers."
4787,https://data.cooperationdatabank.org/vocab/prop/Step-level_Public_Goods_GameVariable,https://data.cooperationdatabank.org/vocab/prop/thresholdLevel,Threshold level,https://data.cooperationdatabank.org/id/thresholdlevel/medium,Low,https://data.cooperationdatabank.org/vocab/prop/thresholdLevel,Threshold level,https://data.cooperationdatabank.org/id/thresholdlevel/low,Medium,https://data.cooperationdatabank.org/vocab/prop/studyOneShot,One-shot vs repeated,https://data.cooperationdatabank.org/id/studyoneshot/0,Repeated,https://data.cooperationdatabank.org/id/dependentvariable/contributions,positive,test,2.0,positive,higher,2.0,0.0,0.2111111111111111,0.7888888888888889,0.7888888888888889,"When comparing studies where threshold level is low and studies where threshold level is medium, cooperation is significantly higher when one-shot vs repeated is repeated."
27136,https://data.cooperationdatabank.org/vocab/prop/Step-level_Public_Goods_GameVariable,https://data.cooperationdatabank.org/vocab/prop/thresholdLevel,Threshold level,https://data.cooperationdatabank.org/id/thresholdlevel/medium,Low,https://data.cooperationdatabank.org/vocab/prop/thresholdLevel,Threshold level,https://data.cooperationdatabank.org/id/thresholdlevel/low,Medium,https://data.cooperationdatabank.org/vocab/prop/studyOneShot,One-shot vs repeated,https://data.cooperationdatabank.org/id/studyoneshot/0,Repeated,https://data.cooperationdatabank.org/id/dependentvariable/cooperation,positive,test,2.0,positive,higher,2.0,0.0,0.2111111111111111,0.7888888888888889,0.7888888888888889,"When comparing studies where threshold level is low and studies where threshold level is medium, cooperation is significantly higher when one-shot vs repeated is repeated."
3268,https://data.cooperationdatabank.org/vocab/prop/Step-level_Public_Goods_GameVariable,https://data.cooperationdatabank.org/vocab/prop/thresholdLevel,Threshold level,https://data.cooperationdatabank.org/id/thresholdlevel/medium,Medium,https://data.cooperationdatabank.org/vocab/prop/thresholdLevel,Threshold level,https://data.cooperationdatabank.org/id/thresholdlevel/low,Low,https://data.cooperationdatabank.org/vocab/prop/recruitmentMethod,Recruitment method,https://data.cooperationdatabank.org/id/recruitmentmethod/1,Participant pool,https://data.cooperationdatabank.org/id/dependentvariable/contributions,positive,test,2.0,positive,higher,2.0,0.0,0.21428571428571427,0.7857142857142857,0.7857142857142857,"When comparing studies where threshold level is medium and studies where threshold level is low, cooperation is significantly higher when recruitment method is participant pool."
40697,https://data.cooperationdatabank.org/vocab/prop/Step-level_Public_Goods_GameVariable,https://data.cooperationdatabank.org/vocab/prop/thresholdLevel,Threshold level,https://data.cooperationdatabank.org/id/thresholdlevel/medium,Low,https://data.cooperationdatabank.org/vocab/prop/thresholdLevel,Threshold level,https://data.cooperationdatabank.org/id/thresholdlevel/low,Medium,https://data.cooperationdatabank.org/vocab/prop/recruitmentMethod,Recruitment method,https://data.cooperationdatabank.org/id/recruitmentmethod/1,Participant pool,https://data.cooperationdatabank.org/id/dependentvariable/contributions,positive,test,2.0,positive,higher,2.0,0.0,0.21428571428571427,0.7857142857142857,0.7857142857142857,"When comparing studies where threshold level is low and studies where threshold level is medium, cooperation is significantly higher when recruitment method is participant pool."
45975,https://data.cooperationdatabank.org/vocab/prop/Step-level_Public_Goods_GameVariable,https://data.cooperationdatabank.org/vocab/prop/thresholdLevel,Threshold level,https://data.cooperationdatabank.org/id/thresholdlevel/medium,Low,https://data.cooperationdatabank.org/vocab/prop/thresholdLevel,Threshold level,https://data.cooperationdatabank.org/id/thresholdlevel/low,Medium,https://data.cooperationdatabank.org/vocab/prop/studyRealPartner,Real partner,https://data.cooperationdatabank.org/id/studyrealpartner/1,Real,https://data.cooperationdatabank.org/id/dependentvariable/contributions,positive,test,2.0,positive,higher,2.0,0.0,0.25,0.75,0.75,"When comparing studies where threshold level is low and studies where threshold level is medium, cooperation is significantly higher when real partner is real."
4788,https://data.cooperationdatabank.org/vocab/prop/Step-level_Public_Goods_GameVariable,https://data.cooperationdatabank.org/vocab/prop/thresholdLevel,Threshold level,https://data.cooperationdatabank.org/id/thresholdlevel/medium,Low,https://data.cooperationdatabank.org/vocab/prop/thresholdLevel,Threshold level,https://data.cooperationdatabank.org/id/thresholdlevel/low,Medium,https://data.cooperationdatabank.org/vocab/prop/studyRealPartner,Real partner,https://data.cooperationdatabank.org/id/studyrealpartner/1,Real,https://data.cooperationdatabank.org/id/dependentvariable/contributions,positive,test,2.0,positive,higher,2.0,0.0,0.25,0.75,0.75,"When comparing studies where threshold level is low and studies where threshold level is medium, cooperation is significantly higher when real partner is real."
10328,https://data.cooperationdatabank.org/vocab/prop/Step-level_Public_Goods_GameVariable,https://data.cooperationdatabank.org/vocab/prop/thresholdLevel,Threshold level,https://data.cooperationdatabank.org/id/thresholdlevel/high,Low,https://data.cooperationdatabank.org/vocab/prop/thresholdLevel,Threshold level,https://data.cooperationdatabank.org/id/thresholdlevel/low,High,https://data.cooperationdatabank.org/vocab/prop/studyOneShot,One-shot vs repeated,https://data.cooperationdatabank.org/id/studyoneshot/0,Repeated,https://data.cooperationdatabank.org/id/dependentvariable/contributions,negative,test,2.0,positive,higher,0.0,0.2857142857142857,0.0,0.7142857142857143,0.7142857142857143,"When comparing studies where threshold level is low and studies where threshold level is high, cooperation is significantly higher when one-shot vs repeated is repeated."
40699,https://data.cooperationdatabank.org/vocab/prop/Step-level_Public_Goods_GameVariable,https://data.cooperationdatabank.org/vocab/prop/thresholdLevel,Threshold level,https://data.cooperationdatabank.org/id/thresholdlevel/high,Low,https://data.cooperationdatabank.org/vocab/prop/thresholdLevel,Threshold level,https://data.cooperationdatabank.org/id/thresholdlevel/low,High,https://data.cooperationdatabank.org/vocab/prop/countrySource,Source of country or region,https://data.cooperationdatabank.org/id/countrysource/1,Specified country,https://data.cooperationdatabank.org/id/dependentvariable/contributions,positive,test,2.0,positive,higher,2.0,0.3,0.0,0.7,0.7,"When comparing studies where threshold level is low and studies where threshold level is high, cooperation is significantly higher when source of country or region is specified country."
13745,https://data.cooperationdatabank.org/vocab/prop/Step-level_Public_Goods_GameVariable,https://data.cooperationdatabank.org/vocab/prop/thresholdLevel,Threshold level,https://data.cooperationdatabank.org/id/thresholdlevel/high,Low,https://data.cooperationdatabank.org/vocab/prop/thresholdLevel,Threshold level,https://data.cooperationdatabank.org/id/thresholdlevel/low,High,https://data.cooperationdatabank.org/vocab/prop/studyGameIncentive,Game incentive,https://data.cooperationdatabank.org/id/studygameincentive/1,Monetary,https://data.cooperationdatabank.org/id/dependentvariable/contributions,positive,test,2.0,positive,higher,2.0,0.3,0.0,0.7,0.7,"When comparing studies where threshold level is low and studies where threshold level is high, cooperation is significantly higher when game incentive is monetary."
10417,https://data.cooperationdatabank.org/vocab/prop/Step-level_Public_Goods_GameVariable,https://data.cooperationdatabank.org/vocab/prop/thresholdLevel,Threshold level,https://data.cooperationdatabank.org/id/thresholdlevel/high,Low,https://data.cooperationdatabank.org/vocab/prop/thresholdLevel,Threshold level,https://data.cooperationdatabank.org/id/thresholdlevel/low,High,https://data.cooperationdatabank.org/vocab/prop/yearSource,Source of year of data collection,https://data.cooperationdatabank.org/id/yearsource/6,Accepted,https://data.cooperationdatabank.org/id/dependentvariable/contributions,negative,test,0.0,negative,lower,0.0,0.6666666666666666,0.0,0.3333333333333333,0.6666666666666666,"When comparing studies where threshold level is low and studies where threshold level is high, cooperation is significantly lower when source of year of data collection is accepted."
10372,https://data.cooperationdatabank.org/vocab/prop/Step-level_Public_Goods_GameVariable,https://data.cooperationdatabank.org/vocab/prop/thresholdLevel,Threshold level,https://data.cooperationdatabank.org/id/thresholdlevel/high,Low,https://data.cooperationdatabank.org/vocab/prop/thresholdLevel,Threshold level,https://data.cooperationdatabank.org/id/thresholdlevel/low,High,https://data.cooperationdatabank.org/vocab/prop/studyTrialOfCooperation,Trial of cooperation,https://data.cooperationdatabank.org/id/studytrialofcooperation/1,All trials,https://data.cooperationdatabank.org/id/dependentvariable/contributions,positive,test,2.0,positive,higher,2.0,0.3333333333333333,0.0,0.6666666666666666,0.6666666666666666,"When comparing studies where threshold level is low and studies where threshold level is high, cooperation is significantly higher when trial of cooperation is all trials."
10357,https://data.cooperationdatabank.org/vocab/prop/Step-level_Public_Goods_GameVariable,https://data.cooperationdatabank.org/vocab/prop/thresholdLevel,Threshold level,https://data.cooperationdatabank.org/id/thresholdlevel/high,Low,https://data.cooperationdatabank.org/vocab/prop/thresholdLevel,Threshold level,https://data.cooperationdatabank.org/id/thresholdlevel/low,High,https://data.cooperationdatabank.org/vocab/prop/studyExperimentalSetting,Experimental setting,https://data.cooperationdatabank.org/id/studyexperimentalsetting/2,Lab,https://data.cooperationdatabank.org/id/dependentvariable/contributions,positive,test,2.0,positive,higher,2.0,0.375,0.0,0.625,0.625,"When comparing studies where threshold level is low and studies where threshold level is high, cooperation is significantly higher when experimental setting is lab."
40704,https://data.cooperationdatabank.org/vocab/prop/Step-level_Public_Goods_GameVariable,https://data.cooperationdatabank.org/vocab/prop/thresholdLevel,Threshold level,https://data.cooperationdatabank.org/id/thresholdlevel/high,Low,https://data.cooperationdatabank.org/vocab/prop/thresholdLevel,Threshold level,https://data.cooperationdatabank.org/id/thresholdlevel/low,High,https://data.cooperationdatabank.org/vocab/prop/studyExperimentalSetting,Experimental setting,https://data.cooperationdatabank.org/id/studyexperimentalsetting/2,Lab,https://data.cooperationdatabank.org/id/dependentvariable/contributions,positive,test,2.0,positive,higher,2.0,0.375,0.0,0.625,0.625,"When comparing studies where threshold level is low and studies where threshold level is high, cooperation is significantly higher when experimental setting is lab."
41636,https://data.cooperationdatabank.org/vocab/prop/Step-level_Public_Goods_GameVariable,https://data.cooperationdatabank.org/vocab/prop/stepReturnLevel,Step return level,https://data.cooperationdatabank.org/id/stepreturnlevel/medium,Medium,https://data.cooperationdatabank.org/vocab/prop/stepReturnLevel,Step return level,https://data.cooperationdatabank.org/id/stepreturnlevel/high,High,https://data.cooperationdatabank.org/vocab/prop/country,has country,https://data.cooperationdatabank.org/id/country/USA,USA,https://data.cooperationdatabank.org/id/dependentvariable/cooperation,noEffect,test,0.0,negative,lower,1.0,0.5217391304347826,0.4782608695652174,0.0,0.5217391304347826,"When comparing studies where step return level is medium and studies where step return level is high, cooperation is significantly lower when has country is usa."
3234,https://data.cooperationdatabank.org/vocab/prop/Step-level_Public_Goods_GameVariable,https://data.cooperationdatabank.org/vocab/prop/thresholdLevel,Threshold level,https://data.cooperationdatabank.org/id/thresholdlevel/medium,Medium,https://data.cooperationdatabank.org/vocab/prop/thresholdLevel,Threshold level,https://data.cooperationdatabank.org/id/thresholdlevel/high,High,https://data.cooperationdatabank.org/vocab/prop/studyShowUpFee,Show-up fee,https://data.cooperationdatabank.org/id/studyshowupfee/1,Paid,https://data.cooperationdatabank.org/id/dependentvariable/contributions,noEffect,test,0.0,negative,lower,1.0,0.5188216039279869,0.4582651391162029,0.022913256955810146,0.5188216039279869,"When comparing studies where threshold level is medium and studies where threshold level is high, cooperation is significantly lower when show-up fee is paid."
3210,https://data.cooperationdatabank.org/vocab/prop/Step-level_Public_Goods_GameVariable,https://data.cooperationdatabank.org/vocab/prop/thresholdLevel,Threshold level,https://data.cooperationdatabank.org/id/thresholdlevel/medium,Medium,https://data.cooperationdatabank.org/vocab/prop/thresholdLevel,Threshold level,https://data.cooperationdatabank.org/id/thresholdlevel/high,High,https://data.cooperationdatabank.org/vocab/prop/discussion,Discussion,https://data.cooperationdatabank.org/id/discussion/0,Absent,https://data.cooperationdatabank.org/id/dependentvariable/contributions,noEffect,test,0.0,negative,lower,1.0,0.5188216039279869,0.4582651391162029,0.022913256955810146,0.5188216039279869,"When comparing studies where threshold level is medium and studies where threshold level is high, cooperation is significantly lower when discussion is absent."
4820,https://data.cooperationdatabank.org/vocab/prop/Step-level_Public_Goods_GameVariable,https://data.cooperationdatabank.org/vocab/prop/thresholdLevel,Threshold level,https://data.cooperationdatabank.org/id/thresholdlevel/medium,Medium,https://data.cooperationdatabank.org/vocab/prop/thresholdLevel,Threshold level,https://data.cooperationdatabank.org/id/thresholdlevel/high,High,https://data.cooperationdatabank.org/vocab/prop/studyMatchingProtocol,Matching,https://data.cooperationdatabank.org/id/studymatchingprotocol/2,Partner,https://data.cooperationdatabank.org/id/dependentvariable/contributions,noEffect,test,0.0,negative,lower,1.0,0.5188216039279869,0.4582651391162029,0.022913256955810146,0.5188216039279869,"When comparing studies where threshold level is medium and studies where threshold level is high, cooperation is significantly lower when matching is partner."
27157,https://data.cooperationdatabank.org/vocab/prop/Step-level_Public_Goods_GameVariable,https://data.cooperationdatabank.org/vocab/prop/thresholdLevel,Threshold level,https://data.cooperationdatabank.org/id/thresholdlevel/medium,Medium,https://data.cooperationdatabank.org/vocab/prop/thresholdLevel,Threshold level,https://data.cooperationdatabank.org/id/thresholdlevel/high,High,https://data.cooperationdatabank.org/vocab/prop/country,has country,https://data.cooperationdatabank.org/id/country/ESP,ESP,https://data.cooperationdatabank.org/id/dependentvariable/cooperation,noEffect,test,0.0,negative,lower,1.0,0.5188216039279869,0.4582651391162029,0.022913256955810146,0.5188216039279869,"When comparing studies where threshold level is medium and studies where threshold level is high, cooperation is significantly lower when has country is esp."
27163,https://data.cooperationdatabank.org/vocab/prop/Step-level_Public_Goods_GameVariable,https://data.cooperationdatabank.org/vocab/prop/thresholdLevel,Threshold level,https://data.cooperationdatabank.org/id/thresholdlevel/medium,Medium,https://data.cooperationdatabank.org/vocab/prop/thresholdLevel,Threshold level,https://data.cooperationdatabank.org/id/thresholdlevel/high,High,https://data.cooperationdatabank.org/vocab/prop/studyExperimentalSetting,Experimental setting,https://data.cooperationdatabank.org/id/studyexperimentalsetting/2,Lab,https://data.cooperationdatabank.org/id/dependentvariable/cooperation,noEffect,test,0.0,negative,lower,1.0,0.5188216039279869,0.4582651391162029,0.022913256955810146,0.5188216039279869,"When comparing studies where threshold level is medium and studies where threshold level is high, cooperation is significantly lower when experimental setting is lab."
