,giv_prop,iv,iv_label,cat_t1,cat_t1_label,iv.1,iv_label.1,cat_t2,cat_t2_label,mod,mod_label,mod_val,mod_val_label,dependent,effect,td,pred_num,pred_readable,comparative,pred_true,score_0,score_1,score_2,max_score,hypothesis
10788,https://data.cooperationdatabank.org/vocab/prop/TaxationVariable,https://data.cooperationdatabank.org/vocab/prop/minimumContributionLevel,Minimum contribution level,https://data.cooperationdatabank.org/id/minimumcontributionlevel/low,Low,https://data.cooperationdatabank.org/vocab/prop/minimumContributionLevel,Minimum contribution level,https://data.cooperationdatabank.org/id/minimumcontributionlevel/medium,Medium,https://data.cooperationdatabank.org/vocab/prop/studyAcquaintance,Acquaintance,https://data.cooperationdatabank.org/id/studyacquaintance/0,Strangers,https://data.cooperationdatabank.org/id/dependentvariable/contributions,negative,test,0.0,negative,lower,0.0,1.0,0.0,0.0,1.0,"When comparing studies where minimum contribution level is low and studies where minimum contribution level is medium, cooperation is significantly lower when acquaintance is strangers."
10791,https://data.cooperationdatabank.org/vocab/prop/TaxationVariable,https://data.cooperationdatabank.org/vocab/prop/minimumContributionLevel,Minimum contribution level,https://data.cooperationdatabank.org/id/minimumcontributionlevel/low,Low,https://data.cooperationdatabank.org/vocab/prop/minimumContributionLevel,Minimum contribution level,https://data.cooperationdatabank.org/id/minimumcontributionlevel/medium,Medium,https://data.cooperationdatabank.org/vocab/prop/studyGameIncentive,Game incentive,https://data.cooperationdatabank.org/id/studygameincentive/1,Monetary,https://data.cooperationdatabank.org/id/dependentvariable/contributions,negative,test,0.0,negative,lower,0.0,1.0,0.0,0.0,1.0,"When comparing studies where minimum contribution level is low and studies where minimum contribution level is medium, cooperation is significantly lower when game incentive is monetary."
10827,https://data.cooperationdatabank.org/vocab/prop/TaxationVariable,https://data.cooperationdatabank.org/vocab/prop/minimumContributionLevel,Minimum contribution level,https://data.cooperationdatabank.org/id/minimumcontributionlevel/medium,Medium,https://data.cooperationdatabank.org/vocab/prop/minimumContributionLevel,Minimum contribution level,https://data.cooperationdatabank.org/id/minimumcontributionlevel/high,High,https://data.cooperationdatabank.org/vocab/prop/studyTrialOfCooperation,Trial of cooperation,https://data.cooperationdatabank.org/id/studytrialofcooperation/1,All trials,https://data.cooperationdatabank.org/id/dependentvariable/contributions,negative,test,0.0,negative,lower,0.0,1.0,0.0,0.0,1.0,"When comparing studies where minimum contribution level is medium and studies where minimum contribution level is high, cooperation is significantly lower when trial of cooperation is all trials."
44037,https://data.cooperationdatabank.org/vocab/prop/TaxationVariable,https://data.cooperationdatabank.org/vocab/prop/minimumContributionLevel,Minimum contribution level,https://data.cooperationdatabank.org/id/minimumcontributionlevel/low,Low,https://data.cooperationdatabank.org/vocab/prop/minimumContributionLevel,Minimum contribution level,https://data.cooperationdatabank.org/id/minimumcontributionlevel/high,High,https://data.cooperationdatabank.org/vocab/prop/country,has country,https://data.cooperationdatabank.org/id/country/USA,USA,https://data.cooperationdatabank.org/id/dependentvariable/contributions,negative,test,0.0,negative,lower,0.0,1.0,0.0,0.0,1.0,"When comparing studies where minimum contribution level is low and studies where minimum contribution level is high, cooperation is significantly lower when has country is usa."
44113,https://data.cooperationdatabank.org/vocab/prop/TaxationVariable,https://data.cooperationdatabank.org/vocab/prop/minimumContributionLevel,Minimum contribution level,https://data.cooperationdatabank.org/id/minimumcontributionlevel/low,Low,https://data.cooperationdatabank.org/vocab/prop/minimumContributionLevel,Minimum contribution level,https://data.cooperationdatabank.org/id/minimumcontributionlevel/high,High,https://data.cooperationdatabank.org/vocab/prop/country,has country,https://data.cooperationdatabank.org/id/country/USA,USA,https://data.cooperationdatabank.org/id/dependentvariable/contributions,negative,test,0.0,negative,lower,0.0,1.0,0.0,0.0,1.0,"When comparing studies where minimum contribution level is low and studies where minimum contribution level is high, cooperation is significantly lower when has country is usa."
13295,https://data.cooperationdatabank.org/vocab/prop/TaxationVariable,https://data.cooperationdatabank.org/vocab/prop/minimumContributionLevel,Minimum contribution level,https://data.cooperationdatabank.org/id/minimumcontributionlevel/low,Low,https://data.cooperationdatabank.org/vocab/prop/minimumContributionLevel,Minimum contribution level,https://data.cooperationdatabank.org/id/minimumcontributionlevel/high,High,https://data.cooperationdatabank.org/vocab/prop/studyAcademicDiscipline,Academic discipline,https://data.cooperationdatabank.org/id/studyacademicdiscipline/4,Mixed,https://data.cooperationdatabank.org/id/dependentvariable/contributions,positive,test,0.0,negative,lower,2.0,1.0,0.0,0.0,1.0,"When comparing studies where minimum contribution level is low and studies where minimum contribution level is high, cooperation is significantly lower when academic discipline is mixed."
10801,https://data.cooperationdatabank.org/vocab/prop/TaxationVariable,https://data.cooperationdatabank.org/vocab/prop/minimumContributionLevel,Minimum contribution level,https://data.cooperationdatabank.org/id/minimumcontributionlevel/low,Low,https://data.cooperationdatabank.org/vocab/prop/minimumContributionLevel,Minimum contribution level,https://data.cooperationdatabank.org/id/minimumcontributionlevel/high,High,https://data.cooperationdatabank.org/vocab/prop/discussion,Discussion,https://data.cooperationdatabank.org/id/discussion/0,Absent,https://data.cooperationdatabank.org/id/dependentvariable/contributions,negative,test,0.0,negative,lower,0.0,0.9066666666666666,0.0,0.09333333333333334,0.9066666666666666,"When comparing studies where minimum contribution level is low and studies where minimum contribution level is high, cooperation is significantly lower when discussion is absent."
44341,https://data.cooperationdatabank.org/vocab/prop/TaxationVariable,https://data.cooperationdatabank.org/vocab/prop/minimumContributionLevel,Minimum contribution level,https://data.cooperationdatabank.org/id/minimumcontributionlevel/low,Low,https://data.cooperationdatabank.org/vocab/prop/minimumContributionLevel,Minimum contribution level,https://data.cooperationdatabank.org/id/minimumcontributionlevel/high,High,https://data.cooperationdatabank.org/vocab/prop/countrySource,Source of country or region,https://data.cooperationdatabank.org/id/countrysource/1,Specified country,https://data.cooperationdatabank.org/id/dependentvariable/contributions,negative,test,0.0,negative,lower,0.0,0.9066666666666666,0.0,0.09333333333333334,0.9066666666666666,"When comparing studies where minimum contribution level is low and studies where minimum contribution level is high, cooperation is significantly lower when source of country or region is specified country."
13247,https://data.cooperationdatabank.org/vocab/prop/TaxationVariable,https://data.cooperationdatabank.org/vocab/prop/minimumContributionLevel,Minimum contribution level,https://data.cooperationdatabank.org/id/minimumcontributionlevel/low,Low,https://data.cooperationdatabank.org/vocab/prop/minimumContributionLevel,Minimum contribution level,https://data.cooperationdatabank.org/id/minimumcontributionlevel/high,High,https://data.cooperationdatabank.org/vocab/prop/studyExperimentalSetting,Experimental setting,https://data.cooperationdatabank.org/id/studyexperimentalsetting/2,Lab,https://data.cooperationdatabank.org/id/dependentvariable/contributions,negative,test,0.0,negative,lower,0.0,0.9066666666666666,0.0,0.09333333333333334,0.9066666666666666,"When comparing studies where minimum contribution level is low and studies where minimum contribution level is high, cooperation is significantly lower when experimental setting is lab."
13246,https://data.cooperationdatabank.org/vocab/prop/TaxationVariable,https://data.cooperationdatabank.org/vocab/prop/minimumContributionLevel,Minimum contribution level,https://data.cooperationdatabank.org/id/minimumcontributionlevel/low,Low,https://data.cooperationdatabank.org/vocab/prop/minimumContributionLevel,Minimum contribution level,https://data.cooperationdatabank.org/id/minimumcontributionlevel/high,High,https://data.cooperationdatabank.org/vocab/prop/studyDilemmaType,Game type,https://data.cooperationdatabank.org/id/studydilemmatype/2,Public Goods Game,https://data.cooperationdatabank.org/id/dependentvariable/contributions,negative,test,0.0,negative,lower,0.0,0.9066666666666666,0.0,0.09333333333333334,0.9066666666666666,"When comparing studies where minimum contribution level is low and studies where minimum contribution level is high, cooperation is significantly lower when game type is public goods game."
29986,https://data.cooperationdatabank.org/vocab/prop/TaxationVariable,https://data.cooperationdatabank.org/vocab/prop/minimumContributionLevel,Minimum contribution level,https://data.cooperationdatabank.org/id/minimumcontributionlevel/low,Low,https://data.cooperationdatabank.org/vocab/prop/minimumContributionLevel,Minimum contribution level,https://data.cooperationdatabank.org/id/minimumcontributionlevel/high,High,https://data.cooperationdatabank.org/vocab/prop/studyDilemmaType,Game type,https://data.cooperationdatabank.org/id/studydilemmatype/2,Public Goods Game,https://data.cooperationdatabank.org/id/dependentvariable/contributions,negative,test,0.0,negative,lower,0.0,0.9066666666666666,0.0,0.09333333333333334,0.9066666666666666,"When comparing studies where minimum contribution level is low and studies where minimum contribution level is high, cooperation is significantly lower when game type is public goods game."
44057,https://data.cooperationdatabank.org/vocab/prop/TaxationVariable,https://data.cooperationdatabank.org/vocab/prop/minimumContributionLevel,Minimum contribution level,https://data.cooperationdatabank.org/id/minimumcontributionlevel/low,Low,https://data.cooperationdatabank.org/vocab/prop/minimumContributionLevel,Minimum contribution level,https://data.cooperationdatabank.org/id/minimumcontributionlevel/high,High,https://data.cooperationdatabank.org/vocab/prop/studyRealPartner,Real partner,https://data.cooperationdatabank.org/id/studyrealpartner/1,Real,https://data.cooperationdatabank.org/id/dependentvariable/contributions,negative,test,0.0,negative,lower,0.0,0.9066666666666666,0.0,0.09333333333333334,0.9066666666666666,"When comparing studies where minimum contribution level is low and studies where minimum contribution level is high, cooperation is significantly lower when real partner is real."
44071,https://data.cooperationdatabank.org/vocab/prop/TaxationVariable,https://data.cooperationdatabank.org/vocab/prop/minimumContributionLevel,Minimum contribution level,https://data.cooperationdatabank.org/id/minimumcontributionlevel/low,Low,https://data.cooperationdatabank.org/vocab/prop/minimumContributionLevel,Minimum contribution level,https://data.cooperationdatabank.org/id/minimumcontributionlevel/high,High,https://data.cooperationdatabank.org/vocab/prop/countrySource,Source of country or region,https://data.cooperationdatabank.org/id/countrysource/1,Specified country,https://data.cooperationdatabank.org/id/dependentvariable/contributions,negative,test,0.0,negative,lower,0.0,0.9066666666666666,0.0,0.09333333333333334,0.9066666666666666,"When comparing studies where minimum contribution level is low and studies where minimum contribution level is high, cooperation is significantly lower when source of country or region is specified country."
44125,https://data.cooperationdatabank.org/vocab/prop/TaxationVariable,https://data.cooperationdatabank.org/vocab/prop/minimumContributionLevel,Minimum contribution level,https://data.cooperationdatabank.org/id/minimumcontributionlevel/low,Low,https://data.cooperationdatabank.org/vocab/prop/minimumContributionLevel,Minimum contribution level,https://data.cooperationdatabank.org/id/minimumcontributionlevel/high,High,https://data.cooperationdatabank.org/vocab/prop/studyAcquaintance,Acquaintance,https://data.cooperationdatabank.org/id/studyacquaintance/0,Strangers,https://data.cooperationdatabank.org/id/dependentvariable/contributions,negative,test,0.0,negative,lower,0.0,0.9066666666666666,0.0,0.09333333333333334,0.9066666666666666,"When comparing studies where minimum contribution level is low and studies where minimum contribution level is high, cooperation is significantly lower when acquaintance is strangers."
29971,https://data.cooperationdatabank.org/vocab/prop/TaxationVariable,https://data.cooperationdatabank.org/vocab/prop/minimumContributionLevel,Minimum contribution level,https://data.cooperationdatabank.org/id/minimumcontributionlevel/low,Low,https://data.cooperationdatabank.org/vocab/prop/minimumContributionLevel,Minimum contribution level,https://data.cooperationdatabank.org/id/minimumcontributionlevel/high,High,https://data.cooperationdatabank.org/vocab/prop/studyAcquaintance,Acquaintance,https://data.cooperationdatabank.org/id/studyacquaintance/0,Strangers,https://data.cooperationdatabank.org/id/dependentvariable/contributions,negative,test,0.0,negative,lower,0.0,0.9066666666666666,0.0,0.09333333333333334,0.9066666666666666,"When comparing studies where minimum contribution level is low and studies where minimum contribution level is high, cooperation is significantly lower when acquaintance is strangers."
13243,https://data.cooperationdatabank.org/vocab/prop/TaxationVariable,https://data.cooperationdatabank.org/vocab/prop/minimumContributionLevel,Minimum contribution level,https://data.cooperationdatabank.org/id/minimumcontributionlevel/low,Low,https://data.cooperationdatabank.org/vocab/prop/minimumContributionLevel,Minimum contribution level,https://data.cooperationdatabank.org/id/minimumcontributionlevel/high,High,https://data.cooperationdatabank.org/vocab/prop/publicationStatus,Published,https://data.cooperationdatabank.org/id/publicationstatus/1,Published Article,https://data.cooperationdatabank.org/id/dependentvariable/contributions,negative,test,0.0,negative,lower,0.0,0.875,0.0,0.125,0.875,"When comparing studies where minimum contribution level is low and studies where minimum contribution level is high, cooperation is significantly lower when published is published article."
29984,https://data.cooperationdatabank.org/vocab/prop/TaxationVariable,https://data.cooperationdatabank.org/vocab/prop/minimumContributionLevel,Minimum contribution level,https://data.cooperationdatabank.org/id/minimumcontributionlevel/low,Low,https://data.cooperationdatabank.org/vocab/prop/minimumContributionLevel,Minimum contribution level,https://data.cooperationdatabank.org/id/minimumcontributionlevel/high,High,https://data.cooperationdatabank.org/vocab/prop/publicationStatus,Published,https://data.cooperationdatabank.org/id/publicationstatus/1,Published Article,https://data.cooperationdatabank.org/id/dependentvariable/contributions,negative,test,0.0,negative,lower,0.0,0.875,0.0,0.125,0.875,"When comparing studies where minimum contribution level is low and studies where minimum contribution level is high, cooperation is significantly lower when published is published article."
29980,https://data.cooperationdatabank.org/vocab/prop/TaxationVariable,https://data.cooperationdatabank.org/vocab/prop/minimumContributionLevel,Minimum contribution level,https://data.cooperationdatabank.org/id/minimumcontributionlevel/low,Low,https://data.cooperationdatabank.org/vocab/prop/minimumContributionLevel,Minimum contribution level,https://data.cooperationdatabank.org/id/minimumcontributionlevel/high,High,https://data.cooperationdatabank.org/vocab/prop/studyContinuousPGG,Continuous vs step-level public goods,https://data.cooperationdatabank.org/id/studycontinuouspgg/1,Continuous,https://data.cooperationdatabank.org/id/dependentvariable/contributions,negative,test,0.0,negative,lower,0.0,0.875,0.0,0.125,0.875,"When comparing studies where minimum contribution level is low and studies where minimum contribution level is high, cooperation is significantly lower when continuous vs step-level public goods is continuous."
44107,https://data.cooperationdatabank.org/vocab/prop/TaxationVariable,https://data.cooperationdatabank.org/vocab/prop/minimumContributionLevel,Minimum contribution level,https://data.cooperationdatabank.org/id/minimumcontributionlevel/low,Low,https://data.cooperationdatabank.org/vocab/prop/minimumContributionLevel,Minimum contribution level,https://data.cooperationdatabank.org/id/minimumcontributionlevel/high,High,https://data.cooperationdatabank.org/vocab/prop/studyContinuousPGG,Continuous vs step-level public goods,https://data.cooperationdatabank.org/id/studycontinuouspgg/1,Continuous,https://data.cooperationdatabank.org/id/dependentvariable/contributions,negative,test,0.0,negative,lower,0.0,0.875,0.0,0.125,0.875,"When comparing studies where minimum contribution level is low and studies where minimum contribution level is high, cooperation is significantly lower when continuous vs step-level public goods is continuous."
44077,https://data.cooperationdatabank.org/vocab/prop/TaxationVariable,https://data.cooperationdatabank.org/vocab/prop/minimumContributionLevel,Minimum contribution level,https://data.cooperationdatabank.org/id/minimumcontributionlevel/low,Low,https://data.cooperationdatabank.org/vocab/prop/minimumContributionLevel,Minimum contribution level,https://data.cooperationdatabank.org/id/minimumcontributionlevel/high,High,https://data.cooperationdatabank.org/vocab/prop/publicationStatus,Published,https://data.cooperationdatabank.org/id/publicationstatus/1,Published Article,https://data.cooperationdatabank.org/id/dependentvariable/contributions,negative,test,0.0,negative,lower,0.0,0.875,0.0,0.125,0.875,"When comparing studies where minimum contribution level is low and studies where minimum contribution level is high, cooperation is significantly lower when published is published article."
44167,https://data.cooperationdatabank.org/vocab/prop/TaxationVariable,https://data.cooperationdatabank.org/vocab/prop/minimumContributionLevel,Minimum contribution level,https://data.cooperationdatabank.org/id/minimumcontributionlevel/low,Low,https://data.cooperationdatabank.org/vocab/prop/minimumContributionLevel,Minimum contribution level,https://data.cooperationdatabank.org/id/minimumcontributionlevel/high,High,https://data.cooperationdatabank.org/vocab/prop/publicationStatus,Published,https://data.cooperationdatabank.org/id/publicationstatus/1,Published Article,https://data.cooperationdatabank.org/id/dependentvariable/contributions,negative,test,0.0,negative,lower,0.0,0.875,0.0,0.125,0.875,"When comparing studies where minimum contribution level is low and studies where minimum contribution level is high, cooperation is significantly lower when published is published article."
44377,https://data.cooperationdatabank.org/vocab/prop/TaxationVariable,https://data.cooperationdatabank.org/vocab/prop/minimumContributionLevel,Minimum contribution level,https://data.cooperationdatabank.org/id/minimumcontributionlevel/low,Low,https://data.cooperationdatabank.org/vocab/prop/minimumContributionLevel,Minimum contribution level,https://data.cooperationdatabank.org/id/minimumcontributionlevel/high,High,https://data.cooperationdatabank.org/vocab/prop/studyContinuousPGG,Continuous vs step-level public goods,https://data.cooperationdatabank.org/id/studycontinuouspgg/1,Continuous,https://data.cooperationdatabank.org/id/dependentvariable/contributions,negative,test,0.0,negative,lower,0.0,0.875,0.0,0.125,0.875,"When comparing studies where minimum contribution level is low and studies where minimum contribution level is high, cooperation is significantly lower when continuous vs step-level public goods is continuous."
44380,https://data.cooperationdatabank.org/vocab/prop/TaxationVariable,https://data.cooperationdatabank.org/vocab/prop/minimumContributionLevel,Minimum contribution level,https://data.cooperationdatabank.org/id/minimumcontributionlevel/low,Low,https://data.cooperationdatabank.org/vocab/prop/minimumContributionLevel,Minimum contribution level,https://data.cooperationdatabank.org/id/minimumcontributionlevel/high,High,https://data.cooperationdatabank.org/vocab/prop/studyShowUpFee,Show-up fee,https://data.cooperationdatabank.org/id/studyshowupfee/1,Paid,https://data.cooperationdatabank.org/id/dependentvariable/contributions,negative,test,0.0,negative,lower,0.0,0.875,0.0,0.125,0.875,"When comparing studies where minimum contribution level is low and studies where minimum contribution level is high, cooperation is significantly lower when show-up fee is paid."
