,giv_prop,iv,iv_label,cat_t1,cat_t1_label,iv.1,iv_label.1,cat_t2,cat_t2_label,mod,mod_label,mod_val,mod_val_label,dependent,effect,td,pred_num,pred_readable,comparative,pred_true,score_0,score_1,score_2,max_score,hypothesis
18281,https://data.cooperationdatabank.org/vocab/prop/Time_PressureVariable,https://data.cooperationdatabank.org/vocab/prop/timePressure,Time pressure,https://data.cooperationdatabank.org/id/timepressure/time_pressure,time delay,https://data.cooperationdatabank.org/vocab/prop/timePressure,Time pressure,https://data.cooperationdatabank.org/id/timepressure/time_delay,time pressure,https://data.cooperationdatabank.org/vocab/prop/studyOneShot,One-shot vs repeated,https://data.cooperationdatabank.org/id/studyoneshot/1,One-shot,https://data.cooperationdatabank.org/id/dependentvariable/cooperation,positive,test,2.0,positive,higher,2.0,0.0,0.0,1.0,1.0,"When comparing studies where time pressure is time delay and studies where time pressure is time pressure, cooperation is significantly higher when one-shot vs repeated is one-shot."
18288,https://data.cooperationdatabank.org/vocab/prop/Time_PressureVariable,https://data.cooperationdatabank.org/vocab/prop/timePressure,Time pressure,https://data.cooperationdatabank.org/id/timepressure/time_delay,time delay,https://data.cooperationdatabank.org/vocab/prop/timePressure,Time pressure,https://data.cooperationdatabank.org/id/timepressure/control,Control,https://data.cooperationdatabank.org/vocab/prop/countrySource,Source of country or region,https://data.cooperationdatabank.org/id/countrysource/1,Specified country,https://data.cooperationdatabank.org/id/dependentvariable/cooperation,negative,test,0.0,negative,lower,0.0,1.0,0.0,0.0,1.0,"When comparing studies where time pressure is time delay and studies where time pressure is control, cooperation is significantly lower when source of country or region is specified country."
18289,https://data.cooperationdatabank.org/vocab/prop/Time_PressureVariable,https://data.cooperationdatabank.org/vocab/prop/timePressure,Time pressure,https://data.cooperationdatabank.org/id/timepressure/time_delay,time delay,https://data.cooperationdatabank.org/vocab/prop/timePressure,Time pressure,https://data.cooperationdatabank.org/id/timepressure/control,Control,https://data.cooperationdatabank.org/vocab/prop/discussion,Discussion,https://data.cooperationdatabank.org/id/discussion/0,Absent,https://data.cooperationdatabank.org/id/dependentvariable/cooperation,negative,test,0.0,negative,lower,0.0,1.0,0.0,0.0,1.0,"When comparing studies where time pressure is time delay and studies where time pressure is control, cooperation is significantly lower when discussion is absent."
18300,https://data.cooperationdatabank.org/vocab/prop/Time_PressureVariable,https://data.cooperationdatabank.org/vocab/prop/timePressure,Time pressure,https://data.cooperationdatabank.org/id/timepressure/time_delay,time delay,https://data.cooperationdatabank.org/vocab/prop/timePressure,Time pressure,https://data.cooperationdatabank.org/id/timepressure/control,Control,https://data.cooperationdatabank.org/vocab/prop/studyShowUpFee,Show-up fee,https://data.cooperationdatabank.org/id/studyshowupfee/1,Paid,https://data.cooperationdatabank.org/id/dependentvariable/cooperation,negative,test,0.0,negative,lower,0.0,1.0,0.0,0.0,1.0,"When comparing studies where time pressure is time delay and studies where time pressure is control, cooperation is significantly lower when show-up fee is paid."
18316,https://data.cooperationdatabank.org/vocab/prop/Time_PressureVariable,https://data.cooperationdatabank.org/vocab/prop/timePressure,Time pressure,https://data.cooperationdatabank.org/id/timepressure/time_pressure,time pressure,https://data.cooperationdatabank.org/vocab/prop/timePressure,Time pressure,https://data.cooperationdatabank.org/id/timepressure/control,Control,https://data.cooperationdatabank.org/vocab/prop/recruitmentMethod,Recruitment method,https://data.cooperationdatabank.org/id/recruitmentmethod/2,MTurk,https://data.cooperationdatabank.org/id/dependentvariable/cooperation,noEffect,test,0.0,negative,lower,1.0,0.5161290322580645,0.45161290322580644,0.03225806451612903,0.5161290322580645,"When comparing studies where time pressure is time pressure and studies where time pressure is control, cooperation is significantly lower when recruitment method is mturk."
